algorithm_id,instance,run_idx,seed,n_evals_budget,n_evals_actual,n_feasible,n_pareto,hv_quick,igd_plus_quick,best_f1,best_f2,best_f3,n_f1_layers,elapsed_seconds,timestamp_start,timestamp_end,status,pickle_path,git_commit,_machine_id
nsga2,r105_21,1,2843877094,850000,850080,105,105,18739467.048485,,19.0,1780.4738,13.002,13,599.829,2026-04-23T21:59:45,2026-04-23T22:09:44,ok,pickles/nsga2/r105_21/run01.pkl,unknown,1
nsga2,rc106_21,12,1019370016,850000,850080,105,105,7909947.815027,,18.0,2004.9042,0.0,8,618.01,2026-04-23T21:59:44,2026-04-23T22:10:03,ok,pickles/nsga2/rc106_21/run12.pkl,unknown,1
nsga2,c107_21,14,955487546,850000,850080,105,105,76771844.137501,,13.0,1720.4731,836.5888,8,696.379,2026-04-23T21:59:44,2026-04-23T22:11:21,ok,pickles/nsga2/c107_21/run14.pkl,unknown,1
nsga2,c103_21,29,1165175439,850000,850080,105,105,43009856.630353,,13.0,1625.0328,0.0,8,713.311,2026-04-23T21:59:44,2026-04-23T22:11:38,ok,pickles/nsga2/c103_21/run29.pkl,unknown,1
smsemoa,c103_21,20,2409226040,850000,850080,105,105,33569493.702719,,13.0,1653.6984,351.7981,7,741.766,2026-04-23T21:59:44,2026-04-23T22:12:06,ok,pickles/smsemoa/c103_21/run20.pkl,unknown,1
moead_ws,r109_21,18,3052088460,850000,850080,105,95,13679384.897081,,20.0,1864.7366,0.8242,9,764.873,2026-04-23T21:59:45,2026-04-23T22:12:30,ok,pickles/moead_ws/r109_21/run18.pkl,unknown,1
moead_ws,c107_21,10,1988160203,850000,850080,105,104,80595243.314276,,17.0,2030.5225,692.0499,5,872.966,2026-04-23T21:59:45,2026-04-23T22:14:18,ok,pickles/moead_ws/c107_21/run10.pkl,unknown,1
smsemoa,rc202_21,29,3188625389,850000,850080,105,105,23255752.411303,,4.0,1153.0459,0.0,4,1079.539,2026-04-23T21:59:44,2026-04-23T22:17:44,ok,pickles/smsemoa/rc202_21/run29.pkl,unknown,1
nsga2,c202_21,1,81170589,850000,850080,105,105,80304413.542407,,5.0,1132.1522,258.6653,4,1265.322,2026-04-23T21:59:44,2026-04-23T22:20:50,ok,pickles/nsga2/c202_21/run01.pkl,unknown,1
smsemoa,r205_21,3,4080419048,850000,850080,105,105,62837567.640218,,4.0,917.8292,0.0,5,1276.835,2026-04-23T21:59:45,2026-04-23T22:21:01,ok,pickles/smsemoa/r205_21/run03.pkl,unknown,1
nsga2,r207_21,29,2008951058,850000,850080,105,97,939937.399377,,4.0,962.6656,0.0,2,1459.596,2026-04-23T21:59:44,2026-04-23T22:24:04,ok,pickles/nsga2/r207_21/run29.pkl,unknown,1
nsga2,r207_21,24,2805578333,850000,850080,105,105,3187968.744014,,3.0,925.6478,0.0,4,1460.219,2026-04-23T21:59:45,2026-04-23T22:24:05,ok,pickles/nsga2/r207_21/run24.pkl,unknown,1
nsga2,rc106_21,29,804629471,850000,850080,105,105,10232446.372903,,16.0,1973.0452,0.0,9,624.486,2026-04-23T22:14:18,2026-04-23T22:24:42,ok,pickles/nsga2/rc106_21/run29.pkl,unknown,1
smsemoa,c103_21,15,3346383311,850000,850080,105,105,48187459.8094,,12.0,1518.4355,161.958,8,769.674,2026-04-23T22:12:06,2026-04-23T22:24:56,ok,pickles/smsemoa/c103_21/run15.pkl,unknown,1
moead_ws,r105_21,18,124872022,850000,850080,105,100,48377132.830969,,22.0,1874.8951,259.0485,15,760.95,2026-04-23T22:12:30,2026-04-23T22:25:11,ok,pickles/moead_ws/r105_21/run18.pkl,unknown,1
moead_ws,rc202_21,16,2338305120,850000,850080,105,95,58534845.400789,,7.0,1161.3432,0.0,5,1043.405,2026-04-23T22:10:03,2026-04-23T22:27:26,ok,pickles/moead_ws/rc202_21/run16.pkl,unknown,1
nsga2,rc205_21,1,3711265839,850000,850080,105,105,75558932.731829,,5.0,1133.4114,0.0,3,1117.566,2026-04-23T22:09:44,2026-04-23T22:28:22,ok,pickles/nsga2/rc205_21/run01.pkl,unknown,1
smsemoa,rc208_21,30,3736875407,850000,850080,105,105,1440237.469454,,3.0,871.0673,0.0,2,1754.589,2026-04-23T21:59:45,2026-04-23T22:28:59,ok,pickles/smsemoa/rc208_21/run30.pkl,unknown,1
nsga2,r211_21,22,3559373041,850000,850080,105,105,6702778.899416,,3.0,783.6136,0.0,3,1779.203,2026-04-23T21:59:44,2026-04-23T22:29:24,ok,pickles/nsga2/r211_21/run22.pkl,unknown,1
nsga2,c202_21,16,486421485,850000,850080,105,105,120411622.798493,,4.0,1158.5714,132.1685,5,1128.88,2026-04-23T22:11:21,2026-04-23T22:30:10,ok,pickles/nsga2/c202_21/run16.pkl,unknown,1
moead_ws,r211_21,21,477354892,850000,850080,105,102,1298153.373998,,4.0,765.8662,0.0,2,1848.657,2026-04-23T21:59:45,2026-04-23T22:30:34,ok,pickles/moead_ws/r211_21/run21.pkl,unknown,1
moead_ws,r211_21,23,2222064948,850000,850080,105,94,1552529.663763,,3.0,784.8464,0.0,3,1912.458,2026-04-23T21:59:45,2026-04-23T22:31:37,ok,pickles/moead_ws/r211_21/run23.pkl,unknown,1
moead_ws,c107_21,8,2819961147,850000,850080,105,101,56627372.33966,,14.0,1748.3946,379.3015,5,836.021,2026-04-23T22:21:02,2026-04-23T22:34:58,ok,pickles/moead_ws/c107_21/run08.pkl,unknown,1
smsemoa,rc106_21,29,385664750,850000,850080,105,105,11027887.632864,,18.0,1999.3306,0.0,9,649.396,2026-04-23T22:25:11,2026-04-23T22:36:01,ok,pickles/smsemoa/rc106_21/run29.pkl,unknown,1
moead_ws,rc106_21,2,2706905525,850000,850080,105,91,17577031.108089,,18.0,2202.2027,23.3746,9,747.468,2026-04-23T22:24:05,2026-04-23T22:36:33,ok,pickles/moead_ws/rc106_21/run02.pkl,unknown,1
nsga2,rc203_21,19,2859877141,850000,850080,105,105,3066279.740055,,5.0,1316.0,0.0,2,1130.518,2026-04-23T22:17:44,2026-04-23T22:36:35,ok,pickles/nsga2/rc203_21/run19.pkl,unknown,1
smsemoa,r208_21,3,980826169,850000,850080,105,91,544108.919921,,3.0,788.4159,0.0,2,1863.327,2026-04-23T22:11:38,2026-04-23T22:42:41,ok,pickles/smsemoa/r208_21/run03.pkl,unknown,1
moead_ws,r205_21,7,208602872,850000,850080,105,103,29099608.930678,,5.0,810.1504,0.0,3,1391.75,2026-04-23T22:20:50,2026-04-23T22:44:02,ok,pickles/moead_ws/r205_21/run07.pkl,unknown,1
smsemoa,rc203_21,1,2872817157,850000,850080,105,105,4095283.697081,,4.0,983.7824,0.0,3,1174.592,2026-04-23T22:24:56,2026-04-23T22:44:31,ok,pickles/smsemoa/rc203_21/run01.pkl,unknown,1
moead_ws,rc202_21,21,2682859766,850000,850080,105,99,110007716.473072,,6.0,1237.082,2.2652,5,1008.809,2026-04-23T22:28:22,2026-04-23T22:45:11,ok,pickles/moead_ws/rc202_21/run21.pkl,unknown,1
smsemoa,c202_21,12,2885959469,850000,850080,105,105,78082299.782286,,4.0,994.5718,542.5132,5,1313.046,2026-04-23T22:24:04,2026-04-23T22:45:57,ok,pickles/smsemoa/c202_21/run12.pkl,unknown,1
smsemoa,r205_21,4,413364378,850000,850080,105,105,15265682.517458,,4.0,932.35,0.0,4,1332.853,2026-04-23T22:24:42,2026-04-23T22:46:55,ok,pickles/smsemoa/r205_21/run04.pkl,unknown,1
smsemoa,rc202_21,7,451535222,850000,850080,105,105,39686875.330976,,5.0,1161.1312,0.0,5,990.723,2026-04-23T22:30:34,2026-04-23T22:47:04,ok,pickles/smsemoa/rc202_21/run07.pkl,unknown,1
nsga2,c107_21,7,354159195,850000,850080,105,105,84168684.085672,,14.0,1660.5959,240.4834,9,675.101,2026-04-23T22:36:35,2026-04-23T22:47:50,ok,pickles/nsga2/c107_21/run07.pkl,unknown,1
moead_ws,r205_21,5,3617338395,850000,850080,105,99,42474651.134547,,6.0,1009.3904,0.0,3,1268.29,2026-04-23T22:29:00,2026-04-23T22:50:08,ok,pickles/moead_ws/r205_21/run05.pkl,unknown,1
nsga2,r205_21,21,1862558779,850000,850080,105,105,14036221.203741,,4.0,1018.6545,0.0,3,1277.23,2026-04-23T22:30:10,2026-04-23T22:51:27,ok,pickles/nsga2/r205_21/run21.pkl,unknown,1
smsemoa,r207_21,4,3359094841,850000,850080,105,105,1730036.328283,,4.0,839.6889,0.0,2,1518.961,2026-04-23T22:27:26,2026-04-23T22:52:45,ok,pickles/smsemoa/r207_21/run04.pkl,unknown,1
nsga2,rc205_21,19,3210310814,850000,850080,105,105,10213624.687739,,5.0,1187.6893,0.0,3,1137.278,2026-04-23T22:36:33,2026-04-23T22:55:30,ok,pickles/nsga2/rc205_21/run19.pkl,unknown,1
moead_ws,rc205_21,30,4132026406,850000,850080,105,95,101413161.544559,,5.0,1275.2499,1.0,6,1239.951,2026-04-23T22:34:58,2026-04-23T22:55:38,ok,pickles/moead_ws/rc205_21/run30.pkl,unknown,1
smsemoa,rc203_21,9,2494166677,850000,850080,105,105,23399985.196606,,4.0,1107.018,0.0,4,1225.863,2026-04-23T22:36:01,2026-04-23T22:56:27,ok,pickles/smsemoa/rc203_21/run09.pkl,unknown,1
moead_ws,r105_21,25,1645396324,850000,850080,105,104,35479808.146663,,22.0,2049.6578,33.9541,13,764.78,2026-04-23T22:46:56,2026-04-23T22:59:41,ok,pickles/moead_ws/r105_21/run25.pkl,unknown,1
moead_ws,r109_21,13,516125701,850000,850080,105,97,12660322.987665,,19.0,1860.6265,0.0,8,756.606,2026-04-23T22:47:05,2026-04-23T22:59:41,ok,pickles/moead_ws/r109_21/run13.pkl,unknown,1
smsemoa,r208_21,24,1119173268,850000,850080,105,18,37688.668864,,3.0,798.128,0.0,2,1869.599,2026-04-23T22:29:24,2026-04-23T23:00:33,ok,pickles/smsemoa/r208_21/run24.pkl,unknown,1
moead_ws,rc208_21,9,35351975,850000,850080,105,104,9624060.486003,,4.0,892.3445,0.0,3,1736.526,2026-04-23T22:31:38,2026-04-23T23:00:34,ok,pickles/moead_ws/rc208_21/run09.pkl,unknown,1
smsemoa,c202_21,30,3651407763,850000,850080,105,105,84557690.137182,,5.0,1234.8368,0.0,6,1129.009,2026-04-23T22:42:41,2026-04-23T23:01:30,ok,pickles/smsemoa/c202_21/run30.pkl,unknown,1
smsemoa,rc202_21,24,1475181086,850000,850080,105,105,70847657.907739,,5.0,1172.6533,0.0,7,979.0,2026-04-23T22:47:50,2026-04-23T23:04:09,ok,pickles/smsemoa/rc202_21/run24.pkl,unknown,1
nsga2,c107_21,29,1860699476,850000,850080,105,105,128483072.692925,,15.0,1753.4578,873.4817,8,706.068,2026-04-23T22:52:45,2026-04-23T23:04:31,ok,pickles/nsga2/c107_21/run29.pkl,unknown,1
nsga2,c202_21,21,2449798178,850000,850080,105,105,199952462.786463,,5.0,1042.7924,91.4138,5,1180.398,2026-04-23T22:45:11,2026-04-23T23:04:52,ok,pickles/nsga2/c202_21/run21.pkl,unknown,1
nsga2,r205_21,8,1453284969,850000,850080,105,105,27223444.5214,,4.0,1051.4865,0.0,4,1243.192,2026-04-23T22:44:31,2026-04-23T23:05:14,ok,pickles/nsga2/r205_21/run08.pkl,unknown,1
nsga2,c104_21,25,1750277933,850000,850080,105,105,12228842.1855,,11.0,1446.5371,0.0,6,795.194,2026-04-23T22:55:30,2026-04-23T23:08:45,ok,pickles/nsga2/c104_21/run25.pkl,unknown,1
nsga2,rc203_21,27,1852455005,850000,850080,105,105,13161113.412806,,5.0,1121.6582,0.0,4,1115.801,2026-04-23T22:51:27,2026-04-23T23:10:03,ok,pickles/nsga2/rc203_21/run27.pkl,unknown,1
smsemoa,rc203_21,3,1811185882,850000,850080,105,105,22450751.959899,,5.0,1228.4092,0.0,3,1197.862,2026-04-23T22:50:08,2026-04-23T23:10:06,ok,pickles/smsemoa/rc203_21/run03.pkl,unknown,1
smsemoa,c102_21,25,1465653125,850000,850080,105,105,105275711.156033,,14.0,1586.0775,140.9543,11,723.926,2026-04-23T23:00:34,2026-04-23T23:12:38,ok,pickles/smsemoa/c102_21/run25.pkl,unknown,1
nsga2,r208_21,1,4246573681,850000,850080,105,105,410476.97602,,3.0,806.2656,0.0,2,1753.25,2026-04-23T22:44:02,2026-04-23T23:13:15,ok,pickles/nsga2/r208_21/run01.pkl,unknown,1
nsga2,r105_21,15,2669830813,850000,850080,105,105,12775227.006195,,20.0,1803.3939,0.5963,10,610.148,2026-04-23T23:04:09,2026-04-23T23:14:19,ok,pickles/nsga2/r105_21/run15.pkl,unknown,1
smsemoa,rc208_21,23,1701947310,850000,850080,105,105,1092056.251782,,4.0,1030.5338,0.0,2,1783.184,2026-04-23T22:45:57,2026-04-23T23:15:40,ok,pickles/smsemoa/rc208_21/run23.pkl,unknown,1
smsemoa,rc203_21,7,3332208461,850000,850080,105,105,20046643.840598,,4.0,1065.0661,0.0,4,1208.786,2026-04-23T22:55:38,2026-04-23T23:15:47,ok,pickles/smsemoa/rc203_21/run07.pkl,unknown,1
nsga2,c102_21,20,1067320648,850000,850080,105,105,109434840.837794,,15.0,1905.7713,146.0342,11,677.691,2026-04-23T23:04:31,2026-04-23T23:15:49,ok,pickles/nsga2/c102_21/run20.pkl,unknown,1
moead_ws,c103_21,7,3664984822,850000,850080,105,98,46759454.321331,,14.0,1670.7602,5.3607,6,863.216,2026-04-23T23:01:31,2026-04-23T23:15:54,ok,pickles/moead_ws/c103_21/run07.pkl,unknown,1
smsemoa,c202_21,19,405391629,850000,850080,105,105,107282127.953992,,4.0,1045.824,604.0855,6,1219.048,2026-04-23T22:59:41,2026-04-23T23:20:01,ok,pickles/smsemoa/c202_21/run19.pkl,unknown,1
nsga2,rc203_21,24,2335158570,850000,850080,105,105,13733912.28695,,5.0,1177.3719,0.0,4,1228.048,2026-04-23T22:59:41,2026-04-23T23:20:09,ok,pickles/nsga2/rc203_21/run24.pkl,unknown,1
moead_ws,c104_21,1,2394875638,850000,850080,105,92,199364221.405662,,12.0,1516.9384,0.0,6,935.597,2026-04-23T23:05:14,2026-04-23T23:20:50,ok,pickles/moead_ws/c104_21/run01.pkl,unknown,1
smsemoa,r205_21,1,137141492,850000,850080,105,105,42314438.527504,,4.0,907.0396,0.0,4,1280.516,2026-04-23T23:00:33,2026-04-23T23:21:54,ok,pickles/smsemoa/r205_21/run01.pkl,unknown,1
nsga2,r105_21,29,1876684716,850000,850080,105,105,8423254.092341,,18.0,1702.0064,1.8211,10,601.992,2026-04-23T23:12:38,2026-04-23T23:22:40,ok,pickles/nsga2/r105_21/run29.pkl,unknown,1
nsga2,rc203_21,8,3948786789,850000,850080,105,105,10755987.298712,,4.0,1079.8335,0.0,4,1145.62,2026-04-23T23:04:52,2026-04-23T23:23:57,ok,pickles/nsga2/rc203_21/run08.pkl,unknown,1
moead_ws,c104_21,28,3521461865,850000,850080,105,91,122247099.269003,,12.0,1652.6007,0.0,4,930.397,2026-04-23T23:10:06,2026-04-23T23:25:37,ok,pickles/moead_ws/c104_21/run28.pkl,unknown,1
moead_ws,c104_21,17,2521333400,850000,850080,105,78,48007918.766669,,11.0,1609.1256,0.0,3,961.507,2026-04-23T23:10:03,2026-04-23T23:26:05,ok,pickles/moead_ws/c104_21/run17.pkl,unknown,1
smsemoa,rc106_21,30,1778640926,850000,850080,105,105,7490678.199424,,16.0,1855.1025,6.4435,8,652.496,2026-04-23T23:15:47,2026-04-23T23:26:40,ok,pickles/smsemoa/rc106_21/run30.pkl,unknown,1
smsemoa,r109_21,14,707377670,850000,850080,105,105,8883487.466564,,18.0,1853.7585,3.9443,11,695.041,2026-04-23T23:15:54,2026-04-23T23:27:29,ok,pickles/smsemoa/r109_21/run14.pkl,unknown,1
moead_ws,r211_21,9,3618836558,850000,850080,105,98,3514990.208996,,4.0,793.235,0.0,2,1863.298,2026-04-23T22:56:27,2026-04-23T23:27:30,ok,pickles/moead_ws/r211_21/run09.pkl,unknown,1
moead_ws,rc106_21,15,932293874,850000,850080,105,89,13403990.493293,,18.0,1933.5501,0.0,8,755.22,2026-04-23T23:15:50,2026-04-23T23:28:25,ok,pickles/moead_ws/rc106_21/run15.pkl,unknown,1
nsga2,rc202_21,19,1954826490,850000,850080,105,105,42667269.470328,,5.0,1282.7833,0.0,4,961.532,2026-04-23T23:15:40,2026-04-23T23:31:42,ok,pickles/nsga2/rc202_21/run19.pkl,unknown,1
nsga2,c107_21,21,1641980243,850000,850080,105,105,118650893.826071,,14.0,1711.434,279.5692,9,701.457,2026-04-23T23:20:09,2026-04-23T23:31:50,ok,pickles/nsga2/c107_21/run21.pkl,unknown,1
nsga2,c107_21,8,3970245906,850000,850080,105,105,43448566.350894,,14.0,1645.5075,337.4198,7,679.355,2026-04-23T23:20:50,2026-04-23T23:32:09,ok,pickles/nsga2/c107_21/run08.pkl,unknown,1
moead_ws,c202_21,20,2798248069,850000,850080,105,93,328408498.387819,,6.0,1283.6905,337.5774,5,1070.9,2026-04-23T23:14:19,2026-04-23T23:32:10,ok,pickles/moead_ws/c202_21/run20.pkl,unknown,1
nsga2,r109_21,5,2526803816,850000,850080,105,105,3342437.940645,,17.0,1723.7906,0.0,6,641.838,2026-04-23T23:21:54,2026-04-23T23:32:36,ok,pickles/nsga2/r109_21/run05.pkl,unknown,1
moead_ws,r207_21,29,805877271,850000,850080,105,104,3727585.581438,,4.0,895.8251,0.0,2,1455.035,2026-04-23T23:08:46,2026-04-23T23:33:01,ok,pickles/moead_ws/r207_21/run29.pkl,unknown,1
nsga2,c103_21,21,3533119750,850000,850080,105,105,73343514.840317,,12.0,1584.768,0.0,10,695.22,2026-04-23T23:22:40,2026-04-23T23:34:16,ok,pickles/nsga2/c103_21/run21.pkl,unknown,1
nsga2,c103_21,16,622346321,850000,850080,105,105,26355182.735968,,13.0,1511.8203,0.0,7,719.231,2026-04-23T23:25:37,2026-04-23T23:37:36,ok,pickles/nsga2/c103_21/run16.pkl,unknown,1
nsga2,c107_21,6,1135241900,850000,850080,105,105,55166391.437136,,14.0,1747.2032,223.7408,9,715.287,2026-04-23T23:26:05,2026-04-23T23:38:00,ok,pickles/nsga2/c107_21/run06.pkl,unknown,1
smsemoa,c103_21,12,4030270378,850000,850080,105,105,39009959.199139,,12.0,1557.9203,112.6383,9,751.522,2026-04-23T23:27:29,2026-04-23T23:40:00,ok,pickles/smsemoa/c103_21/run12.pkl,unknown,1
smsemoa,c107_21,17,2642169234,850000,850080,105,105,95918432.477898,,13.0,1735.0554,1089.1483,11,704.397,2026-04-23T23:28:25,2026-04-23T23:40:09,ok,pickles/smsemoa/c107_21/run17.pkl,unknown,1
nsga2,c102_21,17,2614628010,850000,850080,105,105,76260095.283806,,14.0,1673.2894,663.6416,10,673.212,2026-04-23T23:31:42,2026-04-23T23:42:55,ok,pickles/nsga2/c102_21/run17.pkl,unknown,1
moead_ws,rc208_21,14,2963101029,850000,850080,105,72,24329087.216175,,3.0,816.0557,0.0,5,1784.469,2026-04-23T23:13:16,2026-04-23T23:43:00,ok,pickles/moead_ws/rc208_21/run14.pkl,unknown,1
nsga2,r109_21,6,1480307843,850000,850080,105,105,5318051.674273,,18.0,1780.089,0.0,6,659.82,2026-04-23T23:32:10,2026-04-23T23:43:10,ok,pickles/nsga2/r109_21/run06.pkl,unknown,1
smsemoa,rc202_21,3,1645966487,850000,850080,105,105,16164413.371287,,6.0,1116.3228,0.0,3,1053.119,2026-04-23T23:27:30,2026-04-23T23:45:04,ok,pickles/smsemoa/rc202_21/run03.pkl,unknown,1
nsga2,c202_21,7,1574330788,850000,850080,105,105,38860553.63592,,5.0,1097.8037,30.0,4,1274.733,2026-04-23T23:26:40,2026-04-23T23:47:54,ok,pickles/nsga2/c202_21/run07.pkl,unknown,1
smsemoa,rc208_21,29,2872622107,850000,850080,105,105,5743955.089802,,3.0,842.1301,0.0,3,1768.307,2026-04-23T23:20:01,2026-04-23T23:49:29,ok,pickles/smsemoa/rc208_21/run29.pkl,unknown,1
smsemoa,c103_21,29,1307533744,850000,850080,105,105,69359500.253454,,13.0,1628.5983,0.0,11,731.272,2026-04-23T23:37:36,2026-04-23T23:49:47,ok,pickles/smsemoa/c103_21/run29.pkl,unknown,1
smsemoa,r109_21,13,888223174,850000,850080,105,105,5854283.423954,,17.0,1683.7503,0.0,9,648.839,2026-04-23T23:40:09,2026-04-23T23:50:58,ok,pickles/smsemoa/r109_21/run13.pkl,unknown,1
moead_ws,rc205_21,18,618826320,850000,850080,105,104,105075181.833491,,7.0,1328.1581,17.8998,5,1110.826,2026-04-23T23:32:36,2026-04-23T23:51:07,ok,pickles/moead_ws/rc205_21/run18.pkl,unknown,1
moead_ws,rc202_21,6,3478161091,850000,850080,105,102,55565497.597845,,5.0,1038.5743,0.0,5,1166.105,2026-04-23T23:31:51,2026-04-23T23:51:17,ok,pickles/moead_ws/rc202_21/run06.pkl,unknown,1
smsemoa,r211_21,28,615323007,850000,850080,105,105,4354207.132086,,3.0,757.6565,0.0,3,1783.783,2026-04-23T23:23:57,2026-04-23T23:53:41,ok,pickles/smsemoa/r211_21/run28.pkl,unknown,1
smsemoa,r205_21,9,1150761329,850000,850080,105,105,29844510.199362,,5.0,996.1533,0.0,4,1271.857,2026-04-23T23:33:01,2026-04-23T23:54:13,ok,pickles/smsemoa/r205_21/run09.pkl,unknown,1
smsemoa,rc203_21,28,2118642482,850000,850080,105,105,9466585.192111,,5.0,1024.6114,0.0,3,1238.868,2026-04-23T23:34:16,2026-04-23T23:54:55,ok,pickles/smsemoa/rc203_21/run28.pkl,unknown,1
nsga2,r109_21,11,1628733913,850000,850080,105,105,4653311.876195,,18.0,1811.57,0.0,7,645.784,2026-04-23T23:45:04,2026-04-23T23:55:49,ok,pickles/nsga2/r109_21/run11.pkl,unknown,1
moead_ws,c103_21,22,3174298420,850000,850080,105,93,58672049.439697,,14.0,1613.7915,295.517,7,940.289,2026-04-23T23:43:11,2026-04-23T23:58:51,ok,pickles/moead_ws/c103_21/run22.pkl,unknown,1
smsemoa,rc208_21,8,525696637,850000,850080,104,99,10146446.606393,,3.0,877.9359,0.0,3,1728.217,2026-04-23T23:32:09,2026-04-24T00:00:57,ok,pickles/smsemoa/rc208_21/run08.pkl,unknown,1
smsemoa,rc205_21,6,3100384999,850000,850080,105,105,65924057.508527,,5.0,1093.6682,22.2757,5,1112.469,2026-04-23T23:43:00,2026-04-24T00:01:33,ok,pickles/smsemoa/rc205_21/run06.pkl,unknown,1
moead_ws,r105_21,24,1933199299,850000,850080,105,99,28978580.984747,,20.0,1798.5309,30.3857,13,748.762,2026-04-23T23:49:29,2026-04-24T00:01:58,ok,pickles/moead_ws/r105_21/run24.pkl,unknown,1
nsga2,c103_21,30,57908353,850000,850080,105,105,59431844.807191,,13.0,1756.5494,39.5516,9,730.477,2026-04-23T23:51:07,2026-04-24T00:03:17,ok,pickles/nsga2/c103_21/run30.pkl,unknown,1
smsemoa,r207_21,29,2480103697,850000,850080,105,84,890823.928001,,4.0,886.1593,0.0,2,1535.904,2026-04-23T23:38:00,2026-04-24T00:03:36,ok,pickles/smsemoa/r207_21/run29.pkl,unknown,1
smsemoa,c202_21,20,3817972907,850000,850080,105,105,48894609.117152,,5.0,1089.3061,0.0,4,1247.686,2026-04-23T23:42:55,2026-04-24T00:03:43,ok,pickles/smsemoa/c202_21/run20.pkl,unknown,1
moead_ws,c104_21,23,886862872,850000,850080,105,94,31013981.879837,,11.0,1463.9975,119.0367,5,972.182,2026-04-23T23:47:55,2026-04-24T00:04:07,ok,pickles/moead_ws/c104_21/run23.pkl,unknown,1
nsga2,r207_21,21,3853299967,850000,850080,105,105,2050794.18053,,3.0,806.6196,0.0,3,1534.19,2026-04-23T23:40:00,2026-04-24T00:05:35,ok,pickles/nsga2/r207_21/run21.pkl,unknown,1
moead_ws,r105_21,14,2087944440,850000,850080,105,97,23084167.840632,,21.0,1878.3447,43.5817,11,726.688,2026-04-23T23:55:50,2026-04-24T00:07:56,ok,pickles/moead_ws/r105_21/run14.pkl,unknown,1
smsemoa,rc202_21,16,569246420,850000,850080,105,105,29029733.067553,,5.0,1033.6809,0.0,4,1109.17,2026-04-23T23:51:17,2026-04-24T00:09:46,ok,pickles/smsemoa/rc202_21/run16.pkl,unknown,1
smsemoa,r105_21,6,1875014032,850000,850080,105,105,29266792.419122,,21.0,1988.5314,28.9171,13,655.305,2026-04-24T00:00:57,2026-04-24T00:11:53,ok,pickles/smsemoa/r105_21/run06.pkl,unknown,1
nsga2,rc202_21,20,1398896235,850000,850080,105,105,18170323.018108,,5.0,1261.9966,0.0,3,1019.245,2026-04-23T23:54:55,2026-04-24T00:11:54,ok,pickles/nsga2/rc202_21/run20.pkl,unknown,1
nsga2,r205_21,12,3981039772,850000,850080,105,105,11595615.112917,,4.0,993.9802,0.0,3,1334.063,2026-04-23T23:49:47,2026-04-24T00:12:01,ok,pickles/nsga2/r205_21/run12.pkl,unknown,1
nsga2,rc106_21,19,3697576545,850000,850080,105,105,6751969.725265,,17.0,2014.2781,0.0,7,630.195,2026-04-24T00:01:33,2026-04-24T00:12:03,ok,pickles/nsga2/rc106_21/run19.pkl,unknown,1
smsemoa,rc203_21,12,1499109808,850000,850080,105,105,14490773.073886,,5.0,1114.503,0.0,4,1127.114,2026-04-23T23:54:13,2026-04-24T00:13:00,ok,pickles/smsemoa/rc203_21/run12.pkl,unknown,1
smsemoa,c107_21,20,660885835,850000,850080,105,105,38223416.862699,,13.0,1471.4829,173.0679,7,708.575,2026-04-24T00:01:58,2026-04-24T00:13:47,ok,pickles/smsemoa/c107_21/run20.pkl,unknown,1
moead_ws,r109_21,20,3219790072,850000,850080,105,99,9074619.949299,,19.0,1746.3299,6.1282,8,753.385,2026-04-24T00:04:07,2026-04-24T00:16:41,ok,pickles/moead_ws/r109_21/run20.pkl,unknown,1
smsemoa,c104_21,13,3849320691,850000,850080,105,105,11599592.04323,,11.0,1360.6514,0.0,5,812.459,2026-04-24T00:03:17,2026-04-24T00:16:50,ok,pickles/smsemoa/c104_21/run13.pkl,unknown,1
moead_ws,rc202_21,30,2604950801,850000,850080,105,103,203791623.995639,,6.0,1133.727,1.0,4,1101.221,2026-04-23T23:58:51,2026-04-24T00:17:13,ok,pickles/moead_ws/rc202_21/run30.pkl,unknown,1
moead_ws,r207_21,25,1577940598,850000,850080,105,98,4786909.927873,,4.0,884.0821,0.0,3,1587.957,2026-04-23T23:53:42,2026-04-24T00:20:10,ok,pickles/moead_ws/r207_21/run25.pkl,unknown,1
smsemoa,rc208_21,22,1384149241,850000,850080,105,105,5191206.479505,,3.0,814.0355,0.0,3,1816.469,2026-04-23T23:50:58,2026-04-24T00:21:15,ok,pickles/smsemoa/rc208_21/run22.pkl,unknown,1
nsga2,r105_21,5,3201988969,850000,850080,105,105,15270706.239873,,18.0,1673.6692,0.105,10,573.468,2026-04-24T00:11:54,2026-04-24T00:21:27,ok,pickles/nsga2/r105_21/run05.pkl,unknown,1
nsga2,c103_21,18,3103740431,850000,850080,105,105,75838194.338562,,13.0,1716.9346,76.727,9,780.613,2026-04-24T00:09:46,2026-04-24T00:22:47,ok,pickles/nsga2/c103_21/run18.pkl,unknown,1
moead_ws,rc205_21,26,1899584699,850000,850080,105,100,34079995.570766,,6.0,1167.1297,0.0,3,1158.61,2026-04-24T00:03:36,2026-04-24T00:22:55,ok,pickles/moead_ws/rc205_21/run26.pkl,unknown,1
moead_ws,rc106_21,11,3310310048,850000,850080,105,100,20004250.405617,,18.0,2067.6321,20.4389,10,758.011,2026-04-24T00:11:53,2026-04-24T00:24:31,ok,pickles/moead_ws/rc106_21/run11.pkl,unknown,1
moead_ws,c103_21,30,729870471,850000,850080,105,102,42603671.361887,,15.0,1838.4345,114.7345,7,876.853,2026-04-24T00:16:50,2026-04-24T00:31:27,ok,pickles/moead_ws/c103_21/run30.pkl,unknown,1
moead_ws,rc203_21,7,592648482,850000,850080,105,98,37315090.685705,,6.0,1236.7977,0.0,3,1171.245,2026-04-24T00:12:02,2026-04-24T00:31:33,ok,pickles/moead_ws/rc203_21/run07.pkl,unknown,1
nsga2,rc106_21,2,3660655008,850000,850080,105,105,9191684.751398,,17.0,2067.5799,0.0,9,624.265,2026-04-24T00:21:27,2026-04-24T00:31:52,ok,pickles/nsga2/rc106_21/run02.pkl,unknown,1
moead_ws,r211_21,3,1533165017,850000,850080,105,101,1838091.794153,,4.0,735.3932,0.0,2,1761.966,2026-04-24T00:03:43,2026-04-24T00:33:05,ok,pickles/moead_ws/r211_21/run03.pkl,unknown,1
smsemoa,c202_21,15,260880767,850000,850080,105,105,75351673.402501,,4.0,986.1292,0.0,5,1291.402,2026-04-24T00:12:03,2026-04-24T00:33:34,ok,pickles/smsemoa/c202_21/run15.pkl,unknown,1
moead_ws,c107_21,20,3959395975,850000,850080,105,103,116522613.986943,,16.0,1746.4345,223.2562,6,829.027,2026-04-24T00:20:10,2026-04-24T00:33:59,ok,pickles/moead_ws/c107_21/run20.pkl,unknown,1
nsga2,r208_21,17,3905288605,850000,850080,105,20,201895.861964,,3.0,959.5385,0.0,2,1846.745,2026-04-24T00:05:35,2026-04-24T00:36:21,ok,pickles/nsga2/r208_21/run17.pkl,unknown,1
moead_ws,c107_21,25,2768967320,850000,850080,105,99,115558433.376723,,16.0,1954.7202,376.9375,5,832.461,2026-04-24T00:22:56,2026-04-24T00:36:48,ok,pickles/moead_ws/c107_21/run25.pkl,unknown,1
smsemoa,rc203_21,29,1882031148,850000,850080,105,105,28026485.637339,,4.0,922.3265,0.0,4,1223.246,2026-04-24T00:17:13,2026-04-24T00:37:36,ok,pickles/smsemoa/rc203_21/run29.pkl,unknown,1
moead_ws,rc202_21,24,900942187,850000,850080,105,98,107475887.5278,,6.0,1148.3526,0.0,5,1063.062,2026-04-24T00:21:15,2026-04-24T00:38:58,ok,pickles/moead_ws/rc202_21/run24.pkl,unknown,1
smsemoa,r211_21,23,1268585468,850000,850080,105,105,5185346.236236,,3.0,771.6549,0.0,3,1872.422,2026-04-24T00:07:56,2026-04-24T00:39:09,ok,pickles/smsemoa/r211_21/run23.pkl,unknown,1
nsga2,rc106_21,16,2637757468,850000,850080,105,105,15102812.943636,,17.0,2050.8067,0.0,10,612.551,2026-04-24T00:31:27,2026-04-24T00:41:40,ok,pickles/nsga2/rc106_21/run16.pkl,unknown,1
smsemoa,rc208_21,17,1653362927,850000,850080,105,105,6944111.928062,,3.0,847.0903,0.0,3,1748.018,2026-04-24T00:13:47,2026-04-24T00:42:55,ok,pickles/smsemoa/rc208_21/run17.pkl,unknown,1
nsga2,r211_21,6,2042564205,850000,850080,105,105,2244084.557748,,3.0,794.6441,0.0,3,1807.228,2026-04-24T00:13:00,2026-04-24T00:43:07,ok,pickles/nsga2/r211_21/run06.pkl,unknown,1
nsga2,r109_21,22,2740706848,850000,850080,105,105,4235171.996307,,19.0,1759.5313,0.0,8,629.262,2026-04-24T00:33:59,2026-04-24T00:44:28,ok,pickles/nsga2/r109_21/run22.pkl,unknown,1
smsemoa,rc208_21,13,3567533517,850000,850080,105,105,1898147.058982,,4.0,861.2565,0.0,2,1764.071,2026-04-24T00:16:41,2026-04-24T00:46:05,ok,pickles/smsemoa/rc208_21/run13.pkl,unknown,1
smsemoa,r205_21,23,1959129073,850000,850080,105,105,61108735.531361,,4.0,993.1606,0.0,5,1295.687,2026-04-24T00:24:31,2026-04-24T00:46:07,ok,pickles/smsemoa/r205_21/run23.pkl,unknown,1
moead_ws,c103_21,14,24397781,850000,850080,105,98,286585395.937705,,14.0,1847.7323,361.8872,8,880.41,2026-04-24T00:31:52,2026-04-24T00:46:33,ok,pickles/moead_ws/c103_21/run14.pkl,unknown,1
smsemoa,r105_21,16,855668821,850000,850080,105,105,15553933.897129,,20.0,1810.9051,5.4073,10,643.979,2026-04-24T00:36:21,2026-04-24T00:47:05,ok,pickles/smsemoa/r105_21/run16.pkl,unknown,1
nsga2,rc202_21,18,2072099775,850000,850080,105,105,33305655.326759,,5.0,1215.079,0.0,5,1062.054,2026-04-24T00:31:33,2026-04-24T00:49:15,ok,pickles/nsga2/rc202_21/run18.pkl,unknown,1
moead_ws,c107_21,26,2848160538,850000,850080,105,91,148141079.610782,,14.0,1866.2082,636.8559,7,877.064,2026-04-24T00:36:49,2026-04-24T00:51:26,ok,pickles/moead_ws/c107_21/run26.pkl,unknown,1
smsemoa,r211_21,24,2551338962,850000,850080,105,105,3186143.824215,,3.0,783.4957,0.0,3,1798.516,2026-04-24T00:22:47,2026-04-24T00:52:45,ok,pickles/smsemoa/r211_21/run24.pkl,unknown,1
smsemoa,r105_21,8,153971529,850000,850080,105,105,15720482.0289,,17.0,1661.3074,5.5983,12,635.498,2026-04-24T00:43:07,2026-04-24T00:53:42,ok,pickles/smsemoa/r105_21/run08.pkl,unknown,1
moead_ws,c104_21,27,576014900,850000,850080,105,94,28885687.31986,,12.0,1641.1318,1.9126,4,1001.929,2026-04-24T00:38:59,2026-04-24T00:55:41,ok,pickles/moead_ws/c104_21/run27.pkl,unknown,1
nsga2,rc202_21,4,817418610,850000,850080,105,105,26318172.7326,,5.0,1229.3954,0.0,5,993.272,2026-04-24T00:39:09,2026-04-24T00:55:42,ok,pickles/nsga2/rc202_21/run04.pkl,unknown,1
moead_ws,c202_21,2,3006507969,850000,850080,105,102,289133835.31502,,5.0,993.98,421.1757,5,1146.002,2026-04-24T00:37:36,2026-04-24T00:56:42,ok,pickles/moead_ws/c202_21/run02.pkl,unknown,1
moead_ws,r105_21,19,1039991030,850000,850080,105,102,50960440.137452,,25.0,2118.8815,15.1637,14,735.985,2026-04-24T00:46:05,2026-04-24T00:58:21,ok,pickles/moead_ws/r105_21/run19.pkl,unknown,1
nsga2,c202_21,29,3952710778,850000,850080,105,105,114638448.487928,,4.0,1014.146,326.6587,5,1203.374,2026-04-24T00:41:40,2026-04-24T01:01:43,ok,pickles/nsga2/c202_21/run29.pkl,unknown,1
smsemoa,r208_21,21,979714737,850000,850080,105,21,11721.999485,,3.0,779.5065,0.0,1,1742.672,2026-04-24T00:33:05,2026-04-24T01:02:08,ok,pickles/smsemoa/r208_21/run21.pkl,unknown,1
moead_ws,rc203_21,10,770758610,850000,850080,105,93,24131307.530818,,6.0,1130.1245,0.0,5,1173.242,2026-04-24T00:42:55,2026-04-24T01:02:28,ok,pickles/moead_ws/rc203_21/run10.pkl,unknown,1
nsga2,r211_21,12,4152191953,850000,850080,105,105,1419008.692826,,3.0,768.9904,0.0,2,1853.515,2026-04-24T00:33:34,2026-04-24T01:04:28,ok,pickles/nsga2/r211_21/run12.pkl,unknown,1
nsga2,rc203_21,18,1264323708,850000,850080,105,105,22316852.770873,,4.0,1062.0102,0.0,5,1151.43,2026-04-24T00:47:05,2026-04-24T01:06:17,ok,pickles/nsga2/rc203_21/run18.pkl,unknown,1
nsga2,rc203_21,15,108748621,850000,850080,105,105,6128635.856031,,4.0,1249.8691,0.0,4,1149.715,2026-04-24T00:49:15,2026-04-24T01:08:25,ok,pickles/nsga2/rc203_21/run15.pkl,unknown,1
moead_ws,c102_21,9,4253553609,850000,850080,105,93,205084854.452819,,15.0,1801.3798,1866.7979,7,909.276,2026-04-24T00:53:43,2026-04-24T01:08:52,ok,pickles/moead_ws/c102_21/run09.pkl,unknown,1
nsga2,c104_21,6,3991295356,850000,850080,105,105,16520556.269316,,11.0,1444.3135,0.0,6,811.603,2026-04-24T00:55:42,2026-04-24T01:09:14,ok,pickles/nsga2/c104_21/run06.pkl,unknown,1
smsemoa,rc106_21,18,914654194,850000,850080,105,105,11180283.923324,,17.0,2176.1961,8.0132,10,703.137,2026-04-24T00:58:21,2026-04-24T01:10:05,ok,pickles/smsemoa/rc106_21/run18.pkl,unknown,1
nsga2,c104_21,20,571669525,850000,850080,105,105,25737210.124524,,11.0,1444.8963,0.0,6,833.183,2026-04-24T00:56:42,2026-04-24T01:10:36,ok,pickles/nsga2/c104_21/run20.pkl,unknown,1
moead_ws,r207_21,27,3539187756,850000,850080,105,96,1646839.667327,,4.0,849.6291,0.0,2,1508.368,2026-04-24T00:46:07,2026-04-24T01:11:16,ok,pickles/moead_ws/r207_21/run27.pkl,unknown,1
smsemoa,r211_21,15,1947201172,850000,850080,105,105,1240907.595202,,3.0,751.988,0.0,2,1816.337,2026-04-24T00:44:28,2026-04-24T01:14:45,ok,pickles/smsemoa/r211_21/run15.pkl,unknown,1
nsga2,rc208_21,18,4068491161,850000,850080,105,105,1730515.272218,,3.0,923.3866,0.0,2,1716.647,2026-04-24T00:46:33,2026-04-24T01:15:09,ok,pickles/nsga2/rc208_21/run18.pkl,unknown,1
nsga2,r205_21,22,3076551903,850000,850080,105,105,11151005.148569,,4.0,1003.2365,0.0,3,1333.067,2026-04-24T00:55:41,2026-04-24T01:17:54,ok,pickles/nsga2/r205_21/run22.pkl,unknown,1
nsga2,r207_21,23,898170303,850000,850080,105,105,2264306.452795,,3.0,869.1426,0.0,3,1579.875,2026-04-24T00:52:45,2026-04-24T01:19:05,ok,pickles/nsga2/r207_21/run23.pkl,unknown,1
moead_ws,c103_21,15,2994365003,850000,850080,105,99,96226129.014143,,13.0,1679.5733,36.6289,8,884.725,2026-04-24T01:06:17,2026-04-24T01:21:02,ok,pickles/moead_ws/c103_21/run15.pkl,unknown,1
smsemoa,r208_21,5,299040717,850000,850080,105,40,35161.559463,,3.0,805.4735,0.0,1,1784.358,2026-04-24T00:51:26,2026-04-24T01:21:10,ok,pickles/smsemoa/r208_21/run05.pkl,unknown,1
moead_ws,rc106_21,16,2148294324,850000,850080,105,97,21424353.059963,,20.0,2197.2623,0.0,11,750.566,2026-04-24T01:09:14,2026-04-24T01:21:45,ok,pickles/moead_ws/rc106_21/run16.pkl,unknown,1
nsga2,r205_21,23,15530473,850000,850080,105,105,24115669.371191,,4.0,959.1616,0.0,4,1283.344,2026-04-24T01:02:08,2026-04-24T01:23:31,ok,pickles/nsga2/r205_21/run23.pkl,unknown,1
smsemoa,rc202_21,14,4218747810,850000,850080,105,105,55655467.887881,,5.0,1194.3714,0.0,5,984.334,2026-04-24T01:10:36,2026-04-24T01:27:00,ok,pickles/smsemoa/rc202_21/run14.pkl,unknown,1
smsemoa,rc203_21,24,3777848618,850000,850080,105,105,16939852.698644,,5.0,1195.0132,0.0,4,1186.812,2026-04-24T01:08:25,2026-04-24T01:28:12,ok,pickles/smsemoa/rc203_21/run24.pkl,unknown,1
moead_ws,rc205_21,3,562334318,850000,850080,105,91,102363456.666731,,6.0,1423.0794,0.0,4,1141.218,2026-04-24T01:10:05,2026-04-24T01:29:06,ok,pickles/moead_ws/rc205_21/run03.pkl,unknown,1
nsga2,rc205_21,23,3618257705,850000,850080,105,105,44780338.498411,,5.0,1392.2935,1.0,4,1140.696,2026-04-24T01:11:16,2026-04-24T01:30:17,ok,pickles/nsga2/rc205_21/run23.pkl,unknown,1
smsemoa,c107_21,2,876876017,850000,850080,105,105,88185715.881019,,15.0,1672.8179,495.929,8,700.804,2026-04-24T01:19:05,2026-04-24T01:30:46,ok,pickles/smsemoa/c107_21/run02.pkl,unknown,1
moead_ws,r211_21,22,1182109236,850000,850080,105,102,8161398.442081,,3.0,764.4454,0.0,3,1784.402,2026-04-24T01:01:44,2026-04-24T01:31:28,ok,pickles/moead_ws/r211_21/run22.pkl,unknown,1
nsga2,c104_21,28,1695254898,850000,850080,105,105,40580025.356957,,10.0,1524.4755,0.0,8,825.772,2026-04-24T01:17:54,2026-04-24T01:31:39,ok,pickles/nsga2/c104_21/run28.pkl,unknown,1
moead_ws,rc208_21,8,1747151890,850000,850080,105,92,1720595.671654,,4.0,920.973,0.0,2,1803.902,2026-04-24T01:02:29,2026-04-24T01:32:33,ok,pickles/moead_ws/rc208_21/run08.pkl,unknown,1
smsemoa,c104_21,3,4129365370,850000,850080,105,105,5169674.17034,,11.0,1295.0756,0.0,4,799.311,2026-04-24T01:21:02,2026-04-24T01:34:21,ok,pickles/smsemoa/c104_21/run03.pkl,unknown,1
nsga2,c202_21,13,246286939,850000,850080,105,105,260128617.951084,,4.0,1184.3468,0.0,7,1193.816,2026-04-24T01:14:45,2026-04-24T01:34:38,ok,pickles/nsga2/c202_21/run13.pkl,unknown,1
smsemoa,r211_21,14,1744322446,850000,850080,105,105,1134906.738532,,3.0,745.7006,0.0,2,1815.412,2026-04-24T01:04:28,2026-04-24T01:34:43,ok,pickles/smsemoa/r211_21/run14.pkl,unknown,1
moead_ws,c102_21,17,844494855,850000,850080,105,100,148274785.89273,,17.0,2017.1719,433.3215,6,818.519,2026-04-24T01:23:32,2026-04-24T01:37:10,ok,pickles/moead_ws/c102_21/run17.pkl,unknown,1
smsemoa,r109_21,11,1915718245,850000,850080,105,104,2599247.661315,,16.0,1564.4837,0.0,6,655.984,2026-04-24T01:27:00,2026-04-24T01:37:56,ok,pickles/smsemoa/r109_21/run11.pkl,unknown,1
nsga2,rc203_21,12,4044168180,850000,850080,105,105,11703879.684559,,5.0,1277.0429,0.0,3,1114.12,2026-04-24T01:21:10,2026-04-24T01:39:44,ok,pickles/nsga2/rc203_21/run12.pkl,unknown,1
moead_ws,r211_21,15,3531192223,850000,850080,105,102,4200384.611158,,4.0,787.2641,0.0,2,1887.582,2026-04-24T01:08:53,2026-04-24T01:40:20,ok,pickles/moead_ws/r211_21/run15.pkl,unknown,1
smsemoa,rc208_21,26,352549699,850000,850080,105,105,4530093.450389,,3.0,834.3347,0.0,3,1723.054,2026-04-24T01:15:09,2026-04-24T01:43:52,ok,pickles/smsemoa/rc208_21/run26.pkl,unknown,1
smsemoa,r109_21,7,1624543185,850000,850080,105,105,5144468.592143,,18.0,1749.5757,0.0,7,663.124,2026-04-24T01:34:21,2026-04-24T01:45:25,ok,pickles/smsemoa/r109_21/run07.pkl,unknown,1
smsemoa,c103_21,8,2697236504,850000,850080,105,105,58221559.735468,,12.0,1611.6335,5.4139,8,722.472,2026-04-24T01:34:38,2026-04-24T01:46:41,ok,pickles/smsemoa/c103_21/run08.pkl,unknown,1
smsemoa,c103_21,22,1950607823,850000,850080,105,105,55340602.116785,,12.0,1519.1132,7.9745,9,736.492,2026-04-24T01:34:43,2026-04-24T01:47:00,ok,pickles/smsemoa/c103_21/run22.pkl,unknown,1
moead_ws,rc205_21,9,3119100728,850000,850080,105,97,171963171.062648,,7.0,1217.7078,33.4822,5,1107.421,2026-04-24T01:29:07,2026-04-24T01:47:34,ok,pickles/moead_ws/rc205_21/run09.pkl,unknown,1
smsemoa,c202_21,5,301239080,850000,850080,105,105,94735429.529152,,5.0,995.9047,0.0,5,1117.745,2026-04-24T01:30:17,2026-04-24T01:48:54,ok,pickles/smsemoa/c202_21/run05.pkl,unknown,1
nsga2,c102_21,13,3168454407,850000,850080,105,105,58140950.255264,,14.0,1732.3845,193.4519,10,688.416,2026-04-24T01:37:56,2026-04-24T01:49:24,ok,pickles/nsga2/c102_21/run13.pkl,unknown,1
smsemoa,r105_21,24,3256368517,850000,850080,105,105,11191263.170057,,20.0,1934.1452,63.5883,10,653.864,2026-04-24T01:39:44,2026-04-24T01:50:38,ok,pickles/smsemoa/r105_21/run24.pkl,unknown,1
smsemoa,c202_21,4,3877387962,850000,850080,105,105,21799580.031802,,5.0,1120.3017,93.3565,3,1178.775,2026-04-24T01:31:39,2026-04-24T01:51:18,ok,pickles/smsemoa/c202_21/run04.pkl,unknown,1
moead_ws,r208_21,28,1961258663,850000,850080,105,90,88652.040032,,3.0,839.0587,0.0,2,1839.906,2026-04-24T01:21:45,2026-04-24T01:52:25,ok,pickles/moead_ws/r208_21/run28.pkl,unknown,1
moead_ws,c202_21,18,813232201,850000,850080,105,94,452420091.585001,,5.0,1018.8311,373.8747,4,1215.551,2026-04-24T01:32:33,2026-04-24T01:52:49,ok,pickles/moead_ws/c202_21/run18.pkl,unknown,1
moead_ws,r205_21,23,3546879481,850000,850080,105,95,71827240.353325,,5.0,913.1867,0.0,6,1373.065,2026-04-24T01:30:46,2026-04-24T01:53:39,ok,pickles/moead_ws/r205_21/run23.pkl,unknown,1
moead_ws,r205_21,24,3201514292,850000,850080,105,101,37528843.774239,,5.0,894.2897,3.1168,4,1472.467,2026-04-24T01:31:29,2026-04-24T01:56:01,ok,pickles/moead_ws/r205_21/run24.pkl,unknown,1
nsga2,r109_21,25,390220447,850000,850080,105,105,2952267.496842,,18.0,1758.1164,0.0,7,646.218,2026-04-24T01:47:34,2026-04-24T01:58:20,ok,pickles/nsga2/r109_21/run25.pkl,unknown,1
moead_ws,r211_21,30,1096721591,850000,850080,105,92,10151385.838684,,3.0,794.4566,0.0,4,1831.207,2026-04-24T01:28:12,2026-04-24T01:58:43,ok,pickles/moead_ws/r211_21/run30.pkl,unknown,1
nsga2,rc205_21,4,1511941729,850000,850080,105,105,30691473.570483,,5.0,1219.421,0.0,4,1104.729,2026-04-24T01:40:20,2026-04-24T01:58:45,ok,pickles/nsga2/rc205_21/run04.pkl,unknown,1
moead_ws,r105_21,17,1655833646,850000,850080,105,102,24248856.150378,,20.0,1967.0034,80.5254,12,739.719,2026-04-24T01:47:00,2026-04-24T01:59:20,ok,pickles/moead_ws/r105_21/run17.pkl,unknown,1
moead_ws,rc202_21,10,2077057047,850000,850080,105,97,65818426.274104,,6.0,1090.6761,0.0,6,1024.92,2026-04-24T01:43:53,2026-04-24T02:00:58,ok,pickles/moead_ws/rc202_21/run10.pkl,unknown,1
nsga2,c102_21,9,516018866,850000,850080,105,105,82059015.531964,,14.0,1751.5965,409.9687,10,698.146,2026-04-24T01:49:24,2026-04-24T02:01:02,ok,pickles/nsga2/c102_21/run09.pkl,unknown,1
smsemoa,c102_21,18,2578271970,850000,850080,105,105,111797763.315132,,13.0,1643.6303,185.4033,10,710.876,2026-04-24T01:51:18,2026-04-24T02:03:09,ok,pickles/smsemoa/c102_21/run18.pkl,unknown,1
nsga2,r207_21,22,2055007105,850000,850080,105,105,2236020.808789,,4.0,948.6361,0.0,3,1604.611,2026-04-24T01:37:10,2026-04-24T02:03:55,ok,pickles/nsga2/r207_21/run22.pkl,unknown,1
smsemoa,c107_21,9,2844742473,850000,850080,105,105,54130952.442058,,14.0,1537.3577,253.854,8,710.321,2026-04-24T01:52:49,2026-04-24T02:04:39,ok,pickles/smsemoa/c107_21/run09.pkl,unknown,1
smsemoa,c107_21,11,3480360483,850000,850080,105,105,82426527.173136,,14.0,1660.8455,348.2081,8,713.916,2026-04-24T01:53:39,2026-04-24T02:05:33,ok,pickles/smsemoa/c107_21/run11.pkl,unknown,1
moead_ws,c103_21,27,1601928507,850000,850080,105,99,177983539.252261,,13.0,1750.9103,0.0,9,896.483,2026-04-24T01:50:38,2026-04-24T02:05:35,ok,pickles/moead_ws/c103_21/run27.pkl,unknown,1
nsga2,rc203_21,22,1568225607,850000,850080,105,105,6203598.68199,,4.0,1027.8366,0.0,3,1220.866,2026-04-24T01:45:25,2026-04-24T02:05:45,ok,pickles/nsga2/rc203_21/run22.pkl,unknown,1
nsga2,rc203_21,29,3220368025,850000,850080,105,105,9175017.093732,,4.0,1318.8461,0.0,4,1191.542,2026-04-24T01:46:41,2026-04-24T02:06:33,ok,pickles/nsga2/rc203_21/run29.pkl,unknown,1
moead_ws,c102_21,12,1636747498,850000,850080,105,102,247967170.975952,,15.0,1875.7531,82.4005,6,816.662,2026-04-24T01:56:02,2026-04-24T02:09:38,ok,pickles/moead_ws/c102_21/run12.pkl,unknown,1
moead_ws,c102_21,16,3454839992,850000,850080,105,100,133627918.613754,,15.0,1786.2327,900.8164,8,809.198,2026-04-24T01:59:21,2026-04-24T02:12:50,ok,pickles/moead_ws/c102_21/run16.pkl,unknown,1
nsga2,rc202_21,23,1452001392,850000,850080,105,105,39257205.498853,,6.0,1282.0957,0.0,4,946.094,2026-04-24T01:58:43,2026-04-24T02:14:29,ok,pickles/nsga2/rc202_21/run23.pkl,unknown,1
smsemoa,rc202_21,28,2133670154,850000,850080,105,105,46137955.716896,,5.0,1173.4941,0.0,5,1028.367,2026-04-24T01:58:45,2026-04-24T02:15:53,ok,pickles/smsemoa/rc202_21/run28.pkl,unknown,1
smsemoa,rc106_21,5,2280224117,850000,850080,105,105,11905767.278162,,19.0,2223.8009,8.4025,9,643.105,2026-04-24T02:05:45,2026-04-24T02:16:29,ok,pickles/smsemoa/rc106_21/run05.pkl,unknown,1
smsemoa,c104_21,10,1201828282,850000,850080,105,105,6823451.191591,,11.0,1340.1745,0.0,4,818.798,2026-04-24T02:03:55,2026-04-24T02:17:34,ok,pickles/smsemoa/c104_21/run10.pkl,unknown,1
nsga2,r211_21,8,3852612027,850000,850080,105,105,516034.342896,,3.0,849.9316,0.0,2,1753.886,2026-04-24T01:48:54,2026-04-24T02:18:08,ok,pickles/nsga2/r211_21/run08.pkl,unknown,1
smsemoa,c104_21,14,700710695,850000,850080,105,105,34035497.599677,,11.0,1538.2787,0.0,7,825.216,2026-04-24T02:04:39,2026-04-24T02:18:24,ok,pickles/smsemoa/c104_21/run14.pkl,unknown,1
nsga2,rc205_21,22,1758946829,850000,850080,105,105,15345474.027621,,5.0,1117.0373,0.0,3,1107.284,2026-04-24T02:01:02,2026-04-24T02:19:30,ok,pickles/nsga2/rc205_21/run22.pkl,unknown,1
smsemoa,r205_21,6,760876439,850000,850080,105,105,28252821.669783,,4.0,901.7343,0.0,4,1303.989,2026-04-24T01:58:20,2026-04-24T02:20:04,ok,pickles/smsemoa/r205_21/run06.pkl,unknown,1
moead_ws,c104_21,16,1613792579,850000,850080,105,94,65355777.661309,,11.0,1544.1075,24.4482,5,941.126,2026-04-24T02:06:33,2026-04-24T02:22:14,ok,pickles/moead_ws/c104_21/run16.pkl,unknown,1
moead_ws,r205_21,28,1933120564,850000,850080,105,98,18445494.987002,,6.0,873.1487,0.0,3,1278.779,2026-04-24T02:00:58,2026-04-24T02:22:17,ok,pickles/moead_ws/r205_21/run28.pkl,unknown,1
moead_ws,rc208_21,15,641415373,850000,850080,105,94,4490581.999355,,4.0,914.0111,0.0,3,1803.885,2026-04-24T01:52:26,2026-04-24T02:22:30,ok,pickles/moead_ws/rc208_21/run15.pkl,unknown,1
smsemoa,c202_21,23,1261835492,850000,850080,105,105,101611275.845109,,4.0,933.5929,32.5326,5,1198.506,2026-04-24T02:03:09,2026-04-24T02:23:08,ok,pickles/smsemoa/c202_21/run23.pkl,unknown,1
moead_ws,c102_21,18,804157131,850000,850080,105,100,185803634.927151,,14.0,1968.0898,72.0677,8,839.733,2026-04-24T02:12:50,2026-04-24T02:26:50,ok,pickles/moead_ws/c102_21/run18.pkl,unknown,1
moead_ws,r207_21,3,233311100,850000,850080,105,94,5601407.617881,,4.0,845.4116,0.0,3,1442.269,2026-04-24T02:05:34,2026-04-24T02:29:36,ok,pickles/moead_ws/r207_21/run03.pkl,unknown,1
smsemoa,r109_21,3,675957949,850000,850080,105,105,9111375.092318,,17.0,1657.3277,0.7054,9,673.345,2026-04-24T02:18:24,2026-04-24T02:29:38,ok,pickles/smsemoa/r109_21/run03.pkl,unknown,1
nsga2,c103_21,26,3995957696,850000,850080,105,105,34085860.217756,,13.0,1713.7449,382.3384,8,734.363,2026-04-24T02:18:08,2026-04-24T02:30:23,ok,pickles/nsga2/c103_21/run26.pkl,unknown,1
nsga2,r105_21,30,2032868412,850000,850080,105,105,25402604.508756,,19.0,1820.6813,0.5364,12,611.214,2026-04-24T02:22:17,2026-04-24T02:32:28,ok,pickles/nsga2/r105_21/run30.pkl,unknown,1
smsemoa,rc106_21,23,2359190842,850000,850080,105,105,13210653.672416,,17.0,2036.3033,3.53,8,683.205,2026-04-24T02:22:14,2026-04-24T02:33:37,ok,pickles/smsemoa/rc106_21/run23.pkl,unknown,1
nsga2,c104_21,27,2912456374,850000,850080,105,105,18908375.061268,,11.0,1394.0111,0.0,6,827.942,2026-04-24T02:23:08,2026-04-24T02:36:56,ok,pickles/nsga2/c104_21/run27.pkl,unknown,1
moead_ws,r211_21,25,3594675103,850000,850080,105,90,8525785.26066,,3.0,779.3053,0.0,3,1882.484,2026-04-24T02:05:35,2026-04-24T02:36:58,ok,pickles/moead_ws/r211_21/run25.pkl,unknown,1
smsemoa,rc202_21,15,2683160808,850000,850080,105,105,14491850.288235,,5.0,1260.1435,0.0,3,1031.755,2026-04-24T02:20:04,2026-04-24T02:37:16,ok,pickles/smsemoa/rc202_21/run15.pkl,unknown,1
smsemoa,c202_21,8,1561058648,850000,850080,105,105,168704304.058647,,5.0,1127.0788,244.7618,5,1109.961,2026-04-24T02:19:30,2026-04-24T02:38:00,ok,pickles/smsemoa/c202_21/run08.pkl,unknown,1
nsga2,rc208_21,30,960659903,850000,850080,105,105,1639824.58246,,3.0,828.1537,0.0,3,1776.414,2026-04-24T02:09:38,2026-04-24T02:39:15,ok,pickles/nsga2/rc208_21/run30.pkl,unknown,1
nsga2,rc106_21,18,2016504206,850000,850080,105,105,7120532.347493,,18.0,1975.0757,0.0,7,625.753,2026-04-24T02:29:36,2026-04-24T02:40:02,ok,pickles/nsga2/rc106_21/run18.pkl,unknown,1
moead_ws,rc202_21,22,3879848073,850000,850080,105,95,79118532.703779,,6.0,1297.8108,0.0,6,1114.326,2026-04-24T02:22:30,2026-04-24T02:41:04,ok,pickles/moead_ws/rc202_21/run22.pkl,unknown,1
smsemoa,c107_21,4,3348740606,850000,850080,105,105,53492995.910375,,14.0,1613.2726,728.9751,7,739.415,2026-04-24T02:30:23,2026-04-24T02:42:42,ok,pickles/smsemoa/c107_21/run04.pkl,unknown,1
nsga2,r208_21,12,2210168820,850000,850080,105,105,258602.358237,,3.0,828.1293,0.0,2,1610.125,2026-04-24T02:15:53,2026-04-24T02:42:44,ok,pickles/nsga2/r208_21/run12.pkl,unknown,1
smsemoa,rc208_21,4,2251499616,850000,850080,105,105,4454332.081555,,3.0,875.4111,0.0,3,1747.417,2026-04-24T02:14:29,2026-04-24T02:43:37,ok,pickles/smsemoa/rc208_21/run04.pkl,unknown,1
smsemoa,r208_21,15,1920984835,850000,850080,105,75,1895102.452773,,3.0,833.3018,0.0,3,1612.935,2026-04-24T02:17:34,2026-04-24T02:44:27,ok,pickles/smsemoa/r208_21/run15.pkl,unknown,1
nsga2,rc208_21,27,4076125191,850000,850080,105,105,923454.145213,,4.0,1083.52,0.0,2,1692.092,2026-04-24T02:16:29,2026-04-24T02:44:41,ok,pickles/nsga2/rc208_21/run27.pkl,unknown,1
smsemoa,r109_21,12,3097435228,850000,850080,105,105,6540718.067689,,18.0,1722.6814,0.0,7,664.508,2026-04-24T02:36:56,2026-04-24T02:48:00,ok,pickles/smsemoa/r109_21/run12.pkl,unknown,1
smsemoa,rc205_21,28,1295027552,850000,850080,105,105,66134497.183525,,4.0,1066.1075,0.0,6,1156.803,2026-04-24T02:29:38,2026-04-24T02:48:55,ok,pickles/smsemoa/rc205_21/run28.pkl,unknown,1
smsemoa,r109_21,4,1883859624,850000,850080,105,105,6754708.567014,,18.0,1766.7435,1.0191,7,649.925,2026-04-24T02:39:15,2026-04-24T02:50:05,ok,pickles/smsemoa/r109_21/run04.pkl,unknown,1
moead_ws,c103_21,17,2325599671,850000,850080,105,101,84153844.015815,,14.0,1832.0011,0.0,6,879.134,2026-04-24T02:36:58,2026-04-24T02:51:38,ok,pickles/moead_ws/c103_21/run17.pkl,unknown,1
moead_ws,c103_21,10,3142835534,850000,850080,105,99,72847750.068883,,15.0,1806.9021,4.7855,5,855.16,2026-04-24T02:40:02,2026-04-24T02:54:17,ok,pickles/moead_ws/c103_21/run10.pkl,unknown,1
nsga2,rc205_21,9,462875122,850000,850080,105,105,30284847.117929,,5.0,1363.8724,0.0,5,1093.082,2026-04-24T02:37:16,2026-04-24T02:55:29,ok,pickles/nsga2/rc205_21/run09.pkl,unknown,1
moead_ws,c107_21,30,3707162254,850000,850080,105,99,157598199.24864,,16.0,1832.3007,1359.9983,9,826.143,2026-04-24T02:42:44,2026-04-24T02:56:30,ok,pickles/moead_ws/c107_21/run30.pkl,unknown,1
smsemoa,r211_21,29,2808574990,850000,850080,105,105,2404017.720782,,3.0,741.9048,0.0,2,1787.476,2026-04-24T02:26:50,2026-04-24T02:56:37,ok,pickles/smsemoa/r211_21/run29.pkl,unknown,1
moead_ws,c107_21,21,2699703167,850000,850080,105,100,345252309.713714,,15.0,1817.0011,1284.9327,9,863.003,2026-04-24T02:44:27,2026-04-24T02:58:50,ok,pickles/moead_ws/c107_21/run21.pkl,unknown,1
smsemoa,rc106_21,11,1350948783,850000,850080,105,105,8649163.740374,,18.0,2003.2955,10.1851,8,662.776,2026-04-24T02:48:55,2026-04-24T02:59:57,ok,pickles/smsemoa/rc106_21/run11.pkl,unknown,1
smsemoa,c103_21,17,2730231281,850000,850080,105,105,39488915.387957,,12.0,1604.2787,0.0,7,738.537,2026-04-24T02:48:00,2026-04-24T03:00:19,ok,pickles/smsemoa/c103_21/run17.pkl,unknown,1
smsemoa,rc205_21,13,467724843,850000,850080,105,105,61449841.9137,,4.0,1081.3897,0.0,5,1223.372,2026-04-24T02:41:04,2026-04-24T03:01:28,ok,pickles/smsemoa/rc205_21/run13.pkl,unknown,1
moead_ws,rc208_21,25,1063426249,850000,850080,105,100,25647935.321876,,4.0,900.19,0.0,3,1752.284,2026-04-24T02:32:29,2026-04-24T03:01:41,ok,pickles/moead_ws/rc208_21/run25.pkl,unknown,1
smsemoa,r211_21,13,2991538920,850000,850080,105,105,3222218.58067,,3.0,756.2835,0.0,2,1824.096,2026-04-24T02:33:37,2026-04-24T03:04:01,ok,pickles/smsemoa/r211_21/run13.pkl,unknown,1
moead_ws,r208_21,4,915822303,850000,850080,105,91,16468.264844,,3.0,822.0638,0.0,1,1863.096,2026-04-24T02:38:00,2026-04-24T03:09:03,ok,pickles/moead_ws/r208_21/run04.pkl,unknown,1
moead_ws,r109_21,9,386636030,850000,850080,105,102,4337838.984765,,21.0,1769.4919,0.0,6,749.401,2026-04-24T02:56:38,2026-04-24T03:09:07,ok,pickles/moead_ws/r109_21/run09.pkl,unknown,1
nsga2,rc205_21,6,1401653043,850000,850080,105,105,18070312.345612,,5.0,1367.9756,1.0,3,1137.756,2026-04-24T02:51:38,2026-04-24T03:10:35,ok,pickles/nsga2/rc205_21/run06.pkl,unknown,1
nsga2,rc208_21,12,3047049776,850000,850080,105,105,1448762.196581,,4.0,837.974,0.0,2,1713.086,2026-04-24T02:42:42,2026-04-24T03:11:15,ok,pickles/nsga2/rc208_21/run12.pkl,unknown,1
moead_ws,r207_21,8,2145327710,850000,850080,105,95,13902697.322308,,4.0,844.7189,0.0,3,1598.48,2026-04-24T02:44:41,2026-04-24T03:11:20,ok,pickles/moead_ws/r207_21/run08.pkl,unknown,1
nsga2,rc205_21,20,3902894367,850000,850080,105,105,53693266.474388,,5.0,1167.7992,0.0,5,1100.13,2026-04-24T02:54:17,2026-04-24T03:12:38,ok,pickles/nsga2/rc205_21/run20.pkl,unknown,1
moead_ws,r109_21,27,890448739,850000,850080,105,93,12123513.318376,,19.0,1720.495,19.9326,9,746.434,2026-04-24T03:01:41,2026-04-24T03:14:08,ok,pickles/moead_ws/r109_21/run27.pkl,unknown,1
moead_ws,c107_21,4,3969150169,850000,850080,105,94,90185377.721514,,15.0,1764.5572,2193.8526,5,875.52,2026-04-24T03:00:19,2026-04-24T03:14:55,ok,pickles/moead_ws/c107_21/run04.pkl,unknown,1
moead_ws,r208_21,25,2178610382,850000,850080,105,88,423691.150347,,3.0,834.1298,0.0,3,1882.924,2026-04-24T02:43:37,2026-04-24T03:15:00,ok,pickles/moead_ws/r208_21/run25.pkl,unknown,1
smsemoa,r211_21,8,863787833,850000,850080,105,86,1815228.068499,,3.0,832.4295,0.0,2,1835.333,2026-04-24T02:50:05,2026-04-24T03:20:40,ok,pickles/smsemoa/r211_21/run08.pkl,unknown,1
smsemoa,r105_21,14,783104250,850000,850080,105,105,15597348.384041,,18.0,1785.6503,17.2332,11,629.897,2026-04-24T03:10:35,2026-04-24T03:21:05,ok,pickles/smsemoa/r105_21/run14.pkl,unknown,1
nsga2,c103_21,4,616411239,850000,850080,105,105,63744321.801586,,12.0,1738.2424,22.0711,9,723.861,2026-04-24T03:09:07,2026-04-24T03:21:11,ok,pickles/nsga2/c103_21/run04.pkl,unknown,1
moead_ws,rc202_21,29,3764461444,850000,850080,105,91,298256151.082407,,6.0,1252.7929,1.2365,10,1087.395,2026-04-24T03:04:02,2026-04-24T03:22:09,ok,pickles/moead_ws/rc202_21/run29.pkl,unknown,1
smsemoa,r205_21,20,545074303,850000,850080,105,105,46113877.235755,,4.0,923.2603,0.0,5,1272.991,2026-04-24T03:01:28,2026-04-24T03:22:41,ok,pickles/smsemoa/r205_21/run20.pkl,unknown,1
moead_ws,r207_21,20,3199194288,850000,850080,105,102,6739031.02691,,4.0,885.8352,0.0,4,1431.694,2026-04-24T02:58:51,2026-04-24T03:22:42,ok,pickles/moead_ws/r207_21/run20.pkl,unknown,1
smsemoa,r105_21,2,4276778281,850000,850080,105,105,14872062.856118,,22.0,2054.3251,44.463,12,663.528,2026-04-24T03:12:38,2026-04-24T03:23:41,ok,pickles/smsemoa/r105_21/run02.pkl,unknown,1
nsga2,r207_21,8,2576184953,850000,850080,105,105,1208507.27271,,3.0,916.1618,0.0,3,1450.521,2026-04-24T02:59:57,2026-04-24T03:24:08,ok,pickles/nsga2/r207_21/run08.pkl,unknown,1
smsemoa,r208_21,30,3436024875,850000,850080,105,86,544179.470765,,3.0,853.1923,0.0,3,1698.736,2026-04-24T02:56:30,2026-04-24T03:24:49,ok,pickles/smsemoa/r208_21/run30.pkl,unknown,1
smsemoa,r211_21,27,3039200014,850000,850080,105,102,857081.983327,,3.0,761.599,0.0,2,1778.239,2026-04-24T02:55:29,2026-04-24T03:25:08,ok,pickles/smsemoa/r211_21/run27.pkl,unknown,1
smsemoa,c103_21,9,743659291,850000,850080,105,105,29900220.367241,,13.0,1661.5504,0.0,7,750.853,2026-04-24T03:14:08,2026-04-24T03:26:39,ok,pickles/smsemoa/c103_21/run09.pkl,unknown,1
nsga2,r205_21,18,1995967554,850000,850080,105,105,33284835.895448,,4.0,915.3693,0.0,5,1236.045,2026-04-24T03:09:03,2026-04-24T03:29:39,ok,pickles/nsga2/r205_21/run18.pkl,unknown,1
smsemoa,r105_21,19,3059319529,850000,850080,105,105,13818977.165981,,20.0,1920.7816,62.4216,12,648.231,2026-04-24T03:21:05,2026-04-24T03:31:53,ok,pickles/smsemoa/r105_21/run19.pkl,unknown,1
smsemoa,r205_21,14,2536910645,850000,850080,105,105,85280147.778816,,4.0,954.2927,0.0,6,1258.312,2026-04-24T03:11:20,2026-04-24T03:32:18,ok,pickles/smsemoa/r205_21/run14.pkl,unknown,1
moead_ws,rc202_21,27,2783648949,850000,850080,105,86,90175024.512099,,6.0,1162.1784,0.0,6,1112.592,2026-04-24T03:15:01,2026-04-24T03:33:33,ok,pickles/moead_ws/rc202_21/run27.pkl,unknown,1
nsga2,c107_21,17,3377927669,850000,850080,105,105,118520059.822174,,13.0,1775.4048,207.3338,9,709.749,2026-04-24T03:22:09,2026-04-24T03:33:59,ok,pickles/nsga2/c107_21/run17.pkl,unknown,1
smsemoa,c102_21,2,3417214270,850000,850080,105,105,102229898.969396,,13.0,1678.0385,103.9006,10,685.969,2026-04-24T03:23:41,2026-04-24T03:35:07,ok,pickles/smsemoa/c102_21/run02.pkl,unknown,1
nsga2,c102_21,7,2299077690,850000,850080,105,105,90608535.586278,,13.0,1865.0606,495.6307,10,687.872,2026-04-24T03:24:49,2026-04-24T03:36:17,ok,pickles/nsga2/c102_21/run07.pkl,unknown,1
nsga2,c104_21,29,711860793,850000,850080,105,105,16417022.47768,,11.0,1498.7106,0.0,6,789.674,2026-04-24T03:24:08,2026-04-24T03:37:18,ok,pickles/nsga2/c104_21/run29.pkl,unknown,1
nsga2,r105_21,26,1669056467,850000,850080,105,105,17335706.879543,,19.0,1722.5194,0.0,11,600.236,2026-04-24T03:29:39,2026-04-24T03:39:40,ok,pickles/nsga2/r105_21/run26.pkl,unknown,1
smsemoa,rc202_21,23,387593676,850000,850080,105,105,22459706.64152,,6.0,1105.6609,0.0,3,1047.139,2026-04-24T03:22:42,2026-04-24T03:40:10,ok,pickles/smsemoa/rc202_21/run23.pkl,unknown,1
nsga2,rc208_21,4,3284843947,850000,850080,105,105,2850820.162636,,3.0,863.4606,0.0,3,1844.269,2026-04-24T03:11:15,2026-04-24T03:41:59,ok,pickles/nsga2/rc208_21/run04.pkl,unknown,1
smsemoa,r205_21,29,1000522647,850000,850080,105,105,20149837.022056,,4.0,980.6902,0.0,4,1288.639,2026-04-24T03:21:11,2026-04-24T03:42:40,ok,pickles/smsemoa/r205_21/run29.pkl,unknown,1
nsga2,c202_21,2,2217968951,850000,850080,105,105,107539154.762229,,5.0,1238.7778,251.3375,6,1163.171,2026-04-24T03:25:08,2026-04-24T03:44:31,ok,pickles/nsga2/c202_21/run02.pkl,unknown,1
moead_ws,c202_21,8,2430208592,850000,850080,105,89,128557287.803842,,5.0,1118.792,568.8316,5,1130.358,2026-04-24T03:26:39,2026-04-24T03:45:29,ok,pickles/moead_ws/c202_21/run08.pkl,unknown,1
nsga2,c103_21,7,2203798380,850000,850080,105,105,76562241.906069,,12.0,1884.8639,143.0955,9,727.82,2026-04-24T03:33:33,2026-04-24T03:45:41,ok,pickles/nsga2/c103_21/run07.pkl,unknown,1
smsemoa,r208_21,11,611843225,850000,850080,105,76,268554.084366,,3.0,766.3665,0.0,2,1865.994,2026-04-24T03:14:55,2026-04-24T03:46:01,ok,pickles/smsemoa/r208_21/run11.pkl,unknown,1
smsemoa,c104_21,25,784556236,850000,850080,105,105,15457432.971107,,12.0,1449.1607,19.633,6,849.36,2026-04-24T03:31:53,2026-04-24T03:46:03,ok,pickles/smsemoa/c104_21/run25.pkl,unknown,1
nsga2,rc208_21,5,925243335,850000,850080,105,62,576355.473496,,3.0,826.8708,0.0,2,1691.75,2026-04-24T03:20:40,2026-04-24T03:48:52,ok,pickles/nsga2/rc208_21/run05.pkl,unknown,1
moead_ws,rc106_21,3,2970342472,850000,850080,105,94,14376823.953754,,19.0,2222.0244,8.2099,10,753.424,2026-04-24T03:37:18,2026-04-24T03:49:52,ok,pickles/moead_ws/rc106_21/run03.pkl,unknown,1
smsemoa,r208_21,23,2029090051,850000,850080,105,105,157679.270366,,3.0,781.4656,0.0,2,1767.247,2026-04-24T03:22:41,2026-04-24T03:52:08,ok,pickles/smsemoa/r208_21/run23.pkl,unknown,1
nsga2,rc203_21,16,3490674867,850000,850080,105,105,9469520.310485,,5.0,1275.4845,0.0,4,1103.018,2026-04-24T03:33:59,2026-04-24T03:52:22,ok,pickles/nsga2/rc203_21/run16.pkl,unknown,1
moead_ws,rc106_21,27,2825575281,850000,850080,105,104,22724568.625477,,19.0,2146.137,28.9335,12,736.138,2026-04-24T03:42:00,2026-04-24T03:54:16,ok,pickles/moead_ws/rc106_21/run27.pkl,unknown,1
nsga2,rc203_21,7,3947041578,850000,850080,105,105,16738197.528416,,4.0,1138.2397,0.0,4,1159.317,2026-04-24T03:35:07,2026-04-24T03:54:26,ok,pickles/nsga2/rc203_21/run07.pkl,unknown,1
moead_ws,r109_21,26,3218638553,850000,850080,105,100,8210047.060081,,20.0,1864.216,2.4489,6,727.827,2026-04-24T03:42:40,2026-04-24T03:54:48,ok,pickles/moead_ws/r109_21/run26.pkl,unknown,1
nsga2,r105_21,13,2252632344,850000,850080,105,105,12025845.846604,,21.0,1972.6008,0.0,12,594.834,2026-04-24T03:45:29,2026-04-24T03:55:24,ok,pickles/nsga2/r105_21/run13.pkl,unknown,1
nsga2,rc202_21,27,3759419295,850000,850080,105,105,13408035.489776,,6.0,1211.7989,0.0,3,958.962,2026-04-24T03:39:40,2026-04-24T03:55:39,ok,pickles/nsga2/rc202_21/run27.pkl,unknown,1
nsga2,c102_21,8,2821786535,850000,850080,105,105,100149233.268,,13.0,1775.4335,482.8342,9,695.097,2026-04-24T03:44:31,2026-04-24T03:56:06,ok,pickles/nsga2/c102_21/run08.pkl,unknown,1
smsemoa,r105_21,15,4172260669,850000,850080,105,105,14644742.593331,,20.0,1764.4553,15.0382,10,638.29,2026-04-24T03:45:41,2026-04-24T03:56:19,ok,pickles/smsemoa/r105_21/run15.pkl,unknown,1
moead_ws,r109_21,7,1978801474,850000,850080,105,96,10631967.004901,,19.0,1764.7006,0.0,8,767.012,2026-04-24T03:46:03,2026-04-24T03:58:50,ok,pickles/moead_ws/r109_21/run07.pkl,unknown,1
moead_ws,rc106_21,8,246833348,850000,850080,105,101,18571018.161663,,18.0,2073.3538,0.9484,9,779.024,2026-04-24T03:46:01,2026-04-24T03:59:00,ok,pickles/moead_ws/rc106_21/run08.pkl,unknown,1
smsemoa,r207_21,19,3733622704,850000,850080,105,103,2426303.390683,,3.0,887.2485,0.0,3,1488.631,2026-04-24T03:36:17,2026-04-24T04:01:06,ok,pickles/smsemoa/r207_21/run19.pkl,unknown,1
moead_ws,r211_21,16,3585483197,850000,850080,105,95,2687190.46364,,3.0,767.2305,0.0,3,1876.756,2026-04-24T03:32:18,2026-04-24T04:03:35,ok,pickles/moead_ws/r211_21/run16.pkl,unknown,1
smsemoa,c102_21,20,2800992688,850000,850080,105,105,30317114.719875,,15.0,1567.0628,563.1391,6,684.987,2026-04-24T03:54:16,2026-04-24T04:05:41,ok,pickles/smsemoa/c102_21/run20.pkl,unknown,1
moead_ws,c104_21,19,275236864,850000,850080,105,77,54169662.407525,,12.0,1455.8868,0.0,4,955.752,2026-04-24T03:49:52,2026-04-24T04:05:48,ok,pickles/moead_ws/c104_21/run19.pkl,unknown,1
nsga2,r109_21,18,1756780884,850000,850080,105,105,2202752.694022,,17.0,1606.3758,0.0,5,623.624,2026-04-24T03:55:24,2026-04-24T04:05:48,ok,pickles/nsga2/r109_21/run18.pkl,unknown,1
nsga2,c103_21,20,3659606903,850000,850080,105,105,66131988.181923,,12.0,1619.141,0.0,10,734.494,2026-04-24T03:54:48,2026-04-24T04:07:03,ok,pickles/nsga2/c103_21/run20.pkl,unknown,1
smsemoa,rc208_21,25,3243928653,850000,850080,105,100,10512520.335049,,3.0,840.005,0.0,3,1807.236,2026-04-24T03:40:10,2026-04-24T04:10:17,ok,pickles/smsemoa/rc208_21/run25.pkl,unknown,1
smsemoa,c202_21,1,2816928113,850000,850080,105,105,43845922.460642,,4.0,966.7711,96.4305,5,1321.632,2026-04-24T03:48:52,2026-04-24T04:10:53,ok,pickles/smsemoa/c202_21/run01.pkl,unknown,1
moead_ws,c104_21,14,1674484487,850000,850080,105,92,21182435.601321,,11.0,1421.0647,1.9126,5,939.231,2026-04-24T03:56:20,2026-04-24T04:11:59,ok,pickles/moead_ws/c104_21/run14.pkl,unknown,1
smsemoa,rc106_21,3,3482995378,850000,850080,105,105,9846929.855342,,18.0,2093.3415,0.0,9,660.841,2026-04-24T04:01:06,2026-04-24T04:12:06,ok,pickles/smsemoa/rc106_21/run03.pkl,unknown,1
moead_ws,rc205_21,10,1978795067,850000,850080,105,100,153443152.402412,,6.0,1198.5586,0.0,6,1195.163,2026-04-24T03:52:23,2026-04-24T04:12:18,ok,pickles/moead_ws/rc205_21/run10.pkl,unknown,1
moead_ws,rc202_21,23,2184857950,850000,850080,105,103,41460505.019456,,6.0,1368.6344,35.5364,4,1065.782,2026-04-24T03:55:39,2026-04-24T04:13:25,ok,pickles/moead_ws/rc202_21/run23.pkl,unknown,1
smsemoa,rc203_21,30,3314542986,850000,850080,105,105,10111171.617378,,4.0,1034.2429,0.0,4,1198.091,2026-04-24T03:54:26,2026-04-24T04:14:25,ok,pickles/smsemoa/rc203_21/run30.pkl,unknown,1
smsemoa,rc106_21,20,298127238,850000,850080,105,105,22461643.544825,,17.0,2055.7133,0.0,12,664.744,2026-04-24T04:03:35,2026-04-24T04:14:40,ok,pickles/smsemoa/rc106_21/run20.pkl,unknown,1
smsemoa,c202_21,25,4037497740,850000,850080,105,105,138044347.841394,,5.0,973.5076,107.7465,5,1174.481,2026-04-24T03:56:06,2026-04-24T04:15:40,ok,pickles/smsemoa/c202_21/run25.pkl,unknown,1
smsemoa,r109_21,1,1654065539,850000,850080,105,105,3948027.241458,,17.0,1685.4271,0.0,8,660.765,2026-04-24T04:05:48,2026-04-24T04:16:49,ok,pickles/smsemoa/r109_21/run01.pkl,unknown,1
nsga2,c104_21,2,3068607903,850000,850080,105,105,11509071.384387,,11.0,1364.2239,0.0,4,798.059,2026-04-24T04:05:41,2026-04-24T04:18:59,ok,pickles/nsga2/c104_21/run02.pkl,unknown,1
moead_ws,c104_21,2,639448836,850000,850080,105,90,154430928.076261,,12.0,1774.39,1.9126,6,976.543,2026-04-24T04:05:48,2026-04-24T04:22:05,ok,pickles/moead_ws/c104_21/run02.pkl,unknown,1
moead_ws,r208_21,24,4254530260,850000,850080,105,91,640527.512622,,3.0,831.8343,0.0,3,1833.721,2026-04-24T03:52:09,2026-04-24T04:22:42,ok,pickles/moead_ws/r208_21/run24.pkl,unknown,1
moead_ws,r105_21,11,4256887833,850000,850080,105,99,56814727.726545,,21.0,1805.2799,10.686,10,723.427,2026-04-24T04:10:54,2026-04-24T04:22:57,ok,pickles/moead_ws/r105_21/run11.pkl,unknown,1
smsemoa,rc205_21,19,2941608273,850000,850080,105,105,96762798.692235,,5.0,1305.1349,0.0,6,1031.211,2026-04-24T04:07:03,2026-04-24T04:24:14,ok,pickles/smsemoa/rc205_21/run19.pkl,unknown,1
moead_ws,c107_21,3,3310052014,850000,850080,105,103,110902220.774979,,15.0,2059.4303,671.5481,4,849.664,2026-04-24T04:12:00,2026-04-24T04:26:09,ok,pickles/moead_ws/c107_21/run03.pkl,unknown,1
moead_ws,rc106_21,1,3864439507,850000,850080,105,100,23943046.226253,,19.0,2123.8365,2.7141,10,737.177,2026-04-24T04:14:40,2026-04-24T04:26:58,ok,pickles/moead_ws/rc106_21/run01.pkl,unknown,1
moead_ws,r208_21,18,201924059,850000,850080,105,85,912298.927389,,4.0,998.739,0.0,2,1683.228,2026-04-24T03:59:01,2026-04-24T04:27:04,ok,pickles/moead_ws/r208_21/run18.pkl,unknown,1
nsga2,c102_21,10,3786460671,850000,850080,105,105,134130543.36473,,13.0,1638.2671,330.6258,11,668.352,2026-04-24T04:16:49,2026-04-24T04:27:57,ok,pickles/nsga2/c102_21/run10.pkl,unknown,1
nsga2,r211_21,30,2911604579,850000,850080,105,105,701293.407771,,3.0,815.6261,0.0,2,1802.531,2026-04-24T03:58:50,2026-04-24T04:28:53,ok,pickles/nsga2/r211_21/run30.pkl,unknown,1
nsga2,rc205_21,17,3015762062,850000,850080,105,105,31035499.038312,,4.0,1275.279,0.0,5,1146.334,2026-04-24T04:12:06,2026-04-24T04:31:13,ok,pickles/nsga2/rc205_21/run17.pkl,unknown,1
nsga2,rc205_21,10,272442580,850000,850080,105,105,19530281.188051,,6.0,1439.4876,0.0,4,1094.356,2026-04-24T04:14:25,2026-04-24T04:32:39,ok,pickles/nsga2/rc205_21/run10.pkl,unknown,1
moead_ws,rc205_21,25,2326968956,850000,850080,105,93,212944622.739731,,6.0,1314.8251,10.1096,8,1248.855,2026-04-24T04:12:18,2026-04-24T04:33:07,ok,pickles/moead_ws/rc205_21/run25.pkl,unknown,1
nsga2,c107_21,12,3102714836,850000,850080,105,105,56520998.182571,,14.0,1590.5859,186.2496,7,700.956,2026-04-24T04:22:57,2026-04-24T04:34:38,ok,pickles/nsga2/c107_21/run12.pkl,unknown,1
moead_ws,r109_21,3,2154552062,850000,850080,105,100,19963867.760561,,19.0,1803.2484,6.0113,10,772.17,2026-04-24T04:22:05,2026-04-24T04:34:57,ok,pickles/moead_ws/r109_21/run03.pkl,unknown,1
smsemoa,rc106_21,9,2056415257,850000,850080,105,105,15337521.390861,,18.0,2099.447,25.4987,9,645.104,2026-04-24T04:26:58,2026-04-24T04:37:43,ok,pickles/smsemoa/rc106_21/run09.pkl,unknown,1
nsga2,r208_21,10,954557158,850000,850080,105,50,36787.368113,,3.0,820.8954,0.0,1,1799.115,2026-04-24T04:10:17,2026-04-24T04:40:16,ok,pickles/nsga2/r208_21/run10.pkl,unknown,1
moead_ws,r105_21,8,1423602066,850000,850080,105,104,21739622.379103,,20.0,1716.2835,5.7154,10,727.261,2026-04-24T04:28:53,2026-04-24T04:41:01,ok,pickles/moead_ws/r105_21/run08.pkl,unknown,1
moead_ws,r208_21,2,3018504365,850000,850080,105,97,4529013.053266,,3.0,888.037,0.0,3,1661.445,2026-04-24T04:13:25,2026-04-24T04:41:07,ok,pickles/moead_ws/r208_21/run02.pkl,unknown,1
smsemoa,r105_21,4,2557431199,850000,850080,105,105,24013966.775599,,20.0,1889.7924,5.9311,15,641.312,2026-04-24T04:31:13,2026-04-24T04:41:54,ok,pickles/smsemoa/r105_21/run04.pkl,unknown,1
moead_ws,rc205_21,4,358748549,850000,850080,105,99,26314608.827833,,6.0,1180.9722,0.0,4,1162.86,2026-04-24T04:22:43,2026-04-24T04:42:06,ok,pickles/moead_ws/rc205_21/run04.pkl,unknown,1
nsga2,r105_21,2,1128816835,850000,850080,105,105,8021935.121905,,19.0,1907.421,0.0,10,590.16,2026-04-24T04:33:07,2026-04-24T04:42:57,ok,pickles/nsga2/r105_21/run02.pkl,unknown,1
smsemoa,r208_21,26,4024679717,850000,850080,105,37,171634.420544,,3.0,800.9603,0.0,2,1775.104,2026-04-24T04:15:40,2026-04-24T04:45:15,ok,pickles/smsemoa/r208_21/run26.pkl,unknown,1
nsga2,r109_21,26,2003430506,850000,850080,105,105,2325912.413929,,17.0,1594.6393,0.0,6,622.431,2026-04-24T04:34:57,2026-04-24T04:45:20,ok,pickles/nsga2/r109_21/run26.pkl,unknown,1
moead_ws,c202_21,23,4119929934,850000,850080,105,101,313312762.794761,,6.0,1174.9811,74.6488,6,1131.285,2026-04-24T04:27:58,2026-04-24T04:46:49,ok,pickles/moead_ws/c202_21/run23.pkl,unknown,1
nsga2,r207_21,18,3070509365,850000,850080,105,105,1364402.238662,,4.0,847.1292,0.0,2,1431.819,2026-04-24T04:24:14,2026-04-24T04:48:06,ok,pickles/nsga2/r207_21/run18.pkl,unknown,1
nsga2,rc208_21,8,2052611094,850000,850080,105,105,1993210.588493,,3.0,913.0788,0.0,3,1777.339,2026-04-24T04:18:59,2026-04-24T04:48:37,ok,pickles/nsga2/rc208_21/run08.pkl,unknown,1
nsga2,rc202_21,8,3663759392,850000,850080,105,105,19192110.034001,,6.0,1280.3479,0.0,3,995.444,2026-04-24T04:32:39,2026-04-24T04:49:14,ok,pickles/nsga2/rc202_21/run08.pkl,unknown,1
smsemoa,c103_21,14,1550630797,850000,850080,105,105,81531859.082452,,12.0,1538.0025,36.4625,8,769.865,2026-04-24T04:40:16,2026-04-24T04:53:06,ok,pickles/smsemoa/c103_21/run14.pkl,unknown,1
smsemoa,c103_21,10,1168079455,850000,850080,105,105,44027237.264245,,12.0,1510.0096,400.7748,8,761.532,2026-04-24T04:41:01,2026-04-24T04:53:42,ok,pickles/smsemoa/c103_21/run10.pkl,unknown,1
moead_ws,r208_21,22,224321066,850000,850080,105,68,1573.716987,,3.0,909.8642,0.0,2,1698.596,2026-04-24T04:26:10,2026-04-24T04:54:28,ok,pickles/moead_ws/r208_21/run22.pkl,unknown,1
moead_ws,r208_21,5,527617665,850000,850080,105,100,1419465.27278,,3.0,803.5682,0.0,2,1768.607,2026-04-24T04:27:04,2026-04-24T04:56:33,ok,pickles/moead_ws/r208_21/run05.pkl,unknown,1
smsemoa,r205_21,24,376738408,850000,850080,105,105,15486723.378161,,4.0,963.8857,0.0,3,1327.149,2026-04-24T04:34:38,2026-04-24T04:56:45,ok,pickles/smsemoa/r205_21/run24.pkl,unknown,1
moead_ws,c103_21,18,2029488884,850000,850080,105,95,113737686.134161,,13.0,1704.17,7.2861,5,886.134,2026-04-24T04:42:58,2026-04-24T04:57:44,ok,pickles/moead_ws/c103_21/run18.pkl,unknown,1
smsemoa,rc106_21,16,2120434121,850000,850080,105,105,9184920.116458,,20.0,2149.1353,3.424,7,647.284,2026-04-24T04:49:14,2026-04-24T05:00:02,ok,pickles/smsemoa/rc106_21/run16.pkl,unknown,1
nsga2,c103_21,10,2767070607,850000,850080,105,105,77697869.204891,,13.0,1775.701,0.0,9,779.845,2026-04-24T04:48:06,2026-04-24T05:01:06,ok,pickles/nsga2/c103_21/run10.pkl,unknown,1
smsemoa,c202_21,9,2918813586,850000,850080,105,105,16574698.335409,,5.0,1138.0311,502.042,4,1185.106,2026-04-24T04:42:06,2026-04-24T05:01:51,ok,pickles/smsemoa/c202_21/run09.pkl,unknown,1
smsemoa,r109_21,18,1983768065,850000,850080,105,105,2799409.782625,,18.0,1691.0834,0.0,7,652.209,2026-04-24T04:56:45,2026-04-24T05:07:38,ok,pickles/smsemoa/r109_21/run18.pkl,unknown,1
nsga2,r211_21,28,3293242372,850000,850080,105,105,2094528.82398,,3.0,816.693,0.0,2,1807.946,2026-04-24T04:37:43,2026-04-24T05:07:51,ok,pickles/nsga2/r211_21/run28.pkl,unknown,1
moead_ws,c202_21,5,4021125765,850000,850080,105,100,64043189.551583,,5.0,1231.5157,476.978,3,1165.379,2026-04-24T04:48:37,2026-04-24T05:08:02,ok,pickles/moead_ws/c202_21/run05.pkl,unknown,1
nsga2,r205_21,3,1952463448,850000,850080,105,105,7931443.973807,,4.0,948.612,0.0,3,1288.938,2026-04-24T04:46:49,2026-04-24T05:08:18,ok,pickles/nsga2/r205_21/run03.pkl,unknown,1
smsemoa,r207_21,23,4048392340,850000,850080,105,74,316220.785439,,4.0,836.0706,0.0,1,1464.86,2026-04-24T04:45:15,2026-04-24T05:09:40,ok,pickles/smsemoa/r207_21/run23.pkl,unknown,1
smsemoa,rc208_21,15,3210401344,850000,850080,105,105,5477022.239026,,3.0,881.8175,0.0,3,1772.798,2026-04-24T04:41:07,2026-04-24T05:10:40,ok,pickles/smsemoa/rc208_21/run15.pkl,unknown,1
moead_ws,c102_21,1,1900783593,850000,850080,105,100,105011228.973423,,17.0,1985.5196,833.5223,6,860.825,2026-04-24T04:56:33,2026-04-24T05:10:54,ok,pickles/moead_ws/c102_21/run01.pkl,unknown,1
nsga2,c104_21,18,1883717040,850000,850080,105,105,8349266.036342,,11.0,1409.5839,0.0,4,808.828,2026-04-24T04:57:44,2026-04-24T05:11:13,ok,pickles/nsga2/c104_21/run18.pkl,unknown,1
nsga2,r211_21,18,36772872,850000,850080,105,105,1486404.461433,,3.0,776.182,0.0,2,1803.631,2026-04-24T04:41:54,2026-04-24T05:11:58,ok,pickles/nsga2/r211_21/run18.pkl,unknown,1
moead_ws,rc202_21,12,3653522349,850000,850080,105,94,96619393.5809,,6.0,1017.7208,0.0,3,1134.817,2026-04-24T04:53:06,2026-04-24T05:12:01,ok,pickles/moead_ws/rc202_21/run12.pkl,unknown,1
moead_ws,r208_21,7,4224265278,850000,850080,105,99,3184489.716687,,3.0,782.3851,0.0,3,1803.99,2026-04-24T04:45:20,2026-04-24T05:15:24,ok,pickles/moead_ws/r208_21/run07.pkl,unknown,1
moead_ws,c107_21,23,1080238455,850000,850080,105,103,158610769.679566,,15.0,1846.6761,1157.0329,6,856.774,2026-04-24T05:01:51,2026-04-24T05:16:08,ok,pickles/moead_ws/c107_21/run23.pkl,unknown,1
nsga2,rc106_21,17,2616778899,850000,850080,105,105,10906660.147996,,18.0,2088.5925,0.0,10,604.284,2026-04-24T05:07:38,2026-04-24T05:17:42,ok,pickles/nsga2/rc106_21/run17.pkl,unknown,1
smsemoa,c102_21,4,1023865422,850000,850080,105,105,77150182.855032,,14.0,1754.8269,828.1498,8,711.412,2026-04-24T05:07:51,2026-04-24T05:19:42,ok,pickles/smsemoa/c102_21/run04.pkl,unknown,1
nsga2,rc106_21,15,4057864942,850000,850080,105,105,7468852.448114,,18.0,2008.5945,0.0,6,627.256,2026-04-24T05:10:54,2026-04-24T05:21:22,ok,pickles/nsga2/rc106_21/run15.pkl,unknown,1
smsemoa,rc203_21,16,809871810,850000,850080,105,105,7129747.428846,,4.0,943.3061,0.0,3,1283.488,2026-04-24T05:00:02,2026-04-24T05:21:25,ok,pickles/smsemoa/rc203_21/run16.pkl,unknown,1
smsemoa,c102_21,21,4046878769,850000,850080,105,105,107826039.905751,,13.0,1720.1792,151.4349,11,726.484,2026-04-24T05:10:40,2026-04-24T05:22:46,ok,pickles/smsemoa/c102_21/run21.pkl,unknown,1
smsemoa,r109_21,27,2267549789,850000,850080,105,105,6766181.657244,,16.0,1670.0851,0.0,8,651.076,2026-04-24T05:12:01,2026-04-24T05:22:52,ok,pickles/smsemoa/r109_21/run27.pkl,unknown,1
moead_ws,rc208_21,26,3878553253,850000,850080,105,101,2057965.356118,,4.0,976.9721,0.0,2,1797.089,2026-04-24T04:53:43,2026-04-24T05:23:40,ok,pickles/moead_ws/rc208_21/run26.pkl,unknown,1
smsemoa,r211_21,6,672140666,850000,850080,105,105,5318399.225271,,3.0,764.0175,0.0,3,1802.733,2026-04-24T04:54:28,2026-04-24T05:24:31,ok,pickles/smsemoa/r211_21/run06.pkl,unknown,1
smsemoa,rc205_21,25,556437496,850000,850080,105,105,17077791.305722,,5.0,1112.512,0.0,4,1130.958,2026-04-24T05:08:02,2026-04-24T05:26:53,ok,pickles/smsemoa/rc205_21/run25.pkl,unknown,1
smsemoa,rc203_21,21,2518539678,850000,850080,105,105,9744181.709054,,5.0,1151.7726,0.0,4,1197.155,2026-04-24T05:08:18,2026-04-24T05:28:15,ok,pickles/smsemoa/rc203_21/run21.pkl,unknown,1
nsga2,c103_21,12,975802175,850000,850080,105,105,5794129.928003,,12.0,1354.1952,56.0548,5,707.047,2026-04-24T05:17:42,2026-04-24T05:29:29,ok,pickles/nsga2/c103_21/run12.pkl,unknown,1
nsga2,r105_21,20,1100373465,850000,850080,105,105,12287805.487137,,19.0,1767.296,0.0,10,617.925,2026-04-24T05:19:42,2026-04-24T05:30:00,ok,pickles/nsga2/r105_21/run20.pkl,unknown,1
smsemoa,rc208_21,21,2211999036,850000,850080,105,105,7245902.077434,,3.0,937.7754,0.0,3,1764.41,2026-04-24T05:01:06,2026-04-24T05:30:30,ok,pickles/smsemoa/rc208_21/run21.pkl,unknown,1
moead_ws,c103_21,26,1419344933,850000,850080,105,100,122574850.39599,,13.0,1866.0128,324.4872,7,920.516,2026-04-24T05:16:08,2026-04-24T05:31:29,ok,pickles/moead_ws/c103_21/run26.pkl,unknown,1
moead_ws,c104_21,26,816505106,850000,850080,105,103,16727521.563462,,12.0,1542.6541,24.6826,3,985.722,2026-04-24T05:15:25,2026-04-24T05:31:51,ok,pickles/moead_ws/c104_21/run26.pkl,unknown,1
moead_ws,c102_21,15,1535047756,850000,850080,105,102,109517716.805932,,15.0,1796.1953,807.1838,6,880.012,2026-04-24T05:21:22,2026-04-24T05:36:02,ok,pickles/moead_ws/c102_21/run15.pkl,unknown,1
smsemoa,c102_21,17,1796589157,850000,850080,105,105,86359591.300752,,14.0,1891.3239,1190.5866,10,737.327,2026-04-24T05:24:31,2026-04-24T05:36:48,ok,pickles/smsemoa/c102_21/run17.pkl,unknown,1
nsga2,r109_21,24,2099704518,850000,850080,105,105,2089731.530803,,17.0,1627.9594,0.0,6,624.137,2026-04-24T05:29:29,2026-04-24T05:39:53,ok,pickles/nsga2/r109_21/run24.pkl,unknown,1
moead_ws,rc208_21,6,4134327315,850000,850080,105,102,10112418.025015,,4.0,852.5583,0.0,3,1855.437,2026-04-24T05:09:41,2026-04-24T05:40:36,ok,pickles/moead_ws/rc208_21/run06.pkl,unknown,1
smsemoa,rc208_21,2,2537245811,850000,850080,105,105,6528583.779795,,3.0,892.2744,0.0,4,1774.145,2026-04-24T05:11:13,2026-04-24T05:40:47,ok,pickles/smsemoa/rc208_21/run02.pkl,unknown,1
smsemoa,r208_21,29,329840408,850000,850080,105,81,626403.565316,,3.0,840.4132,0.0,2,1847.442,2026-04-24T05:11:58,2026-04-24T05:42:45,ok,pickles/smsemoa/r208_21/run29.pkl,unknown,1
nsga2,r205_21,17,4133545425,850000,850080,105,105,21425306.468625,,5.0,1061.6923,0.0,3,1204.777,2026-04-24T05:22:52,2026-04-24T05:42:57,ok,pickles/nsga2/r205_21/run17.pkl,unknown,1
smsemoa,rc202_21,1,2336958741,850000,850080,105,105,13879719.621721,,5.0,1042.8804,0.0,3,1094.854,2026-04-24T05:26:53,2026-04-24T05:45:08,ok,pickles/smsemoa/rc202_21/run01.pkl,unknown,1
moead_ws,rc202_21,8,4030522076,850000,850080,105,99,61431155.113694,,7.0,1261.0532,0.0,4,1076.383,2026-04-24T05:28:15,2026-04-24T05:46:12,ok,pickles/moead_ws/rc202_21/run08.pkl,unknown,1
moead_ws,r205_21,3,2030977472,850000,850080,105,100,68803288.517241,,5.0,876.5108,55.5644,4,1362.196,2026-04-24T05:23:40,2026-04-24T05:46:22,ok,pickles/moead_ws/r205_21/run03.pkl,unknown,1
nsga2,r105_21,28,1235625307,850000,850080,105,105,19103853.070538,,20.0,1837.3465,45.108,14,586.034,2026-04-24T05:36:48,2026-04-24T05:46:35,ok,pickles/nsga2/r105_21/run28.pkl,unknown,1
smsemoa,c104_21,17,735925765,850000,850080,105,105,16550452.445254,,11.0,1459.7949,0.0,6,837.589,2026-04-24T05:36:02,2026-04-24T05:50:00,ok,pickles/smsemoa/c104_21/run17.pkl,unknown,1
nsga2,rc205_21,27,2451540458,850000,850080,105,105,23038657.485691,,4.0,1154.9479,0.0,4,1159.346,2026-04-24T05:31:51,2026-04-24T05:51:10,ok,pickles/nsga2/rc205_21/run27.pkl,unknown,1
moead_ws,rc208_21,22,608672316,850000,850080,105,102,3723068.864002,,4.0,867.0037,0.0,2,1868.18,2026-04-24T05:21:26,2026-04-24T05:52:34,ok,pickles/moead_ws/rc208_21/run22.pkl,unknown,1
smsemoa,r211_21,16,969029633,850000,850080,105,105,4775018.624353,,3.0,819.0474,0.0,3,1802.662,2026-04-24T05:22:46,2026-04-24T05:52:49,ok,pickles/smsemoa/r211_21/run16.pkl,unknown,1
smsemoa,c107_21,14,2593038616,850000,850080,105,105,36887269.931137,,14.0,1521.9484,709.808,6,736.846,2026-04-24T05:40:47,2026-04-24T05:53:04,ok,pickles/smsemoa/c107_21/run14.pkl,unknown,1
nsga2,r207_21,14,3255421722,850000,850080,105,81,1567572.354717,,3.0,869.0503,0.0,3,1514.315,2026-04-24T05:31:29,2026-04-24T05:56:43,ok,pickles/nsga2/r207_21/run14.pkl,unknown,1
moead_ws,r109_21,16,1108686446,850000,850080,105,101,7251461.739498,,21.0,1915.6248,25.8242,7,761.047,2026-04-24T05:46:23,2026-04-24T05:59:04,ok,pickles/moead_ws/r109_21/run16.pkl,unknown,1
nsga2,rc203_21,4,2301464431,850000,850080,105,105,4645406.635642,,5.0,1104.5822,0.0,2,1163.045,2026-04-24T05:39:53,2026-04-24T05:59:16,ok,pickles/nsga2/rc203_21/run04.pkl,unknown,1
moead_ws,r208_21,8,3746283720,850000,850080,105,91,203438.593949,,4.0,894.1168,0.0,2,1760.119,2026-04-24T05:30:00,2026-04-24T05:59:21,ok,pickles/moead_ws/r208_21/run08.pkl,unknown,1
nsga2,r211_21,10,2471290527,850000,850080,105,105,2402529.031324,,3.0,814.962,0.0,3,1818.126,2026-04-24T05:30:30,2026-04-24T06:00:48,ok,pickles/nsga2/r211_21/run10.pkl,unknown,1
nsga2,rc203_21,26,978078587,850000,850080,105,105,15900217.193399,,4.0,1112.7111,0.0,4,1228.693,2026-04-24T05:40:36,2026-04-24T06:01:05,ok,pickles/nsga2/rc203_21/run26.pkl,unknown,1
moead_ws,c202_21,9,107890196,850000,850080,105,98,83615546.154541,,6.0,1203.3332,637.9829,3,1110.639,2026-04-24T05:42:46,2026-04-24T06:01:16,ok,pickles/moead_ws/c202_21/run09.pkl,unknown,1
nsga2,r109_21,7,1437143008,850000,850080,105,105,7293269.608143,,18.0,1841.8393,0.0,8,616.97,2026-04-24T05:51:10,2026-04-24T06:01:27,ok,pickles/nsga2/r109_21/run07.pkl,unknown,1
moead_ws,c103_21,24,2437020992,850000,850080,105,93,78153888.809211,,13.0,1667.5234,108.3572,6,933.161,2026-04-24T05:46:12,2026-04-24T06:01:46,ok,pickles/moead_ws/c103_21/run24.pkl,unknown,1
moead_ws,rc202_21,15,3682823590,850000,850080,105,98,50788369.501819,,7.0,1203.0589,0.0,4,1024.778,2026-04-24T05:45:09,2026-04-24T06:02:13,ok,pickles/moead_ws/rc202_21/run15.pkl,unknown,1
smsemoa,c107_21,13,314321952,850000,850080,105,105,60414549.533551,,13.0,1609.9973,1058.5879,8,704.093,2026-04-24T05:53:04,2026-04-24T06:04:48,ok,pickles/smsemoa/c107_21/run13.pkl,unknown,1
smsemoa,rc205_21,18,3212651303,850000,850080,105,105,215504597.957391,,5.0,1270.8884,40.7747,6,1095.596,2026-04-24T05:46:35,2026-04-24T06:04:50,ok,pickles/smsemoa/rc205_21/run18.pkl,unknown,1
moead_ws,c104_21,8,3176943291,850000,850080,105,93,10310651.780592,,11.0,1458.6365,0.0,4,962.275,2026-04-24T05:52:34,2026-04-24T06:08:37,ok,pickles/moead_ws/c104_21/run08.pkl,unknown,1
smsemoa,rc202_21,5,12343910,850000,850080,105,105,64293878.987816,,5.0,996.5721,0.0,7,999.25,2026-04-24T05:52:49,2026-04-24T06:09:28,ok,pickles/smsemoa/rc202_21/run05.pkl,unknown,1
nsga2,r109_21,8,2190805363,850000,850080,105,105,5495084.239039,,16.0,1576.4741,0.0,8,616.493,2026-04-24T06:00:48,2026-04-24T06:11:05,ok,pickles/nsga2/r109_21/run08.pkl,unknown,1
nsga2,c103_21,1,3042065547,850000,850080,105,105,160546462.613166,,13.0,1583.572,6.9127,9,751.564,2026-04-24T05:59:16,2026-04-24T06:11:48,ok,pickles/nsga2/c103_21/run01.pkl,unknown,1
smsemoa,r105_21,23,2356844079,850000,850080,105,105,8104236.089694,,18.0,1761.8659,6.0462,11,636.302,2026-04-24T06:02:13,2026-04-24T06:12:50,ok,pickles/smsemoa/r105_21/run23.pkl,unknown,1
moead_ws,rc208_21,23,3214152232,850000,850080,105,101,2014637.255939,,4.0,1022.4807,0.0,2,1859.911,2026-04-24T05:42:57,2026-04-24T06:13:57,ok,pickles/moead_ws/rc208_21/run23.pkl,unknown,1
nsga2,c104_21,17,2133382581,850000,850080,105,105,7798501.187439,,12.0,1376.1594,0.0,4,812.738,2026-04-24T06:01:16,2026-04-24T06:14:49,ok,pickles/nsga2/c104_21/run17.pkl,unknown,1
moead_ws,rc202_21,17,2500418867,850000,850080,105,98,30485377.47363,,6.0,1218.0192,0.0,4,1038.884,2026-04-24T05:59:21,2026-04-24T06:16:40,ok,pickles/moead_ws/rc202_21/run17.pkl,unknown,1
moead_ws,rc203_21,14,2585678937,850000,850080,105,85,97960707.364149,,5.0,1216.0138,0.0,6,1170.378,2026-04-24T06:01:27,2026-04-24T06:20:58,ok,pickles/moead_ws/rc203_21/run14.pkl,unknown,1
nsga2,r211_21,1,933231009,850000,850080,105,105,1831263.472484,,3.0,780.4951,0.0,2,1889.842,2026-04-24T05:50:00,2026-04-24T06:21:30,ok,pickles/nsga2/r211_21/run01.pkl,unknown,1
smsemoa,c202_21,18,2719531157,850000,850080,105,105,73448330.802024,,5.0,1234.2111,1109.193,5,1246.105,2026-04-24T06:01:46,2026-04-24T06:22:32,ok,pickles/smsemoa/c202_21/run18.pkl,unknown,1
nsga2,c102_21,12,907404984,850000,850080,105,105,128138464.474256,,14.0,1693.2761,134.2378,11,684.812,2026-04-24T06:12:50,2026-04-24T06:24:15,ok,pickles/nsga2/c102_21/run12.pkl,unknown,1
smsemoa,r208_21,6,990603641,850000,850080,105,32,233317.36374,,3.0,772.294,0.0,3,1728.763,2026-04-24T05:56:43,2026-04-24T06:25:32,ok,pickles/smsemoa/r208_21/run06.pkl,unknown,1
nsga2,rc202_21,24,4268882728,850000,850080,105,105,16458475.467338,,5.0,1238.0404,0.0,4,1019.195,2026-04-24T06:08:37,2026-04-24T06:25:36,ok,pickles/nsga2/rc202_21/run24.pkl,unknown,1
smsemoa,r205_21,19,1248132626,850000,850080,105,105,21708321.027039,,4.0,966.9025,0.0,4,1297.065,2026-04-24T06:04:50,2026-04-24T06:26:27,ok,pickles/smsemoa/r205_21/run19.pkl,unknown,1
smsemoa,c107_21,27,3504389915,850000,850080,105,105,62411816.81122,,14.0,1709.7628,1409.4881,7,713.42,2026-04-24T06:14:49,2026-04-24T06:26:42,ok,pickles/smsemoa/c107_21/run27.pkl,unknown,1
moead_ws,r205_21,13,773693395,850000,850080,105,93,96440838.585745,,5.0,832.7385,19.2311,5,1398.785,2026-04-24T06:04:48,2026-04-24T06:28:07,ok,pickles/moead_ws/r205_21/run13.pkl,unknown,1
nsga2,rc202_21,2,625305478,850000,850080,105,105,33740155.230413,,4.0,1260.2708,0.0,5,1029.726,2026-04-24T06:11:48,2026-04-24T06:28:58,ok,pickles/nsga2/rc202_21/run02.pkl,unknown,1
smsemoa,rc208_21,3,4063406780,850000,850080,105,105,5052247.504308,,3.0,854.6427,0.0,3,1774.213,2026-04-24T06:01:05,2026-04-24T06:30:39,ok,pickles/smsemoa/rc208_21/run03.pkl,unknown,1
moead_ws,r208_21,12,2640260972,850000,850080,105,85,496328.055017,,3.0,825.2553,0.0,2,1899.738,2026-04-24T05:59:04,2026-04-24T06:30:44,ok,pickles/moead_ws/r208_21/run12.pkl,unknown,1
nsga2,r205_21,14,3748813721,850000,850080,105,105,30082700.094862,,4.0,987.2392,0.0,4,1279.298,2026-04-24T06:09:28,2026-04-24T06:30:47,ok,pickles/nsga2/r205_21/run14.pkl,unknown,1
nsga2,c103_21,17,1798606028,850000,850080,105,105,65715816.230361,,14.0,1631.6773,141.1374,9,736.343,2026-04-24T06:22:32,2026-04-24T06:34:48,ok,pickles/nsga2/c103_21/run17.pkl,unknown,1
nsga2,c104_21,3,3040821817,850000,850080,105,105,13315923.392246,,11.0,1437.1256,0.0,6,808.11,2026-04-24T06:21:30,2026-04-24T06:34:58,ok,pickles/nsga2/c104_21/run03.pkl,unknown,1
smsemoa,rc106_21,21,2261053029,850000,850080,105,105,14817773.342387,,17.0,2016.0139,0.0,10,657.862,2026-04-24T06:25:36,2026-04-24T06:36:34,ok,pickles/smsemoa/rc106_21/run21.pkl,unknown,1
nsga2,rc202_21,17,2860058587,850000,850080,105,105,27309939.117237,,6.0,1182.6053,0.0,3,1028.008,2026-04-24T06:20:58,2026-04-24T06:38:06,ok,pickles/nsga2/rc202_21/run17.pkl,unknown,1
nsga2,c107_21,2,1508863081,850000,850080,105,105,24303308.182435,,14.0,1548.6838,216.7709,6,699.249,2026-04-24T06:26:42,2026-04-24T06:38:22,ok,pickles/nsga2/c107_21/run02.pkl,unknown,1
smsemoa,c104_21,21,2111881206,850000,850080,105,105,16550759.034676,,11.0,1414.7757,0.0,6,853.789,2026-04-24T06:26:27,2026-04-24T06:40:41,ok,pickles/smsemoa/c104_21/run21.pkl,unknown,1
moead_ws,rc106_21,29,1855394311,850000,850080,105,100,45226172.584095,,18.0,2053.8779,2.4808,11,777.984,2026-04-24T06:28:08,2026-04-24T06:41:06,ok,pickles/moead_ws/rc106_21/run29.pkl,unknown,1
moead_ws,r208_21,19,4057995337,850000,850080,105,80,291649.761946,,3.0,873.4681,0.0,2,1821.342,2026-04-24T06:11:05,2026-04-24T06:41:27,ok,pickles/moead_ws/r208_21/run19.pkl,unknown,1
smsemoa,rc208_21,16,2489776459,850000,850080,105,105,2914915.863937,,3.0,911.0693,0.0,3,1745.876,2026-04-24T06:13:57,2026-04-24T06:43:03,ok,pickles/smsemoa/rc208_21/run16.pkl,unknown,1
smsemoa,c107_21,21,603351767,850000,850080,105,105,65249361.512047,,14.0,1730.3474,644.1714,7,745.214,2026-04-24T06:30:44,2026-04-24T06:43:09,ok,pickles/smsemoa/c107_21/run21.pkl,unknown,1
nsga2,r208_21,26,2082536719,850000,850080,105,105,538392.974965,,3.0,830.0926,0.0,3,1652.693,2026-04-24T06:16:40,2026-04-24T06:44:13,ok,pickles/nsga2/r208_21/run26.pkl,unknown,1
smsemoa,rc202_21,4,2260322010,850000,850080,105,105,35254493.21619,,5.0,1217.5142,0.0,4,990.617,2026-04-24T06:28:58,2026-04-24T06:45:28,ok,pickles/smsemoa/rc202_21/run04.pkl,unknown,1
smsemoa,r205_21,10,1035424714,850000,850080,105,105,18047135.386567,,4.0,1001.9749,0.0,5,1314.947,2026-04-24T06:24:15,2026-04-24T06:46:10,ok,pickles/smsemoa/r205_21/run10.pkl,unknown,1
smsemoa,c102_21,5,448416516,850000,850080,105,105,163931679.868498,,13.0,1637.8053,425.2521,12,702.761,2026-04-24T06:34:48,2026-04-24T06:46:31,ok,pickles/smsemoa/c102_21/run05.pkl,unknown,1
moead_ws,r205_21,12,3679048989,850000,850080,105,88,12384005.046555,,5.0,941.9556,23.7666,2,1449.997,2026-04-24T06:25:33,2026-04-24T06:49:43,ok,pickles/moead_ws/r205_21/run12.pkl,unknown,1
smsemoa,c107_21,29,2645940773,850000,850080,105,105,72027640.908865,,13.0,1658.0269,1093.86,8,734.286,2026-04-24T06:38:06,2026-04-24T06:50:20,ok,pickles/smsemoa/c107_21/run29.pkl,unknown,1
nsga2,c202_21,8,989823389,850000,850080,105,105,96499499.228067,,4.0,957.6898,0.0,5,1201.287,2026-04-24T06:30:47,2026-04-24T06:50:49,ok,pickles/nsga2/c202_21/run08.pkl,unknown,1
smsemoa,r109_21,21,722783995,850000,850080,105,105,13135183.237798,,16.0,1682.1258,0.7203,11,643.758,2026-04-24T06:40:41,2026-04-24T06:51:25,ok,pickles/smsemoa/r109_21/run21.pkl,unknown,1
smsemoa,c202_21,22,1935200221,850000,850080,105,105,23642074.344344,,5.0,1115.4277,751.1086,3,1269.78,2026-04-24T06:34:58,2026-04-24T06:56:07,ok,pickles/smsemoa/c202_21/run22.pkl,unknown,1
smsemoa,c202_21,2,300938284,850000,850080,105,101,178861173.737454,,5.0,1062.7664,11.301,6,1186.524,2026-04-24T06:36:34,2026-04-24T06:56:20,ok,pickles/smsemoa/c202_21/run02.pkl,unknown,1
moead_ws,c202_21,21,2549114151,850000,850080,105,92,308929314.978094,,5.0,1056.8638,69.0172,5,1170.777,2026-04-24T06:38:22,2026-04-24T06:57:53,ok,pickles/moead_ws/c202_21/run21.pkl,unknown,1
moead_ws,r105_21,29,3389256052,850000,850080,105,104,35374897.059975,,21.0,2001.1533,6.254,13,753.608,2026-04-24T06:45:29,2026-04-24T06:58:02,ok,pickles/moead_ws/r105_21/run29.pkl,unknown,1
smsemoa,c102_21,8,2484395343,850000,850080,105,105,97728234.189144,,13.0,1575.2705,523.5429,9,715.952,2026-04-24T06:46:31,2026-04-24T06:58:27,ok,pickles/smsemoa/c102_21/run08.pkl,unknown,1
nsga2,r105_21,17,3137650215,850000,850080,105,105,21587114.322867,,20.0,1817.5788,6.3846,12,601.383,2026-04-24T06:50:20,2026-04-24T07:00:21,ok,pickles/nsga2/r105_21/run17.pkl,unknown,1
smsemoa,rc208_21,9,4040914785,850000,850080,105,105,1832334.68084,,3.0,892.2018,0.0,3,1803.294,2026-04-24T06:30:39,2026-04-24T07:00:43,ok,pickles/smsemoa/rc208_21/run09.pkl,unknown,1
nsga2,c202_21,24,2182585416,850000,850080,105,105,97535746.279555,,5.0,1123.4341,236.9643,6,1218.826,2026-04-24T06:43:09,2026-04-24T07:03:28,ok,pickles/nsga2/c202_21/run24.pkl,unknown,1
moead_ws,rc203_21,2,1708708581,850000,850080,105,94,12707323.916558,,6.0,1047.7974,0.0,3,1200.198,2026-04-24T06:44:13,2026-04-24T07:04:13,ok,pickles/moead_ws/rc203_21/run02.pkl,unknown,1
moead_ws,c103_21,12,2540358249,850000,850080,105,93,139122618.380064,,13.0,1845.0197,2.8761,7,851.088,2026-04-24T06:51:25,2026-04-24T07:05:36,ok,pickles/moead_ws/c103_21/run12.pkl,unknown,1
smsemoa,rc205_21,30,3405549283,850000,850080,105,105,13963592.894316,,5.0,1099.7796,1.0,3,1200.892,2026-04-24T06:46:10,2026-04-24T07:06:10,ok,pickles/smsemoa/rc205_21/run30.pkl,unknown,1
nsga2,r109_21,14,3460516386,850000,850080,105,105,4522570.501606,,17.0,1677.2713,0.0,8,623.866,2026-04-24T06:56:20,2026-04-24T07:06:44,ok,pickles/nsga2/r109_21/run14.pkl,unknown,1
nsga2,r207_21,4,3879190297,850000,850080,105,105,457436.682869,,3.0,939.5446,0.0,2,1491.892,2026-04-24T06:43:03,2026-04-24T07:07:55,ok,pickles/nsga2/r207_21/run04.pkl,unknown,1
nsga2,c103_21,13,2092760290,850000,850080,105,105,48126576.416472,,14.0,1823.6008,338.9582,7,717.05,2026-04-24T06:58:02,2026-04-24T07:09:59,ok,pickles/nsga2/c103_21/run13.pkl,unknown,1
moead_ws,rc208_21,18,1797712151,850000,850080,105,101,4680928.473046,,4.0,837.3897,0.0,3,1792.787,2026-04-24T06:41:06,2026-04-24T07:10:59,ok,pickles/moead_ws/rc208_21/run18.pkl,unknown,1
moead_ws,r211_21,18,3903994198,850000,850080,105,98,5860267.865941,,3.0,856.056,0.0,3,1810.118,2026-04-24T06:41:27,2026-04-24T07:11:37,ok,pickles/moead_ws/r211_21/run18.pkl,unknown,1
smsemoa,rc106_21,2,570277426,850000,850080,105,105,12264113.277326,,16.0,1942.2285,12.2617,10,660.813,2026-04-24T07:00:43,2026-04-24T07:11:43,ok,pickles/smsemoa/rc106_21/run02.pkl,unknown,1
smsemoa,r105_21,18,1084988902,850000,850080,105,105,15911323.661656,,18.0,1737.4093,11.6339,11,629.44,2026-04-24T07:03:28,2026-04-24T07:13:58,ok,pickles/smsemoa/r105_21/run18.pkl,unknown,1
nsga2,r109_21,17,3846032340,850000,850080,105,105,4859360.913756,,20.0,1867.1265,0.0,7,631.571,2026-04-24T07:04:13,2026-04-24T07:14:45,ok,pickles/nsga2/r109_21/run17.pkl,unknown,1
nsga2,rc205_21,2,3874890960,850000,850080,105,105,25375891.169277,,5.0,1188.6885,0.0,4,1050.76,2026-04-24T06:57:53,2026-04-24T07:15:24,ok,pickles/nsga2/rc205_21/run02.pkl,unknown,1
moead_ws,r208_21,15,3736382917,850000,850080,105,90,3072171.842762,,3.0,845.9205,0.0,3,1712.518,2026-04-24T06:49:43,2026-04-24T07:18:16,ok,pickles/moead_ws/r208_21/run15.pkl,unknown,1
nsga2,c202_21,25,2320259619,850000,850080,105,105,57868013.159688,,5.0,1017.9239,43.4695,3,1211.4,2026-04-24T06:58:27,2026-04-24T07:18:38,ok,pickles/nsga2/c202_21/run25.pkl,unknown,1
smsemoa,rc106_21,27,4270676258,850000,850080,105,105,32331438.284589,,18.0,1909.7593,0.0,10,661.837,2026-04-24T07:07:55,2026-04-24T07:18:57,ok,pickles/smsemoa/rc106_21/run27.pkl,unknown,1
nsga2,r211_21,13,2437611201,850000,850080,105,105,1962709.956602,,3.0,798.2298,0.0,2,1718.373,2026-04-24T06:50:49,2026-04-24T07:19:27,ok,pickles/nsga2/r211_21/run13.pkl,unknown,1
nsga2,r207_21,12,3759599619,850000,850080,105,105,2447873.167709,,4.0,903.0951,0.0,3,1499.26,2026-04-24T06:56:07,2026-04-24T07:21:07,ok,pickles/nsga2/r207_21/run12.pkl,unknown,1
smsemoa,r205_21,11,1832565719,850000,850080,105,105,56368406.78073,,4.0,899.6288,0.0,5,1268.013,2026-04-24T07:00:21,2026-04-24T07:21:29,ok,pickles/smsemoa/r205_21/run11.pkl,unknown,1
moead_ws,rc106_21,6,57172505,850000,850080,105,97,26313755.629451,,16.0,1906.8937,25.4018,11,747.307,2026-04-24T07:10:59,2026-04-24T07:23:27,ok,pickles/moead_ws/rc106_21/run06.pkl,unknown,1
moead_ws,rc205_21,15,3286330264,850000,850080,105,103,55470370.018971,,6.0,1183.5266,0.0,5,1156.35,2026-04-24T07:06:45,2026-04-24T07:26:01,ok,pickles/moead_ws/rc205_21/run15.pkl,unknown,1
moead_ws,c107_21,6,682422434,850000,850080,105,92,163531205.816871,,15.0,1916.0206,1150.2932,6,858.266,2026-04-24T07:11:44,2026-04-24T07:26:02,ok,pickles/moead_ws/c107_21/run06.pkl,unknown,1
smsemoa,c103_21,27,212567636,850000,850080,105,105,50860922.950732,,12.0,1636.1549,7.8254,8,745.49,2026-04-24T07:14:45,2026-04-24T07:27:10,ok,pickles/smsemoa/c103_21/run27.pkl,unknown,1
nsga2,r105_21,22,3208117523,850000,850080,105,105,15635169.801499,,17.0,1616.6626,0.0,10,610.982,2026-04-24T07:18:16,2026-04-24T07:28:27,ok,pickles/nsga2/r105_21/run22.pkl,unknown,1
moead_ws,rc203_21,20,1813282742,850000,850080,105,102,38867138.234603,,6.0,1372.1851,0.0,4,1142.306,2026-04-24T07:10:00,2026-04-24T07:29:02,ok,pickles/moead_ws/rc203_21/run20.pkl,unknown,1
nsga2,r207_21,19,4234530233,850000,850080,105,105,1936625.185545,,4.0,931.9004,0.0,2,1471.428,2026-04-24T07:06:10,2026-04-24T07:30:42,ok,pickles/nsga2/r207_21/run19.pkl,unknown,1
smsemoa,c202_21,3,628288098,850000,850080,105,105,80354453.786601,,5.0,1078.8316,0.0,5,1124.891,2026-04-24T07:13:58,2026-04-24T07:32:43,ok,pickles/smsemoa/c202_21/run03.pkl,unknown,1
nsga2,rc106_21,26,3419666882,850000,850080,105,105,6487533.615618,,17.0,1985.3157,0.0,8,647.444,2026-04-24T07:23:27,2026-04-24T07:34:14,ok,pickles/nsga2/rc106_21/run26.pkl,unknown,1
moead_ws,c104_21,12,1174777148,850000,850080,105,96,64781752.084746,,12.0,1584.4848,1.3225,4,949.978,2026-04-24T07:18:58,2026-04-24T07:34:47,ok,pickles/moead_ws/c104_21/run12.pkl,unknown,1
moead_ws,rc208_21,24,1168996678,850000,850080,105,103,2262363.520708,,4.0,928.7585,0.0,3,1824.242,2026-04-24T07:05:37,2026-04-24T07:36:01,ok,pickles/moead_ws/rc208_21/run24.pkl,unknown,1
smsemoa,c107_21,12,1624655498,850000,850080,105,105,105064552.727494,,13.0,1652.7187,738.4861,10,740.318,2026-04-24T07:26:01,2026-04-24T07:38:21,ok,pickles/smsemoa/c107_21/run12.pkl,unknown,1
nsga2,rc203_21,2,2016651208,850000,850080,105,105,17328855.877505,,4.0,1135.6801,0.0,5,1138.396,2026-04-24T07:19:27,2026-04-24T07:38:26,ok,pickles/nsga2/rc203_21/run02.pkl,unknown,1
smsemoa,c202_21,10,2340087584,850000,850080,105,105,80149828.857337,,5.0,1160.676,0.0,4,1076.945,2026-04-24T07:21:07,2026-04-24T07:39:04,ok,pickles/smsemoa/c202_21/run10.pkl,unknown,1
nsga2,c104_21,8,1783974711,850000,850080,105,105,14840874.137678,,11.0,1387.3114,0.0,6,800.875,2026-04-24T07:26:02,2026-04-24T07:39:23,ok,pickles/nsga2/c104_21/run08.pkl,unknown,1
nsga2,r208_21,18,2016636131,850000,850080,105,30,230780.612947,,3.0,825.7747,0.0,2,1753.818,2026-04-24T07:11:37,2026-04-24T07:40:51,ok,pickles/nsga2/r208_21/run18.pkl,unknown,1
nsga2,r205_21,10,406516926,850000,850080,105,105,23717648.338729,,4.0,951.6308,0.0,4,1260.735,2026-04-24T07:21:29,2026-04-24T07:42:30,ok,pickles/nsga2/r205_21/run10.pkl,unknown,1
nsga2,c104_21,24,580130914,850000,850080,105,105,17720706.744304,,11.0,1423.2602,0.0,6,813.407,2026-04-24T07:29:02,2026-04-24T07:42:36,ok,pickles/nsga2/c104_21/run24.pkl,unknown,1
smsemoa,r211_21,4,1990122953,850000,850080,105,105,8783917.377215,,3.0,757.8257,0.0,3,1831.101,2026-04-24T07:15:24,2026-04-24T07:45:55,ok,pickles/smsemoa/r211_21/run04.pkl,unknown,1
nsga2,c107_21,13,2171304348,850000,850080,105,105,32491944.304352,,13.0,1451.0555,31.1719,6,670.145,2026-04-24T07:34:47,2026-04-24T07:45:58,ok,pickles/nsga2/c107_21/run13.pkl,unknown,1
moead_ws,r109_21,19,349817070,850000,850080,105,99,23035823.586003,,18.0,1660.0704,5.3177,11,738.37,2026-04-24T07:34:15,2026-04-24T07:46:33,ok,pickles/moead_ws/r109_21/run19.pkl,unknown,1
moead_ws,r211_21,17,2859033663,850000,850080,105,95,4652884.304307,,4.0,771.6372,0.0,2,1811.375,2026-04-24T07:18:39,2026-04-24T07:48:50,ok,pickles/moead_ws/r211_21/run17.pkl,unknown,1
moead_ws,rc203_21,15,72615157,850000,850080,105,101,11836722.741955,,5.0,1142.3964,0.0,3,1236.929,2026-04-24T07:28:27,2026-04-24T07:49:04,ok,pickles/moead_ws/rc203_21/run15.pkl,unknown,1
smsemoa,rc106_21,6,1133855740,850000,850080,105,105,18581019.92218,,18.0,2071.4522,5.4527,11,643.971,2026-04-24T07:38:21,2026-04-24T07:49:05,ok,pickles/smsemoa/rc106_21/run06.pkl,unknown,1
smsemoa,c202_21,6,2120651679,850000,850080,105,105,96714807.514795,,4.0,935.2762,115.1753,5,1334.376,2026-04-24T07:27:10,2026-04-24T07:49:25,ok,pickles/smsemoa/c202_21/run06.pkl,unknown,1
nsga2,c103_21,8,1360758238,850000,850080,105,105,68268793.061911,,12.0,1527.3134,63.9828,9,748.512,2026-04-24T07:38:26,2026-04-24T07:50:54,ok,pickles/nsga2/c103_21/run08.pkl,unknown,1
nsga2,rc106_21,21,2228187709,850000,850080,105,105,12579813.914037,,18.0,2118.4907,0.0,10,603.57,2026-04-24T07:42:30,2026-04-24T07:52:34,ok,pickles/nsga2/rc106_21/run21.pkl,unknown,1
smsemoa,c103_21,3,433514899,850000,850080,105,105,28719821.558385,,13.0,1583.9282,154.9665,8,721.531,2026-04-24T07:40:51,2026-04-24T07:52:52,ok,pickles/smsemoa/c103_21/run03.pkl,unknown,1
nsga2,c202_21,12,2524653460,850000,850080,105,105,99199918.413085,,5.0,1196.0802,343.5289,4,1238.795,2026-04-24T07:36:01,2026-04-24T07:56:40,ok,pickles/nsga2/c202_21/run12.pkl,unknown,1
moead_ws,c107_21,18,2245247725,850000,850080,105,94,244001086.83094,,15.0,2110.4529,1090.3513,8,897.501,2026-04-24T07:42:36,2026-04-24T07:57:34,ok,pickles/moead_ws/c107_21/run18.pkl,unknown,1
moead_ws,rc208_21,5,1675716363,850000,850080,105,101,66822288.738387,,4.0,893.4528,0.0,4,1719.49,2026-04-24T07:30:42,2026-04-24T07:59:22,ok,pickles/moead_ws/rc208_21/run05.pkl,unknown,1
smsemoa,c107_21,8,2396423590,850000,850080,105,105,115892551.994462,,13.0,1691.4008,392.6375,9,742.731,2026-04-24T07:49:05,2026-04-24T08:01:28,ok,pickles/smsemoa/c107_21/run08.pkl,unknown,1
nsga2,rc202_21,26,1915123937,850000,850080,105,105,18135414.310694,,5.0,1172.3973,0.0,4,1031.567,2026-04-24T07:45:55,2026-04-24T08:03:07,ok,pickles/nsga2/rc202_21/run26.pkl,unknown,1
moead_ws,rc208_21,17,2894624406,850000,850080,105,98,12653052.22818,,4.0,904.0405,0.0,4,1848.964,2026-04-24T07:32:43,2026-04-24T08:03:32,ok,pickles/moead_ws/rc208_21/run17.pkl,unknown,1
moead_ws,c107_21,24,155574857,850000,850080,105,98,257585800.780541,,16.0,1872.1429,1075.3391,9,868.997,2026-04-24T07:49:04,2026-04-24T08:03:33,ok,pickles/moead_ws/c107_21/run24.pkl,unknown,1
smsemoa,r207_21,10,4114794064,850000,850080,105,105,1511446.425383,,4.0,783.6164,0.0,2,1472.049,2026-04-24T07:39:04,2026-04-24T08:03:36,ok,pickles/smsemoa/r207_21/run10.pkl,unknown,1
smsemoa,c107_21,15,3028617506,850000,850080,105,105,56522647.121746,,14.0,1530.7885,195.0734,7,731.009,2026-04-24T07:52:52,2026-04-24T08:05:04,ok,pickles/smsemoa/c107_21/run15.pkl,unknown,1
moead_ws,c102_21,11,3510435261,850000,850080,105,90,177660264.568498,,16.0,1895.6325,331.3354,10,832.187,2026-04-24T07:52:34,2026-04-24T08:06:26,ok,pickles/moead_ws/c102_21/run11.pkl,unknown,1
smsemoa,r208_21,25,1401383921,850000,850080,105,80,122638.139937,,3.0,812.9272,0.0,2,1680.922,2026-04-24T07:39:23,2026-04-24T08:07:24,ok,pickles/smsemoa/r208_21/run25.pkl,unknown,1
smsemoa,r205_21,16,1391239554,850000,850080,105,105,50015702.470802,,4.0,960.0021,0.0,4,1287.335,2026-04-24T07:46:33,2026-04-24T08:08:00,ok,pickles/smsemoa/r205_21/run16.pkl,unknown,1
smsemoa,rc203_21,22,479494258,850000,850080,105,105,10144512.448407,,4.0,997.7963,0.0,4,1196.885,2026-04-24T07:48:50,2026-04-24T08:08:47,ok,pickles/smsemoa/rc203_21/run22.pkl,unknown,1
moead_ws,rc106_21,25,3146608161,850000,850080,105,100,12888020.807262,,21.0,2300.2669,21.8921,7,757.23,2026-04-24T07:56:40,2026-04-24T08:09:18,ok,pickles/moead_ws/rc106_21/run25.pkl,unknown,1
nsga2,rc205_21,13,4159709956,850000,850080,105,105,31676447.440226,,5.0,1276.1542,0.0,5,1171.082,2026-04-24T07:50:54,2026-04-24T08:10:25,ok,pickles/nsga2/rc205_21/run13.pkl,unknown,1
moead_ws,r207_21,13,3483230342,850000,850080,105,95,11115857.318214,,4.0,841.2858,0.0,3,1462.022,2026-04-24T07:49:25,2026-04-24T08:13:47,ok,pickles/moead_ws/r207_21/run13.pkl,unknown,1
moead_ws,rc106_21,5,2790905629,850000,850080,105,95,10000926.78167,,18.0,1960.597,0.0,7,739.719,2026-04-24T08:03:34,2026-04-24T08:15:54,ok,pickles/moead_ws/rc106_21/run05.pkl,unknown,1
smsemoa,r211_21,5,3376876450,850000,850080,105,105,2838651.617977,,3.0,813.6445,0.0,2,1802.215,2026-04-24T07:45:58,2026-04-24T08:16:00,ok,pickles/smsemoa/r211_21/run05.pkl,unknown,1
smsemoa,c104_21,24,2293282548,850000,850080,105,105,9977240.369854,,11.0,1196.872,0.0,5,840.071,2026-04-24T08:03:32,2026-04-24T08:17:32,ok,pickles/smsemoa/c104_21/run24.pkl,unknown,1
smsemoa,rc203_21,17,1345022514,850000,850080,105,105,13096794.024077,,4.0,1179.2218,0.0,4,1214.702,2026-04-24T07:57:34,2026-04-24T08:17:48,ok,pickles/smsemoa/rc203_21/run17.pkl,unknown,1
smsemoa,c102_21,22,2040007234,850000,850080,105,105,34271248.980179,,15.0,1710.0187,589.9994,8,698.307,2026-04-24T08:06:26,2026-04-24T08:18:05,ok,pickles/smsemoa/c102_21/run22.pkl,unknown,1
moead_ws,c202_21,30,2436055594,850000,850080,105,103,152420944.834705,,6.0,1011.3876,0.0,4,1142.419,2026-04-24T07:59:22,2026-04-24T08:18:25,ok,pickles/moead_ws/c202_21/run30.pkl,unknown,1
smsemoa,c104_21,8,3341199956,850000,850080,105,105,10198295.926612,,11.0,1414.5305,21.8908,6,832.517,2026-04-24T08:07:24,2026-04-24T08:21:16,ok,pickles/smsemoa/c104_21/run08.pkl,unknown,1
smsemoa,c103_21,30,1896830097,850000,850080,105,105,40488434.531639,,12.0,1590.6338,138.5576,8,766.908,2026-04-24T08:08:47,2026-04-24T08:21:34,ok,pickles/smsemoa/c103_21/run30.pkl,unknown,1
moead_ws,rc203_21,30,3633058642,850000,850080,105,98,44225966.240475,,6.0,1257.0162,0.0,4,1221.095,2026-04-24T08:01:28,2026-04-24T08:21:50,ok,pickles/moead_ws/rc203_21/run30.pkl,unknown,1
nsga2,r205_21,2,1910902709,850000,850080,105,105,7634303.98951,,5.0,1055.1634,0.0,2,1227.713,2026-04-24T08:05:04,2026-04-24T08:25:31,ok,pickles/nsga2/r205_21/run02.pkl,unknown,1
moead_ws,c202_21,3,659744001,850000,850080,105,97,1689938041.549615,,5.0,1279.9749,728.83,4,1135.436,2026-04-24T08:09:18,2026-04-24T08:28:13,ok,pickles/moead_ws/c202_21/run03.pkl,unknown,1
smsemoa,c102_21,14,2645800060,850000,850080,105,105,60508035.806381,,14.0,1649.7435,267.1911,9,690.904,2026-04-24T08:17:32,2026-04-24T08:29:03,ok,pickles/smsemoa/c102_21/run14.pkl,unknown,1
moead_ws,r109_21,5,2888220301,850000,850080,105,97,15958916.535042,,19.0,1864.8252,0.0,12,764.987,2026-04-24T08:18:05,2026-04-24T08:30:50,ok,pickles/moead_ws/r109_21/run05.pkl,unknown,1
nsga2,rc106_21,4,260745982,850000,850080,105,105,13171529.588615,,19.0,2232.6121,4.3091,10,638.256,2026-04-24T08:21:16,2026-04-24T08:31:55,ok,pickles/nsga2/rc106_21/run04.pkl,unknown,1
nsga2,r205_21,19,3671962199,850000,850080,105,105,9410110.2257,,4.0,1004.9913,0.0,3,1301.399,2026-04-24T08:10:25,2026-04-24T08:32:07,ok,pickles/nsga2/r205_21/run19.pkl,unknown,1
smsemoa,r105_21,9,1662888588,850000,850080,105,105,17542134.209087,,20.0,1889.3412,25.6785,10,635.564,2026-04-24T08:21:50,2026-04-24T08:32:25,ok,pickles/smsemoa/r105_21/run09.pkl,unknown,1
smsemoa,r208_21,20,1813287351,850000,850080,105,46,236842.797389,,3.0,814.4606,0.0,2,1745.409,2026-04-24T08:03:36,2026-04-24T08:32:41,ok,pickles/smsemoa/r208_21/run20.pkl,unknown,1
nsga2,c102_21,25,423981430,850000,850080,105,105,37326520.704147,,15.0,1903.0803,340.882,7,695.053,2026-04-24T08:21:34,2026-04-24T08:33:09,ok,pickles/nsga2/c102_21/run25.pkl,unknown,1
moead_ws,r211_21,6,3040100159,850000,850080,105,100,3278912.246642,,3.0,773.3538,0.0,3,1862.693,2026-04-24T08:03:07,2026-04-24T08:34:10,ok,pickles/moead_ws/r211_21/run06.pkl,unknown,1
nsga2,rc205_21,14,3178176714,850000,850080,105,105,45741705.944193,,5.0,1225.3947,0.0,5,1119.139,2026-04-24T08:15:54,2026-04-24T08:34:33,ok,pickles/nsga2/rc205_21/run14.pkl,unknown,1
moead_ws,rc203_21,19,3074209866,850000,850080,105,101,14164422.806819,,5.0,1046.1936,0.0,4,1215.434,2026-04-24T08:16:00,2026-04-24T08:36:16,ok,pickles/moead_ws/rc203_21/run19.pkl,unknown,1
smsemoa,c102_21,27,2213210913,850000,850080,105,105,144358475.542618,,14.0,1758.0963,893.2219,10,717.105,2026-04-24T08:25:31,2026-04-24T08:37:28,ok,pickles/smsemoa/c102_21/run27.pkl,unknown,1
moead_ws,rc205_21,28,1394394248,850000,850080,105,101,67301694.249108,,7.0,1387.5538,1.0,4,1149.574,2026-04-24T08:18:25,2026-04-24T08:37:35,ok,pickles/moead_ws/rc205_21/run28.pkl,unknown,1
nsga2,r208_21,16,2941112903,850000,850080,105,92,223680.734157,,3.0,799.3876,0.0,2,1835.732,2026-04-24T08:08:00,2026-04-24T08:38:36,ok,pickles/nsga2/r208_21/run16.pkl,unknown,1
smsemoa,r109_21,20,897547413,850000,850080,105,105,6350513.582978,,17.0,1673.319,0.0,8,639.274,2026-04-24T08:29:03,2026-04-24T08:39:42,ok,pickles/smsemoa/r109_21/run20.pkl,unknown,1
nsga2,r105_21,16,3517252577,850000,850080,105,105,16393768.122687,,18.0,1787.9809,27.46,13,615.998,2026-04-24T08:30:50,2026-04-24T08:41:06,ok,pickles/nsga2/r105_21/run16.pkl,unknown,1
nsga2,c107_21,15,332505977,850000,850080,105,105,109354845.626348,,13.0,1581.0294,95.4112,8,671.239,2026-04-24T08:31:55,2026-04-24T08:43:06,ok,pickles/nsga2/c107_21/run15.pkl,unknown,1
nsga2,r211_21,20,348427855,850000,850080,105,105,2519292.10774,,3.0,791.9701,0.0,2,1833.615,2026-04-24T08:13:47,2026-04-24T08:44:21,ok,pickles/nsga2/r211_21/run20.pkl,unknown,1
nsga2,rc106_21,13,941971590,850000,850080,105,105,11402584.520441,,16.0,1954.9915,0.0,8,616.453,2026-04-24T08:34:10,2026-04-24T08:44:26,ok,pickles/nsga2/rc106_21/run13.pkl,unknown,1
moead_ws,r109_21,12,1830663835,850000,850080,105,99,18090089.228679,,17.0,1624.5894,5.7457,10,751.623,2026-04-24T08:32:42,2026-04-24T08:45:13,ok,pickles/moead_ws/r109_21/run12.pkl,unknown,1
nsga2,c104_21,14,3452254136,850000,850080,105,105,16204583.962679,,11.0,1519.9508,0.0,5,804.485,2026-04-24T08:32:07,2026-04-24T08:45:31,ok,pickles/nsga2/c104_21/run14.pkl,unknown,1
moead_ws,rc106_21,17,326399790,850000,850080,105,103,24926340.651233,,21.0,2297.3678,0.9416,10,743.84,2026-04-24T08:33:09,2026-04-24T08:45:33,ok,pickles/moead_ws/rc106_21/run17.pkl,unknown,1
smsemoa,c104_21,1,1590208025,850000,850080,105,105,8076100.109579,,11.0,1304.2457,0.0,5,826.64,2026-04-24T08:32:25,2026-04-24T08:46:12,ok,pickles/smsemoa/c104_21/run01.pkl,unknown,1
nsga2,r211_21,27,3465500795,850000,850080,105,105,4960836.091639,,3.0,807.8788,0.0,3,1730.818,2026-04-24T08:17:48,2026-04-24T08:46:39,ok,pickles/nsga2/r211_21/run27.pkl,unknown,1
smsemoa,c102_21,16,4255020779,850000,850080,105,105,103439304.434553,,14.0,1791.9797,349.7216,11,711.213,2026-04-24T08:37:35,2026-04-24T08:49:26,ok,pickles/smsemoa/c102_21/run16.pkl,unknown,1
nsga2,r207_21,28,2410528972,850000,850080,105,105,3205603.89212,,4.0,910.641,0.0,3,1446.113,2026-04-24T08:28:13,2026-04-24T08:52:20,ok,pickles/nsga2/r207_21/run28.pkl,unknown,1
nsga2,rc205_21,29,3922571928,850000,850080,105,105,36385997.842172,,5.0,1405.0046,0.0,5,1053.375,2026-04-24T08:37:28,2026-04-24T08:55:02,ok,pickles/nsga2/rc205_21/run29.pkl,unknown,1
smsemoa,c103_21,4,3506841019,850000,850080,105,105,79499917.568862,,12.0,1641.3406,0.0,10,780.69,2026-04-24T08:44:26,2026-04-24T08:57:27,ok,pickles/smsemoa/c103_21/run04.pkl,unknown,1
smsemoa,c103_21,18,262508268,850000,850080,105,105,67389172.172904,,13.0,1687.8068,33.4943,8,739.158,2026-04-24T08:45:31,2026-04-24T08:57:50,ok,pickles/smsemoa/c103_21/run18.pkl,unknown,1
nsga2,r205_21,25,2950623399,850000,850080,105,105,20511296.849818,,4.0,963.1545,0.0,3,1295.182,2026-04-24T08:36:16,2026-04-24T08:57:51,ok,pickles/nsga2/r205_21/run25.pkl,unknown,1
nsga2,c102_21,27,3970670794,850000,850080,105,105,115755808.394412,,13.0,1681.085,63.0926,10,696.182,2026-04-24T08:46:39,2026-04-24T08:58:15,ok,pickles/nsga2/c102_21/run27.pkl,unknown,1
moead_ws,rc106_21,20,1645033009,850000,850080,105,89,32537020.337216,,20.0,2033.0602,0.0,11,743.504,2026-04-24T08:46:12,2026-04-24T08:58:36,ok,pickles/moead_ws/rc106_21/run20.pkl,unknown,1
moead_ws,rc202_21,28,773470256,850000,850080,105,102,81752915.018042,,6.0,1120.1438,0.0,5,1087.089,2026-04-24T08:41:07,2026-04-24T08:59:14,ok,pickles/moead_ws/rc202_21/run28.pkl,unknown,1
moead_ws,rc203_21,6,2929856092,850000,850080,105,91,31411765.437744,,5.0,1058.7959,0.0,4,1279.577,2026-04-24T08:38:37,2026-04-24T08:59:56,ok,pickles/moead_ws/rc203_21/run06.pkl,unknown,1
smsemoa,rc202_21,20,12437094,850000,850080,105,105,27382383.09725,,5.0,1228.2585,0.0,4,1028.52,2026-04-24T08:43:06,2026-04-24T09:00:15,ok,pickles/smsemoa/rc202_21/run20.pkl,unknown,1
nsga2,c102_21,28,1095027770,850000,850080,105,105,166056157.571672,,13.0,1830.1277,150.6369,12,707.139,2026-04-24T08:49:26,2026-04-24T09:01:13,ok,pickles/nsga2/c102_21/run28.pkl,unknown,1
moead_ws,r207_21,19,3961528893,850000,850080,105,90,24826038.756265,,4.0,811.2473,0.0,3,1429.444,2026-04-24T08:39:43,2026-04-24T09:03:32,ok,pickles/moead_ws/r207_21/run19.pkl,unknown,1
nsga2,r211_21,11,3864514287,850000,850080,105,73,7014155.112413,,3.0,793.5043,0.0,3,1818.303,2026-04-24T08:34:33,2026-04-24T09:04:51,ok,pickles/nsga2/r211_21/run11.pkl,unknown,1
moead_ws,c103_21,13,869220435,850000,850080,105,95,147780574.909069,,13.0,1739.0624,48.9045,9,866.246,2026-04-24T08:52:20,2026-04-24T09:06:46,ok,pickles/moead_ws/c103_21/run13.pkl,unknown,1
nsga2,rc106_21,14,456214291,850000,850080,105,105,11025930.493353,,18.0,2111.7925,0.0,9,629.427,2026-04-24T08:57:27,2026-04-24T09:07:56,ok,pickles/nsga2/rc106_21/run14.pkl,unknown,1
nsga2,r205_21,9,264715546,850000,850080,105,105,8176983.654245,,4.0,928.907,0.0,2,1344.966,2026-04-24T08:45:33,2026-04-24T09:07:58,ok,pickles/nsga2/r205_21/run09.pkl,unknown,1
smsemoa,rc106_21,1,1444800230,850000,850080,105,105,18583584.323908,,17.0,2060.1302,0.0,11,664.769,2026-04-24T08:57:50,2026-04-24T09:08:55,ok,pickles/smsemoa/rc106_21/run01.pkl,unknown,1
smsemoa,c104_21,28,32323575,850000,850080,105,105,10178593.244056,,11.0,1408.439,0.0,5,867.946,2026-04-24T08:55:02,2026-04-24T09:09:30,ok,pickles/smsemoa/c104_21/run28.pkl,unknown,1
smsemoa,c107_21,6,179564769,850000,850080,105,105,107887905.319568,,14.0,1735.6534,1185.8351,9,723.217,2026-04-24T08:57:51,2026-04-24T09:09:54,ok,pickles/smsemoa/c107_21/run06.pkl,unknown,1
smsemoa,c103_21,19,139666477,850000,850080,105,105,18777356.832358,,13.0,1666.9591,32.8188,6,744.728,2026-04-24T08:58:36,2026-04-24T09:11:01,ok,pickles/smsemoa/c103_21/run19.pkl,unknown,1
moead_ws,r105_21,4,225050423,850000,850080,105,102,31486824.165746,,21.0,1892.2214,16.0904,12,748.886,2026-04-24T08:59:57,2026-04-24T09:12:25,ok,pickles/moead_ws/r105_21/run04.pkl,unknown,1
nsga2,r208_21,4,73711154,850000,850080,105,47,182892.968308,,3.0,879.6661,0.0,2,1737.703,2026-04-24T08:45:13,2026-04-24T09:14:11,ok,pickles/nsga2/r208_21/run04.pkl,unknown,1
moead_ws,rc208_21,7,1219827816,850000,850080,105,100,80834000.690578,,4.0,840.1071,0.0,4,1837.222,2026-04-24T08:44:21,2026-04-24T09:14:59,ok,pickles/moead_ws/rc208_21/run07.pkl,unknown,1
nsga2,rc202_21,16,3569112762,850000,850080,105,105,47359970.007726,,5.0,1146.5957,0.0,6,1041.584,2026-04-24T08:59:14,2026-04-24T09:16:35,ok,pickles/nsga2/rc202_21/run16.pkl,unknown,1
nsga2,r105_21,24,1876184554,850000,850080,105,105,25908779.463059,,19.0,1798.5177,5.4598,14,616.289,2026-04-24T09:06:46,2026-04-24T09:17:03,ok,pickles/nsga2/r105_21/run24.pkl,unknown,1
smsemoa,rc205_21,14,3531517053,850000,850080,105,105,68126444.026371,,5.0,1196.8232,0.0,5,1070.794,2026-04-24T09:03:32,2026-04-24T09:21:23,ok,pickles/smsemoa/rc205_21/run14.pkl,unknown,1
nsga2,r109_21,9,63443165,850000,850080,105,105,3900437.424976,,17.0,1557.4075,0.4018,5,628.966,2026-04-24T09:11:01,2026-04-24T09:21:30,ok,pickles/nsga2/r109_21/run09.pkl,unknown,1
nsga2,c107_21,16,1207560611,850000,850080,105,105,90383144.261843,,15.0,1767.316,1646.4831,8,730.522,2026-04-24T09:09:54,2026-04-24T09:22:05,ok,pickles/nsga2/c107_21/run16.pkl,unknown,1
moead_ws,r105_21,1,2485292043,850000,850080,105,104,37829886.208438,,23.0,2194.15,182.0429,16,780.497,2026-04-24T09:09:30,2026-04-24T09:22:31,ok,pickles/moead_ws/r105_21/run01.pkl,unknown,1
smsemoa,rc205_21,1,1620122039,850000,850080,105,105,58024576.222435,,5.0,1165.9985,0.0,6,1130.947,2026-04-24T09:04:51,2026-04-24T09:23:42,ok,pickles/smsemoa/rc205_21/run01.pkl,unknown,1
moead_ws,c103_21,25,1658354737,850000,850080,105,102,151365293.678009,,13.0,1713.4976,362.4216,8,965.707,2026-04-24T09:07:59,2026-04-24T09:24:04,ok,pickles/moead_ws/c103_21/run25.pkl,unknown,1
moead_ws,r207_21,11,1584588478,850000,850080,105,83,5606735.24149,,4.0,872.7863,0.0,4,1397.582,2026-04-24T09:01:14,2026-04-24T09:24:31,ok,pickles/moead_ws/r207_21/run11.pkl,unknown,1
moead_ws,r208_21,23,1917089706,850000,850080,105,92,2239197.82057,,3.0,904.8432,0.0,3,1678.801,2026-04-24T08:58:16,2026-04-24T09:26:15,ok,pickles/moead_ws/r208_21/run23.pkl,unknown,1
moead_ws,r207_21,1,384192570,850000,850080,105,96,8706162.070012,,4.0,879.4516,0.0,3,1589.574,2026-04-24T09:00:15,2026-04-24T09:26:45,ok,pickles/moead_ws/r207_21/run01.pkl,unknown,1
nsga2,c102_21,5,703717454,850000,850080,105,105,96860640.583962,,13.0,1657.0085,365.1441,9,720.277,2026-04-24T09:16:35,2026-04-24T09:28:36,ok,pickles/nsga2/c102_21/run05.pkl,unknown,1
smsemoa,rc202_21,25,792806037,850000,850080,105,105,17220180.303908,,5.0,1150.0164,0.0,4,1018.711,2026-04-24T09:14:59,2026-04-24T09:31:57,ok,pickles/smsemoa/rc202_21/run25.pkl,unknown,1
smsemoa,r109_21,10,3111827595,850000,850080,105,105,4197930.688937,,17.0,1641.1995,0.0,6,647.839,2026-04-24T09:21:30,2026-04-24T09:32:17,ok,pickles/smsemoa/r109_21/run10.pkl,unknown,1
smsemoa,r109_21,23,3884006533,850000,850080,105,105,11030550.688434,,19.0,1855.1605,0.0,10,665.774,2026-04-24T09:22:31,2026-04-24T09:33:37,ok,pickles/smsemoa/r109_21/run23.pkl,unknown,1
moead_ws,r109_21,24,2477193433,850000,850080,105,99,21536176.281321,,19.0,1879.0902,0.0,12,746.591,2026-04-24T09:21:24,2026-04-24T09:33:50,ok,pickles/moead_ws/r109_21/run24.pkl,unknown,1
moead_ws,r207_21,18,3445317368,850000,850080,105,98,9104342.026743,,4.0,834.9709,0.0,2,1595.582,2026-04-24T09:07:57,2026-04-24T09:34:32,ok,pickles/moead_ws/r207_21/run18.pkl,unknown,1
moead_ws,r205_21,11,991436499,850000,850080,105,102,47294508.86092,,5.0,849.1168,0.0,3,1240.512,2026-04-24T09:14:11,2026-04-24T09:34:52,ok,pickles/moead_ws/r205_21/run11.pkl,unknown,1
moead_ws,c107_21,29,4262403779,850000,850080,105,98,237938722.042167,,15.0,1599.121,754.7787,8,885.002,2026-04-24T09:22:05,2026-04-24T09:36:50,ok,pickles/moead_ws/c107_21/run29.pkl,unknown,1
smsemoa,r211_21,1,4271218333,850000,850080,105,99,8041401.77314,,3.0,786.9679,0.0,3,1821.319,2026-04-24T09:08:55,2026-04-24T09:39:16,ok,pickles/smsemoa/r211_21/run01.pkl,unknown,1
moead_ws,r211_21,12,2887074441,850000,850080,105,82,3882141.05296,,3.0,795.6441,0.0,3,1896.233,2026-04-24T09:12:26,2026-04-24T09:44:02,ok,pickles/moead_ws/r211_21/run12.pkl,unknown,1
smsemoa,rc205_21,24,3576219442,850000,850080,105,105,31491930.324484,,5.0,1118.4178,0.0,4,1097.07,2026-04-24T09:26:45,2026-04-24T09:45:02,ok,pickles/smsemoa/rc205_21/run24.pkl,unknown,1
nsga2,c107_21,28,1321525540,850000,850080,105,105,70599898.022683,,14.0,1819.5943,1306.1996,8,703.594,2026-04-24T09:33:37,2026-04-24T09:45:20,ok,pickles/nsga2/c107_21/run28.pkl,unknown,1
nsga2,c104_21,15,184832425,850000,850080,105,105,19914150.298064,,11.0,1429.0356,0.0,6,835.745,2026-04-24T09:31:57,2026-04-24T09:45:53,ok,pickles/nsga2/c104_21/run15.pkl,unknown,1
moead_ws,r211_21,8,3172154558,850000,850080,105,96,2061264.650149,,4.0,778.2168,0.0,2,1817.313,2026-04-24T09:17:03,2026-04-24T09:47:20,ok,pickles/moead_ws/r211_21/run08.pkl,unknown,1
smsemoa,r105_21,28,2693645759,850000,850080,105,105,30059679.227966,,18.0,1844.8009,40.3672,13,629.367,2026-04-24T09:39:16,2026-04-24T09:49:46,ok,pickles/smsemoa/r105_21/run28.pkl,unknown,1
nsga2,r208_21,28,860064170,850000,850080,105,52,367199.17014,,4.0,932.4026,0.0,2,1622.914,2026-04-24T09:23:42,2026-04-24T09:50:45,ok,pickles/nsga2/r208_21/run28.pkl,unknown,1
moead_ws,r205_21,27,1433237566,850000,850080,105,102,73658580.910082,,5.0,870.1636,0.0,5,1353.438,2026-04-24T09:28:36,2026-04-24T09:51:10,ok,pickles/moead_ws/r205_21/run27.pkl,unknown,1
moead_ws,rc202_21,7,2685722142,850000,850080,105,101,71829606.239931,,7.0,1058.6409,2.2652,5,1093.614,2026-04-24T09:34:33,2026-04-24T09:52:46,ok,pickles/moead_ws/rc202_21/run07.pkl,unknown,1
smsemoa,rc208_21,20,873962416,850000,850080,105,76,577170.349619,,4.0,824.3444,0.0,2,1773.336,2026-04-24T09:24:04,2026-04-24T09:53:38,ok,pickles/smsemoa/rc208_21/run20.pkl,unknown,1
nsga2,c102_21,29,705494678,850000,850080,105,105,53933115.406887,,12.0,1432.5122,29.728,8,666.649,2026-04-24T09:44:02,2026-04-24T09:55:09,ok,pickles/nsga2/c102_21/run29.pkl,unknown,1
smsemoa,r211_21,25,3136377218,850000,850080,105,103,3784346.612053,,3.0,794.9748,0.0,2,1758.435,2026-04-24T09:26:15,2026-04-24T09:55:33,ok,pickles/smsemoa/r211_21/run25.pkl,unknown,1
smsemoa,r211_21,9,271200190,850000,850080,105,105,3136545.96763,,3.0,745.9935,0.0,2,1870.704,2026-04-24T09:24:31,2026-04-24T09:55:42,ok,pickles/smsemoa/r211_21/run09.pkl,unknown,1
nsga2,r207_21,5,2941761854,850000,850080,101,101,1434314.393665,,4.0,909.3647,0.0,3,1433.349,2026-04-24T09:33:50,2026-04-24T09:57:43,ok,pickles/nsga2/r207_21/run05.pkl,unknown,1
smsemoa,c103_21,13,2692357562,850000,850080,105,105,64812923.267586,,13.0,1633.7269,190.3129,8,745.152,2026-04-24T09:45:20,2026-04-24T09:57:45,ok,pickles/smsemoa/c103_21/run13.pkl,unknown,1
nsga2,r109_21,12,2754647403,850000,850080,105,105,4839559.618793,,16.0,1647.6796,0.0,8,632.66,2026-04-24T09:47:20,2026-04-24T09:57:53,ok,pickles/nsga2/r109_21/run12.pkl,unknown,1
smsemoa,r207_21,8,883326605,850000,850080,105,105,3782033.81283,,3.0,855.8357,0.0,3,1496.779,2026-04-24T09:34:52,2026-04-24T09:59:49,ok,pickles/smsemoa/r207_21/run08.pkl,unknown,1
smsemoa,rc208_21,12,2341379917,850000,850080,105,105,3546355.324707,,3.0,829.3539,0.0,3,1768.233,2026-04-24T09:32:17,2026-04-24T10:01:46,ok,pickles/smsemoa/rc208_21/run12.pkl,unknown,1
moead_ws,r205_21,2,641217072,850000,850080,105,102,43104952.721975,,5.0,841.1516,0.0,3,1533.864,2026-04-24T09:36:51,2026-04-24T10:02:25,ok,pickles/moead_ws/r205_21/run02.pkl,unknown,1
moead_ws,r105_21,13,4060874975,850000,850080,105,96,38089841.837279,,21.0,2023.4212,4.3969,13,755.49,2026-04-24T09:55:33,2026-04-24T10:08:09,ok,pickles/moead_ws/r105_21/run13.pkl,unknown,1
nsga2,rc203_21,6,3268044933,850000,850080,105,105,24775640.489818,,5.0,1219.2193,0.0,5,1117.496,2026-04-24T09:51:10,2026-04-24T10:09:47,ok,pickles/nsga2/rc203_21/run06.pkl,unknown,1
nsga2,r207_21,9,1531975654,850000,850080,105,105,4800872.417287,,3.0,1034.8483,0.0,3,1520.842,2026-04-24T09:45:02,2026-04-24T10:10:23,ok,pickles/nsga2/r207_21/run09.pkl,unknown,1
smsemoa,rc202_21,19,3524168315,850000,850080,105,105,27695002.902605,,5.0,1074.1232,0.0,4,1087.396,2026-04-24T09:52:46,2026-04-24T10:10:54,ok,pickles/smsemoa/rc202_21/run19.pkl,unknown,1
smsemoa,c104_21,30,2092118400,850000,850080,105,105,11884377.88583,,11.0,1455.9487,0.0,5,810.337,2026-04-24T09:57:43,2026-04-24T10:11:14,ok,pickles/smsemoa/c104_21/run30.pkl,unknown,1
nsga2,rc106_21,10,1059616056,850000,850080,105,105,22496131.965516,,18.0,2128.518,0.0,11,609.071,2026-04-24T10:01:46,2026-04-24T10:11:55,ok,pickles/nsga2/rc106_21/run10.pkl,unknown,1
moead_ws,rc106_21,26,439021614,850000,850080,105,96,24419513.785675,,19.0,2131.142,1.1943,11,750.59,2026-04-24T09:59:49,2026-04-24T10:12:20,ok,pickles/moead_ws/rc106_21/run26.pkl,unknown,1
nsga2,r208_21,20,3066667838,850000,850080,105,93,292556.669132,,3.0,871.9308,0.0,2,1596.961,2026-04-24T09:45:53,2026-04-24T10:12:30,ok,pickles/nsga2/r208_21/run20.pkl,unknown,1
moead_ws,rc203_21,13,861371991,850000,850080,105,97,10886929.843367,,5.0,1204.7018,0.0,4,1168.695,2026-04-24T09:55:42,2026-04-24T10:15:11,ok,pickles/moead_ws/rc203_21/run13.pkl,unknown,1
nsga2,r207_21,10,939131859,850000,850080,105,105,2224100.921898,,3.0,945.3604,0.0,3,1539.991,2026-04-24T09:50:45,2026-04-24T10:16:25,ok,pickles/nsga2/r207_21/run10.pkl,unknown,1
moead_ws,r205_21,17,2820513861,850000,850080,105,104,93490929.221514,,5.0,929.5628,0.0,4,1313.404,2026-04-24T09:55:09,2026-04-24T10:17:03,ok,pickles/moead_ws/r205_21/run17.pkl,unknown,1
moead_ws,rc205_21,17,3600881565,850000,850080,105,102,25926915.656144,,6.0,1288.745,0.0,4,1167.586,2026-04-24T09:57:46,2026-04-24T10:17:13,ok,pickles/moead_ws/rc205_21/run17.pkl,unknown,1
smsemoa,r207_21,7,2198241836,850000,850080,105,105,1753955.828533,,4.0,831.4977,0.0,2,1443.992,2026-04-24T09:53:38,2026-04-24T10:17:42,ok,pickles/smsemoa/r207_21/run07.pkl,unknown,1
nsga2,rc205_21,11,1576866086,850000,850080,105,105,32435019.625169,,5.0,1081.1657,0.0,4,1222.627,2026-04-24T09:57:53,2026-04-24T10:18:16,ok,pickles/nsga2/rc205_21/run11.pkl,unknown,1
moead_ws,c104_21,18,2147681304,850000,850080,105,73,14620979.39697,,12.0,1703.2094,0.0,4,950.862,2026-04-24T10:02:25,2026-04-24T10:18:16,ok,pickles/moead_ws/c104_21/run18.pkl,unknown,1
moead_ws,rc208_21,12,2217371252,850000,850080,105,100,3319258.886744,,4.0,894.9796,0.0,2,1854.892,2026-04-24T09:49:46,2026-04-24T10:20:41,ok,pickles/moead_ws/rc208_21/run12.pkl,unknown,1
smsemoa,r109_21,17,352215345,850000,850080,105,105,5590829.294036,,19.0,1757.8244,9.4289,7,640.29,2026-04-24T10:11:14,2026-04-24T10:21:54,ok,pickles/smsemoa/r109_21/run17.pkl,unknown,1
moead_ws,c102_21,7,778731597,850000,850080,105,97,188577678.401284,,15.0,2039.937,258.8356,6,830.2,2026-04-24T10:09:48,2026-04-24T10:23:38,ok,pickles/moead_ws/c102_21/run07.pkl,unknown,1
moead_ws,c107_21,11,2854859820,850000,850080,105,101,119126744.08998,,16.0,1887.3183,604.0603,5,845.819,2026-04-24T10:17:14,2026-04-24T10:31:20,ok,pickles/moead_ws/c107_21/run11.pkl,unknown,1
nsga2,c202_21,3,3332104138,850000,850080,105,105,90868364.054502,,4.0,1088.1633,54.0991,5,1230.026,2026-04-24T10:10:54,2026-04-24T10:31:24,ok,pickles/nsga2/c202_21/run03.pkl,unknown,1
moead_ws,rc203_21,3,3640798442,850000,850080,105,92,24719884.197018,,6.0,1428.0046,0.0,4,1191.721,2026-04-24T10:12:20,2026-04-24T10:32:12,ok,pickles/moead_ws/rc203_21/run03.pkl,unknown,1
moead_ws,rc203_21,4,297470325,850000,850080,105,94,33685151.407067,,5.0,1208.8184,0.0,4,1239.71,2026-04-24T10:12:31,2026-04-24T10:33:10,ok,pickles/moead_ws/rc203_21/run04.pkl,unknown,1
moead_ws,r105_21,21,4115492026,850000,850080,105,102,36848466.19739,,22.0,1914.5681,28.182,11,763.016,2026-04-24T10:21:55,2026-04-24T10:34:38,ok,pickles/moead_ws/r105_21/run21.pkl,unknown,1
moead_ws,c103_21,20,2163295484,850000,850080,105,97,97130623.17823,,15.0,1891.77,185.719,6,877.181,2026-04-24T10:20:42,2026-04-24T10:35:19,ok,pickles/moead_ws/c103_21/run20.pkl,unknown,1
nsga2,c202_21,10,3299118369,850000,850080,105,105,178784296.441573,,4.0,1085.5587,32.241,6,1270.619,2026-04-24T10:15:11,2026-04-24T10:36:22,ok,pickles/nsga2/c202_21/run10.pkl,unknown,1
nsga2,rc208_21,22,665094553,850000,850080,105,105,487096.545562,,3.0,910.6165,0.0,2,1846.574,2026-04-24T10:08:09,2026-04-24T10:38:56,ok,pickles/nsga2/rc208_21/run22.pkl,unknown,1
smsemoa,r205_21,15,276295533,850000,850080,105,104,127198173.627432,,4.0,883.3653,2.8995,6,1259.721,2026-04-24T10:18:16,2026-04-24T10:39:16,ok,pickles/smsemoa/r205_21/run15.pkl,unknown,1
nsga2,r208_21,24,2455419061,850000,850080,105,105,425512.402636,,3.0,813.9461,0.0,2,1713.99,2026-04-24T10:11:55,2026-04-24T10:40:29,ok,pickles/nsga2/r208_21/run24.pkl,unknown,1
moead_ws,r205_21,16,102410481,850000,850080,105,93,99329661.552531,,5.0,885.5832,30.7926,5,1396.908,2026-04-24T10:18:16,2026-04-24T10:41:33,ok,pickles/moead_ws/r205_21/run16.pkl,unknown,1
nsga2,rc205_21,15,3974321930,850000,850080,105,105,17634328.549316,,5.0,1173.9108,0.0,3,1077.544,2026-04-24T10:23:38,2026-04-24T10:41:35,ok,pickles/nsga2/rc205_21/run15.pkl,unknown,1
smsemoa,r207_21,1,581400006,850000,850080,105,105,3414087.454548,,3.0,863.3802,0.0,3,1543.197,2026-04-24T10:16:25,2026-04-24T10:42:08,ok,pickles/smsemoa/r207_21/run01.pkl,unknown,1
moead_ws,r211_21,19,1188656114,850000,850080,105,103,1297002.594394,,3.0,749.0762,0.0,2,1979.708,2026-04-24T10:10:23,2026-04-24T10:43:23,ok,pickles/moead_ws/r211_21/run19.pkl,unknown,1
smsemoa,c104_21,29,2355719078,850000,850080,105,105,4667534.833896,,11.0,1326.0563,2.1114,4,828.909,2026-04-24T10:31:24,2026-04-24T10:45:13,ok,pickles/smsemoa/c104_21/run29.pkl,unknown,1
nsga2,rc208_21,28,2851022170,850000,850080,105,105,2345718.821797,,3.0,892.1246,0.0,3,1788.606,2026-04-24T10:17:03,2026-04-24T10:46:51,ok,pickles/nsga2/rc208_21/run28.pkl,unknown,1
moead_ws,c103_21,19,3225097556,850000,850080,105,104,137455426.27138,,14.0,1897.5214,105.4103,7,880.101,2026-04-24T10:33:11,2026-04-24T10:47:51,ok,pickles/moead_ws/c103_21/run19.pkl,unknown,1
smsemoa,r211_21,3,1372878227,850000,850080,105,105,3449225.435204,,3.0,779.7571,0.0,3,1861.614,2026-04-24T10:17:42,2026-04-24T10:48:43,ok,pickles/smsemoa/r211_21/run03.pkl,unknown,1
moead_ws,c107_21,14,715266266,850000,850080,105,104,248996190.781316,,16.0,1851.1696,799.4258,9,803.15,2026-04-24T10:36:22,2026-04-24T10:49:45,ok,pickles/moead_ws/c107_21/run14.pkl,unknown,1
smsemoa,rc202_21,22,4144799451,850000,850080,105,105,66633258.14319,,6.0,1210.7043,0.6023,4,1017.737,2026-04-24T10:34:38,2026-04-24T10:51:35,ok,pickles/smsemoa/rc202_21/run22.pkl,unknown,1
nsga2,c103_21,2,2453838341,850000,850080,105,105,53222565.111858,,13.0,1671.5168,83.0126,9,724.397,2026-04-24T10:42:08,2026-04-24T10:54:13,ok,pickles/nsga2/c103_21/run02.pkl,unknown,1
smsemoa,r105_21,1,2263566115,850000,850080,105,105,26542733.901918,,19.0,1842.764,0.7648,12,654.946,2026-04-24T10:43:23,2026-04-24T10:54:18,ok,pickles/smsemoa/r105_21/run01.pkl,unknown,1
nsga2,r207_21,11,3626000497,850000,850080,105,105,3210295.732595,,3.0,896.3843,0.0,3,1514.413,2026-04-24T10:31:20,2026-04-24T10:56:34,ok,pickles/nsga2/r207_21/run11.pkl,unknown,1
smsemoa,c102_21,26,1522107254,850000,850080,105,105,103932754.637878,,13.0,1649.6308,223.5589,10,685.378,2026-04-24T10:45:13,2026-04-24T10:56:38,ok,pickles/smsemoa/c102_21/run26.pkl,unknown,1
nsga2,c102_21,24,3225590558,850000,850080,105,105,219164958.475327,,11.0,1610.8098,10.5925,12,693.084,2026-04-24T10:46:51,2026-04-24T10:58:24,ok,pickles/nsga2/c102_21/run24.pkl,unknown,1
smsemoa,r105_21,13,3257523340,850000,850080,105,105,13189406.837354,,20.0,1798.5025,8.4055,10,642.61,2026-04-24T10:49:45,2026-04-24T11:00:28,ok,pickles/smsemoa/r105_21/run13.pkl,unknown,1
nsga2,c103_21,5,3356732075,850000,850080,105,105,77877747.647876,,13.0,1786.0988,6.9127,9,712.965,2026-04-24T10:48:43,2026-04-24T11:00:36,ok,pickles/nsga2/c103_21/run05.pkl,unknown,1
nsga2,rc203_21,3,246394762,850000,850080,105,105,18070739.605855,,4.0,1240.0043,0.0,4,1149.888,2026-04-24T10:41:33,2026-04-24T11:00:43,ok,pickles/nsga2/rc203_21/run03.pkl,unknown,1
smsemoa,rc208_21,19,3470253076,850000,850080,105,105,15890606.452102,,3.0,882.5291,0.0,4,1712.337,2026-04-24T10:32:12,2026-04-24T11:00:44,ok,pickles/smsemoa/rc208_21/run19.pkl,unknown,1
moead_ws,rc203_21,11,880489227,850000,850080,105,95,4599096.084541,,5.0,1129.8734,0.0,3,1181.687,2026-04-24T10:41:36,2026-04-24T11:01:18,ok,pickles/moead_ws/rc203_21/run11.pkl,unknown,1
moead_ws,c102_21,23,2848280416,850000,850080,105,97,96127637.379508,,17.0,1836.5936,1084.2979,5,808.6,2026-04-24T10:47:51,2026-04-24T11:01:20,ok,pickles/moead_ws/c102_21/run23.pkl,unknown,1
smsemoa,r207_21,20,182836087,850000,850080,105,105,2167336.835444,,4.0,913.5382,0.0,3,1481.783,2026-04-24T10:39:16,2026-04-24T11:03:57,ok,pickles/smsemoa/r207_21/run20.pkl,unknown,1
nsga2,r211_21,21,1575179697,850000,850080,105,105,2216475.924274,,3.0,862.3373,0.0,3,1773.52,2026-04-24T10:35:19,2026-04-24T11:04:52,ok,pickles/nsga2/r211_21/run21.pkl,unknown,1
moead_ws,c104_21,29,681935215,850000,850080,105,96,36336312.828632,,12.0,1536.0114,233.2578,6,958.479,2026-04-24T10:51:36,2026-04-24T11:07:34,ok,pickles/moead_ws/c104_21/run29.pkl,unknown,1
smsemoa,r211_21,17,3368779808,850000,850080,105,105,2720365.271699,,3.0,747.7728,0.0,2,1839.285,2026-04-24T10:38:56,2026-04-24T11:09:35,ok,pickles/smsemoa/r211_21/run17.pkl,unknown,1
nsga2,r208_21,3,750044039,850000,850080,105,34,424890.109836,,3.0,883.1479,0.0,2,1801.911,2026-04-24T10:40:29,2026-04-24T11:10:31,ok,pickles/nsga2/r208_21/run03.pkl,unknown,1
smsemoa,r105_21,22,1955615427,850000,850080,105,105,32388470.169716,,20.0,1905.4496,15.2503,14,656.458,2026-04-24T11:00:28,2026-04-24T11:11:25,ok,pickles/smsemoa/r105_21/run22.pkl,unknown,1
smsemoa,rc106_21,8,3392836470,850000,850080,105,105,16842641.068894,,18.0,2014.695,0.0,10,671.548,2026-04-24T11:00:36,2026-04-24T11:11:48,ok,pickles/smsemoa/rc106_21/run08.pkl,unknown,1
smsemoa,c103_21,23,2794324453,850000,850080,105,105,126730818.173428,,13.0,1763.2698,103.8305,12,773.359,2026-04-24T11:00:43,2026-04-24T11:13:37,ok,pickles/smsemoa/c103_21/run23.pkl,unknown,1
smsemoa,c202_21,7,4117697162,850000,850080,105,105,52250504.703378,,4.0,964.0453,0.0,5,1127.293,2026-04-24T10:56:38,2026-04-24T11:15:26,ok,pickles/smsemoa/c202_21/run07.pkl,unknown,1
nsga2,c104_21,7,2181594133,850000,850080,105,105,18629942.494106,,11.0,1435.2301,0.0,4,785.41,2026-04-24T11:03:57,2026-04-24T11:17:03,ok,pickles/nsga2/c104_21/run07.pkl,unknown,1
nsga2,r205_21,29,3275703894,850000,850080,105,105,22046333.022295,,5.0,1096.9297,0.0,3,1231.549,2026-04-24T10:56:34,2026-04-24T11:17:06,ok,pickles/nsga2/r205_21/run29.pkl,unknown,1
smsemoa,r205_21,22,3192725971,850000,850080,105,105,14819958.358737,,4.0,972.8967,0.0,3,1291.302,2026-04-24T10:58:24,2026-04-24T11:19:56,ok,pickles/smsemoa/r205_21/run22.pkl,unknown,1
moead_ws,r109_21,17,1829251377,850000,850080,105,99,8549754.035859,,19.0,1883.0369,0.0,8,745.204,2026-04-24T11:07:35,2026-04-24T11:20:00,ok,pickles/moead_ws/r109_21/run17.pkl,unknown,1
smsemoa,c202_21,14,1108894956,850000,850080,105,105,46155274.304447,,5.0,1058.8809,513.8775,4,1229.523,2026-04-24T11:00:44,2026-04-24T11:21:14,ok,pickles/smsemoa/c202_21/run14.pkl,unknown,1
smsemoa,r109_21,29,1416507939,850000,850080,105,105,4133461.79935,,17.0,1597.7566,0.0,7,664.039,2026-04-24T11:11:48,2026-04-24T11:22:52,ok,pickles/smsemoa/r109_21/run29.pkl,unknown,1
moead_ws,r208_21,27,2436148885,850000,850080,105,96,4408763.843319,,3.0,876.0676,0.0,3,1769.28,2026-04-24T10:54:13,2026-04-24T11:23:42,ok,pickles/moead_ws/r208_21/run27.pkl,unknown,1
moead_ws,r211_21,11,1214094302,850000,850080,105,94,3522933.848188,,3.0,748.9877,0.0,3,1938.796,2026-04-24T10:54:18,2026-04-24T11:26:37,ok,pickles/moead_ws/r211_21/run11.pkl,unknown,1
nsga2,rc202_21,5,516739210,850000,850080,105,105,29023455.012795,,5.0,1281.3357,0.0,5,1072.644,2026-04-24T11:11:25,2026-04-24T11:29:17,ok,pickles/nsga2/rc202_21/run05.pkl,unknown,1
moead_ws,rc203_21,28,1533856980,850000,850080,105,102,19589736.528058,,5.0,1256.7113,0.0,3,1204.549,2026-04-24T11:09:35,2026-04-24T11:29:40,ok,pickles/moead_ws/rc203_21/run28.pkl,unknown,1
nsga2,rc208_21,10,3515196706,850000,850080,105,105,1598366.820062,,4.0,1005.608,0.0,2,1722.506,2026-04-24T11:01:20,2026-04-24T11:30:03,ok,pickles/nsga2/rc208_21/run10.pkl,unknown,1
moead_ws,rc208_21,16,3646875676,850000,850080,105,101,2958924.73258,,4.0,869.968,0.0,2,1817.279,2026-04-24T11:01:18,2026-04-24T11:31:35,ok,pickles/moead_ws/rc208_21/run16.pkl,unknown,1
nsga2,c103_21,19,4211061595,850000,850080,105,105,46906529.358875,,13.0,1804.7922,97.0563,8,739.033,2026-04-24T11:19:56,2026-04-24T11:32:15,ok,pickles/nsga2/c103_21/run19.pkl,unknown,1
nsga2,rc203_21,23,2501799267,850000,850080,105,105,17105454.998675,,5.0,1322.6559,0.0,4,1127.818,2026-04-24T11:13:37,2026-04-24T11:32:24,ok,pickles/nsga2/rc203_21/run23.pkl,unknown,1
moead_ws,r208_21,1,1557861266,850000,850080,105,79,202415.813747,,3.0,957.7892,0.0,2,1757.611,2026-04-24T11:04:53,2026-04-24T11:34:10,ok,pickles/moead_ws/r208_21/run01.pkl,unknown,1
nsga2,c107_21,10,423265788,850000,850080,105,105,129124796.455134,,14.0,1820.9566,1090.0718,9,705.717,2026-04-24T11:22:52,2026-04-24T11:34:38,ok,pickles/nsga2/c107_21/run10.pkl,unknown,1
nsga2,r211_21,17,3042359429,850000,850080,105,105,1116583.096807,,3.0,875.3164,0.0,2,1787.659,2026-04-24T11:10:31,2026-04-24T11:40:18,ok,pickles/nsga2/r211_21/run17.pkl,unknown,1
nsga2,c202_21,14,2611645703,850000,850080,105,105,120080404.906351,,4.0,1055.7964,569.8702,6,1160.747,2026-04-24T11:21:14,2026-04-24T11:40:35,ok,pickles/nsga2/c202_21/run14.pkl,unknown,1
moead_ws,r207_21,6,2609104646,850000,850080,105,100,1821509.548721,,4.0,878.2433,0.0,2,1537.318,2026-04-24T11:15:26,2026-04-24T11:41:03,ok,pickles/moead_ws/r207_21/run06.pkl,unknown,1
moead_ws,r205_21,25,119667792,850000,850080,105,99,56157865.069044,,5.0,854.8095,0.0,5,1270.366,2026-04-24T11:20:00,2026-04-24T11:41:11,ok,pickles/moead_ws/r205_21/run25.pkl,unknown,1
moead_ws,rc205_21,21,3443968259,850000,850080,105,93,62243829.908491,,6.0,1310.1778,0.0,5,1113.723,2026-04-24T11:23:43,2026-04-24T11:42:17,ok,pickles/moead_ws/rc205_21/run21.pkl,unknown,1
moead_ws,r105_21,20,3859625413,850000,850080,105,101,36936969.035294,,21.0,1842.6017,6.5084,9,733.736,2026-04-24T11:31:36,2026-04-24T11:43:50,ok,pickles/moead_ws/r105_21/run20.pkl,unknown,1
nsga2,r109_21,15,2993186154,850000,850080,105,105,4023715.795819,,16.0,1583.0514,0.0,7,644.547,2026-04-24T11:34:38,2026-04-24T11:45:22,ok,pickles/nsga2/r109_21/run15.pkl,unknown,1
smsemoa,rc208_21,7,4130323832,850000,850080,105,105,10595640.93872,,3.0,827.576,0.0,4,1737.815,2026-04-24T11:17:03,2026-04-24T11:46:01,ok,pickles/smsemoa/rc208_21/run07.pkl,unknown,1
moead_ws,rc208_21,2,358000368,850000,850080,105,99,3027904.214442,,4.0,917.7488,0.0,3,1832.369,2026-04-24T11:17:06,2026-04-24T11:47:39,ok,pickles/moead_ws/rc208_21/run02.pkl,unknown,1
moead_ws,c104_21,24,1086348027,850000,850080,105,95,39658205.578977,,12.0,1532.4614,0.0,4,939.3,2026-04-24T11:32:25,2026-04-24T11:48:04,ok,pickles/moead_ws/c104_21/run24.pkl,unknown,1
nsga2,r205_21,27,3516824886,850000,850080,105,105,21352630.969686,,5.0,986.0655,0.0,3,1199.593,2026-04-24T11:30:03,2026-04-24T11:50:02,ok,pickles/nsga2/r205_21/run27.pkl,unknown,1
nsga2,rc106_21,11,3456383773,850000,850080,105,105,5202302.222206,,18.0,1980.3809,0.0,8,602.732,2026-04-24T11:43:50,2026-04-24T11:53:52,ok,pickles/nsga2/rc106_21/run11.pkl,unknown,1
nsga2,c103_21,11,2077018240,850000,850080,105,105,106405821.155082,,13.0,1635.5189,13.4313,10,767.095,2026-04-24T11:42:17,2026-04-24T11:55:04,ok,pickles/nsga2/c103_21/run11.pkl,unknown,1
moead_ws,r205_21,30,3582948812,850000,850080,105,92,106136947.301917,,5.0,830.9226,26.2966,4,1533.249,2026-04-24T11:29:40,2026-04-24T11:55:14,ok,pickles/moead_ws/r205_21/run30.pkl,unknown,1
smsemoa,r208_21,7,2623998109,850000,850080,105,105,341732.962556,,3.0,951.64,0.0,3,1730.339,2026-04-24T11:26:37,2026-04-24T11:55:27,ok,pickles/smsemoa/r208_21/run07.pkl,unknown,1
smsemoa,rc202_21,6,2494562494,850000,850080,105,105,18762100.229667,,5.0,1181.2366,0.0,4,1011.35,2026-04-24T11:41:11,2026-04-24T11:58:02,ok,pickles/smsemoa/rc202_21/run06.pkl,unknown,1
moead_ws,r109_21,23,4193489331,850000,850080,105,99,14758377.347542,,18.0,1703.8914,27.0427,10,759.822,2026-04-24T11:46:01,2026-04-24T11:58:41,ok,pickles/moead_ws/r109_21/run23.pkl,unknown,1
moead_ws,c102_21,13,1172982197,850000,850080,105,101,544712581.944399,,16.0,1880.3529,1050.946,7,824.49,2026-04-24T11:45:23,2026-04-24T11:59:07,ok,pickles/moead_ws/c102_21/run13.pkl,unknown,1
moead_ws,rc202_21,13,2877297895,850000,850080,105,104,118592547.168972,,6.0,1168.8266,28.7596,6,1207.566,2026-04-24T11:40:35,2026-04-24T12:00:43,ok,pickles/moead_ws/rc202_21/run13.pkl,unknown,1
nsga2,c102_21,3,3590001538,850000,850080,105,105,168866189.579851,,13.0,1724.1375,340.7494,10,655.568,2026-04-24T11:50:02,2026-04-24T12:00:58,ok,pickles/nsga2/c102_21/run03.pkl,unknown,1
smsemoa,c202_21,16,3418614646,850000,850080,105,105,69232294.166374,,5.0,1103.2551,514.0424,5,1252.613,2026-04-24T11:41:03,2026-04-24T12:01:56,ok,pickles/smsemoa/c202_21/run16.pkl,unknown,1
nsga2,r208_21,11,134049692,850000,850080,105,40,40594.947092,,3.0,746.1417,0.0,1,1972.096,2026-04-24T11:29:17,2026-04-24T12:02:09,ok,pickles/nsga2/r208_21/run11.pkl,unknown,1
moead_ws,rc208_21,1,1519423829,850000,850080,105,96,111750342.744399,,4.0,867.7964,0.0,4,1816.45,2026-04-24T11:32:15,2026-04-24T12:02:32,ok,pickles/moead_ws/rc208_21/run01.pkl,unknown,1
smsemoa,rc208_21,1,1249854601,850000,850080,105,105,2942701.545571,,3.0,956.5765,0.0,3,1741.054,2026-04-24T11:34:10,2026-04-24T12:03:11,ok,pickles/smsemoa/rc208_21/run01.pkl,unknown,1
nsga2,r205_21,24,3959286946,850000,850080,105,105,23327665.954399,,4.0,884.3519,0.0,4,1240.379,2026-04-24T11:48:04,2026-04-24T12:08:45,ok,pickles/nsga2/r205_21/run24.pkl,unknown,1
smsemoa,c107_21,28,3004605975,850000,850080,105,105,67011979.445862,,13.0,1688.2502,106.5292,9,714.71,2026-04-24T11:58:02,2026-04-24T12:09:57,ok,pickles/smsemoa/c107_21/run28.pkl,unknown,1
smsemoa,c103_21,26,2106648374,850000,850080,105,105,89685577.791358,,13.0,1669.1019,15.7473,9,724.617,2026-04-24T11:58:41,2026-04-24T12:10:46,ok,pickles/smsemoa/c103_21/run26.pkl,unknown,1
smsemoa,r211_21,19,472996768,850000,850080,105,105,6534518.743076,,3.0,763.1579,0.0,3,1834.534,2026-04-24T11:40:18,2026-04-24T12:10:53,ok,pickles/smsemoa/r211_21/run19.pkl,unknown,1
nsga2,r207_21,1,1924963125,850000,850080,105,105,3383417.111062,,4.0,912.3486,0.0,3,1502.95,2026-04-24T11:47:39,2026-04-24T12:12:41,ok,pickles/nsga2/r207_21/run01.pkl,unknown,1
smsemoa,r105_21,5,943729287,850000,850080,105,105,45479829.437091,,18.0,1862.757,66.9402,15,662.359,2026-04-24T12:02:09,2026-04-24T12:13:12,ok,pickles/smsemoa/r105_21/run05.pkl,unknown,1
nsga2,rc202_21,9,1442677605,850000,850080,105,105,23040870.853213,,5.0,1397.0904,0.0,4,1079.922,2026-04-24T11:55:14,2026-04-24T12:13:14,ok,pickles/nsga2/rc202_21/run09.pkl,unknown,1
moead_ws,c202_21,11,1890861263,850000,850080,105,100,929544451.261832,,5.0,1111.0322,2176.7257,5,1161.858,2026-04-24T11:55:28,2026-04-24T12:14:50,ok,pickles/moead_ws/c202_21/run11.pkl,unknown,1
nsga2,c202_21,20,68331660,850000,850080,105,105,75189444.972263,,4.0,1011.731,0.0,5,1274.45,2026-04-24T11:53:52,2026-04-24T12:15:07,ok,pickles/nsga2/c202_21/run20.pkl,unknown,1
moead_ws,r109_21,11,3847930866,850000,850080,105,101,18880384.575675,,20.0,1785.809,0.0,10,792.205,2026-04-24T12:03:12,2026-04-24T12:16:24,ok,pickles/moead_ws/r109_21/run11.pkl,unknown,1
moead_ws,c202_21,13,3475992044,850000,850080,105,90,611099403.115013,,6.0,1228.03,69.0172,5,1221.108,2026-04-24T11:59:08,2026-04-24T12:19:29,ok,pickles/moead_ws/c202_21/run13.pkl,unknown,1
smsemoa,r109_21,6,2093834481,850000,850080,105,105,4959319.317357,,18.0,1693.7626,0.0,7,645.006,2026-04-24T12:08:45,2026-04-24T12:19:30,ok,pickles/smsemoa/r109_21/run06.pkl,unknown,1
nsga2,c107_21,3,3215497393,850000,850080,105,105,33956861.429605,,14.0,1674.6675,769.3479,6,713.269,2026-04-24T12:09:57,2026-04-24T12:21:50,ok,pickles/nsga2/c107_21/run03.pkl,unknown,1
nsga2,rc203_21,25,4141635576,850000,850080,105,105,22643983.569209,,4.0,1270.4902,0.0,4,1175.234,2026-04-24T12:02:32,2026-04-24T12:22:07,ok,pickles/nsga2/rc203_21/run25.pkl,unknown,1
smsemoa,c103_21,6,3214160097,850000,850080,105,105,79376125.823822,,13.0,1400.5102,9.9504,8,727.328,2026-04-24T12:10:53,2026-04-24T12:23:00,ok,pickles/smsemoa/c103_21/run06.pkl,unknown,1
nsga2,r109_21,4,3280709034,850000,850080,105,105,4508053.728855,,18.0,1756.7004,0.0,8,634.398,2026-04-24T12:13:14,2026-04-24T12:23:48,ok,pickles/nsga2/r109_21/run04.pkl,unknown,1
nsga2,rc208_21,26,605590441,850000,850080,105,105,6057422.769084,,3.0,1088.2574,0.0,3,1739.424,2026-04-24T11:55:04,2026-04-24T12:24:03,ok,pickles/nsga2/rc208_21/run26.pkl,unknown,1
moead_ws,r109_21,15,1840801591,850000,850080,105,97,16397308.082961,,19.0,1844.0946,0.0,9,738.109,2026-04-24T12:12:42,2026-04-24T12:25:00,ok,pickles/moead_ws/r109_21/run15.pkl,unknown,1
moead_ws,rc106_21,14,1272102178,850000,850080,105,99,32267739.912787,,18.0,2080.3088,0.0,10,762.67,2026-04-24T12:14:50,2026-04-24T12:27:33,ok,pickles/moead_ws/rc106_21/run14.pkl,unknown,1
nsga2,rc203_21,10,2386596940,850000,850080,105,105,10996766.107603,,5.0,1139.3557,0.0,3,1081.923,2026-04-24T12:10:46,2026-04-24T12:28:47,ok,pickles/nsga2/rc203_21/run10.pkl,unknown,1
nsga2,r208_21,25,1123292421,850000,850080,105,105,304879.782229,,3.0,864.9601,0.0,2,1690.726,2026-04-24T12:00:58,2026-04-24T12:29:08,ok,pickles/nsga2/r208_21/run25.pkl,unknown,1
nsga2,rc202_21,21,2515676649,850000,850080,105,105,41186779.060091,,5.0,1156.5984,0.0,5,1007.253,2026-04-24T12:13:12,2026-04-24T12:29:59,ok,pickles/nsga2/rc202_21/run21.pkl,unknown,1
moead_ws,c103_21,1,1582568672,850000,850080,105,88,174942943.616203,,13.0,1786.8857,316.7372,9,900.215,2026-04-24T12:16:25,2026-04-24T12:31:25,ok,pickles/moead_ws/c103_21/run01.pkl,unknown,1
moead_ws,r211_21,24,2478516985,850000,850080,105,95,9565438.053519,,4.0,778.4342,0.0,3,1846.608,2026-04-24T12:00:43,2026-04-24T12:31:30,ok,pickles/moead_ws/r211_21/run24.pkl,unknown,1
moead_ws,rc208_21,30,920479779,850000,850080,105,86,5436277.700568,,4.0,845.8836,0.0,3,1801.63,2026-04-24T12:01:56,2026-04-24T12:31:58,ok,pickles/moead_ws/rc208_21/run30.pkl,unknown,1
nsga2,r105_21,9,3260496671,850000,850080,105,105,8001927.548692,,17.0,1559.0846,0.6015,8,608.973,2026-04-24T12:23:48,2026-04-24T12:33:57,ok,pickles/nsga2/r105_21/run09.pkl,unknown,1
moead_ws,c102_21,20,1725018645,850000,850080,105,88,275050955.279885,,17.0,1959.3464,395.8587,10,826.023,2026-04-24T12:23:01,2026-04-24T12:36:47,ok,pickles/moead_ws/c102_21/run20.pkl,unknown,1
smsemoa,r207_21,28,4220364953,850000,850080,105,69,1957898.580221,,3.0,826.2524,0.0,2,1526.71,2026-04-24T12:15:07,2026-04-24T12:40:34,ok,pickles/smsemoa/r207_21/run28.pkl,unknown,1
nsga2,c202_21,18,3940895264,850000,850080,105,105,244257569.164179,,4.0,1125.1022,0.0,6,1270.137,2026-04-24T12:19:30,2026-04-24T12:40:40,ok,pickles/nsga2/c202_21/run18.pkl,unknown,1
smsemoa,r205_21,8,1626762113,850000,850080,105,105,37540850.017885,,4.0,892.6901,0.0,4,1307.854,2026-04-24T12:21:50,2026-04-24T12:43:38,ok,pickles/smsemoa/r205_21/run08.pkl,unknown,1
moead_ws,c102_21,24,1515354601,850000,850080,105,101,234462689.533832,,17.0,2025.016,332.2459,10,841.893,2026-04-24T12:29:59,2026-04-24T12:44:01,ok,pickles/moead_ws/c102_21/run24.pkl,unknown,1
moead_ws,r207_21,15,756457602,850000,850080,105,102,1774499.368688,,4.0,901.9064,0.0,3,1433.885,2026-04-24T12:22:07,2026-04-24T12:46:01,ok,pickles/moead_ws/r207_21/run15.pkl,unknown,1
smsemoa,r109_21,26,3951511828,850000,850080,105,104,6548935.854681,,18.0,1695.6091,0.0,8,664.714,2026-04-24T12:36:47,2026-04-24T12:47:52,ok,pickles/smsemoa/r109_21/run26.pkl,unknown,1
smsemoa,rc202_21,10,989789359,850000,850080,105,105,30037097.117162,,5.0,1237.8885,0.0,4,1082.175,2026-04-24T12:31:25,2026-04-24T12:49:27,ok,pickles/smsemoa/rc202_21/run10.pkl,unknown,1
nsga2,c202_21,15,3574260599,850000,850080,105,105,101208363.100692,,5.0,1141.6255,38.0173,5,1119.649,2026-04-24T12:31:30,2026-04-24T12:50:10,ok,pickles/nsga2/c202_21/run15.pkl,unknown,1
nsga2,c202_21,22,3430830099,850000,850080,105,105,34883992.20484,,4.0,1107.5948,831.4114,4,1350.603,2026-04-24T12:28:47,2026-04-24T12:51:18,ok,pickles/nsga2/c202_21/run22.pkl,unknown,1
moead_ws,r211_21,7,4013683969,850000,850080,105,95,3906232.920597,,3.0,748.2829,0.0,3,1941.09,2026-04-24T12:19:29,2026-04-24T12:51:50,ok,pickles/moead_ws/r211_21/run07.pkl,unknown,1
moead_ws,r205_21,21,1264289237,850000,850080,105,102,62054129.771236,,5.0,873.2997,20.3577,5,1393.668,2026-04-24T12:29:09,2026-04-24T12:52:23,ok,pickles/moead_ws/r205_21/run21.pkl,unknown,1
moead_ws,r105_21,10,1040032886,850000,850080,105,99,21925920.585749,,22.0,2039.1449,76.3086,11,736.915,2026-04-24T12:40:34,2026-04-24T12:52:51,ok,pickles/moead_ws/r105_21/run10.pkl,unknown,1
moead_ws,r211_21,28,930597570,850000,850080,105,99,56382761.213843,,3.0,779.6255,0.0,3,1909.775,2026-04-24T12:24:04,2026-04-24T12:55:53,ok,pickles/moead_ws/r211_21/run28.pkl,unknown,1
smsemoa,r211_21,11,1671314444,850000,850080,105,105,2806012.181301,,3.0,727.5971,0.0,2,1863.53,2026-04-24T12:25:00,2026-04-24T12:56:04,ok,pickles/smsemoa/r211_21/run11.pkl,unknown,1
nsga2,r105_21,18,3806204177,850000,850080,105,105,15200099.803519,,20.0,1741.6776,15.9645,9,613.878,2026-04-24T12:46:01,2026-04-24T12:56:15,ok,pickles/nsga2/r105_21/run18.pkl,unknown,1
smsemoa,r208_21,17,2034183259,850000,850080,105,103,219150.945573,,3.0,814.2822,0.0,2,1802.297,2026-04-24T12:27:33,2026-04-24T12:57:35,ok,pickles/smsemoa/r208_21/run17.pkl,unknown,1
nsga2,rc208_21,2,382562644,850000,850080,105,105,1801051.953212,,4.0,1035.0701,0.0,2,1750.742,2026-04-24T12:31:58,2026-04-24T13:01:09,ok,pickles/nsga2/rc208_21/run02.pkl,unknown,1
nsga2,rc208_21,19,322350775,850000,850080,105,105,8514390.755078,,3.0,1051.0051,0.0,4,1659.859,2026-04-24T12:33:57,2026-04-24T13:01:37,ok,pickles/nsga2/rc208_21/run19.pkl,unknown,1
smsemoa,rc203_21,6,2506908290,850000,850080,105,105,8416533.812219,,5.0,1147.2543,0.0,3,1163.043,2026-04-24T12:43:38,2026-04-24T13:03:01,ok,pickles/smsemoa/rc203_21/run06.pkl,unknown,1
moead_ws,r205_21,1,1524693225,850000,850080,105,95,24971749.69498,,5.0,878.4921,0.0,3,1362.149,2026-04-24T12:40:40,2026-04-24T13:03:22,ok,pickles/moead_ws/r205_21/run01.pkl,unknown,1
nsga2,c104_21,21,3418842004,850000,850080,105,105,18932104.906633,,11.0,1551.8851,0.0,6,806.3,2026-04-24T12:52:51,2026-04-24T13:06:17,ok,pickles/nsga2/c104_21/run21.pkl,unknown,1
smsemoa,rc205_21,17,769359199,850000,850080,105,105,15388232.06909,,5.0,1278.4521,0.0,5,1148.419,2026-04-24T12:47:52,2026-04-24T13:07:00,ok,pickles/smsemoa/rc205_21/run17.pkl,unknown,1
moead_ws,r109_21,2,4151950051,850000,850080,105,89,8904748.905606,,19.0,1772.8389,0.0,7,744.988,2026-04-24T12:56:16,2026-04-24T13:08:41,ok,pickles/moead_ws/r109_21/run02.pkl,unknown,1
moead_ws,c202_21,26,2533328866,850000,850080,105,103,1560462519.524481,,6.0,1158.2948,497.6326,5,1123.508,2026-04-24T12:50:10,2026-04-24T13:08:54,ok,pickles/moead_ws/c202_21/run26.pkl,unknown,1
moead_ws,r207_21,16,3810968245,850000,850080,105,95,13901303.422793,,4.0,837.5634,0.0,4,1500.407,2026-04-24T12:44:02,2026-04-24T13:09:02,ok,pickles/moead_ws/r207_21/run16.pkl,unknown,1
moead_ws,c202_21,1,782776803,850000,850080,105,86,594366066.505633,,5.0,1013.8219,243.8435,7,1171.987,2026-04-24T12:52:23,2026-04-24T13:11:55,ok,pickles/moead_ws/c202_21/run01.pkl,unknown,1
smsemoa,r109_21,24,4018855288,850000,850080,105,105,4074134.069451,,20.0,1897.6813,0.0,6,652.839,2026-04-24T13:01:09,2026-04-24T13:12:02,ok,pickles/smsemoa/r109_21/run24.pkl,unknown,1
moead_ws,rc106_21,30,3981518065,850000,850080,105,92,38998437.834084,,18.0,2107.3815,1.6877,14,760.904,2026-04-24T13:01:37,2026-04-24T13:14:18,ok,pickles/moead_ws/rc106_21/run30.pkl,unknown,1
moead_ws,rc202_21,1,4289078811,850000,850080,105,97,46387340.510711,,6.0,1115.7825,0.0,5,1094.852,2026-04-24T12:56:04,2026-04-24T13:14:19,ok,pickles/moead_ws/rc202_21/run01.pkl,unknown,1
nsga2,r207_21,2,3875545480,850000,850080,105,105,1490025.379099,,4.0,957.2097,0.0,2,1593.482,2026-04-24T12:49:27,2026-04-24T13:16:01,ok,pickles/nsga2/r207_21/run02.pkl,unknown,1
nsga2,r207_21,17,3895214834,850000,850080,105,105,866353.633736,,3.0,892.9627,0.0,2,1546.75,2026-04-24T12:51:18,2026-04-24T13:17:05,ok,pickles/nsga2/r207_21/run17.pkl,unknown,1
nsga2,rc106_21,25,375562550,850000,850080,105,105,6946761.480488,,17.0,1964.2255,0.0,8,617.839,2026-04-24T13:08:41,2026-04-24T13:18:59,ok,pickles/nsga2/rc106_21/run25.pkl,unknown,1
nsga2,c104_21,11,1283387959,850000,850080,105,105,13943781.672197,,11.0,1361.9831,0.0,7,803.009,2026-04-24T13:06:17,2026-04-24T13:19:40,ok,pickles/nsga2/c104_21/run11.pkl,unknown,1
moead_ws,r208_21,14,2244541201,850000,850080,105,88,105759.66726,,3.0,829.1791,0.0,2,1790.41,2026-04-24T12:51:51,2026-04-24T13:21:41,ok,pickles/moead_ws/r208_21/run14.pkl,unknown,1
nsga2,c202_21,11,2814737224,850000,850080,105,105,145712145.397449,,5.0,1285.4293,282.5261,5,1186.102,2026-04-24T13:03:01,2026-04-24T13:22:47,ok,pickles/nsga2/c202_21/run11.pkl,unknown,1
nsga2,rc208_21,20,4130135317,850000,850080,105,105,2187149.935238,,3.0,925.6593,0.0,3,1789.07,2026-04-24T12:55:53,2026-04-24T13:25:43,ok,pickles/nsga2/rc208_21/run20.pkl,unknown,1
moead_ws,r105_21,9,1808875571,850000,850080,105,98,6453540.391856,,25.0,2278.9986,49.5359,7,757.127,2026-04-24T13:14:19,2026-04-24T13:26:57,ok,pickles/moead_ws/r105_21/run09.pkl,unknown,1
moead_ws,rc208_21,4,2238695495,850000,850080,105,101,7819252.598542,,4.0,850.3212,0.0,3,1769.629,2026-04-24T12:57:36,2026-04-24T13:27:05,ok,pickles/moead_ws/rc208_21/run04.pkl,unknown,1
nsga2,r109_21,28,1950083145,850000,850080,105,105,10345395.032963,,18.0,1742.65,0.0,10,608.214,2026-04-24T13:17:05,2026-04-24T13:27:13,ok,pickles/nsga2/r109_21/run28.pkl,unknown,1
nsga2,rc202_21,1,1530682125,850000,850080,105,105,23136973.858677,,5.0,1228.9915,0.0,4,1106.341,2026-04-24T13:09:02,2026-04-24T13:27:29,ok,pickles/nsga2/rc202_21/run01.pkl,unknown,1
moead_ws,r105_21,5,268369039,850000,850080,105,104,42340637.547457,,21.0,1881.0548,137.7002,14,749.471,2026-04-24T13:16:01,2026-04-24T13:28:30,ok,pickles/moead_ws/r105_21/run05.pkl,unknown,1
smsemoa,r205_21,17,4241987139,850000,850080,105,105,48096561.144508,,4.0,984.9409,0.0,4,1304.236,2026-04-24T13:07:00,2026-04-24T13:28:44,ok,pickles/smsemoa/r205_21/run17.pkl,unknown,1
smsemoa,rc208_21,6,3206744871,850000,850080,99,99,1941425.525603,,3.0,865.0171,0.0,3,1753.02,2026-04-24T13:03:22,2026-04-24T13:32:35,ok,pickles/smsemoa/rc208_21/run06.pkl,unknown,1
nsga2,c102_21,16,320506531,850000,850080,105,105,108753030.670715,,13.0,1611.7306,305.9983,11,679.331,2026-04-24T13:21:41,2026-04-24T13:33:01,ok,pickles/nsga2/c102_21/run16.pkl,unknown,1
smsemoa,r105_21,29,235846298,850000,850080,105,105,30243005.00961,,22.0,1862.0561,0.0,14,633.342,2026-04-24T13:22:47,2026-04-24T13:33:21,ok,pickles/smsemoa/r105_21/run29.pkl,unknown,1
nsga2,rc208_21,6,1088184153,850000,850080,105,105,4427562.148753,,3.0,966.2126,0.0,3,1689.327,2026-04-24T13:08:54,2026-04-24T13:37:03,ok,pickles/nsga2/rc208_21/run06.pkl,unknown,1
nsga2,c107_21,30,248548477,850000,850080,105,105,88169203.170996,,14.0,1698.1627,188.6415,9,690.248,2026-04-24T13:27:05,2026-04-24T13:38:36,ok,pickles/nsga2/c107_21/run30.pkl,unknown,1
smsemoa,rc106_21,13,400223263,850000,850080,105,105,6139591.581861,,18.0,2084.4297,30.4147,8,647.362,2026-04-24T13:28:44,2026-04-24T13:39:32,ok,pickles/smsemoa/rc106_21/run13.pkl,unknown,1
moead_ws,r105_21,15,3126780311,850000,850080,105,104,21953006.419667,,22.0,1913.2414,47.1925,9,743.009,2026-04-24T13:27:14,2026-04-24T13:39:37,ok,pickles/moead_ws/r105_21/run15.pkl,unknown,1
moead_ws,rc208_21,28,2713750827,850000,850080,105,103,4260967.818636,,4.0,911.2966,0.0,2,1777.963,2026-04-24T13:12:02,2026-04-24T13:41:40,ok,pickles/moead_ws/rc208_21/run28.pkl,unknown,1
moead_ws,r211_21,4,477023198,850000,850080,105,92,4671023.512654,,4.0,884.6148,0.0,2,1906.471,2026-04-24T13:11:56,2026-04-24T13:43:42,ok,pickles/moead_ws/r211_21/run04.pkl,unknown,1
moead_ws,rc208_21,19,897007997,850000,850080,105,102,12071548.671663,,3.0,848.0149,0.0,4,1840.799,2026-04-24T13:14:19,2026-04-24T13:45:00,ok,pickles/moead_ws/rc208_21/run19.pkl,unknown,1
moead_ws,c102_21,3,1036480020,850000,850080,105,104,96509566.83559,,17.0,1911.9464,251.1715,7,825.941,2026-04-24T13:33:21,2026-04-24T13:47:07,ok,pickles/moead_ws/c102_21/run03.pkl,unknown,1
nsga2,rc205_21,28,191372364,850000,850080,105,105,14876673.210473,,4.0,1231.16,0.0,3,1193.083,2026-04-24T13:28:30,2026-04-24T13:48:24,ok,pickles/nsga2/rc205_21/run28.pkl,unknown,1
smsemoa,r211_21,30,2589857088,850000,850080,105,105,6043824.497243,,3.0,783.3855,0.0,3,1807.97,2026-04-24T13:18:59,2026-04-24T13:49:07,ok,pickles/smsemoa/r211_21/run30.pkl,unknown,1
nsga2,r211_21,14,1418496710,850000,850080,105,105,4184950.052738,,3.0,815.2661,0.0,3,1792.11,2026-04-24T13:19:40,2026-04-24T13:49:32,ok,pickles/nsga2/r211_21/run14.pkl,unknown,1
moead_ws,rc202_21,3,1140103635,850000,850080,105,101,56183726.61554,,7.0,1196.0662,0.0,4,1017.518,2026-04-24T13:32:36,2026-04-24T13:49:33,ok,pickles/moead_ws/rc202_21/run03.pkl,unknown,1
smsemoa,r109_21,25,1791877628,850000,850080,105,105,5614195.406504,,17.0,1742.269,7.2649,9,657.246,2026-04-24T13:39:37,2026-04-24T13:50:34,ok,pickles/smsemoa/r109_21/run25.pkl,unknown,1
nsga2,c103_21,14,3931474742,850000,850080,105,105,40781389.983262,,12.0,1543.559,110.7756,8,718.424,2026-04-24T13:38:36,2026-04-24T13:50:34,ok,pickles/nsga2/c103_21/run14.pkl,unknown,1
smsemoa,rc106_21,24,740900450,850000,850080,105,105,21742916.619089,,17.0,2024.8926,0.0,11,675.102,2026-04-24T13:39:32,2026-04-24T13:50:47,ok,pickles/smsemoa/rc106_21/run24.pkl,unknown,1
nsga2,r207_21,16,1280475715,850000,850080,105,105,2354320.676342,,3.0,858.5947,0.0,3,1505.651,2026-04-24T13:25:43,2026-04-24T13:50:48,ok,pickles/nsga2/r207_21/run16.pkl,unknown,1
moead_ws,rc106_21,13,3056869636,850000,850080,105,100,19689829.944222,,20.0,2277.1855,14.786,11,771.208,2026-04-24T13:41:41,2026-04-24T13:54:32,ok,pickles/moead_ws/rc106_21/run13.pkl,unknown,1
smsemoa,r208_21,16,2897964211,850000,850080,105,49,267406.284205,,3.0,746.7042,0.0,2,1805.02,2026-04-24T13:27:29,2026-04-24T13:57:34,ok,pickles/smsemoa/r208_21/run16.pkl,unknown,1
smsemoa,c104_21,11,852534075,850000,850080,105,105,9187069.506971,,11.0,1199.2403,0.0,5,833.174,2026-04-24T13:43:42,2026-04-24T13:57:35,ok,pickles/smsemoa/c104_21/run11.pkl,unknown,1
nsga2,rc205_21,21,3298807517,850000,850080,105,105,21423893.010892,,4.0,1237.2824,0.0,5,1266.439,2026-04-24T13:37:03,2026-04-24T13:58:09,ok,pickles/nsga2/rc205_21/run21.pkl,unknown,1
nsga2,r105_21,27,2250672638,850000,850080,105,105,22739748.474429,,21.0,1866.4422,0.0,14,586.961,2026-04-24T13:48:24,2026-04-24T13:58:11,ok,pickles/nsga2/r105_21/run27.pkl,unknown,1
moead_ws,r211_21,29,1822918828,850000,850080,105,80,14802015.012818,,3.0,740.7211,0.0,4,1887.809,2026-04-24T13:26:57,2026-04-24T13:58:25,ok,pickles/moead_ws/r211_21/run29.pkl,unknown,1
smsemoa,c104_21,18,2627120802,850000,850080,105,105,14805913.876793,,11.0,1429.7111,0.0,6,848.34,2026-04-24T13:45:00,2026-04-24T13:59:08,ok,pickles/smsemoa/c104_21/run18.pkl,unknown,1
moead_ws,r211_21,10,26084713,850000,850080,105,98,959851.003725,,4.0,741.6041,0.0,2,1883.282,2026-04-24T13:33:01,2026-04-24T14:04:24,ok,pickles/moead_ws/r211_21/run10.pkl,unknown,1
nsga2,rc203_21,1,2088534389,850000,850080,105,105,23829993.19874,,4.0,1194.6066,0.0,5,1139.433,2026-04-24T13:47:07,2026-04-24T14:06:07,ok,pickles/nsga2/rc203_21/run01.pkl,unknown,1
moead_ws,c104_21,21,1727182655,850000,850080,105,88,10415765.34104,,12.0,1592.0245,0.0,3,988.481,2026-04-24T13:50:49,2026-04-24T14:07:17,ok,pickles/moead_ws/c104_21/run21.pkl,unknown,1
nsga2,rc106_21,24,1019424533,850000,850080,105,105,10025804.694586,,18.0,2024.2355,0.0,9,628.352,2026-04-24T13:57:34,2026-04-24T14:08:02,ok,pickles/nsga2/rc106_21/run24.pkl,unknown,1
moead_ws,c202_21,24,1597480376,850000,850080,105,104,424698635.839032,,6.0,1213.6037,117.3938,3,1120.11,2026-04-24T13:49:34,2026-04-24T14:08:14,ok,pickles/moead_ws/c202_21/run24.pkl,unknown,1
moead_ws,rc205_21,29,3843958003,850000,850080,105,104,89856566.280302,,6.0,1199.5415,21.128,4,1154.366,2026-04-24T13:50:34,2026-04-24T14:09:49,ok,pickles/moead_ws/rc205_21/run29.pkl,unknown,1
smsemoa,c103_21,21,1186563934,850000,850080,105,105,142512147.277747,,12.0,1608.7462,247.1525,11,762.823,2026-04-24T13:58:09,2026-04-24T14:10:52,ok,pickles/smsemoa/c103_21/run21.pkl,unknown,1
moead_ws,r205_21,29,1320169052,850000,850080,105,102,39459246.705796,,5.0,880.726,14.2354,4,1318.513,2026-04-24T13:49:33,2026-04-24T14:11:31,ok,pickles/moead_ws/r205_21/run29.pkl,unknown,1
smsemoa,r205_21,21,1964092234,850000,850080,105,105,15754528.00042,,4.0,965.6902,0.0,3,1336.911,2026-04-24T13:50:47,2026-04-24T14:13:04,ok,pickles/smsemoa/r205_21/run21.pkl,unknown,1
nsga2,r105_21,25,2010737145,850000,850080,105,105,13973097.559636,,19.0,1736.0241,6.6908,12,580.023,2026-04-24T14:06:07,2026-04-24T14:15:47,ok,pickles/nsga2/r105_21/run25.pkl,unknown,1
smsemoa,c102_21,30,2563292302,850000,850080,105,105,95564170.487405,,14.0,1792.3716,742.8817,8,688.498,2026-04-24T14:04:24,2026-04-24T14:15:53,ok,pickles/smsemoa/c102_21/run30.pkl,unknown,1
smsemoa,r211_21,7,3066170035,850000,850080,105,105,5459408.100443,,3.0,802.5537,0.0,3,1783.167,2026-04-24T13:49:07,2026-04-24T14:18:50,ok,pickles/smsemoa/r211_21/run07.pkl,unknown,1
smsemoa,rc203_21,14,3108989327,850000,850080,105,105,1127817.323296,,4.0,1160.0922,0.0,2,1197.527,2026-04-24T13:59:08,2026-04-24T14:19:05,ok,pickles/smsemoa/rc203_21/run14.pkl,unknown,1
smsemoa,rc208_21,24,503940523,850000,850080,105,105,1579955.070828,,3.0,862.8783,0.0,2,1782.847,2026-04-24T13:50:34,2026-04-24T14:20:17,ok,pickles/smsemoa/rc208_21/run24.pkl,unknown,1
smsemoa,r207_21,17,1287338926,850000,850080,105,89,1478926.458209,,4.0,838.2189,0.0,2,1453.33,2026-04-24T13:58:11,2026-04-24T14:22:24,ok,pickles/smsemoa/r207_21/run17.pkl,unknown,1
smsemoa,c107_21,22,1924258752,850000,850080,105,105,47709420.323475,,14.0,1716.378,363.0247,8,712.579,2026-04-24T14:10:52,2026-04-24T14:22:45,ok,pickles/smsemoa/c107_21/run22.pkl,unknown,1
smsemoa,r211_21,20,1795610689,850000,850080,105,105,4292580.007867,,3.0,777.4216,0.0,3,1821.215,2026-04-24T13:54:32,2026-04-24T14:24:53,ok,pickles/smsemoa/r211_21/run20.pkl,unknown,1
moead_ws,c202_21,17,2202331592,850000,850080,105,89,688994251.831745,,6.0,1237.6482,458.5387,4,1111.615,2026-04-24T14:08:02,2026-04-24T14:26:34,ok,pickles/moead_ws/c202_21/run17.pkl,unknown,1
nsga2,r208_21,30,1416735787,850000,850080,105,54,380450.112016,,3.0,812.0202,0.0,3,1748.125,2026-04-24T13:57:35,2026-04-24T14:26:43,ok,pickles/nsga2/r208_21/run30.pkl,unknown,1
nsga2,c107_21,24,1434907168,850000,850080,105,105,59790856.175464,,13.0,1676.7284,624.1254,9,697.364,2026-04-24T14:15:53,2026-04-24T14:27:30,ok,pickles/nsga2/c107_21/run24.pkl,unknown,1
moead_ws,rc208_21,20,361211569,850000,850080,105,92,38754678.147732,,4.0,888.4715,0.0,5,1747.565,2026-04-24T13:58:25,2026-04-24T14:27:33,ok,pickles/moead_ws/rc208_21/run20.pkl,unknown,1
smsemoa,r205_21,26,3563292901,850000,850080,105,105,36594073.958077,,4.0,964.2368,0.0,4,1279.798,2026-04-24T14:08:14,2026-04-24T14:29:34,ok,pickles/smsemoa/r205_21/run26.pkl,unknown,1
nsga2,c102_21,4,206483037,850000,850080,105,105,100203808.561139,,14.0,1795.6648,353.3853,10,710.553,2026-04-24T14:20:17,2026-04-24T14:32:07,ok,pickles/nsga2/c102_21/run04.pkl,unknown,1
moead_ws,c102_21,14,3987319820,850000,850080,105,100,107652963.895281,,16.0,1837.5512,531.8796,6,825.963,2026-04-24T14:19:06,2026-04-24T14:32:52,ok,pickles/moead_ws/c102_21/run14.pkl,unknown,1
nsga2,r205_21,7,4041076246,850000,850080,105,105,13526898.100302,,4.0,1109.2795,0.0,3,1290.712,2026-04-24T14:11:31,2026-04-24T14:33:02,ok,pickles/nsga2/r205_21/run07.pkl,unknown,1
moead_ws,r207_21,4,1722074546,850000,850080,105,97,6032132.422811,,5.0,862.9684,0.0,2,1395.113,2026-04-24T14:09:49,2026-04-24T14:33:04,ok,pickles/moead_ws/r207_21/run04.pkl,unknown,1
moead_ws,r109_21,21,1162891166,850000,850080,105,93,12319358.23328,,18.0,1742.1958,0.0,10,735.354,2026-04-24T14:22:24,2026-04-24T14:34:40,ok,pickles/moead_ws/r109_21/run21.pkl,unknown,1
nsga2,r205_21,5,1207219076,850000,850080,105,105,37763149.437575,,4.0,1021.9989,0.0,5,1301.973,2026-04-24T14:13:04,2026-04-24T14:34:46,ok,pickles/nsga2/r205_21/run05.pkl,unknown,1
smsemoa,c104_21,27,3217373313,850000,850080,105,100,34921454.481262,,10.0,1376.6998,0.0,7,825.653,2026-04-24T14:22:45,2026-04-24T14:36:30,ok,pickles/smsemoa/c104_21/run27.pkl,unknown,1
nsga2,r105_21,7,1088046949,850000,850080,105,105,11689789.851034,,20.0,1849.3182,26.6051,11,615.964,2026-04-24T14:26:34,2026-04-24T14:36:50,ok,pickles/nsga2/r105_21/run07.pkl,unknown,1
nsga2,r109_21,13,1220287626,850000,850080,105,105,4528587.462513,,18.0,1748.6454,0.0,8,632.765,2026-04-24T14:26:43,2026-04-24T14:37:16,ok,pickles/nsga2/r109_21/run13.pkl,unknown,1
moead_ws,r105_21,2,3075620123,850000,850080,105,99,19989022.645383,,24.0,2286.1011,36.2041,10,783.308,2026-04-24T14:24:54,2026-04-24T14:37:57,ok,pickles/moead_ws/r105_21/run02.pkl,unknown,1
nsga2,r211_21,2,889006322,850000,850080,105,105,1702246.389937,,3.0,821.2471,0.0,2,1847.511,2026-04-24T14:07:17,2026-04-24T14:38:05,ok,pickles/nsga2/r211_21/run02.pkl,unknown,1
nsga2,c104_21,10,2589829119,850000,850080,105,105,3995307.61795,,11.0,1352.6253,63.6252,4,786.529,2026-04-24T14:27:30,2026-04-24T14:40:37,ok,pickles/nsga2/c104_21/run10.pkl,unknown,1
smsemoa,r207_21,5,2227711645,850000,850080,105,105,2426071.801287,,4.0,947.1215,0.0,3,1443.462,2026-04-24T14:18:50,2026-04-24T14:42:53,ok,pickles/smsemoa/r207_21/run05.pkl,unknown,1
smsemoa,c107_21,5,7300767,850000,850080,105,105,76817880.82499,,13.0,1612.4928,1045.79,8,714.401,2026-04-24T14:32:07,2026-04-24T14:44:02,ok,pickles/smsemoa/c107_21/run05.pkl,unknown,1
moead_ws,rc106_21,22,4247282687,850000,850080,105,102,18178480.689565,,18.0,2079.2533,0.0,10,766.941,2026-04-24T14:33:05,2026-04-24T14:45:52,ok,pickles/moead_ws/rc106_21/run22.pkl,unknown,1
nsga2,c102_21,23,3508745591,850000,850080,105,105,153540069.388277,,13.0,1854.2655,1220.8926,10,700.143,2026-04-24T14:34:46,2026-04-24T14:46:26,ok,pickles/nsga2/c102_21/run23.pkl,unknown,1
nsga2,rc203_21,9,1204116669,850000,850080,105,105,14972740.542659,,4.0,1179.4035,0.0,4,1182.157,2026-04-24T14:27:33,2026-04-24T14:47:15,ok,pickles/nsga2/rc203_21/run09.pkl,unknown,1
moead_ws,rc205_21,19,2238361018,850000,850080,105,98,178983904.728014,,6.0,1083.9824,0.0,6,1145.239,2026-04-24T14:29:34,2026-04-24T14:48:40,ok,pickles/moead_ws/rc205_21/run19.pkl,unknown,1
smsemoa,r208_21,12,2808568982,850000,850080,105,32,15187.782649,,3.0,813.35,0.0,1,2014.315,2026-04-24T14:15:47,2026-04-24T14:49:21,ok,pickles/smsemoa/r208_21/run12.pkl,unknown,1
moead_ws,r109_21,29,2639374943,850000,850080,105,92,5789939.992453,,20.0,1837.7125,26.069,7,774.612,2026-04-24T14:36:31,2026-04-24T14:49:26,ok,pickles/moead_ws/r109_21/run29.pkl,unknown,1
nsga2,r205_21,13,806316963,850000,850080,105,105,20100594.122332,,4.0,953.711,0.0,4,1216.109,2026-04-24T14:34:40,2026-04-24T14:54:56,ok,pickles/nsga2/r205_21/run13.pkl,unknown,1
smsemoa,c202_21,24,737616190,850000,850080,105,105,39151726.775888,,5.0,1010.5177,0.0,4,1126.253,2026-04-24T14:37:16,2026-04-24T14:56:02,ok,pickles/smsemoa/c202_21/run24.pkl,unknown,1
nsga2,c102_21,14,1057442742,850000,850080,105,105,76664289.194762,,14.0,1735.16,180.6303,8,700.865,2026-04-24T14:45:52,2026-04-24T14:57:33,ok,pickles/nsga2/c102_21/run14.pkl,unknown,1
moead_ws,c202_21,15,3174415391,850000,850080,105,100,251470893.238923,,6.0,1157.6559,1115.1862,4,1215.662,2026-04-24T14:38:05,2026-04-24T14:58:21,ok,pickles/moead_ws/c202_21/run15.pkl,unknown,1
nsga2,r208_21,9,470341750,850000,850080,105,93,1455373.496872,,3.0,852.5792,0.0,3,1593.285,2026-04-24T14:33:02,2026-04-24T14:59:35,ok,pickles/nsga2/r208_21/run09.pkl,unknown,1
moead_ws,rc208_21,10,764326748,850000,850080,105,102,2630992.695882,,4.0,906.9065,0.0,2,1792.72,2026-04-24T14:32:52,2026-04-24T15:02:45,ok,pickles/moead_ws/rc208_21/run10.pkl,unknown,1
nsga2,rc208_21,1,1046688988,850000,850080,105,105,3070305.370542,,4.0,999.7554,0.0,2,1693.331,2026-04-24T14:36:50,2026-04-24T15:05:03,ok,pickles/nsga2/rc208_21/run01.pkl,unknown,1
smsemoa,r205_21,18,614559114,850000,850080,105,105,14749862.123665,,4.0,1012.3015,22.1673,3,1331.697,2026-04-24T14:44:02,2026-04-24T15:06:14,ok,pickles/smsemoa/r205_21/run18.pkl,unknown,1
nsga2,c103_21,9,318011084,850000,850080,105,105,44285119.172432,,12.0,1590.4187,0.0,8,699.925,2026-04-24T14:56:02,2026-04-24T15:07:42,ok,pickles/nsga2/c103_21/run09.pkl,unknown,1
moead_ws,r208_21,21,2092190243,850000,850080,105,96,1942484.426742,,3.0,790.5586,0.0,3,1810.73,2026-04-24T14:37:57,2026-04-24T15:08:08,ok,pickles/moead_ws/r208_21/run21.pkl,unknown,1
nsga2,rc203_21,14,2787288423,850000,850080,105,105,2445619.932268,,4.0,1219.5377,0.0,3,1260.41,2026-04-24T14:47:15,2026-04-24T15:08:15,ok,pickles/nsga2/rc203_21/run14.pkl,unknown,1
smsemoa,r207_21,18,1192907561,850000,850080,105,105,3121550.833685,,4.0,925.2206,0.0,3,1553.242,2026-04-24T14:42:53,2026-04-24T15:08:47,ok,pickles/smsemoa/r207_21/run18.pkl,unknown,1
nsga2,rc205_21,8,717615625,850000,850080,105,105,16687396.408405,,5.0,1322.0751,0.0,5,1161.29,2026-04-24T14:49:26,2026-04-24T15:08:47,ok,pickles/nsga2/rc205_21/run08.pkl,unknown,1
moead_ws,c103_21,23,3483065366,850000,850080,105,101,86853113.735426,,14.0,1800.411,0.0,8,855.212,2026-04-24T14:54:56,2026-04-24T15:09:12,ok,pickles/moead_ws/c103_21/run23.pkl,unknown,1
nsga2,r208_21,21,425895391,850000,850080,105,70,1211652.73349,,3.0,815.0812,0.0,3,1724.591,2026-04-24T14:40:37,2026-04-24T15:09:21,ok,pickles/nsga2/r208_21/run21.pkl,unknown,1
nsga2,r207_21,13,4157272391,850000,850080,105,105,381859.755601,,4.0,808.7409,0.0,1,1515.389,2026-04-24T14:49:21,2026-04-24T15:14:36,ok,pickles/nsga2/r207_21/run13.pkl,unknown,1
moead_ws,r105_21,3,3270006629,850000,850080,105,94,24685077.551628,,24.0,2232.6899,95.5541,11,744.595,2026-04-24T15:02:46,2026-04-24T15:15:10,ok,pickles/moead_ws/r105_21/run03.pkl,unknown,1
smsemoa,rc106_21,10,967331627,850000,850080,105,105,17339573.846267,,16.0,1940.0713,5.9867,10,668.283,2026-04-24T15:05:03,2026-04-24T15:16:12,ok,pickles/smsemoa/rc106_21/run10.pkl,unknown,1
nsga2,rc205_21,3,471140593,850000,850080,105,105,32356562.849434,,5.0,1188.7145,0.0,5,1162.477,2026-04-24T14:58:21,2026-04-24T15:17:43,ok,pickles/nsga2/rc205_21/run03.pkl,unknown,1
smsemoa,rc208_21,28,1312604702,850000,850080,105,105,3594655.734933,,3.0,898.0935,0.0,3,1755.523,2026-04-24T14:48:40,2026-04-24T15:17:55,ok,pickles/smsemoa/rc208_21/run28.pkl,unknown,1
nsga2,rc205_21,12,2616003218,850000,850080,105,105,31351883.433985,,4.0,1237.611,0.0,5,1235.777,2026-04-24T14:57:33,2026-04-24T15:18:08,ok,pickles/nsga2/rc205_21/run12.pkl,unknown,1
smsemoa,r109_21,2,1088356196,850000,850080,105,105,7982498.483591,,18.0,1705.9078,6.8789,9,652.97,2026-04-24T15:08:08,2026-04-24T15:19:01,ok,pickles/smsemoa/r109_21/run02.pkl,unknown,1
moead_ws,r211_21,13,2432688563,850000,850080,105,99,3563881.801536,,3.0,851.096,0.0,3,1981.385,2026-04-24T14:46:26,2026-04-24T15:19:28,ok,pickles/moead_ws/r211_21/run13.pkl,unknown,1
smsemoa,r205_21,5,4091888717,850000,850080,105,105,72500413.971491,,4.0,976.3097,2.3088,5,1251.991,2026-04-24T14:59:35,2026-04-24T15:20:27,ok,pickles/smsemoa/r205_21/run05.pkl,unknown,1
smsemoa,c107_21,7,205164832,850000,850080,105,105,89186505.977496,,14.0,1708.7493,812.571,9,700.707,2026-04-24T15:08:47,2026-04-24T15:20:28,ok,pickles/smsemoa/c107_21/run07.pkl,unknown,1
moead_ws,r109_21,30,3683008361,850000,850080,105,92,11696947.642175,,19.0,1775.9237,3.7678,10,762.657,2026-04-24T15:09:12,2026-04-24T15:21:55,ok,pickles/moead_ws/r109_21/run30.pkl,unknown,1
smsemoa,r109_21,28,1423729433,850000,850080,105,105,5152729.214059,,18.0,1713.1335,3.2877,7,666.665,2026-04-24T15:14:36,2026-04-24T15:25:43,ok,pickles/smsemoa/r109_21/run28.pkl,unknown,1
nsga2,rc205_21,7,1223527242,850000,850080,105,105,14895176.724742,,5.0,1304.9349,0.0,3,1140.683,2026-04-24T15:07:42,2026-04-24T15:26:43,ok,pickles/nsga2/rc205_21/run07.pkl,unknown,1
nsga2,c107_21,11,3053164207,850000,850080,105,105,169572253.233974,,13.0,1664.156,196.2155,11,695.576,2026-04-24T15:16:12,2026-04-24T15:27:47,ok,pickles/nsga2/c107_21/run11.pkl,unknown,1
moead_ws,rc205_21,16,1003331318,850000,850080,105,103,72644612.880466,,6.0,1257.461,1.0,4,1167.778,2026-04-24T15:08:47,2026-04-24T15:28:15,ok,pickles/moead_ws/rc205_21/run16.pkl,unknown,1
moead_ws,rc203_21,27,1697067134,850000,850080,105,101,12145379.607305,,6.0,1438.1218,0.0,3,1185.967,2026-04-24T15:09:22,2026-04-24T15:29:08,ok,pickles/moead_ws/rc203_21/run27.pkl,unknown,1
smsemoa,r205_21,2,682225132,850000,850080,105,105,68805369.040562,,4.0,874.6141,0.0,5,1269.024,2026-04-24T15:08:15,2026-04-24T15:29:25,ok,pickles/smsemoa/r205_21/run02.pkl,unknown,1
smsemoa,c107_21,24,1985670757,850000,850080,105,105,90983995.197096,,14.0,1662.7307,258.4554,9,706.364,2026-04-24T15:17:43,2026-04-24T15:29:30,ok,pickles/smsemoa/c107_21/run24.pkl,unknown,1
nsga2,r105_21,21,2456170664,850000,850080,105,105,12102153.373164,,20.0,1830.7169,0.0,10,614.057,2026-04-24T15:19:28,2026-04-24T15:29:42,ok,pickles/nsga2/r105_21/run21.pkl,unknown,1
moead_ws,r207_21,14,996579578,850000,850080,105,99,7653722.281703,,4.0,850.5115,0.0,2,1531.498,2026-04-24T15:06:14,2026-04-24T15:31:46,ok,pickles/moead_ws/r207_21/run14.pkl,unknown,1
moead_ws,r105_21,6,3180830996,850000,850080,105,101,15311070.842034,,23.0,2029.0056,30.1992,9,751.57,2026-04-24T15:20:28,2026-04-24T15:32:59,ok,pickles/moead_ws/r105_21/run06.pkl,unknown,1
moead_ws,rc106_21,21,321467250,850000,850080,105,105,29413390.889798,,18.0,2070.143,1.4031,11,755.988,2026-04-24T15:21:55,2026-04-24T15:34:31,ok,pickles/moead_ws/rc106_21/run21.pkl,unknown,1
nsga2,r205_21,1,1414695144,850000,850080,105,105,31081321.445281,,4.0,903.4509,0.0,4,1293.798,2026-04-24T15:15:10,2026-04-24T15:36:44,ok,pickles/nsga2/r205_21/run01.pkl,unknown,1
smsemoa,c102_21,6,3629109414,850000,850080,105,105,105452308.315104,,13.0,1786.0734,281.5492,10,702.475,2026-04-24T15:26:43,2026-04-24T15:38:26,ok,pickles/smsemoa/c102_21/run06.pkl,unknown,1
moead_ws,rc205_21,24,3220333136,850000,850080,105,104,29363432.609294,,6.0,1215.4261,6.5174,3,1271.01,2026-04-24T15:17:56,2026-04-24T15:39:07,ok,pickles/moead_ws/rc205_21/run24.pkl,unknown,1
nsga2,c102_21,1,2198905298,850000,850080,105,105,37755415.649038,,14.0,1729.383,760.8418,6,697.981,2026-04-24T15:29:08,2026-04-24T15:40:46,ok,pickles/nsga2/c102_21/run01.pkl,unknown,1
smsemoa,c107_21,10,938099598,850000,850080,105,105,60625198.765459,,13.0,1600.7089,883.0089,9,706.105,2026-04-24T15:29:42,2026-04-24T15:41:28,ok,pickles/smsemoa/c107_21/run10.pkl,unknown,1
smsemoa,r205_21,27,3362638171,850000,850080,105,105,64619358.316378,,4.0,958.5419,0.0,5,1282.769,2026-04-24T15:20:28,2026-04-24T15:41:50,ok,pickles/smsemoa/r205_21/run27.pkl,unknown,1
nsga2,c107_21,20,851776811,850000,850080,105,105,118190628.52061,,12.0,1534.2584,227.7953,11,687.325,2026-04-24T15:32:59,2026-04-24T15:44:27,ok,pickles/nsga2/c107_21/run20.pkl,unknown,1
moead_ws,c107_21,2,2272632991,850000,850080,105,104,76726748.164001,,16.0,1693.4014,168.4532,4,830.652,2026-04-24T15:34:32,2026-04-24T15:48:22,ok,pickles/moead_ws/c107_21/run02.pkl,unknown,1
nsga2,c202_21,26,1328570110,850000,850080,105,105,164395983.334481,,5.0,1240.0451,114.6357,6,1163.479,2026-04-24T15:29:30,2026-04-24T15:48:53,ok,pickles/nsga2/c202_21/run26.pkl,unknown,1
moead_ws,r211_21,20,1937996731,850000,850080,105,91,2549923.608546,,3.0,756.8996,0.0,3,1879.759,2026-04-24T15:19:02,2026-04-24T15:50:21,ok,pickles/moead_ws/r211_21/run20.pkl,unknown,1
moead_ws,r208_21,17,3882359161,850000,850080,105,103,1590186.927435,,3.0,853.7939,0.0,2,1935.976,2026-04-24T15:18:09,2026-04-24T15:50:25,ok,pickles/moead_ws/r208_21/run17.pkl,unknown,1
moead_ws,rc205_21,2,1043913433,850000,850080,105,102,106657308.952451,,6.0,1193.5813,0.0,5,1152.754,2026-04-24T15:31:46,2026-04-24T15:50:59,ok,pickles/moead_ws/rc205_21/run02.pkl,unknown,1
nsga2,rc106_21,5,3601656875,850000,850080,105,105,7746284.207036,,18.0,2094.0179,10.208,9,641.04,2026-04-24T15:40:46,2026-04-24T15:51:27,ok,pickles/nsga2/rc106_21/run05.pkl,unknown,1
nsga2,c104_21,5,3624244907,850000,850080,105,105,21827662.939388,,10.0,1429.0214,0.0,7,839.46,2026-04-24T15:38:26,2026-04-24T15:52:25,ok,pickles/nsga2/c104_21/run05.pkl,unknown,1
smsemoa,r207_21,2,688499970,850000,850080,105,105,3331527.404798,,3.0,824.4793,0.0,3,1506.317,2026-04-24T15:28:15,2026-04-24T15:53:21,ok,pickles/smsemoa/r207_21/run02.pkl,unknown,1
nsga2,c103_21,3,43931081,850000,850080,105,105,29747141.941553,,12.0,1406.5056,0.0,5,704.167,2026-04-24T15:44:27,2026-04-24T15:56:11,ok,pickles/nsga2/c103_21/run03.pkl,unknown,1
moead_ws,r208_21,13,2149471598,850000,850080,105,84,42487.798915,,3.0,760.2605,0.0,2,1868.347,2026-04-24T15:25:43,2026-04-24T15:56:52,ok,pickles/moead_ws/r208_21/run13.pkl,unknown,1
moead_ws,r208_21,29,38883239,850000,850080,105,101,3377735.479458,,3.0,870.6101,0.0,4,1746.84,2026-04-24T15:27:48,2026-04-24T15:56:55,ok,pickles/moead_ws/r208_21/run29.pkl,unknown,1
nsga2,rc202_21,6,2529125745,850000,850080,105,105,18084448.786817,,5.0,1324.8263,0.0,4,1094.942,2026-04-24T15:39:07,2026-04-24T15:57:22,ok,pickles/nsga2/rc202_21/run06.pkl,unknown,1
nsga2,rc106_21,27,1538116158,850000,850080,105,105,14892704.729827,,18.0,2070.2211,0.0,9,617.784,2026-04-24T15:48:22,2026-04-24T15:58:40,ok,pickles/nsga2/rc106_21/run27.pkl,unknown,1
nsga2,r211_21,9,3570816633,850000,850080,105,105,1709917.101762,,3.0,771.3566,0.0,2,1771.361,2026-04-24T15:29:25,2026-04-24T15:58:56,ok,pickles/nsga2/r211_21/run09.pkl,unknown,1
moead_ws,rc203_21,24,3637290946,850000,850080,105,93,16980965.757307,,5.0,1245.9971,0.0,4,1155.69,2026-04-24T15:41:51,2026-04-24T16:01:07,ok,pickles/moead_ws/rc203_21/run24.pkl,unknown,1
smsemoa,rc203_21,26,2506965701,850000,850080,105,105,9202908.349043,,4.0,1048.9439,0.0,4,1268.342,2026-04-24T15:41:28,2026-04-24T16:02:36,ok,pickles/smsemoa/rc203_21/run26.pkl,unknown,1
moead_ws,c102_21,5,163718680,850000,850080,105,99,83193438.401869,,17.0,2035.726,734.1468,5,842.219,2026-04-24T15:48:54,2026-04-24T16:02:56,ok,pickles/moead_ws/c102_21/run05.pkl,unknown,1
nsga2,c107_21,22,1130308533,850000,850080,105,105,68421280.350076,,14.0,1697.1734,213.4864,8,713.194,2026-04-24T15:51:27,2026-04-24T16:03:20,ok,pickles/nsga2/c107_21/run22.pkl,unknown,1
nsga2,rc208_21,24,3624676598,850000,850080,105,104,1310530.269479,,3.0,831.6772,0.0,3,1763.987,2026-04-24T15:36:44,2026-04-24T16:06:08,ok,pickles/nsga2/rc208_21/run24.pkl,unknown,1
moead_ws,c107_21,22,1406632393,850000,850080,105,102,334230196.855365,,16.0,2010.5575,217.1411,7,828.91,2026-04-24T15:53:22,2026-04-24T16:07:10,ok,pickles/moead_ws/c107_21/run22.pkl,unknown,1
moead_ws,c103_21,2,2483358455,850000,850080,105,90,88588444.206198,,13.0,1811.9357,1.76,6,854.273,2026-04-24T15:56:11,2026-04-24T16:10:26,ok,pickles/moead_ws/c103_21/run02.pkl,unknown,1
moead_ws,c103_21,21,1063467004,850000,850080,105,96,229987464.121287,,13.0,1602.3776,0.0,9,868.563,2026-04-24T15:57:22,2026-04-24T16:11:51,ok,pickles/moead_ws/c103_21/run21.pkl,unknown,1
moead_ws,c104_21,7,2866975632,850000,850080,105,93,22682383.519014,,12.0,1647.7649,0.0,4,925.19,2026-04-24T15:56:52,2026-04-24T16:12:17,ok,pickles/moead_ws/c104_21/run07.pkl,unknown,1
moead_ws,c107_21,13,2452234167,850000,850080,105,100,62223133.12036,,16.0,1820.7635,333.722,7,829.745,2026-04-24T15:58:56,2026-04-24T16:12:46,ok,pickles/moead_ws/c107_21/run13.pkl,unknown,1
moead_ws,r205_21,10,1194745076,850000,850080,105,100,49071789.953719,,5.0,947.7016,0.0,4,1417.104,2026-04-24T15:50:25,2026-04-24T16:14:02,ok,pickles/moead_ws/r205_21/run10.pkl,unknown,1
smsemoa,r207_21,12,3627042764,850000,850080,105,105,3677734.288702,,3.0,884.4643,0.0,3,1490.036,2026-04-24T15:50:21,2026-04-24T16:15:11,ok,pickles/smsemoa/r207_21/run12.pkl,unknown,1
moead_ws,c102_21,21,3872657482,850000,850080,105,94,61393966.188579,,15.0,1700.8192,522.9497,5,816.375,2026-04-24T16:02:37,2026-04-24T16:16:13,ok,pickles/moead_ws/c102_21/run21.pkl,unknown,1
moead_ws,c202_21,16,2117225444,850000,850080,105,102,65297986.659916,,6.0,1103.2186,44.5407,3,1095.633,2026-04-24T15:58:41,2026-04-24T16:16:56,ok,pickles/moead_ws/c202_21/run16.pkl,unknown,1
moead_ws,c102_21,2,1704974571,850000,850080,105,97,342366398.813343,,16.0,1880.8254,249.5966,7,827.202,2026-04-24T16:03:21,2026-04-24T16:17:08,ok,pickles/moead_ws/c102_21/run02.pkl,unknown,1
moead_ws,rc205_21,11,2945168468,850000,850080,105,103,36327513.938109,,6.0,1398.0919,1.0,5,1108.317,2026-04-24T16:01:07,2026-04-24T16:19:35,ok,pickles/moead_ws/rc205_21/run11.pkl,unknown,1
nsga2,r207_21,6,3916816977,850000,850080,105,105,2444694.043031,,4.0,944.1041,0.0,2,1385.584,2026-04-24T15:56:55,2026-04-24T16:20:00,ok,pickles/nsga2/r207_21/run06.pkl,unknown,1
moead_ws,r208_21,16,1150117303,850000,850080,105,101,4146249.150865,,3.0,828.2327,0.0,3,1827.679,2026-04-24T15:50:59,2026-04-24T16:21:27,ok,pickles/moead_ws/r208_21/run16.pkl,unknown,1
nsga2,rc202_21,7,4223434531,850000,850080,105,105,14720493.487835,,5.0,1194.3393,0.0,4,972.714,2026-04-24T16:06:08,2026-04-24T16:22:21,ok,pickles/nsga2/rc202_21/run07.pkl,unknown,1
moead_ws,rc208_21,3,3966986005,850000,850080,105,100,1750386.593617,,4.0,849.9674,0.0,2,1796.937,2026-04-24T15:52:25,2026-04-24T16:22:22,ok,pickles/moead_ws/rc208_21/run03.pkl,unknown,1
moead_ws,rc106_21,4,2435646313,850000,850080,105,97,14955411.860057,,17.0,2111.1935,1.9561,11,758.607,2026-04-24T16:10:26,2026-04-24T16:23:05,ok,pickles/moead_ws/rc106_21/run04.pkl,unknown,1
moead_ws,r205_21,26,2203550071,850000,850080,105,105,60413251.632895,,5.0,839.8383,41.8631,4,1276.667,2026-04-24T16:02:56,2026-04-24T16:24:13,ok,pickles/moead_ws/r205_21/run26.pkl,unknown,1
moead_ws,rc106_21,7,3584336080,850000,850080,105,99,53150856.499266,,18.0,1934.3529,4.5246,13,743.205,2026-04-24T16:11:51,2026-04-24T16:24:14,ok,pickles/moead_ws/rc106_21/run07.pkl,unknown,1
smsemoa,rc106_21,25,3833231025,850000,850080,105,105,9545596.512646,,18.0,2273.816,24.3496,10,651.805,2026-04-24T16:14:02,2026-04-24T16:24:54,ok,pickles/smsemoa/rc106_21/run25.pkl,unknown,1
nsga2,rc205_21,18,2419702376,850000,850080,105,105,26268631.903008,,5.0,1147.0544,8.3178,3,1151.792,2026-04-24T16:07:10,2026-04-24T16:26:22,ok,pickles/nsga2/rc205_21/run18.pkl,unknown,1
nsga2,r109_21,19,515354802,850000,850080,105,93,948269.443909,,18.0,1624.3267,0.0,4,622.795,2026-04-24T16:20:00,2026-04-24T16:30:23,ok,pickles/nsga2/r109_21/run19.pkl,unknown,1
nsga2,rc202_21,28,231601779,850000,850080,105,105,17254229.941916,,5.0,1251.5834,0.0,4,1106.223,2026-04-24T16:12:17,2026-04-24T16:30:44,ok,pickles/nsga2/rc202_21/run28.pkl,unknown,1
moead_ws,c104_21,22,3736081569,850000,850080,105,90,33160286.856053,,12.0,1548.6846,1.9126,4,949.381,2026-04-24T16:17:08,2026-04-24T16:32:58,ok,pickles/moead_ws/c104_21/run22.pkl,unknown,1
smsemoa,rc205_21,15,3367438634,850000,850080,105,105,17640138.044147,,5.0,1246.2108,0.0,3,1103.349,2026-04-24T16:16:13,2026-04-24T16:34:36,ok,pickles/smsemoa/rc205_21/run15.pkl,unknown,1
nsga2,r109_21,1,1590269924,850000,850080,105,105,4737072.164275,,17.0,1706.4715,0.0,7,632.028,2026-04-24T16:24:13,2026-04-24T16:34:45,ok,pickles/nsga2/r109_21/run01.pkl,unknown,1
smsemoa,rc205_21,21,2728087062,850000,850080,105,105,21528376.976977,,6.0,1153.6682,0.0,3,1118.372,2026-04-24T16:16:56,2026-04-24T16:35:35,ok,pickles/smsemoa/rc205_21/run21.pkl,unknown,1
moead_ws,r109_21,22,4030643315,850000,850080,105,103,10064166.581501,,20.0,1893.3809,1.7024,7,766.482,2026-04-24T16:23:05,2026-04-24T16:35:52,ok,pickles/moead_ws/r109_21/run22.pkl,unknown,1
nsga2,c202_21,17,1494204285,850000,850080,105,105,39380562.539202,,4.0,931.4407,752.9862,4,1323.369,2026-04-24T16:15:11,2026-04-24T16:37:15,ok,pickles/nsga2/c202_21/run17.pkl,unknown,1
smsemoa,c104_21,26,3643681874,850000,850080,105,105,4662930.881173,,11.0,1225.8969,0.0,4,825.045,2026-04-24T16:24:54,2026-04-24T16:38:39,ok,pickles/smsemoa/c104_21/run26.pkl,unknown,1
moead_ws,rc202_21,25,237915635,850000,850080,105,103,79860361.170189,,7.0,1280.8897,0.0,6,1053.921,2026-04-24T16:21:27,2026-04-24T16:39:01,ok,pickles/moead_ws/rc202_21/run25.pkl,unknown,1
moead_ws,c202_21,19,3223682123,850000,850080,105,92,96789004.034203,,5.0,1159.5502,278.3407,3,1192.145,2026-04-24T16:19:36,2026-04-24T16:39:28,ok,pickles/moead_ws/c202_21/run19.pkl,unknown,1
smsemoa,c103_21,1,3459741610,850000,850080,105,105,64886266.576011,,13.0,1686.2359,106.9513,9,733.215,2026-04-24T16:30:23,2026-04-24T16:42:36,ok,pickles/smsemoa/c103_21/run01.pkl,unknown,1
nsga2,r105_21,14,3694860462,850000,850080,105,105,17708562.817946,,21.0,1871.2999,17.5279,12,617.149,2026-04-24T16:32:58,2026-04-24T16:43:15,ok,pickles/nsga2/r105_21/run14.pkl,unknown,1
nsga2,rc203_21,21,3019850339,850000,850080,105,105,8388312.019495,,5.0,1243.865,0.0,3,1141.716,2026-04-24T16:24:14,2026-04-24T16:43:16,ok,pickles/nsga2/rc203_21/run21.pkl,unknown,1
moead_ws,r211_21,5,3567459308,850000,850080,105,97,3562529.348841,,4.0,749.4695,0.0,2,1863.895,2026-04-24T16:12:47,2026-04-24T16:43:50,ok,pickles/moead_ws/r211_21/run05.pkl,unknown,1
smsemoa,c102_21,23,3702367122,850000,850080,105,105,46312419.929995,,15.0,1736.7425,587.3183,8,716.546,2026-04-24T16:34:36,2026-04-24T16:46:33,ok,pickles/smsemoa/c102_21/run23.pkl,unknown,1
nsga2,r207_21,15,1438319420,850000,850080,105,105,2544215.457437,,3.0,926.233,0.0,3,1518.591,2026-04-24T16:22:22,2026-04-24T16:47:41,ok,pickles/nsga2/r207_21/run15.pkl,unknown,1
nsga2,rc202_21,13,1365868218,850000,850080,105,105,31695354.413531,,5.0,1209.8709,0.0,5,1021.783,2026-04-24T16:30:44,2026-04-24T16:47:46,ok,pickles/nsga2/rc202_21/run13.pkl,unknown,1
moead_ws,r205_21,22,2680498737,850000,850080,105,94,46978302.855001,,4.0,820.396,0.0,4,1484.332,2026-04-24T16:26:23,2026-04-24T16:51:07,ok,pickles/moead_ws/r205_21/run22.pkl,unknown,1
nsga2,c104_21,30,564671505,850000,850080,105,105,14596061.52359,,11.0,1456.9561,0.0,5,808.115,2026-04-24T16:38:39,2026-04-24T16:52:07,ok,pickles/nsga2/c104_21/run30.pkl,unknown,1
nsga2,c102_21,18,2837241243,850000,850080,105,105,235352164.246101,,15.0,1883.747,87.9177,13,674.564,2026-04-24T16:43:16,2026-04-24T16:54:31,ok,pickles/nsga2/c102_21/run18.pkl,unknown,1
smsemoa,r208_21,14,3637080771,850000,850080,105,24,15587.829916,,3.0,763.4383,0.0,1,1934.769,2026-04-24T16:22:21,2026-04-24T16:54:35,ok,pickles/smsemoa/r208_21/run14.pkl,unknown,1
moead_ws,c202_21,12,2586395194,850000,850080,105,98,172454193.901879,,5.0,1303.4735,130.4245,4,1138.162,2026-04-24T16:37:15,2026-04-24T16:56:13,ok,pickles/moead_ws/c202_21/run12.pkl,unknown,1
moead_ws,rc202_21,14,1809767093,850000,850080,105,102,82841010.711719,,6.0,1264.0957,0.0,4,1026.812,2026-04-24T16:43:51,2026-04-24T17:00:58,ok,pickles/moead_ws/rc202_21/run14.pkl,unknown,1
moead_ws,c103_21,16,1471483405,850000,850080,105,100,222108426.309083,,14.0,1687.4303,0.0,8,864.722,2026-04-24T16:47:42,2026-04-24T17:02:06,ok,pickles/moead_ws/c103_21/run16.pkl,unknown,1
moead_ws,rc205_21,13,2557524892,850000,850080,105,100,79064234.972739,,6.0,1124.2457,0.0,5,1168.523,2026-04-24T16:43:15,2026-04-24T17:02:44,ok,pickles/moead_ws/rc205_21/run13.pkl,unknown,1
smsemoa,r207_21,14,2725394754,850000,850080,105,105,1732592.218281,,4.0,843.8636,0.0,2,1428.167,2026-04-24T16:39:01,2026-04-24T17:02:49,ok,pickles/smsemoa/r207_21/run14.pkl,unknown,1
nsga2,c202_21,27,1845281210,850000,850080,105,105,112876410.210737,,4.0,1099.5597,26.8489,6,1253.496,2026-04-24T16:42:36,2026-04-24T17:03:30,ok,pickles/nsga2/c202_21/run27.pkl,unknown,1
nsga2,r208_21,29,45133528,850000,850080,105,52,34377.56455,,3.0,867.516,0.0,2,1659.055,2026-04-24T16:35:52,2026-04-24T17:03:31,ok,pickles/nsga2/r208_21/run29.pkl,unknown,1
nsga2,c103_21,15,497130557,850000,850080,105,105,29941430.099842,,12.0,1605.1001,255.035,6,732.41,2026-04-24T16:52:07,2026-04-24T17:04:20,ok,pickles/nsga2/c103_21/run15.pkl,unknown,1
smsemoa,rc208_21,18,2318047218,850000,850080,105,104,3600374.66952,,3.0,922.1744,0.0,3,1778.039,2026-04-24T16:34:45,2026-04-24T17:04:23,ok,pickles/smsemoa/rc208_21/run18.pkl,unknown,1
nsga2,r211_21,19,1573674816,850000,850080,105,105,2831519.649856,,3.0,812.7766,0.0,2,1814.277,2026-04-24T16:35:35,2026-04-24T17:05:49,ok,pickles/nsga2/r211_21/run19.pkl,unknown,1
nsga2,rc208_21,17,1732213544,850000,850080,105,104,1857339.764413,,3.0,877.7681,0.0,2,1738.255,2026-04-24T16:39:28,2026-04-24T17:08:26,ok,pickles/nsga2/rc208_21/run17.pkl,unknown,1
moead_ws,c103_21,8,3522045292,850000,850080,105,103,39421815.656949,,14.0,1630.3418,101.4441,6,883.964,2026-04-24T16:54:36,2026-04-24T17:09:20,ok,pickles/moead_ws/c103_21/run08.pkl,unknown,1
nsga2,r105_21,6,2083218400,850000,850080,105,105,9369208.826033,,17.0,1613.3462,0.6319,10,628.109,2026-04-24T17:02:44,2026-04-24T17:13:12,ok,pickles/nsga2/r105_21/run06.pkl,unknown,1
smsemoa,r207_21,11,15995575,850000,850080,105,99,3872921.06292,,3.0,826.4394,0.0,4,1534.82,2026-04-24T16:47:46,2026-04-24T17:13:20,ok,pickles/smsemoa/r207_21/run11.pkl,unknown,1
smsemoa,rc205_21,22,2015523922,850000,850080,105,105,25573558.573281,,5.0,1144.5793,0.1602,4,1129.088,2026-04-24T16:56:13,2026-04-24T17:15:02,ok,pickles/smsemoa/rc205_21/run22.pkl,unknown,1
nsga2,c102_21,6,2208637666,850000,850080,105,105,115796744.414302,,13.0,1663.7508,79.805,11,660.472,2026-04-24T17:04:23,2026-04-24T17:15:24,ok,pickles/nsga2/c102_21/run06.pkl,unknown,1
moead_ws,rc208_21,11,626214467,850000,850080,105,103,3275120.879078,,4.0,897.4755,0.0,2,1840.062,2026-04-24T16:46:33,2026-04-24T17:17:14,ok,pickles/moead_ws/rc208_21/run11.pkl,unknown,1
moead_ws,r207_21,30,2673895540,850000,850080,105,82,5102494.036267,,4.0,926.1076,0.0,2,1536.139,2026-04-24T16:54:31,2026-04-24T17:20:07,ok,pickles/moead_ws/r207_21/run30.pkl,unknown,1
smsemoa,r109_21,16,3640533820,850000,850080,105,105,9525217.343795,,17.0,1829.7158,1.2772,10,662.56,2026-04-24T17:09:20,2026-04-24T17:20:22,ok,pickles/smsemoa/r109_21/run16.pkl,unknown,1
smsemoa,c107_21,18,3135841232,850000,850080,105,105,47469096.325395,,14.0,1704.1779,409.7209,7,719.261,2026-04-24T17:08:26,2026-04-24T17:20:25,ok,pickles/smsemoa/c107_21/run18.pkl,unknown,1
smsemoa,rc202_21,2,1484174926,850000,850080,105,105,116339654.510257,,5.0,1258.5503,0.0,6,1021.44,2026-04-24T17:03:30,2026-04-24T17:20:31,ok,pickles/smsemoa/rc202_21/run02.pkl,unknown,1
nsga2,r208_21,13,665108789,850000,850080,105,48,445120.983932,,3.0,944.3975,0.0,2,1828.209,2026-04-24T16:51:07,2026-04-24T17:21:35,ok,pickles/nsga2/r208_21/run13.pkl,unknown,1
moead_ws,c202_21,7,889655583,850000,850080,105,104,171168031.493722,,5.0,1110.3212,542.4632,3,1237.566,2026-04-24T17:04:20,2026-04-24T17:24:58,ok,pickles/moead_ws/c202_21/run07.pkl,unknown,1
smsemoa,c202_21,27,2401665135,850000,850080,105,105,74889513.385536,,4.0,945.6132,160.0617,5,1280.61,2026-04-24T17:05:49,2026-04-24T17:27:09,ok,pickles/smsemoa/c202_21/run27.pkl,unknown,1
moead_ws,r207_21,22,2719539300,850000,850080,105,82,4588820.874514,,4.0,889.004,0.0,3,1530.774,2026-04-24T17:02:07,2026-04-24T17:27:37,ok,pickles/moead_ws/r207_21/run22.pkl,unknown,1
nsga2,rc208_21,3,1789799683,850000,850080,105,103,5739640.356721,,3.0,800.9306,0.0,3,1757.476,2026-04-24T17:00:58,2026-04-24T17:30:15,ok,pickles/nsga2/rc208_21/run03.pkl,unknown,1
moead_ws,c102_21,28,518892074,850000,850080,105,98,115811168.879557,,16.0,1775.4113,236.3692,6,818.428,2026-04-24T17:17:14,2026-04-24T17:30:52,ok,pickles/moead_ws/c102_21/run28.pkl,unknown,1
moead_ws,r208_21,10,3543104357,850000,850080,105,90,2440403.608488,,3.0,843.0844,0.0,3,1742.182,2026-04-24T17:03:31,2026-04-24T17:32:33,ok,pickles/moead_ws/r208_21/run10.pkl,unknown,1
smsemoa,c102_21,7,1259041187,850000,850080,105,105,100673511.56018,,15.0,1760.9147,365.3271,9,682.106,2026-04-24T17:21:35,2026-04-24T17:32:57,ok,pickles/smsemoa/c102_21/run07.pkl,unknown,1
moead_ws,rc203_21,22,3670446076,850000,850080,105,99,57169486.998659,,5.0,1320.9318,0.0,5,1185.475,2026-04-24T17:13:21,2026-04-24T17:33:06,ok,pickles/moead_ws/rc203_21/run22.pkl,unknown,1
moead_ws,r208_21,30,2232499643,850000,850080,105,102,2224625.827881,,3.0,860.6829,0.0,3,1827.413,2026-04-24T17:02:50,2026-04-24T17:33:17,ok,pickles/moead_ws/r208_21/run30.pkl,unknown,1
nsga2,rc202_21,11,2464679664,850000,850080,105,105,53454839.048422,,4.0,1157.6659,0.0,5,1113.843,2026-04-24T17:15:02,2026-04-24T17:33:36,ok,pickles/nsga2/rc202_21/run11.pkl,unknown,1
smsemoa,rc205_21,12,2324717338,850000,850080,105,105,33454530.842453,,5.0,1018.1555,20.2111,4,1092.907,2026-04-24T17:15:24,2026-04-24T17:33:37,ok,pickles/smsemoa/rc205_21/run12.pkl,unknown,1
moead_ws,r205_21,19,1038058481,850000,850080,105,101,29573315.30546,,5.0,950.951,45.8208,2,1361.205,2026-04-24T17:13:13,2026-04-24T17:35:54,ok,pickles/moead_ws/r205_21/run19.pkl,unknown,1
nsga2,rc202_21,25,2197533950,850000,850080,105,105,8135663.509273,,6.0,1473.3458,0.0,2,1007.455,2026-04-24T17:20:25,2026-04-24T17:37:13,ok,pickles/nsga2/rc202_21/run25.pkl,unknown,1
smsemoa,c104_21,19,710417595,850000,850080,105,105,31605963.293264,,11.0,1456.2619,0.0,6,831.808,2026-04-24T17:24:58,2026-04-24T17:38:50,ok,pickles/smsemoa/c104_21/run19.pkl,unknown,1
smsemoa,rc205_21,20,4232366869,850000,850080,105,105,109444744.636294,,5.0,1309.847,0.0,6,1102.821,2026-04-24T17:20:31,2026-04-24T17:38:54,ok,pickles/smsemoa/rc205_21/run20.pkl,unknown,1
nsga2,c103_21,23,1636103199,850000,850080,105,105,85361359.028351,,13.0,1846.6171,36.0808,10,734.518,2026-04-24T17:27:09,2026-04-24T17:39:24,ok,pickles/nsga2/c103_21/run23.pkl,unknown,1
smsemoa,r207_21,15,1337677974,850000,850080,105,105,2498961.349043,,4.0,858.0262,0.0,3,1472.873,2026-04-24T17:20:07,2026-04-24T17:44:40,ok,pickles/smsemoa/r207_21/run15.pkl,unknown,1
moead_ws,c102_21,27,2347634335,850000,850080,105,100,182211816.334117,,15.0,1836.638,41.345,6,826.774,2026-04-24T17:33:18,2026-04-24T17:47:05,ok,pickles/moead_ws/c102_21/run27.pkl,unknown,1
smsemoa,c103_21,24,620228099,850000,850080,105,105,21356582.172111,,13.0,1761.138,257.0743,6,762.476,2026-04-24T17:35:54,2026-04-24T17:48:36,ok,pickles/smsemoa/c103_21/run24.pkl,unknown,1
smsemoa,r105_21,3,3875557018,850000,850080,105,105,15525104.005304,,19.0,1832.7664,28.963,10,636.82,2026-04-24T17:38:50,2026-04-24T17:49:27,ok,pickles/smsemoa/r105_21/run03.pkl,unknown,1
nsga2,rc203_21,30,1454185872,850000,850080,105,105,3494549.543508,,5.0,1207.6955,0.0,2,1225.636,2026-04-24T17:30:15,2026-04-24T17:50:41,ok,pickles/nsga2/rc203_21/run30.pkl,unknown,1
moead_ws,r211_21,14,2543570106,850000,850080,105,94,13326631.563696,,4.0,784.0927,0.0,3,1836.128,2026-04-24T17:20:23,2026-04-24T17:50:59,ok,pickles/moead_ws/r211_21/run14.pkl,unknown,1
nsga2,c202_21,23,3267822751,850000,850080,105,105,209085536.439477,,5.0,1034.0559,281.457,6,1177.618,2026-04-24T17:33:37,2026-04-24T17:53:14,ok,pickles/nsga2/c202_21/run23.pkl,unknown,1
nsga2,c202_21,9,1614400889,850000,850080,105,105,82803616.290362,,4.0,1105.4729,0.0,5,1218.129,2026-04-24T17:32:57,2026-04-24T17:53:16,ok,pickles/nsga2/c202_21/run09.pkl,unknown,1
moead_ws,rc205_21,22,338790685,850000,850080,105,104,28620940.304012,,6.0,1126.369,0.0,3,1239.797,2026-04-24T17:33:07,2026-04-24T17:53:47,ok,pickles/moead_ws/rc205_21/run22.pkl,unknown,1
nsga2,r205_21,30,903352681,850000,850080,105,105,8926981.501413,,4.0,984.5379,0.0,3,1291.093,2026-04-24T17:32:33,2026-04-24T17:54:05,ok,pickles/nsga2/r205_21/run30.pkl,unknown,1
nsga2,r211_21,23,2507801256,850000,850080,105,105,3410671.977517,,3.0,790.17,0.0,3,1737.55,2026-04-24T17:27:37,2026-04-24T17:56:35,ok,pickles/nsga2/r211_21/run23.pkl,unknown,1
moead_ws,rc205_21,23,4282504794,850000,850080,105,92,163748012.097158,,5.0,1282.7787,0.0,5,1141.727,2026-04-24T17:39:24,2026-04-24T17:58:26,ok,pickles/moead_ws/rc205_21/run23.pkl,unknown,1
smsemoa,r207_21,16,2511019741,850000,850080,105,105,1489943.137625,,3.0,828.4899,0.0,3,1505.609,2026-04-24T17:33:36,2026-04-24T17:58:42,ok,pickles/smsemoa/r207_21/run16.pkl,unknown,1
moead_ws,r208_21,26,802317245,850000,850080,105,104,1615513.933566,,3.0,833.3689,0.0,2,1706.51,2026-04-24T17:30:53,2026-04-24T17:59:19,ok,pickles/moead_ws/r208_21/run26.pkl,unknown,1
smsemoa,r207_21,25,2766200375,850000,850080,105,105,2960100.554047,,4.0,806.5509,0.0,2,1397.541,2026-04-24T17:37:13,2026-04-24T18:00:31,ok,pickles/smsemoa/r207_21/run25.pkl,unknown,1
moead_ws,c103_21,11,1167083970,850000,850080,105,102,95077819.562015,,13.0,1706.6017,91.9198,6,887.017,2026-04-24T17:47:05,2026-04-24T18:01:52,ok,pickles/moead_ws/c103_21/run11.pkl,unknown,1
smsemoa,r105_21,17,3869678993,850000,850080,105,105,16432964.740132,,19.0,1847.4364,36.3186,12,668.793,2026-04-24T17:50:59,2026-04-24T18:02:08,ok,pickles/smsemoa/r105_21/run17.pkl,unknown,1
nsga2,c107_21,4,2249474055,850000,850080,105,105,43423103.753006,,13.0,1536.1741,156.9139,8,703.585,2026-04-24T17:50:41,2026-04-24T18:02:25,ok,pickles/nsga2/c107_21/run04.pkl,unknown,1
moead_ws,c107_21,16,3798393441,850000,850080,105,102,254351157.582114,,15.0,1827.3538,1081.5773,9,856.265,2026-04-24T17:48:37,2026-04-24T18:02:53,ok,pickles/moead_ws/c107_21/run16.pkl,unknown,1
smsemoa,r207_21,6,3312681508,850000,850080,105,105,912204.604439,,4.0,919.1092,0.0,2,1471.38,2026-04-24T17:38:54,2026-04-24T18:03:25,ok,pickles/smsemoa/r207_21/run06.pkl,unknown,1
smsemoa,r109_21,19,1134765398,850000,850080,105,105,6622539.290332,,17.0,1678.4412,0.0,8,658.217,2026-04-24T17:53:16,2026-04-24T18:04:14,ok,pickles/smsemoa/r109_21/run19.pkl,unknown,1
smsemoa,rc203_21,4,736540380,850000,850080,105,105,5349707.813692,,5.0,991.1001,0.0,2,1264.288,2026-04-24T17:44:40,2026-04-24T18:05:44,ok,pickles/smsemoa/rc203_21/run04.pkl,unknown,1
nsga2,c104_21,1,2083231983,850000,850080,105,105,13740470.749319,,11.0,1477.7095,1.9442,5,800.703,2026-04-24T17:54:05,2026-04-24T18:07:25,ok,pickles/nsga2/c104_21/run01.pkl,unknown,1
moead_ws,c103_21,9,2709636934,850000,850080,105,96,107346208.639755,,13.0,1673.0799,22.0711,7,898.518,2026-04-24T17:53:47,2026-04-24T18:08:46,ok,pickles/moead_ws/c103_21/run09.pkl,unknown,1
nsga2,rc203_21,5,4046967851,850000,850080,105,105,8172046.829877,,4.0,1163.9237,0.0,4,1172.706,2026-04-24T17:49:27,2026-04-24T18:08:59,ok,pickles/nsga2/rc203_21/run05.pkl,unknown,1
smsemoa,r109_21,9,3722405050,850000,850080,105,105,6407155.321117,,16.0,1590.5513,0.0,9,656.893,2026-04-24T17:58:26,2026-04-24T18:09:23,ok,pickles/smsemoa/r109_21/run09.pkl,unknown,1
nsga2,r105_21,19,4021531359,850000,850080,105,105,7321771.16236,,20.0,1862.5055,22.202,8,617.861,2026-04-24T17:59:19,2026-04-24T18:09:37,ok,pickles/nsga2/r105_21/run19.pkl,unknown,1
smsemoa,rc205_21,4,1445250842,850000,850080,105,105,166949481.641468,,5.0,1305.5992,5.2494,6,1140.753,2026-04-24T17:53:14,2026-04-24T18:12:15,ok,pickles/smsemoa/rc205_21/run04.pkl,unknown,1
smsemoa,c102_21,9,382050774,850000,850080,105,105,75197825.916016,,15.0,1803.7169,201.9034,9,706.046,2026-04-24T18:00:31,2026-04-24T18:12:17,ok,pickles/smsemoa/c102_21/run09.pkl,unknown,1
nsga2,c104_21,13,319991239,850000,850080,105,105,33700077.254298,,11.0,1626.2942,0.0,7,828.573,2026-04-24T17:58:42,2026-04-24T18:12:31,ok,pickles/nsga2/c104_21/run13.pkl,unknown,1
smsemoa,rc205_21,23,1570668379,850000,850080,105,105,26432914.523851,,5.0,1395.4211,2.1803,5,1066.46,2026-04-24T17:56:35,2026-04-24T18:14:22,ok,pickles/smsemoa/rc205_21/run23.pkl,unknown,1
moead_ws,c102_21,6,1593146387,850000,850080,105,95,154735242.421096,,15.0,1904.399,2101.93,7,843.5,2026-04-24T18:03:26,2026-04-24T18:17:29,ok,pickles/moead_ws/c102_21/run06.pkl,unknown,1
nsga2,c107_21,18,3408559379,850000,850080,105,105,48491129.006405,,13.0,1688.7778,205.6075,8,703.099,2026-04-24T18:07:25,2026-04-24T18:19:08,ok,pickles/nsga2/c107_21/run18.pkl,unknown,1
smsemoa,rc205_21,29,1850011071,850000,850080,105,105,31731070.150231,,4.0,1219.0833,1.0,5,1148.174,2026-04-24T18:01:52,2026-04-24T18:21:00,ok,pickles/smsemoa/rc205_21/run29.pkl,unknown,1
moead_ws,r105_21,26,2026994646,850000,850080,105,93,20392513.318913,,22.0,1836.3542,95.5348,11,738.533,2026-04-24T18:08:46,2026-04-24T18:21:05,ok,pickles/moead_ws/r105_21/run26.pkl,unknown,1
moead_ws,c202_21,6,2054929491,850000,850080,105,99,101019845.604137,,6.0,1138.3869,1406.0254,3,1171.251,2026-04-24T18:02:08,2026-04-24T18:21:40,ok,pickles/moead_ws/c202_21/run06.pkl,unknown,1
smsemoa,rc203_21,20,2227126908,850000,850080,105,105,17245742.804916,,5.0,1164.0286,0.0,3,1133.754,2026-04-24T18:02:53,2026-04-24T18:21:47,ok,pickles/smsemoa/rc203_21/run20.pkl,unknown,1
nsga2,c104_21,23,4183738716,850000,850080,105,105,11095161.974948,,11.0,1406.8823,9.0409,6,791.089,2026-04-24T18:08:59,2026-04-24T18:22:10,ok,pickles/nsga2/c104_21/run23.pkl,unknown,1
nsga2,r105_21,12,2342848269,850000,850080,105,105,15148648.59481,,19.0,1650.2532,0.0,12,595.984,2026-04-24T18:12:17,2026-04-24T18:22:13,ok,pickles/nsga2/r105_21/run12.pkl,unknown,1
moead_ws,rc205_21,12,1080518249,850000,850080,105,95,68657495.77201,,5.0,1271.4283,0.0,4,1098.141,2026-04-24T18:04:14,2026-04-24T18:22:32,ok,pickles/moead_ws/rc205_21/run12.pkl,unknown,1
nsga2,r207_21,3,2317071308,850000,850080,105,105,1900174.337567,,4.0,884.0412,0.0,2,1423.863,2026-04-24T18:02:25,2026-04-24T18:26:08,ok,pickles/nsga2/r207_21/run03.pkl,unknown,1
smsemoa,rc205_21,9,2389620252,850000,850080,105,105,21374904.538697,,5.0,1235.4711,0.0,4,1083.42,2026-04-24T18:09:23,2026-04-24T18:27:27,ok,pickles/smsemoa/rc205_21/run09.pkl,unknown,1
smsemoa,rc106_21,22,3103835794,850000,850080,105,105,19172700.458023,,18.0,2040.5865,0.198,11,673.192,2026-04-24T18:17:29,2026-04-24T18:28:43,ok,pickles/smsemoa/rc106_21/run22.pkl,unknown,1
nsga2,rc203_21,17,1981577903,850000,850080,105,105,4043423.455703,,5.0,1335.4672,0.0,3,1194.23,2026-04-24T18:09:37,2026-04-24T18:29:32,ok,pickles/nsga2/rc203_21/run17.pkl,unknown,1
moead_ws,r105_21,28,4156613494,850000,850080,105,98,29363632.703417,,21.0,1905.2116,14.5667,12,746.211,2026-04-24T18:19:09,2026-04-24T18:31:35,ok,pickles/moead_ws/r105_21/run28.pkl,unknown,1
smsemoa,rc208_21,10,3706850455,850000,850080,105,105,5291308.284351,,3.0,826.7489,0.0,3,1807.229,2026-04-24T18:05:44,2026-04-24T18:35:52,ok,pickles/smsemoa/rc208_21/run10.pkl,unknown,1
moead_ws,r207_21,12,1079370497,850000,850080,105,104,11095672.318649,,4.0,799.9226,0.0,3,1507.459,2026-04-24T18:12:15,2026-04-24T18:37:23,ok,pickles/moead_ws/r207_21/run12.pkl,unknown,1
nsga2,rc205_21,30,3957188584,850000,850080,105,105,63911820.526476,,5.0,1328.5315,12.2345,5,1097.937,2026-04-24T18:21:00,2026-04-24T18:39:18,ok,pickles/nsga2/rc205_21/run30.pkl,unknown,1
smsemoa,rc205_21,27,636244070,850000,850080,105,105,50231014.65762,,5.0,1205.4765,0.0,5,1059.963,2026-04-24T18:22:13,2026-04-24T18:39:53,ok,pickles/smsemoa/rc205_21/run27.pkl,unknown,1
smsemoa,rc205_21,2,276650066,850000,850080,105,105,14338929.792132,,5.0,1241.8298,10.7168,3,1095.039,2026-04-24T18:22:10,2026-04-24T18:40:25,ok,pickles/smsemoa/rc205_21/run02.pkl,unknown,1
moead_ws,c202_21,4,1260654384,850000,850080,105,89,1443303383.476761,,6.0,1275.6854,1510.8307,7,1136.668,2026-04-24T18:21:40,2026-04-24T18:40:37,ok,pickles/moead_ws/c202_21/run04.pkl,unknown,1
nsga2,r208_21,8,2004312664,850000,850080,105,104,45335.222737,,3.0,900.4815,0.0,1,1774.429,2026-04-24T18:12:31,2026-04-24T18:42:05,ok,pickles/nsga2/r208_21/run08.pkl,unknown,1
moead_ws,rc205_21,14,1118221181,850000,850080,105,95,72655834.413574,,6.0,1166.1639,1.0456,4,1359.025,2026-04-24T18:21:05,2026-04-24T18:43:44,ok,pickles/moead_ws/rc205_21/run14.pkl,unknown,1
smsemoa,rc205_21,3,3231146685,850000,850080,105,105,44824814.545816,,5.0,1108.4353,9.1496,4,1131.578,2026-04-24T18:26:08,2026-04-24T18:45:00,ok,pickles/smsemoa/rc205_21/run03.pkl,unknown,1
nsga2,r208_21,27,385070883,850000,850080,105,40,110106.510092,,2.0,862.9317,0.0,2,1954.445,2026-04-24T18:14:22,2026-04-24T18:46:56,ok,pickles/nsga2/r208_21/run27.pkl,unknown,1
moead_ws,rc203_21,16,1730440905,850000,850080,105,90,20733806.746042,,6.0,1164.3783,0.0,4,1294.102,2026-04-24T18:27:27,2026-04-24T18:49:01,ok,pickles/moead_ws/rc203_21/run16.pkl,unknown,1
moead_ws,r207_21,9,318645044,850000,850080,105,88,3614108.552331,,4.0,876.9791,0.0,2,1644.003,2026-04-24T18:21:47,2026-04-24T18:49:11,ok,pickles/moead_ws/r207_21/run09.pkl,unknown,1
moead_ws,rc203_21,1,2725396418,850000,850080,105,100,31106821.993557,,5.0,1081.5723,0.0,5,1165.093,2026-04-24T18:31:36,2026-04-24T18:51:01,ok,pickles/moead_ws/rc203_21/run01.pkl,unknown,1
smsemoa,r208_21,28,457085682,850000,850080,105,56,578340.945427,,3.0,790.043,0.0,2,1749.331,2026-04-24T18:22:32,2026-04-24T18:51:42,ok,pickles/smsemoa/r208_21/run28.pkl,unknown,1
nsga2,c107_21,25,3238202498,850000,850080,105,105,100591169.064188,,15.0,1864.8794,978.9285,8,718.205,2026-04-24T18:39:53,2026-04-24T18:51:51,ok,pickles/nsga2/c107_21/run25.pkl,unknown,1
nsga2,r109_21,27,2463550709,850000,850080,105,105,2967807.542457,,15.0,1467.0534,2.2627,7,625.569,2026-04-24T18:42:05,2026-04-24T18:52:31,ok,pickles/nsga2/r109_21/run27.pkl,unknown,1
moead_ws,rc106_21,12,4161374083,850000,850080,105,99,18111860.526211,,19.0,2150.5191,0.0,10,748.189,2026-04-24T18:40:37,2026-04-24T18:53:05,ok,pickles/moead_ws/rc106_21/run12.pkl,unknown,1
nsga2,rc205_21,16,2934677847,850000,850080,105,105,20914862.236126,,5.0,1171.26,0.0,4,1088.567,2026-04-24T18:37:23,2026-04-24T18:55:31,ok,pickles/nsga2/rc205_21/run16.pkl,unknown,1
smsemoa,r105_21,7,2327909548,850000,850080,105,105,6912587.532745,,19.0,1788.3262,19.4009,8,643.789,2026-04-24T18:45:00,2026-04-24T18:55:44,ok,pickles/smsemoa/r105_21/run07.pkl,unknown,1
moead_ws,r207_21,28,1159048799,850000,850080,105,99,2799538.641241,,4.0,859.9795,0.0,3,1628.323,2026-04-24T18:28:43,2026-04-24T18:55:51,ok,pickles/moead_ws/r207_21/run28.pkl,unknown,1
smsemoa,r208_21,8,993544190,850000,850080,105,54,420070.844832,,3.0,818.7705,0.0,2,1711.417,2026-04-24T18:29:32,2026-04-24T18:58:03,ok,pickles/smsemoa/r208_21/run08.pkl,unknown,1
moead_ws,rc203_21,25,2631245464,850000,850080,105,103,24940092.107241,,5.0,1157.3774,0.0,4,1154.274,2026-04-24T18:39:19,2026-04-24T18:58:33,ok,pickles/moead_ws/rc203_21/run25.pkl,unknown,1
moead_ws,c102_21,22,4064212745,850000,850080,105,103,312155796.590687,,16.0,2115.5387,929.8547,10,848.613,2026-04-24T18:46:56,2026-04-24T19:01:05,ok,pickles/moead_ws/c102_21/run22.pkl,unknown,1
moead_ws,r105_21,30,2523172767,850000,850080,105,94,57816590.556906,,23.0,1978.8937,104.3424,16,752.921,2026-04-24T18:49:12,2026-04-24T19:01:45,ok,pickles/moead_ws/r105_21/run30.pkl,unknown,1
smsemoa,rc106_21,14,1214075263,850000,850080,105,105,12780532.775183,,18.0,1994.336,0.0,10,655.798,2026-04-24T18:51:51,2026-04-24T19:02:47,ok,pickles/smsemoa/rc106_21/run14.pkl,unknown,1
smsemoa,r105_21,20,1128253241,850000,850080,105,105,22506671.36737,,20.0,1846.4408,8.8678,14,643.49,2026-04-24T18:53:05,2026-04-24T19:03:49,ok,pickles/smsemoa/r105_21/run20.pkl,unknown,1
nsga2,r109_21,29,4236587530,850000,850080,105,105,17034960.542222,,17.0,1776.3786,0.0,11,616.325,2026-04-24T18:55:51,2026-04-24T19:06:08,ok,pickles/nsga2/r109_21/run29.pkl,unknown,1
moead_ws,r205_21,9,1374972482,850000,850080,105,96,19403489.052528,,5.0,913.2268,0.0,3,1554.604,2026-04-24T18:40:26,2026-04-24T19:06:21,ok,pickles/moead_ws/r205_21/run09.pkl,unknown,1
smsemoa,r208_21,27,1388318305,850000,850080,105,59,404770.740197,,3.0,793.8688,0.0,2,1873.719,2026-04-24T18:35:52,2026-04-24T19:07:05,ok,pickles/smsemoa/r208_21/run27.pkl,unknown,1
nsga2,rc202_21,30,3006872798,850000,850080,105,105,38585841.225529,,5.0,1297.3517,0.0,6,998.504,2026-04-24T18:51:42,2026-04-24T19:08:20,ok,pickles/nsga2/rc202_21/run30.pkl,unknown,1
smsemoa,r207_21,22,1890112939,850000,850080,105,105,2016190.730435,,4.0,840.5538,0.0,2,1484.764,2026-04-24T18:43:44,2026-04-24T19:08:29,ok,pickles/smsemoa/r207_21/run22.pkl,unknown,1
nsga2,r205_21,11,2782425883,850000,850080,105,105,7905721.379275,,4.0,1004.0123,0.0,2,1330.532,2026-04-24T18:51:01,2026-04-24T19:13:11,ok,pickles/nsga2/r205_21/run11.pkl,unknown,1
nsga2,rc205_21,5,40554261,850000,850080,105,105,22213520.311574,,6.0,1392.2413,1.0,3,1089.177,2026-04-24T18:55:31,2026-04-24T19:13:41,ok,pickles/nsga2/rc205_21/run05.pkl,unknown,1
nsga2,c102_21,19,628012631,850000,850080,105,105,132711515.647238,,13.0,1762.4379,1430.6362,11,675.324,2026-04-24T19:03:49,2026-04-24T19:15:04,ok,pickles/nsga2/c102_21/run19.pkl,unknown,1
nsga2,rc203_21,13,3519815641,850000,850080,105,105,17922500.707584,,4.0,1152.9438,0.0,4,1189.467,2026-04-24T18:55:44,2026-04-24T19:15:33,ok,pickles/nsga2/rc203_21/run13.pkl,unknown,1
nsga2,r105_21,3,2455622764,850000,850080,105,105,28184142.064225,,21.0,1944.6195,0.0,14,618.441,2026-04-24T19:06:21,2026-04-24T19:16:39,ok,pickles/nsga2/r105_21/run03.pkl,unknown,1
smsemoa,r207_21,13,4241244503,850000,850080,105,105,1209513.213618,,4.0,842.3961,0.0,2,1464.184,2026-04-24T18:52:31,2026-04-24T19:16:55,ok,pickles/smsemoa/r207_21/run13.pkl,unknown,1
nsga2,r211_21,24,1930436574,850000,850080,105,105,1916626.950619,,3.0,748.0677,0.0,2,1762.083,2026-04-24T18:49:01,2026-04-24T19:18:23,ok,pickles/nsga2/r211_21/run24.pkl,unknown,1
smsemoa,r205_21,28,3536650374,850000,850080,105,105,10717207.611921,,4.0,1000.3741,0.0,3,1292.559,2026-04-24T18:58:03,2026-04-24T19:19:36,ok,pickles/smsemoa/r205_21/run28.pkl,unknown,1
moead_ws,c102_21,25,2172438856,850000,850080,105,98,225195423.524858,,15.0,1823.1763,692.0612,7,833.412,2026-04-24T19:07:06,2026-04-24T19:20:59,ok,pickles/moead_ws/c102_21/run25.pkl,unknown,1
nsga2,r205_21,20,909471469,850000,850080,105,105,25229450.07635,,4.0,935.7146,0.0,4,1223.533,2026-04-24T19:01:45,2026-04-24T19:22:08,ok,pickles/nsga2/r205_21/run20.pkl,unknown,1
moead_ws,r207_21,2,1907661455,850000,850080,105,93,2111033.083633,,4.0,811.3619,0.0,3,1501.307,2026-04-24T18:58:33,2026-04-24T19:23:35,ok,pickles/moead_ws/r207_21/run02.pkl,unknown,1
smsemoa,rc106_21,12,3357877664,850000,850080,105,105,16221294.187081,,17.0,2119.4201,0.0,12,653.429,2026-04-24T19:13:11,2026-04-24T19:24:05,ok,pickles/smsemoa/rc106_21/run12.pkl,unknown,1
nsga2,rc205_21,24,3333727076,850000,850080,105,105,29186205.36502,,5.0,1273.9155,0.0,5,1119.59,2026-04-24T19:06:08,2026-04-24T19:24:47,ok,pickles/nsga2/rc205_21/run24.pkl,unknown,1
moead_ws,rc106_21,10,1402324370,850000,850080,105,102,15299774.521973,,19.0,2155.4034,0.4981,9,768.855,2026-04-24T19:13:41,2026-04-24T19:26:30,ok,pickles/moead_ws/rc106_21/run10.pkl,unknown,1
nsga2,r109_21,3,4162044800,850000,850080,105,105,3160601.237714,,18.0,1703.1611,0.0,6,641.399,2026-04-24T19:16:39,2026-04-24T19:27:20,ok,pickles/nsga2/r109_21/run03.pkl,unknown,1
smsemoa,r109_21,30,478810938,850000,850080,105,105,3316079.07744,,18.0,1781.358,4.8109,6,656.11,2026-04-24T19:16:55,2026-04-24T19:27:51,ok,pickles/smsemoa/r109_21/run30.pkl,unknown,1
moead_ws,rc203_21,29,2234549445,850000,850080,105,89,5404529.950778,,5.0,1046.5402,0.0,3,1293.399,2026-04-24T19:08:29,2026-04-24T19:30:03,ok,pickles/moead_ws/rc203_21/run29.pkl,unknown,1
nsga2,r205_21,16,4109808886,850000,850080,105,105,18898252.724528,,4.0,914.2726,0.0,3,1366.865,2026-04-24T19:08:20,2026-04-24T19:31:07,ok,pickles/nsga2/r205_21/run16.pkl,unknown,1
nsga2,r211_21,3,697158897,850000,850080,105,105,3950638.212482,,3.0,778.9138,0.0,3,1828.259,2026-04-24T19:01:05,2026-04-24T19:31:33,ok,pickles/nsga2/r211_21/run03.pkl,unknown,1
smsemoa,rc202_21,12,2340271928,850000,850080,105,105,55572576.06111,,5.0,1228.3414,0.0,6,1075.309,2026-04-24T19:15:04,2026-04-24T19:33:00,ok,pickles/smsemoa/rc202_21/run12.pkl,unknown,1
moead_ws,c107_21,1,2774357360,850000,850080,105,103,65457965.728029,,17.0,1774.8357,670.2501,5,851.252,2026-04-24T19:19:36,2026-04-24T19:33:47,ok,pickles/moead_ws/c107_21/run01.pkl,unknown,1
nsga2,r211_21,15,1691816279,850000,850080,105,105,553036.38948,,3.0,791.6154,0.0,2,1894.701,2026-04-24T19:02:47,2026-04-24T19:34:21,ok,pickles/nsga2/r211_21/run15.pkl,unknown,1
smsemoa,c103_21,11,2599986061,850000,850080,105,105,48641964.990621,,13.0,1607.6189,200.4447,8,736.31,2026-04-24T19:22:08,2026-04-24T19:34:24,ok,pickles/smsemoa/c103_21/run11.pkl,unknown,1
smsemoa,rc203_21,15,1386639521,850000,850080,105,105,16306683.79987,,4.0,1041.6838,0.0,4,1166.585,2026-04-24T19:15:33,2026-04-24T19:35:00,ok,pickles/smsemoa/rc203_21/run15.pkl,unknown,1
nsga2,c102_21,30,224251003,850000,850080,105,105,101795136.314178,,13.0,1557.9697,276.5405,10,701.078,2026-04-24T19:23:35,2026-04-24T19:35:16,ok,pickles/nsga2/c102_21/run30.pkl,unknown,1
nsga2,rc106_21,30,853679887,850000,850080,105,105,9530792.590226,,18.0,2088.397,0.0,9,631.312,2026-04-24T19:27:20,2026-04-24T19:37:52,ok,pickles/nsga2/rc106_21/run30.pkl,unknown,1
smsemoa,rc203_21,5,130706934,850000,850080,105,105,5179248.046463,,5.0,1057.1904,0.0,2,1187.542,2026-04-24T19:18:23,2026-04-24T19:38:11,ok,pickles/smsemoa/rc203_21/run05.pkl,unknown,1
moead_ws,r105_21,7,1427759296,850000,850080,105,103,29423823.228692,,22.0,2023.8738,27.3309,10,717.541,2026-04-24T19:27:51,2026-04-24T19:39:49,ok,pickles/moead_ws/r105_21/run07.pkl,unknown,1
moead_ws,c202_21,28,4240750018,850000,850080,105,98,224656651.480686,,5.0,1005.3753,0.0,4,1103.168,2026-04-24T19:24:05,2026-04-24T19:42:28,ok,pickles/moead_ws/c202_21/run28.pkl,unknown,1
moead_ws,rc106_21,19,1766660646,850000,850080,105,101,19055433.054457,,21.0,2275.3724,0.0,10,740.873,2026-04-24T19:31:08,2026-04-24T19:43:29,ok,pickles/moead_ws/rc106_21/run19.pkl,unknown,1
moead_ws,c107_21,5,1333782493,850000,850080,105,101,202152019.209063,,15.0,1766.4949,1196.257,8,845.427,2026-04-24T19:31:34,2026-04-24T19:45:39,ok,pickles/moead_ws/c107_21/run05.pkl,unknown,1
nsga2,rc208_21,23,661091342,850000,850080,105,105,1477899.480475,,4.0,998.274,0.0,2,1793.241,2026-04-24T19:20:59,2026-04-24T19:50:53,ok,pickles/nsga2/rc208_21/run23.pkl,unknown,1
moead_ws,r205_21,6,830213578,850000,850080,105,98,19300354.079576,,4.0,905.9404,0.0,3,1474.049,2026-04-24T19:26:30,2026-04-24T19:51:05,ok,pickles/moead_ws/r205_21/run06.pkl,unknown,1
nsga2,rc202_21,14,4286910524,850000,850080,105,105,22457686.730322,,6.0,1313.9171,0.0,3,1008.074,2026-04-24T19:34:21,2026-04-24T19:51:09,ok,pickles/nsga2/rc202_21/run14.pkl,unknown,1
nsga2,r211_21,29,1224276989,850000,850080,105,105,2894087.155796,,3.0,818.2465,0.0,3,1720.98,2026-04-24T19:24:47,2026-04-24T19:53:28,ok,pickles/nsga2/r211_21/run29.pkl,unknown,1
smsemoa,rc203_21,2,3692740356,850000,850080,105,105,21480516.449982,,4.0,1026.3798,0.0,4,1227.852,2026-04-24T19:33:47,2026-04-24T19:54:15,ok,pickles/smsemoa/rc203_21/run02.pkl,unknown,1
smsemoa,rc203_21,18,771425420,850000,850080,105,105,10106179.401539,,4.0,1061.4946,0.0,4,1214.127,2026-04-24T19:35:16,2026-04-24T19:55:30,ok,pickles/smsemoa/rc203_21/run18.pkl,unknown,1
nsga2,r205_21,28,1557640409,850000,850080,105,105,11556575.285581,,4.0,959.2115,0.0,3,1245.812,2026-04-24T19:35:00,2026-04-24T19:55:46,ok,pickles/nsga2/r205_21/run28.pkl,unknown,1
moead_ws,r207_21,10,480254357,850000,850080,105,103,30100173.700186,,4.0,815.8843,0.0,5,1445.879,2026-04-24T19:33:00,2026-04-24T19:57:06,ok,pickles/moead_ws/r207_21/run10.pkl,unknown,1
smsemoa,rc205_21,10,77094148,850000,850080,105,105,13401877.079598,,5.0,1216.2799,2.2315,3,1188.913,2026-04-24T19:37:52,2026-04-24T19:57:41,ok,pickles/smsemoa/rc205_21/run10.pkl,unknown,1
moead_ws,rc202_21,26,1661708972,850000,850080,105,105,102197864.627504,,6.0,1208.8841,0.0,6,1055.56,2026-04-24T19:43:29,2026-04-24T20:01:05,ok,pickles/moead_ws/rc202_21/run26.pkl,unknown,1
moead_ws,r205_21,18,924315213,850000,850080,105,88,30687125.812651,,5.0,972.8387,0.0,4,1299.688,2026-04-24T19:39:49,2026-04-24T20:01:29,ok,pickles/moead_ws/r205_21/run18.pkl,unknown,1
smsemoa,r211_21,12,1044406644,850000,850080,105,105,4423968.14043,,3.0,783.8447,0.0,2,1899.721,2026-04-24T19:30:03,2026-04-24T20:01:43,ok,pickles/smsemoa/r211_21/run12.pkl,unknown,1
moead_ws,r211_21,26,2197246361,850000,850080,105,87,2956922.899078,,4.0,775.8118,0.0,3,1898.813,2026-04-24T19:34:25,2026-04-24T20:06:04,ok,pickles/moead_ws/r211_21/run26.pkl,unknown,1
smsemoa,r105_21,12,3681199643,850000,850080,105,105,24919174.991623,,18.0,1826.257,32.9043,14,643.424,2026-04-24T19:55:30,2026-04-24T20:06:13,ok,pickles/smsemoa/r105_21/run12.pkl,unknown,1
nsga2,rc208_21,15,3585147957,850000,850080,105,105,3401264.384947,,3.0,907.5676,0.0,3,1738.779,2026-04-24T19:38:11,2026-04-24T20:07:10,ok,pickles/nsga2/rc208_21/run15.pkl,unknown,1
smsemoa,c107_21,23,1845129854,850000,850080,105,105,97329778.507647,,15.0,1655.7186,839.797,8,721.171,2026-04-24T19:55:46,2026-04-24T20:07:47,ok,pickles/smsemoa/c107_21/run23.pkl,unknown,1
smsemoa,c104_21,16,2988454646,850000,850080,105,105,13162583.34657,,11.0,1346.6777,0.0,7,849.185,2026-04-24T19:54:15,2026-04-24T20:08:24,ok,pickles/smsemoa/c104_21/run16.pkl,unknown,1
nsga2,c107_21,5,3220071851,850000,850080,105,105,51028828.020055,,13.0,1583.011,698.8918,8,690.037,2026-04-24T19:57:06,2026-04-24T20:08:36,ok,pickles/nsga2/c107_21/run05.pkl,unknown,1
nsga2,c107_21,1,1747263342,850000,850080,105,105,65640315.69879,,14.0,1696.0856,696.7896,8,688.872,2026-04-24T19:57:41,2026-04-24T20:09:10,ok,pickles/nsga2/c107_21/run01.pkl,unknown,1
moead_ws,c202_21,27,403091799,850000,850080,105,99,337807020.970593,,5.0,1261.526,126.6617,5,1146.315,2026-04-24T19:50:53,2026-04-24T20:09:59,ok,pickles/moead_ws/c202_21/run27.pkl,unknown,1
nsga2,rc208_21,7,147509878,850000,850080,105,105,4555536.546036,,4.0,1041.0539,0.0,3,1670.042,2026-04-24T19:42:28,2026-04-24T20:10:18,ok,pickles/nsga2/rc208_21/run07.pkl,unknown,1
nsga2,r109_21,21,3094042605,850000,850080,105,105,5626352.094623,,18.0,1719.1443,8.9333,7,623.581,2026-04-24T20:01:29,2026-04-24T20:11:53,ok,pickles/nsga2/r109_21/run21.pkl,unknown,1
smsemoa,r105_21,25,1224571685,850000,850080,105,105,33666692.24321,,18.0,1693.4618,4.7024,12,649.319,2026-04-24T20:01:43,2026-04-24T20:12:32,ok,pickles/smsemoa/r105_21/run25.pkl,unknown,1
moead_ws,rc203_21,8,1518460760,850000,850080,105,103,125110828.852971,,5.0,1047.7119,0.0,4,1158.105,2026-04-24T19:53:29,2026-04-24T20:12:47,ok,pickles/moead_ws/rc203_21/run08.pkl,unknown,1
moead_ws,r205_21,15,2663321490,850000,850080,105,102,68385859.308525,,5.0,794.4931,0.0,4,1369.486,2026-04-24T19:51:05,2026-04-24T20:13:55,ok,pickles/moead_ws/r205_21/run15.pkl,unknown,1
smsemoa,rc208_21,11,2013364283,850000,850080,105,105,6372722.249701,,3.0,807.1345,0.0,3,1752.985,2026-04-24T19:45:39,2026-04-24T20:14:52,ok,pickles/smsemoa/rc208_21/run11.pkl,unknown,1
smsemoa,c107_21,19,134058478,850000,850080,105,105,52531681.423635,,14.0,1595.0292,590.9913,7,710.253,2026-04-24T20:07:47,2026-04-24T20:19:37,ok,pickles/smsemoa/c107_21/run19.pkl,unknown,1
nsga2,rc208_21,16,1541679417,850000,850080,105,77,709105.036331,,4.0,814.7085,0.0,1,1727.408,2026-04-24T19:51:09,2026-04-24T20:19:57,ok,pickles/nsga2/rc208_21/run16.pkl,unknown,1
moead_ws,c103_21,3,187970732,850000,850080,105,93,56322272.420298,,14.0,1787.3418,21.8778,5,870.154,2026-04-24T20:06:14,2026-04-24T20:20:44,ok,pickles/moead_ws/c103_21/run03.pkl,unknown,1
nsga2,r109_21,16,2124558552,850000,850080,105,105,4821874.784399,,17.0,1636.2471,4.419,7,627.32,2026-04-24T20:10:18,2026-04-24T20:20:46,ok,pickles/nsga2/r109_21/run16.pkl,unknown,1
smsemoa,c104_21,5,2774504268,850000,850080,105,105,9695530.340351,,12.0,1326.2544,62.2935,5,825.748,2026-04-24T20:07:10,2026-04-24T20:20:55,ok,pickles/smsemoa/c104_21/run05.pkl,unknown,1
moead_ws,r205_21,8,3136871990,850000,850080,105,103,34577306.983294,,5.0,869.7225,0.0,4,1282.02,2026-04-24T20:01:05,2026-04-24T20:22:27,ok,pickles/moead_ws/r205_21/run08.pkl,unknown,1
moead_ws,c102_21,10,1613224203,850000,850080,105,99,263279162.573038,,15.0,1989.8402,1357.9983,8,856.268,2026-04-24T20:08:36,2026-04-24T20:22:53,ok,pickles/moead_ws/c102_21/run10.pkl,unknown,1
moead_ws,r109_21,25,254639684,850000,850080,105,90,21077426.47679,,19.0,1823.6453,5.5707,11,734.322,2026-04-24T20:12:32,2026-04-24T20:24:47,ok,pickles/moead_ws/r109_21/run25.pkl,unknown,1
moead_ws,c104_21,13,2766821755,850000,850080,105,91,11683557.765462,,11.0,1478.6588,9.0033,4,1004.861,2026-04-24T20:08:25,2026-04-24T20:25:10,ok,pickles/moead_ws/c104_21/run13.pkl,unknown,1
moead_ws,rc106_21,18,1581405556,850000,850080,105,104,22163587.183696,,18.0,2136.8292,0.7778,10,756.385,2026-04-24T20:14:53,2026-04-24T20:27:29,ok,pickles/moead_ws/rc106_21/run18.pkl,unknown,1
moead_ws,rc205_21,27,2542853588,850000,850080,105,102,129924919.069723,,6.0,1075.7165,0.0,6,1165.131,2026-04-24T20:09:10,2026-04-24T20:28:35,ok,pickles/moead_ws/rc205_21/run27.pkl,unknown,1
nsga2,rc202_21,15,66773077,850000,850080,105,105,48380674.033236,,6.0,1568.067,0.0,5,979.954,2026-04-24T20:12:47,2026-04-24T20:29:07,ok,pickles/nsga2/rc202_21/run15.pkl,unknown,1
nsga2,c202_21,19,2769875237,850000,850080,105,105,39349551.269363,,5.0,1244.5838,1072.0387,3,1221.963,2026-04-24T20:09:59,2026-04-24T20:30:21,ok,pickles/nsga2/c202_21/run19.pkl,unknown,1
nsga2,c104_21,12,410653304,850000,850080,105,105,21650818.267297,,11.0,1470.0211,0.0,7,820.046,2026-04-24T20:19:57,2026-04-24T20:33:37,ok,pickles/nsga2/c104_21/run12.pkl,unknown,1
smsemoa,r211_21,22,935257882,850000,850080,105,100,1551972.863704,,3.0,757.4479,0.0,2,1854.603,2026-04-24T20:06:04,2026-04-24T20:36:58,ok,pickles/smsemoa/r211_21/run22.pkl,unknown,1
nsga2,rc208_21,14,3697849586,850000,850080,105,55,549178.856739,,4.0,1050.9668,0.0,2,1618.431,2026-04-24T20:11:53,2026-04-24T20:38:51,ok,pickles/nsga2/rc208_21/run14.pkl,unknown,1
smsemoa,c102_21,3,3916697781,850000,850080,105,105,126542404.271207,,13.0,1827.4509,854.9657,10,698.824,2026-04-24T20:27:29,2026-04-24T20:39:08,ok,pickles/smsemoa/c102_21/run03.pkl,unknown,1
moead_ws,r207_21,5,453937364,850000,850080,105,93,8900611.048847,,4.0,899.5738,0.0,3,1561.874,2026-04-24T20:13:55,2026-04-24T20:39:57,ok,pickles/moead_ws/r207_21/run05.pkl,unknown,1
nsga2,c202_21,30,899080476,850000,850080,105,105,233948821.669402,,4.0,939.7112,134.5842,6,1267.812,2026-04-24T20:20:44,2026-04-24T20:41:52,ok,pickles/nsga2/c202_21/run30.pkl,unknown,1
moead_ws,rc203_21,5,626335063,850000,850080,105,103,33667592.303352,,5.0,1137.9014,0.0,5,1184.736,2026-04-24T20:22:28,2026-04-24T20:42:12,ok,pickles/moead_ws/rc203_21/run05.pkl,unknown,1
moead_ws,rc202_21,19,4248472727,850000,850080,105,101,53237785.518034,,6.0,1237.3074,0.0,4,1213.371,2026-04-24T20:22:53,2026-04-24T20:43:07,ok,pickles/moead_ws/rc202_21/run19.pkl,unknown,1
moead_ws,rc202_21,18,1082596617,850000,850080,105,88,85472982.105085,,7.0,1204.5418,0.0,5,1080.467,2026-04-24T20:25:10,2026-04-24T20:43:11,ok,pickles/moead_ws/rc202_21/run18.pkl,unknown,1
smsemoa,rc106_21,28,3589081693,850000,850080,105,102,3038543.903438,,17.0,1861.7002,0.0,7,644.777,2026-04-24T20:33:37,2026-04-24T20:44:22,ok,pickles/smsemoa/rc106_21/run28.pkl,unknown,1
nsga2,rc106_21,22,2021458407,850000,850080,105,105,6098311.054467,,17.0,1941.21,0.0,8,628.81,2026-04-24T20:36:58,2026-04-24T20:47:27,ok,pickles/nsga2/rc106_21/run22.pkl,unknown,1
nsga2,rc208_21,21,2078506681,850000,850080,105,98,6405656.814179,,3.0,1049.5062,0.0,4,1661.539,2026-04-24T20:20:46,2026-04-24T20:48:27,ok,pickles/nsga2/rc208_21/run21.pkl,unknown,1
moead_ws,r208_21,3,915237850,850000,850080,105,93,1919490.358986,,3.0,853.059,0.0,3,1730.146,2026-04-24T20:19:38,2026-04-24T20:48:28,ok,pickles/moead_ws/r208_21/run03.pkl,unknown,1
moead_ws,rc203_21,18,752325433,850000,850080,105,100,33190214.252597,,5.0,999.0859,0.0,4,1209.43,2026-04-24T20:28:36,2026-04-24T20:48:45,ok,pickles/moead_ws/rc203_21/run18.pkl,unknown,1
smsemoa,c202_21,11,449172334,850000,850080,105,105,24898216.438697,,5.0,1019.9069,0.0,5,1163.578,2026-04-24T20:30:21,2026-04-24T20:49:45,ok,pickles/smsemoa/c202_21/run11.pkl,unknown,1
nsga2,c202_21,6,2522576535,850000,850080,105,105,53623346.19681,,4.0,1191.5553,0.0,5,1257.614,2026-04-24T20:29:07,2026-04-24T20:50:05,ok,pickles/nsga2/c202_21/run06.pkl,unknown,1
nsga2,c107_21,9,495989737,850000,850080,105,105,95297797.172003,,14.0,1650.5203,1397.4145,8,718.231,2026-04-24T20:39:08,2026-04-24T20:51:06,ok,pickles/nsga2/c107_21/run09.pkl,unknown,1
smsemoa,r211_21,2,3607750779,850000,850080,105,105,2462407.530231,,3.0,761.4719,0.0,2,1888.94,2026-04-24T20:20:55,2026-04-24T20:52:24,ok,pickles/smsemoa/r211_21/run02.pkl,unknown,1
moead_ws,r109_21,28,263798542,850000,850080,105,97,11543959.412982,,19.0,1868.5554,5.0485,8,748.562,2026-04-24T20:39:57,2026-04-24T20:52:26,ok,pickles/moead_ws/r109_21/run28.pkl,unknown,1
nsga2,rc208_21,11,1391629793,850000,850080,105,105,2461078.655982,,3.0,934.6742,0.0,4,1674.792,2026-04-24T20:24:47,2026-04-24T20:52:41,ok,pickles/nsga2/rc208_21/run11.pkl,unknown,1
smsemoa,c107_21,26,2722186439,850000,850080,105,105,66096127.304511,,14.0,1645.6553,137.4171,8,722.059,2026-04-24T20:41:52,2026-04-24T20:53:54,ok,pickles/smsemoa/c107_21/run26.pkl,unknown,1
smsemoa,c103_21,28,2071032782,850000,850080,105,105,42654082.545974,,12.0,1598.7927,391.9675,8,756.88,2026-04-24T20:44:22,2026-04-24T20:56:59,ok,pickles/smsemoa/c103_21/run28.pkl,unknown,1
nsga2,r105_21,8,2451832973,850000,850080,105,105,11893835.704451,,18.0,1748.2577,0.0,11,611.052,2026-04-24T20:47:27,2026-04-24T20:57:38,ok,pickles/nsga2/r105_21/run08.pkl,unknown,1
nsga2,c107_21,23,784598954,850000,850080,105,105,63468533.730972,,14.0,1659.7794,230.3536,7,697.294,2026-04-24T20:48:45,2026-04-24T21:00:22,ok,pickles/nsga2/c107_21/run23.pkl,unknown,1
moead_ws,rc106_21,28,3722879261,850000,850080,105,102,29580285.842386,,18.0,2077.9546,0.0,13,751.977,2026-04-24T20:48:28,2026-04-24T21:01:00,ok,pickles/moead_ws/rc106_21/run28.pkl,unknown,1
nsga2,r105_21,10,3295062922,850000,850080,105,105,12498517.602343,,19.0,1832.3,0.9859,12,605.058,2026-04-24T20:51:06,2026-04-24T21:01:11,ok,pickles/nsga2/r105_21/run10.pkl,unknown,1
nsga2,r105_21,4,582767799,850000,850080,105,105,13124974.027305,,18.0,1778.448,8.813,12,596.077,2026-04-24T20:52:41,2026-04-24T21:02:38,ok,pickles/nsga2/r105_21/run04.pkl,unknown,1
moead_ws,r109_21,14,1635519180,850000,850080,105,102,20579653.402002,,19.0,1811.4455,4.3155,12,765.978,2026-04-24T20:50:05,2026-04-24T21:02:51,ok,pickles/moead_ws/r109_21/run14.pkl,unknown,1
moead_ws,rc205_21,1,3536669384,850000,850080,105,92,86252878.498347,,6.0,1203.1541,1.2066,6,1196.399,2026-04-24T20:43:07,2026-04-24T21:03:03,ok,pickles/moead_ws/rc205_21/run01.pkl,unknown,1
smsemoa,r105_21,26,55015536,850000,850080,105,105,12042326.268344,,20.0,1810.2206,21.6944,11,661.448,2026-04-24T20:52:24,2026-04-24T21:03:26,ok,pickles/smsemoa/r105_21/run26.pkl,unknown,1
smsemoa,r208_21,19,4284893383,850000,850080,105,57,349639.275894,,3.0,769.3936,0.0,2,1663.994,2026-04-24T20:38:51,2026-04-24T21:06:35,ok,pickles/smsemoa/r208_21/run19.pkl,unknown,1
moead_ws,c202_21,10,1065300130,850000,850080,105,101,135882470.2839,,5.0,1064.0075,384.4484,4,1118.805,2026-04-24T20:48:28,2026-04-24T21:07:07,ok,pickles/moead_ws/c202_21/run10.pkl,unknown,1
moead_ws,rc202_21,2,3207421310,850000,850080,105,97,91228435.120762,,7.0,1233.4471,0.0,5,1079.162,2026-04-24T20:49:45,2026-04-24T21:07:45,ok,pickles/moead_ws/rc202_21/run02.pkl,unknown,1
smsemoa,rc205_21,11,886051388,850000,850080,105,105,44899372.626417,,5.0,1199.0378,1.0,5,1085.377,2026-04-24T20:52:26,2026-04-24T21:10:31,ok,pickles/smsemoa/rc205_21/run11.pkl,unknown,1
nsga2,r105_21,11,2263143019,850000,850080,105,105,13759343.528666,,19.0,1836.3113,12.7572,12,610.471,2026-04-24T21:00:22,2026-04-24T21:10:33,ok,pickles/nsga2/r105_21/run11.pkl,unknown,1
nsga2,c103_21,22,1628810533,850000,850080,105,105,56600547.022068,,13.0,1499.3395,0.0,8,725.507,2026-04-24T21:01:00,2026-04-24T21:13:05,ok,pickles/nsga2/c103_21/run22.pkl,unknown,1
moead_ws,r211_21,2,59553872,850000,850080,105,93,4899378.394565,,4.0,766.7758,0.0,2,1880.647,2026-04-24T20:42:13,2026-04-24T21:13:33,ok,pickles/moead_ws/r211_21/run02.pkl,unknown,1
smsemoa,r211_21,26,3820140871,850000,850080,105,105,812021.89441,,3.0,738.6335,0.0,2,1841.06,2026-04-24T20:43:11,2026-04-24T21:13:52,ok,pickles/smsemoa/r211_21/run26.pkl,unknown,1
smsemoa,r105_21,11,3601175318,850000,850080,105,105,21138447.593063,,19.0,1870.8465,36.7019,12,649.809,2026-04-24T21:03:03,2026-04-24T21:13:53,ok,pickles/smsemoa/r105_21/run11.pkl,unknown,1
smsemoa,c104_21,22,444867439,850000,850080,105,98,10500487.874747,,11.0,1391.5815,0.0,5,845.454,2026-04-24T21:01:11,2026-04-24T21:15:17,ok,pickles/smsemoa/c104_21/run22.pkl,unknown,1
smsemoa,r207_21,27,3005118836,850000,850080,105,105,2736360.532886,,3.0,801.4519,0.0,3,1464.007,2026-04-24T20:53:54,2026-04-24T21:18:18,ok,pickles/smsemoa/r207_21/run27.pkl,unknown,1
smsemoa,r109_21,8,4192648509,850000,850080,105,105,6565409.118508,,18.0,1659.0141,0.0,7,659.933,2026-04-24T21:07:45,2026-04-24T21:18:45,ok,pickles/smsemoa/r109_21/run08.pkl,unknown,1
smsemoa,rc202_21,26,2218738316,850000,850080,105,105,25551453.593055,,5.0,1100.3108,0.0,5,1017.808,2026-04-24T21:02:38,2026-04-24T21:19:35,ok,pickles/smsemoa/rc202_21/run26.pkl,unknown,1
nsga2,rc208_21,29,61770990,850000,850080,105,105,2115647.617155,,4.0,953.7833,0.0,2,1724.326,2026-04-24T20:56:59,2026-04-24T21:25:43,ok,pickles/nsga2/rc208_21/run29.pkl,unknown,1
nsga2,r207_21,25,1145257390,850000,850080,105,71,1162299.517613,,4.0,849.3175,0.0,2,1508.385,2026-04-24T21:02:51,2026-04-24T21:27:59,ok,pickles/nsga2/r207_21/run25.pkl,unknown,1
moead_ws,rc208_21,29,3950989175,850000,850080,105,104,17691953.879728,,4.0,916.3203,0.0,3,1833.514,2026-04-24T20:57:39,2026-04-24T21:28:12,ok,pickles/moead_ws/rc208_21/run29.pkl,unknown,1
moead_ws,rc203_21,26,3503199832,850000,850080,105,99,8690430.99519,,6.0,1108.9656,0.0,2,1265.721,2026-04-24T21:07:08,2026-04-24T21:28:13,ok,pickles/moead_ws/rc203_21/run26.pkl,unknown,1
smsemoa,r207_21,9,2965189375,850000,850080,105,105,273893.008549,,4.0,908.2922,0.0,1,1529.387,2026-04-24T21:03:26,2026-04-24T21:28:55,ok,pickles/smsemoa/r207_21/run09.pkl,unknown,1
smsemoa,c104_21,20,2687444854,850000,850080,105,100,14912351.141794,,12.0,1397.3946,0.0,5,844.4,2026-04-24T21:15:17,2026-04-24T21:29:21,ok,pickles/smsemoa/c104_21/run20.pkl,unknown,1
moead_ws,rc202_21,5,3760724410,850000,850080,105,103,43020135.642511,,6.0,1408.9356,0.0,5,1064.675,2026-04-24T21:13:06,2026-04-24T21:30:50,ok,pickles/moead_ws/rc202_21/run05.pkl,unknown,1
smsemoa,rc202_21,27,2837794258,850000,850080,105,105,102775909.597406,,5.0,1146.4264,0.0,6,1062.237,2026-04-24T21:13:33,2026-04-24T21:31:16,ok,pickles/smsemoa/rc202_21/run27.pkl,unknown,1
nsga2,c103_21,28,891203970,850000,850080,105,105,37805957.364523,,13.0,1682.7498,51.0483,6,734.888,2026-04-24T21:19:35,2026-04-24T21:31:50,ok,pickles/nsga2/c103_21/run28.pkl,unknown,1
smsemoa,r205_21,7,2288173208,850000,850080,105,105,47448718.019038,,5.0,951.616,17.1384,4,1284.456,2026-04-24T21:10:31,2026-04-24T21:31:56,ok,pickles/smsemoa/r205_21/run07.pkl,unknown,1
smsemoa,r208_21,10,688521712,850000,850080,105,89,173579.534609,,3.0,783.763,0.0,2,1734.984,2026-04-24T21:06:35,2026-04-24T21:35:30,ok,pickles/smsemoa/r208_21/run10.pkl,unknown,1
nsga2,rc202_21,12,3512923431,850000,850080,105,105,29821347.192553,,5.0,1204.0971,0.0,4,1089.328,2026-04-24T21:18:18,2026-04-24T21:36:27,ok,pickles/nsga2/rc202_21/run12.pkl,unknown,1
nsga2,rc106_21,9,4026774565,850000,850080,105,105,5560997.734409,,21.0,2345.8482,21.1862,8,631.795,2026-04-24T21:28:13,2026-04-24T21:38:45,ok,pickles/nsga2/rc106_21/run09.pkl,unknown,1
nsga2,r207_21,20,690058825,850000,850080,105,105,2048526.430196,,3.0,834.0418,0.0,3,1535.113,2026-04-24T21:13:53,2026-04-24T21:39:28,ok,pickles/nsga2/r207_21/run20.pkl,unknown,1
smsemoa,r211_21,10,2022328273,850000,850080,105,105,5061651.2564,,3.0,784.7761,0.0,3,1869.367,2026-04-24T21:10:33,2026-04-24T21:41:42,ok,pickles/smsemoa/r211_21/run10.pkl,unknown,1
smsemoa,r105_21,10,2446046327,850000,850080,105,105,11535107.875941,,19.0,1807.6095,28.5433,12,629.539,2026-04-24T21:31:56,2026-04-24T21:42:25,ok,pickles/smsemoa/r105_21/run10.pkl,unknown,1
moead_ws,c102_21,30,2422274746,850000,850080,105,91,87231014.389208,,15.0,2055.9302,637.939,5,824.644,2026-04-24T21:28:56,2026-04-24T21:42:40,ok,pickles/moead_ws/c102_21/run30.pkl,unknown,1
smsemoa,rc202_21,21,2914971844,850000,850080,105,105,57522747.514281,,5.0,1230.5187,0.0,5,1055.602,2026-04-24T21:25:43,2026-04-24T21:43:19,ok,pickles/smsemoa/rc202_21/run21.pkl,unknown,1
nsga2,rc208_21,13,1248123106,850000,850080,105,105,3812260.591909,,3.0,922.6759,0.0,3,1787.146,2026-04-24T21:13:52,2026-04-24T21:43:39,ok,pickles/nsga2/rc208_21/run13.pkl,unknown,1
moead_ws,c104_21,25,1731266038,850000,850080,105,99,57695998.689541,,11.0,1536.0998,0.0,5,926.659,2026-04-24T21:30:51,2026-04-24T21:46:18,ok,pickles/moead_ws/c104_21/run25.pkl,unknown,1
nsga2,r208_21,2,2840545168,850000,850080,105,34,30774.669984,,3.0,880.2197,0.0,1,1723.288,2026-04-24T21:18:45,2026-04-24T21:47:28,ok,pickles/nsga2/r208_21/run02.pkl,unknown,1
nsga2,c202_21,28,563611679,850000,850080,105,105,26056268.037052,,4.0,911.028,41.4522,4,1224.631,2026-04-24T21:27:59,2026-04-24T21:48:24,ok,pickles/nsga2/c202_21/run28.pkl,unknown,1
moead_ws,rc202_21,11,762965,850000,850080,105,98,134081162.422079,,7.0,1229.1411,21.7954,7,1058.322,2026-04-24T21:31:16,2026-04-24T21:48:54,ok,pickles/moead_ws/rc202_21/run11.pkl,unknown,1
smsemoa,rc203_21,10,4213026903,850000,850080,105,105,7071841.497969,,5.0,1326.2722,0.0,3,1182.315,2026-04-24T21:29:21,2026-04-24T21:49:04,ok,pickles/smsemoa/rc203_21/run10.pkl,unknown,1
nsga2,rc106_21,8,4101941565,850000,850080,105,105,6772512.772474,,16.0,1882.5847,0.0,7,627.137,2026-04-24T21:39:28,2026-04-24T21:49:56,ok,pickles/nsga2/rc106_21/run08.pkl,unknown,1
nsga2,r109_21,23,3101644089,850000,850080,105,105,5454212.983306,,17.0,1571.4177,0.0,8,640.617,2026-04-24T21:43:19,2026-04-24T21:53:59,ok,pickles/nsga2/r109_21/run23.pkl,unknown,1
moead_ws,c104_21,6,702389007,850000,850080,105,94,303955251.706323,,12.0,1465.8851,0.0,6,962.021,2026-04-24T21:38:46,2026-04-24T21:54:48,ok,pickles/moead_ws/c104_21/run06.pkl,unknown,1
smsemoa,c107_21,16,2026706333,850000,850080,105,105,59689047.719324,,14.0,1789.5581,1465.4288,7,761.831,2026-04-24T21:42:25,2026-04-24T21:55:07,ok,pickles/smsemoa/c107_21/run16.pkl,unknown,1
nsga2,rc203_21,20,1608525790,850000,850080,105,105,11079754.775037,,4.0,1226.6827,0.0,3,1211.412,2026-04-24T21:35:30,2026-04-24T21:55:42,ok,pickles/nsga2/rc203_21/run20.pkl,unknown,1
nsga2,c104_21,9,3681681632,850000,850080,105,105,3481293.140314,,11.0,1333.3835,0.0,4,814.295,2026-04-24T21:42:40,2026-04-24T21:56:15,ok,pickles/nsga2/c104_21/run09.pkl,unknown,1
nsga2,r208_21,22,3446583203,850000,850080,105,105,919628.13637,,3.0,827.5552,0.0,3,1703.533,2026-04-24T21:28:12,2026-04-24T21:56:36,ok,pickles/nsga2/r208_21/run22.pkl,unknown,1
moead_ws,rc208_21,13,1731835705,850000,850080,105,102,8924900.259983,,4.0,919.2991,0.0,3,1824.904,2026-04-24T21:31:51,2026-04-24T22:02:16,ok,pickles/moead_ws/rc208_21/run13.pkl,unknown,1
moead_ws,rc205_21,20,970965914,850000,850080,105,95,162798207.72357,,7.0,1362.2884,23.1856,5,1143.076,2026-04-24T21:43:39,2026-04-24T22:02:42,ok,pickles/moead_ws/rc205_21/run20.pkl,unknown,1
moead_ws,c103_21,5,3807839025,850000,850080,105,98,61186719.98715,,14.0,1850.0728,26.0433,5,915.504,2026-04-24T21:47:28,2026-04-24T22:02:44,ok,pickles/moead_ws/c103_21/run05.pkl,unknown,1
moead_ws,r208_21,6,3385705348,850000,850080,105,96,1240664.649944,,3.0,953.1955,0.0,3,1728.79,2026-04-24T21:36:28,2026-04-24T22:05:17,ok,pickles/moead_ws/r208_21/run06.pkl,unknown,1
nsga2,rc106_21,28,3888589631,850000,850080,105,105,10219266.399611,,18.0,2090.1971,0.0,10,613.71,2026-04-24T21:55:07,2026-04-24T22:05:21,ok,pickles/nsga2/rc106_21/run28.pkl,unknown,1
smsemoa,c102_21,1,490561457,850000,850080,105,105,93711115.704953,,13.0,1717.4408,611.5461,10,698.161,2026-04-24T21:53:59,2026-04-24T22:05:37,ok,pickles/smsemoa/c102_21/run01.pkl,unknown,1
smsemoa,rc202_21,18,2364694429,850000,850080,105,105,23963843.673862,,5.0,1115.5645,2.0384,4,1047.076,2026-04-24T21:48:24,2026-04-24T22:05:51,ok,pickles/smsemoa/rc202_21/run18.pkl,unknown,1
nsga2,c102_21,11,1156791402,850000,850080,105,105,193403239.691302,,13.0,1696.487,218.7179,13,705.836,2026-04-24T21:55:42,2026-04-24T22:07:27,ok,pickles/nsga2/c102_21/run11.pkl,unknown,1
moead_ws,rc202_21,4,1400741923,850000,850080,105,91,30396043.326354,,6.0,1038.2278,0.0,4,1129.56,2026-04-24T21:48:55,2026-04-24T22:07:45,ok,pickles/moead_ws/rc202_21/run04.pkl,unknown,1
moead_ws,c103_21,29,1159622836,850000,850080,105,104,305984491.07673,,13.0,1932.6111,21.6087,8,884.308,2026-04-24T21:56:15,2026-04-24T22:10:59,ok,pickles/moead_ws/c103_21/run29.pkl,unknown,1
smsemoa,r208_21,22,3071155018,850000,850080,105,79,106541.232279,,3.0,819.2,0.0,2,1784.946,2026-04-24T21:41:42,2026-04-24T22:11:27,ok,pickles/smsemoa/r208_21/run22.pkl,unknown,1
smsemoa,rc202_21,9,682723992,850000,850080,105,105,51558155.82399,,5.0,1335.9834,0.0,5,1073.564,2026-04-24T21:54:48,2026-04-24T22:12:41,ok,pickles/smsemoa/rc202_21/run09.pkl,unknown,1
nsga2,rc208_21,25,1972620175,850000,850080,105,105,1195150.282635,,4.0,1006.1076,0.0,2,1734.118,2026-04-24T21:46:18,2026-04-24T22:15:12,ok,pickles/nsga2/rc208_21/run25.pkl,unknown,1
smsemoa,c104_21,7,2188997897,850000,850080,105,105,42345357.471462,,10.0,1425.8229,0.0,8,838.791,2026-04-24T22:02:16,2026-04-24T22:16:14,ok,pickles/smsemoa/c104_21/run07.pkl,unknown,1
smsemoa,c202_21,21,241494395,850000,850080,105,105,78822780.52671,,5.0,998.6867,95.7863,5,1215.859,2026-04-24T21:56:36,2026-04-24T22:16:52,ok,pickles/smsemoa/c202_21/run21.pkl,unknown,1
nsga2,r208_21,14,3363169735,850000,850080,105,105,904319.26374,,3.0,915.6734,0.0,3,1655.092,2026-04-24T21:49:56,2026-04-24T22:17:31,ok,pickles/nsga2/r208_21/run14.pkl,unknown,1
moead_ws,r105_21,23,632756559,850000,850080,105,103,24643800.319305,,21.0,1963.3557,25.7813,11,737.761,2026-04-24T22:05:21,2026-04-24T22:17:39,ok,pickles/moead_ws/r105_21/run23.pkl,unknown,1
smsemoa,r105_21,27,156656812,850000,850080,105,105,26259445.762558,,19.0,1814.9967,21.871,12,644.753,2026-04-24T22:07:27,2026-04-24T22:18:12,ok,pickles/smsemoa/r105_21/run27.pkl,unknown,1
moead_ws,c104_21,9,1477625781,850000,850080,105,99,50523350.615128,,13.0,1748.5031,61.0483,5,972.739,2026-04-24T22:02:44,2026-04-24T22:18:57,ok,pickles/moead_ws/c104_21/run09.pkl,unknown,1
moead_ws,c102_21,26,1679222251,850000,850080,105,91,534153397.788235,,15.0,2134.1643,828.0416,8,832.227,2026-04-24T22:05:52,2026-04-24T22:19:44,ok,pickles/moead_ws/c102_21/run26.pkl,unknown,1
moead_ws,rc106_21,9,3692690427,850000,850080,105,97,17242087.322996,,21.0,2413.7068,25.0334,11,741.62,2026-04-24T22:07:45,2026-04-24T22:20:07,ok,pickles/moead_ws/rc106_21/run09.pkl,unknown,1
moead_ws,r211_21,27,1278536111,850000,850080,105,85,4499726.597323,,4.0,724.6994,0.0,2,1868.26,2026-04-24T21:49:04,2026-04-24T22:20:12,ok,pickles/moead_ws/r211_21/run27.pkl,unknown,1
nsga2,rc202_21,3,1244012033,850000,850080,105,105,23290111.472614,,5.0,1335.55,0.0,5,1073.963,2026-04-24T22:02:42,2026-04-24T22:20:36,ok,pickles/nsga2/rc202_21/run03.pkl,unknown,1
smsemoa,rc203_21,8,1149492981,850000,850080,105,105,17512930.231346,,4.0,1023.9731,0.0,6,1205.488,2026-04-24T22:05:37,2026-04-24T22:25:43,ok,pickles/smsemoa/rc203_21/run08.pkl,unknown,1
moead_ws,r105_21,16,595967310,850000,850080,105,99,69212288.329455,,21.0,1982.0053,21.9851,14,739.826,2026-04-24T22:16:52,2026-04-24T22:29:12,ok,pickles/moead_ws/r105_21/run16.pkl,unknown,1
moead_ws,rc202_21,9,3411693225,850000,850080,105,103,76203534.29546,,6.0,1105.1036,0.0,5,1071.85,2026-04-24T22:11:28,2026-04-24T22:29:20,ok,pickles/moead_ws/rc202_21/run09.pkl,unknown,1
smsemoa,rc202_21,30,588895318,850000,850080,105,105,42555326.117828,,6.0,1239.7755,0.0,4,1009.071,2026-04-24T22:12:41,2026-04-24T22:29:30,ok,pickles/smsemoa/rc202_21/run30.pkl,unknown,1
moead_ws,r109_21,6,1521133285,850000,850080,105,94,6020534.413631,,19.0,1673.4618,2.3734,6,740.449,2026-04-24T22:17:31,2026-04-24T22:29:52,ok,pickles/moead_ws/r109_21/run06.pkl,unknown,1
moead_ws,r207_21,7,841051767,850000,850080,105,101,17095158.087507,,4.0,944.6107,0.0,5,1507.709,2026-04-24T22:05:17,2026-04-24T22:30:25,ok,pickles/moead_ws/r207_21/run07.pkl,unknown,1
smsemoa,rc203_21,25,3566822496,850000,850080,105,105,16199247.533915,,5.0,1177.1393,0.0,4,1226.333,2026-04-24T22:10:59,2026-04-24T22:31:26,ok,pickles/smsemoa/rc203_21/run25.pkl,unknown,1
smsemoa,c102_21,28,2469185579,850000,850080,105,105,297190297.82512,,13.0,1708.3075,227.3083,12,706.422,2026-04-24T22:20:12,2026-04-24T22:31:59,ok,pickles/smsemoa/c102_21/run28.pkl,unknown,1
smsemoa,rc202_21,13,3801783478,850000,850080,105,105,30516663.595936,,5.0,1311.1329,0.0,5,1064.843,2026-04-24T22:15:12,2026-04-24T22:32:57,ok,pickles/smsemoa/rc202_21/run13.pkl,unknown,1
nsga2,c104_21,22,1911064904,850000,850080,105,105,12944903.532282,,12.0,1577.8365,0.0,6,805.267,2026-04-24T22:20:36,2026-04-24T22:34:02,ok,pickles/nsga2/c104_21/run22.pkl,unknown,1
nsga2,rc202_21,22,1381682700,850000,850080,105,105,15316150.405736,,4.0,1161.0378,0.0,4,1019.154,2026-04-24T22:20:07,2026-04-24T22:37:06,ok,pickles/nsga2/rc202_21/run22.pkl,unknown,1
smsemoa,c107_21,25,3035850268,850000,850080,105,105,58214866.210558,,13.0,1656.0295,358.7093,8,692.231,2026-04-24T22:25:43,2026-04-24T22:37:15,ok,pickles/smsemoa/c107_21/run25.pkl,unknown,1
smsemoa,c202_21,26,1854845977,850000,850080,105,105,106831529.302569,,4.0,1023.4071,408.5753,5,1297.076,2026-04-24T22:16:14,2026-04-24T22:37:52,ok,pickles/smsemoa/c202_21/run26.pkl,unknown,1
smsemoa,rc205_21,5,2232632161,850000,850080,105,105,29906522.709203,,5.0,1147.1599,0.0,4,1150.819,2026-04-24T22:18:57,2026-04-24T22:38:08,ok,pickles/smsemoa/rc205_21/run05.pkl,unknown,1
nsga2,r205_21,15,3736489058,850000,850080,105,105,12687688.411417,,4.0,1012.5658,0.0,3,1270.554,2026-04-24T22:17:39,2026-04-24T22:38:50,ok,pickles/nsga2/r205_21/run15.pkl,unknown,1
moead_ws,r205_21,20,1358439510,850000,850080,105,105,29519047.460094,,5.0,1042.2117,0.0,3,1336.814,2026-04-24T22:19:44,2026-04-24T22:42:01,ok,pickles/moead_ws/r205_21/run20.pkl,unknown,1
smsemoa,c102_21,15,3899568315,850000,850080,105,105,86311411.47618,,14.0,1755.5207,544.0885,9,705.763,2026-04-24T22:30:25,2026-04-24T22:42:11,ok,pickles/smsemoa/c102_21/run15.pkl,unknown,1
smsemoa,c107_21,1,4235982343,850000,850080,105,105,53210678.085749,,14.0,1630.0336,703.7878,7,746.446,2026-04-24T22:29:52,2026-04-24T22:42:18,ok,pickles/smsemoa/c107_21/run01.pkl,unknown,1
smsemoa,rc106_21,17,3831238933,850000,850080,105,105,9273547.581188,,16.0,1715.1454,0.0,8,648.827,2026-04-24T22:31:59,2026-04-24T22:42:48,ok,pickles/smsemoa/rc106_21/run17.pkl,unknown,1
nsga2,rc106_21,7,1661367521,850000,850080,105,105,6432917.793414,,20.0,2305.8577,0.0,9,621.848,2026-04-24T22:32:57,2026-04-24T22:43:18,ok,pickles/nsga2/rc106_21/run07.pkl,unknown,1
moead_ws,c107_21,9,1627560315,850000,850080,105,100,54228429.576466,,16.0,1665.4,4525.4578,6,896.15,2026-04-24T22:29:12,2026-04-24T22:44:09,ok,pickles/moead_ws/c107_21/run09.pkl,unknown,1
smsemoa,rc202_21,8,1929209311,850000,850080,105,105,37998004.735412,,5.0,1038.7161,0.0,5,1091.477,2026-04-24T22:29:20,2026-04-24T22:47:31,ok,pickles/smsemoa/rc202_21/run08.pkl,unknown,1
nsga2,r109_21,20,1707814337,850000,850080,105,105,4509694.009679,,17.0,1631.6144,6.5484,7,634.995,2026-04-24T22:37:06,2026-04-24T22:47:41,ok,pickles/nsga2/r109_21/run20.pkl,unknown,1
nsga2,r211_21,16,2795814674,850000,850080,105,105,2823976.304763,,3.0,786.5727,0.0,2,1827.629,2026-04-24T22:18:12,2026-04-24T22:48:40,ok,pickles/nsga2/r211_21/run16.pkl,unknown,1
smsemoa,c104_21,9,3308013788,850000,850080,105,103,6991743.909152,,12.0,1500.5737,39.5165,5,848.188,2026-04-24T22:38:50,2026-04-24T22:52:58,ok,pickles/smsemoa/c104_21/run09.pkl,unknown,1
nsga2,rc203_21,28,1362685883,850000,850080,105,105,12979857.22079,,4.0,1103.6321,0.0,4,1187.378,2026-04-24T22:34:02,2026-04-24T22:53:49,ok,pickles/nsga2/rc203_21/run28.pkl,unknown,1
moead_ws,r207_21,26,280845657,850000,850080,105,94,5872648.177346,,4.0,841.6388,0.0,3,1428.91,2026-04-24T22:31:26,2026-04-24T22:55:15,ok,pickles/moead_ws/r207_21/run26.pkl,unknown,1
nsga2,r207_21,27,2565863624,850000,850080,105,105,1266008.687224,,3.0,820.488,0.0,2,1646.359,2026-04-24T22:29:30,2026-04-24T22:56:57,ok,pickles/nsga2/r207_21/run27.pkl,unknown,1
smsemoa,rc203_21,19,462682560,850000,850080,105,105,10067826.998803,,4.0,1057.2063,0.0,3,1235.248,2026-04-24T22:37:52,2026-04-24T22:58:27,ok,pickles/smsemoa/rc203_21/run19.pkl,unknown,1
moead_ws,c104_21,15,2701869618,850000,850080,105,89,78327436.860856,,10.0,1628.2131,0.0749,4,945.14,2026-04-24T22:43:19,2026-04-24T22:59:04,ok,pickles/moead_ws/c104_21/run15.pkl,unknown,1
nsga2,c202_21,5,1930100615,850000,850080,105,105,90789689.233852,,4.0,1017.6997,69.739,6,1262.377,2026-04-24T22:38:08,2026-04-24T22:59:10,ok,pickles/nsga2/c202_21/run05.pkl,unknown,1
smsemoa,c202_21,28,2878620827,850000,850080,105,105,134820735.395014,,5.0,1050.8631,0.0,6,1071.997,2026-04-24T22:42:18,2026-04-24T23:00:10,ok,pickles/smsemoa/c202_21/run28.pkl,unknown,1
moead_ws,rc203_21,23,518129011,850000,850080,105,101,19415454.976748,,5.0,1123.488,0.0,5,1135.203,2026-04-24T22:42:11,2026-04-24T23:01:06,ok,pickles/moead_ws/rc203_21/run23.pkl,unknown,1
moead_ws,c107_21,7,3852572433,850000,850080,105,93,288695231.023829,,17.0,1957.5666,413.9096,8,865.021,2026-04-24T22:48:40,2026-04-24T23:03:05,ok,pickles/moead_ws/c107_21/run07.pkl,unknown,1
moead_ws,rc205_21,7,1332153710,850000,850080,105,103,74862734.776558,,6.0,1230.4671,13.0039,5,1277.526,2026-04-24T22:42:48,2026-04-24T23:04:06,ok,pickles/moead_ws/rc205_21/run07.pkl,unknown,1
smsemoa,rc106_21,19,3491301391,850000,850080,105,105,27057300.58131,,18.0,2055.6041,0.0,10,639.596,2026-04-24T22:53:49,2026-04-24T23:04:29,ok,pickles/smsemoa/rc106_21/run19.pkl,unknown,1
nsga2,rc106_21,3,728765778,850000,850080,105,105,11360290.805614,,17.0,2073.5416,0.0,10,612.22,2026-04-24T22:55:15,2026-04-24T23:05:27,ok,pickles/nsga2/rc106_21/run03.pkl,unknown,1
smsemoa,r205_21,12,2041598,850000,850080,105,105,32181621.060594,,4.0,987.0483,0.0,3,1303.183,2026-04-24T22:44:09,2026-04-24T23:05:52,ok,pickles/smsemoa/r205_21/run12.pkl,unknown,1
nsga2,r211_21,7,748326308,850000,850080,105,105,3119883.54329,,3.0,869.1044,0.0,3,1835.209,2026-04-24T22:37:15,2026-04-24T23:07:50,ok,pickles/nsga2/r211_21/run07.pkl,unknown,1
nsga2,r205_21,6,2027113026,850000,850080,105,105,35036645.841263,,4.0,996.2289,0.0,4,1330.173,2026-04-24T22:47:41,2026-04-24T23:09:51,ok,pickles/nsga2/r205_21/run06.pkl,unknown,1
nsga2,rc106_21,1,3497325265,850000,850080,105,105,20521172.789633,,19.0,2219.3171,0.0,11,639.212,2026-04-24T23:00:10,2026-04-24T23:10:49,ok,pickles/nsga2/rc106_21/run01.pkl,unknown,1
nsga2,rc205_21,25,411396320,850000,850080,105,105,13045617.106965,,5.0,1219.9423,0.0,3,1180.655,2026-04-24T22:52:58,2026-04-24T23:12:39,ok,pickles/nsga2/rc205_21/run25.pkl,unknown,1
smsemoa,r208_21,1,588205681,850000,850080,105,83,353199.966219,,3.0,797.2665,0.0,2,1884.92,2026-04-24T22:42:01,2026-04-24T23:13:26,ok,pickles/smsemoa/r208_21/run01.pkl,unknown,1
moead_ws,c104_21,5,1503102722,850000,850080,105,85,54566316.215163,,11.0,1351.5131,0.0,5,928.185,2026-04-24T22:58:27,2026-04-24T23:13:56,ok,pickles/moead_ws/c104_21/run05.pkl,unknown,1
smsemoa,c102_21,10,1906699198,850000,850080,105,105,118974797.426833,,14.0,1634.6151,1065.5296,11,718.836,2026-04-24T23:03:05,2026-04-24T23:15:04,ok,pickles/smsemoa/c102_21/run10.pkl,unknown,1
nsga2,rc106_21,6,2212817820,850000,850080,105,105,5885428.988748,,17.0,2007.633,0.5747,8,622.654,2026-04-24T23:05:27,2026-04-24T23:15:50,ok,pickles/nsga2/rc106_21/run06.pkl,unknown,1
nsga2,r208_21,15,2282319297,850000,850080,105,46,38735.770192,,4.0,918.5007,0.0,1,1714.472,2026-04-24T22:47:31,2026-04-24T23:16:06,ok,pickles/nsga2/r208_21/run15.pkl,unknown,1
smsemoa,rc202_21,11,1999071374,850000,850080,105,105,126278185.526405,,5.0,1151.2798,0.0,6,1026.38,2026-04-24T22:59:10,2026-04-24T23:16:17,ok,pickles/smsemoa/rc202_21/run11.pkl,unknown,1
smsemoa,rc203_21,13,1845627334,850000,850080,105,105,8226532.116971,,4.0,1113.6581,0.0,4,1303.973,2026-04-24T22:56:57,2026-04-24T23:18:41,ok,pickles/smsemoa/rc203_21/run13.pkl,unknown,1
nsga2,r109_21,30,2838333118,850000,850080,105,105,5562119.549219,,16.0,1486.0017,0.0,8,635.735,2026-04-24T23:09:51,2026-04-24T23:20:27,ok,pickles/nsga2/r109_21/run30.pkl,unknown,1
smsemoa,r205_21,25,1847450390,850000,850080,105,105,12723087.916808,,4.0,934.4209,0.0,4,1344.98,2026-04-24T22:59:04,2026-04-24T23:21:29,ok,pickles/smsemoa/r205_21/run25.pkl,unknown,1
smsemoa,rc203_21,11,2517274672,850000,850080,105,105,9302008.393035,,4.0,1018.9213,0.0,4,1127.633,2026-04-24T23:04:06,2026-04-24T23:22:53,ok,pickles/smsemoa/rc203_21/run11.pkl,unknown,1
moead_ws,r205_21,14,732576997,850000,850080,105,100,60898499.511669,,5.0,852.5672,0.3702,5,1307.729,2026-04-24T23:01:07,2026-04-24T23:22:55,ok,pickles/moead_ws/r205_21/run14.pkl,unknown,1
nsga2,c102_21,21,3569861571,850000,850080,105,105,53852741.935158,,15.0,1893.4565,473.7623,8,684.843,2026-04-24T23:13:26,2026-04-24T23:24:51,ok,pickles/nsga2/c102_21/run21.pkl,unknown,1
nsga2,r205_21,4,699111917,850000,850080,105,105,43388834.403187,,4.0,1046.3151,0.0,4,1288.336,2026-04-24T23:04:29,2026-04-24T23:25:57,ok,pickles/nsga2/r205_21/run04.pkl,unknown,1
moead_ws,c102_21,29,2047883188,850000,850080,105,93,172688498.220081,,16.0,1938.5333,362.4389,9,860.144,2026-04-24T23:12:39,2026-04-24T23:26:59,ok,pickles/moead_ws/c102_21/run29.pkl,unknown,1
smsemoa,c202_21,29,3871736479,850000,850080,105,105,99551741.726898,,4.0,992.983,52.9438,6,1259.405,2026-04-24T23:07:50,2026-04-24T23:28:50,ok,pickles/smsemoa/c202_21/run29.pkl,unknown,1
nsga2,c104_21,26,3145477865,850000,850080,105,105,21768549.51124,,11.0,1489.3144,0.0,7,784.364,2026-04-24T23:16:17,2026-04-24T23:29:21,ok,pickles/nsga2/c104_21/run26.pkl,unknown,1
smsemoa,c104_21,6,703755216,850000,850080,105,105,8490236.085795,,11.0,1331.0438,0.0,5,856.278,2026-04-24T23:15:50,2026-04-24T23:30:06,ok,pickles/smsemoa/c104_21/run06.pkl,unknown,1
nsga2,c104_21,4,1213442988,850000,850080,105,105,7754662.152836,,12.0,1536.5716,0.0,5,802.335,2026-04-24T23:21:29,2026-04-24T23:34:51,ok,pickles/nsga2/c104_21/run04.pkl,unknown,1
moead_ws,c107_21,28,1249344515,850000,850080,105,104,280910422.608324,,16.0,1785.634,1432.2159,6,870.703,2026-04-24T23:20:27,2026-04-24T23:34:58,ok,pickles/moead_ws/c107_21/run28.pkl,unknown,1
moead_ws,rc202_21,20,360099549,850000,850080,105,97,161420232.910448,,6.0,1206.9677,0.0,5,1044.832,2026-04-24T23:18:41,2026-04-24T23:36:06,ok,pickles/moead_ws/rc202_21/run20.pkl,unknown,1
moead_ws,c107_21,15,951989583,850000,850080,105,100,186080525.839305,,15.0,1819.6389,300.7239,4,854.833,2026-04-24T23:22:54,2026-04-24T23:37:09,ok,pickles/moead_ws/c107_21/run15.pkl,unknown,1
nsga2,r208_21,7,333986913,850000,850080,105,51,490368.15193,,3.0,752.9763,0.0,2,1910.495,2026-04-24T23:05:52,2026-04-24T23:37:42,ok,pickles/nsga2/r208_21/run07.pkl,unknown,1
nsga2,r208_21,6,1583103086,850000,850080,105,59,130606.589491,,3.0,747.9984,0.0,1,1755.653,2026-04-24T23:10:49,2026-04-24T23:40:05,ok,pickles/nsga2/r208_21/run06.pkl,unknown,1
smsemoa,c107_21,3,1725228206,850000,850080,105,105,78281856.826985,,13.0,1644.722,868.217,8,701.841,2026-04-24T23:29:21,2026-04-24T23:41:03,ok,pickles/smsemoa/c107_21/run03.pkl,unknown,1
moead_ws,c107_21,27,2154181577,850000,850080,105,95,118007753.063165,,14.0,1872.0133,3116.3498,7,844.313,2026-04-24T23:27:00,2026-04-24T23:41:04,ok,pickles/moead_ws/c107_21/run27.pkl,unknown,1
smsemoa,rc205_21,7,4052857665,850000,850080,105,105,18234993.546663,,5.0,1286.3337,0.0,5,1103.74,2026-04-24T23:22:55,2026-04-24T23:41:18,ok,pickles/smsemoa/rc205_21/run07.pkl,unknown,1
moead_ws,rc208_21,21,2815865398,850000,850080,105,96,9071660.976554,,4.0,869.0204,0.0,3,1786.07,2026-04-24T23:13:56,2026-04-24T23:43:42,ok,pickles/moead_ws/rc208_21/run21.pkl,unknown,1
nsga2,r211_21,5,4146854505,850000,850080,105,105,1644865.070951,,3.0,848.7468,0.0,2,1739.952,2026-04-24T23:15:04,2026-04-24T23:44:04,ok,pickles/nsga2/r211_21/run05.pkl,unknown,1
nsga2,r211_21,25,288580699,850000,850080,105,102,3020759.925521,,3.0,776.0735,0.0,3,1790.628,2026-04-24T23:16:06,2026-04-24T23:45:56,ok,pickles/nsga2/r211_21/run25.pkl,unknown,1
smsemoa,rc106_21,26,1568211775,850000,850080,105,105,8958954.988261,,18.0,2167.8004,37.5842,8,663.843,2026-04-24T23:34:58,2026-04-24T23:46:02,ok,pickles/smsemoa/rc106_21/run26.pkl,unknown,1
moead_ws,c202_21,29,3213153454,850000,850080,105,102,269486987.558451,,5.0,1060.8978,109.0484,4,1105.249,2026-04-24T23:28:50,2026-04-24T23:47:16,ok,pickles/moead_ws/c202_21/run29.pkl,unknown,1
smsemoa,rc202_21,17,3283103185,850000,850080,105,105,37992324.922469,,5.0,1204.9721,0.0,4,1060.085,2026-04-24T23:30:06,2026-04-24T23:47:46,ok,pickles/smsemoa/rc202_21/run17.pkl,unknown,1
smsemoa,c102_21,24,1516923097,850000,850080,105,105,76610132.466484,,14.0,1740.7908,776.7904,9,700.751,2026-04-24T23:36:06,2026-04-24T23:47:47,ok,pickles/smsemoa/c102_21/run24.pkl,unknown,1
smsemoa,r109_21,5,1819359388,850000,850080,105,105,7487921.635472,,17.0,1651.7551,0.0,8,649.522,2026-04-24T23:37:09,2026-04-24T23:47:58,ok,pickles/smsemoa/r109_21/run05.pkl,unknown,1
moead_ws,r109_21,10,3256797554,850000,850080,105,98,11696548.920751,,20.0,1824.1578,0.0,7,789.6,2026-04-24T23:41:03,2026-04-24T23:54:13,ok,pickles/moead_ws/r109_21/run10.pkl,unknown,1
smsemoa,rc208_21,27,1576110877,850000,850080,105,105,1947151.499979,,4.0,844.1047,0.0,2,1792.029,2026-04-24T23:24:51,2026-04-24T23:54:43,ok,pickles/smsemoa/rc208_21/run27.pkl,unknown,1
nsga2,r208_21,5,3557978182,850000,850080,105,105,328928.848004,,3.0,882.2234,0.0,2,1737.736,2026-04-24T23:25:57,2026-04-24T23:54:55,ok,pickles/nsga2/r208_21/run05.pkl,unknown,1
smsemoa,c102_21,11,1525159652,850000,850080,105,105,70916185.993191,,14.0,1804.1252,806.6267,9,698.78,2026-04-24T23:43:42,2026-04-24T23:55:21,ok,pickles/smsemoa/c102_21/run11.pkl,unknown,1
smsemoa,c102_21,19,3498670773,850000,850080,105,105,117333540.720541,,14.0,1758.7787,401.2901,10,739.073,2026-04-24T23:46:02,2026-04-24T23:58:21,ok,pickles/smsemoa/c102_21/run19.pkl,unknown,1
moead_ws,c104_21,11,1834998032,850000,850080,105,99,46533949.258107,,11.0,1521.0084,0.0,5,928.577,2026-04-24T23:44:05,2026-04-24T23:59:33,ok,pickles/moead_ws/c104_21/run11.pkl,unknown,1
nsga2,c107_21,26,697907292,850000,850080,105,105,89250933.980427,,14.0,1594.7445,1137.015,8,722.384,2026-04-24T23:47:47,2026-04-24T23:59:49,ok,pickles/nsga2/c107_21/run26.pkl,unknown,1
smsemoa,c104_21,12,1436507654,850000,850080,105,105,20257603.77946,,11.0,1321.1194,0.0,6,811.328,2026-04-24T23:47:46,2026-04-25T00:01:18,ok,pickles/smsemoa/c104_21/run12.pkl,unknown,1
moead_ws,c104_21,10,4252700635,850000,850080,105,97,15312976.035851,,12.0,1606.2804,0.0,4,902.905,2026-04-24T23:47:16,2026-04-25T00:02:19,ok,pickles/moead_ws/c104_21/run10.pkl,unknown,1
nsga2,r205_21,26,762066414,850000,850080,105,105,19712794.146365,,4.0,970.5878,0.0,4,1353.379,2026-04-24T23:40:05,2026-04-25T00:02:38,ok,pickles/nsga2/r205_21/run26.pkl,unknown,1
moead_ws,r208_21,11,4110220597,850000,850080,105,103,6417260.684116,,3.0,926.9373,0.0,4,1721.791,2026-04-24T23:34:52,2026-04-25T00:03:34,ok,pickles/moead_ws/r208_21/run11.pkl,unknown,1
moead_ws,r207_21,23,1341455143,850000,850080,105,97,10582798.888204,,3.0,892.9433,0.0,3,1652.743,2026-04-24T23:37:43,2026-04-25T00:05:16,ok,pickles/moead_ws/r207_21/run23.pkl,unknown,1
smsemoa,r207_21,21,62496873,850000,850080,105,105,653939.447394,,4.0,885.708,0.0,2,1459.09,2026-04-24T23:41:18,2026-04-25T00:05:37,ok,pickles/smsemoa/r207_21/run21.pkl,unknown,1
nsga2,rc203_21,11,1993779866,850000,850080,105,105,15759183.75486,,5.0,1093.9427,0.0,4,1197.501,2026-04-24T23:45:56,2026-04-25T00:05:54,ok,pickles/nsga2/rc203_21/run11.pkl,unknown,1
moead_ws,r105_21,12,1493071443,850000,850080,105,91,30019382.939519,,21.0,1939.207,32.3835,13,751.612,2026-04-24T23:54:13,2026-04-25T00:06:45,ok,pickles/moead_ws/r105_21/run12.pkl,unknown,1
smsemoa,c104_21,4,3728698673,850000,850080,105,105,9727347.19987,,11.0,1326.7575,0.0,5,816.4,2026-04-24T23:54:55,2026-04-25T00:08:31,ok,pickles/smsemoa/c104_21/run04.pkl,unknown,1
moead_ws,c202_21,25,1759171881,850000,850080,105,95,203317521.40145,,5.0,1165.7521,3951.6883,4,1323.604,2026-04-24T23:47:59,2026-04-25T00:10:02,ok,pickles/moead_ws/c202_21/run25.pkl,unknown,1
smsemoa,r208_21,18,154430205,850000,850080,105,61,84088.133832,,3.0,816.5639,0.0,2,1756.879,2026-04-24T23:41:04,2026-04-25T00:10:21,ok,pickles/smsemoa/r208_21/run18.pkl,unknown,1
nsga2,c102_21,2,610860150,850000,850080,105,105,88117685.602857,,13.0,1514.4236,251.7283,9,679.505,2026-04-24T23:59:33,2026-04-25T00:10:53,ok,pickles/nsga2/c102_21/run02.pkl,unknown,1
moead_ws,rc203_21,12,3735401983,850000,850080,105,100,69721474.508194,,5.0,1027.1052,0.0,6,1091.518,2026-04-24T23:54:44,2026-04-25T00:12:55,ok,pickles/moead_ws/rc203_21/run12.pkl,unknown,1
moead_ws,rc203_21,9,1679513343,850000,850080,105,97,4190128.737567,,5.0,1102.1274,0.0,3,1173.324,2026-04-24T23:55:21,2026-04-25T00:14:55,ok,pickles/moead_ws/rc203_21/run09.pkl,unknown,1
nsga2,c104_21,16,2534825011,850000,850080,105,105,23699324.068674,,12.0,1560.8312,0.0,6,821.184,2026-04-25T00:01:18,2026-04-25T00:14:59,ok,pickles/nsga2/c104_21/run16.pkl,unknown,1
nsga2,c103_21,27,3316372829,850000,850080,105,105,92664853.527811,,13.0,1773.5993,19.9122,8,735.902,2026-04-25T00:03:34,2026-04-25T00:15:50,ok,pickles/nsga2/c103_21/run27.pkl,unknown,1
smsemoa,r109_21,22,2516454748,850000,850080,105,105,5705778.138264,,17.0,1662.602,0.0,9,651.736,2026-04-25T00:05:54,2026-04-25T00:16:45,ok,pickles/smsemoa/r109_21/run22.pkl,unknown,1
smsemoa,rc203_21,27,4124432965,850000,850080,105,105,2261667.473372,,5.0,1172.7696,0.0,2,1222.921,2026-04-24T23:58:21,2026-04-25T00:18:44,ok,pickles/smsemoa/rc203_21/run27.pkl,unknown,1
moead_ws,c104_21,30,91529446,850000,850080,105,90,19944995.859164,,12.0,1538.7033,0.0,3,925.703,2026-04-25T00:05:38,2026-04-25T00:21:04,ok,pickles/moead_ws/c104_21/run30.pkl,unknown,1
smsemoa,r205_21,30,1767485226,850000,850080,105,105,37526116.099447,,4.0,996.3043,0.0,4,1287.936,2026-04-24T23:59:49,2026-04-25T00:21:17,ok,pickles/smsemoa/r205_21/run30.pkl,unknown,1
smsemoa,c202_21,17,1524248793,850000,850080,105,105,70708781.072925,,4.0,986.009,56.1205,5,1234.955,2026-04-25T00:05:16,2026-04-25T00:25:51,ok,pickles/smsemoa/c202_21/run17.pkl,unknown,1
smsemoa,c103_21,2,1692223290,850000,850080,105,105,100142444.564776,,12.0,1720.5067,47.8921,11,741.969,2026-04-25T00:14:55,2026-04-25T00:27:17,ok,pickles/smsemoa/c103_21/run02.pkl,unknown,1
moead_ws,c103_21,6,3935766952,850000,850080,105,91,94491084.4823,,14.0,1716.4769,144.6976,8,862.454,2026-04-25T00:15:50,2026-04-25T00:30:13,ok,pickles/moead_ws/c103_21/run06.pkl,unknown,1
smsemoa,r205_21,13,3261200919,850000,850080,105,105,31553872.432247,,4.0,892.3787,6.6158,4,1267.288,2026-04-25T00:10:02,2026-04-25T00:31:09,ok,pickles/smsemoa/r205_21/run13.pkl,unknown,1
smsemoa,r208_21,13,1985506434,850000,850080,105,86,317358.280037,,3.0,802.5259,0.0,2,1761.075,2026-04-25T00:02:19,2026-04-25T00:31:40,ok,pickles/smsemoa/r208_21/run13.pkl,unknown,1
smsemoa,r109_21,15,71347441,850000,850080,105,105,3829818.918865,,18.0,1697.0213,2.2111,6,644.79,2026-04-25T00:21:04,2026-04-25T00:31:48,ok,pickles/smsemoa/r109_21/run15.pkl,unknown,1
nsga2,r208_21,23,3913387284,850000,850080,105,34,14198.612548,,3.0,823.3275,0.0,1,1775.811,2026-04-25T00:02:38,2026-04-25T00:32:14,ok,pickles/nsga2/r208_21/run23.pkl,unknown,1
moead_ws,c202_21,14,2632615883,850000,850080,105,100,573644592.712995,,5.0,1060.6256,6227.0986,6,1369.367,2026-04-25T00:10:21,2026-04-25T00:33:11,ok,pickles/moead_ws/c202_21/run14.pkl,unknown,1
nsga2,rc202_21,10,1033680049,850000,850080,105,105,18330041.339421,,5.0,1201.0511,0.0,3,1007.142,2026-04-25T00:16:45,2026-04-25T00:33:33,ok,pickles/nsga2/rc202_21/run10.pkl,unknown,1
smsemoa,rc205_21,16,3627608820,850000,850080,105,105,22550539.401701,,5.0,1016.6874,0.0,4,1124.751,2026-04-25T00:14:59,2026-04-25T00:33:44,ok,pickles/smsemoa/rc205_21/run16.pkl,unknown,1
smsemoa,r207_21,3,1235662423,850000,850080,105,105,1291204.312813,,3.0,868.7404,0.0,2,1541.26,2026-04-25T00:08:31,2026-04-25T00:34:13,ok,pickles/smsemoa/r207_21/run03.pkl,unknown,1
moead_ws,c102_21,19,2696243165,850000,850080,105,101,61478058.60357,,16.0,1837.9232,502.6431,4,817.422,2026-04-25T00:21:18,2026-04-25T00:34:55,ok,pickles/moead_ws/c102_21/run19.pkl,unknown,1
moead_ws,r205_21,4,2709404060,850000,850080,105,99,35706805.035939,,5.0,931.2618,112.8281,4,1441.749,2026-04-25T00:10:53,2026-04-25T00:34:55,ok,pickles/moead_ws/r205_21/run04.pkl,unknown,1
smsemoa,rc208_21,14,321636294,850000,850080,105,105,5322184.728843,,3.0,867.5428,0.0,3,1741.613,2026-04-25T00:06:45,2026-04-25T00:35:47,ok,pickles/smsemoa/rc208_21/run14.pkl,unknown,1
nsga2,r207_21,7,1839650222,850000,850080,105,105,1471545.943208,,3.0,887.6955,0.0,3,1573.42,2026-04-25T00:12:55,2026-04-25T00:39:08,ok,pickles/nsga2/r207_21/run07.pkl,unknown,1
moead_ws,c102_21,4,2637675053,850000,850080,105,101,117698722.886233,,16.0,1863.864,466.8074,9,838.385,2026-04-25T00:25:51,2026-04-25T00:39:49,ok,pickles/moead_ws/c102_21/run04.pkl,unknown,1
smsemoa,c103_21,5,2709086094,850000,850080,105,104,34242682.841877,,12.0,1302.3582,0.9721,8,740.32,2026-04-25T00:30:13,2026-04-25T00:42:33,ok,pickles/smsemoa/c103_21/run05.pkl,unknown,1
smsemoa,c102_21,29,560902833,850000,850080,105,105,66645652.552748,,13.0,1453.8882,399.7653,9,696.776,2026-04-25T00:31:09,2026-04-25T00:42:46,ok,pickles/smsemoa/c102_21/run29.pkl,unknown,1
moead_ws,r109_21,8,444047771,850000,850080,105,99,8439828.078535,,19.0,1746.2246,2.2066,8,751.584,2026-04-25T00:31:49,2026-04-25T00:44:20,ok,pickles/moead_ws/r109_21/run08.pkl,unknown,1
moead_ws,c202_21,22,753363547,850000,850080,105,102,860479009.911077,,5.0,1071.9282,332.7961,4,1119.266,2026-04-25T00:27:17,2026-04-25T00:45:56,ok,pickles/moead_ws/c202_21/run22.pkl,unknown,1
moead_ws,r105_21,22,880446185,850000,850080,105,101,41183150.363293,,20.0,2001.4293,56.6229,13,747.039,2026-04-25T00:33:33,2026-04-25T00:46:00,ok,pickles/moead_ws/r105_21/run22.pkl,unknown,1
moead_ws,c107_21,19,3030011641,850000,850080,105,104,177252252.071894,,15.0,1705.8614,719.7472,5,853.327,2026-04-25T00:33:44,2026-04-25T00:47:58,ok,pickles/moead_ws/c107_21/run19.pkl,unknown,1
moead_ws,c107_21,12,1664343230,850000,850080,105,104,188934717.458253,,15.0,1783.6332,1139.5277,8,829.484,2026-04-25T00:34:13,2026-04-25T00:48:02,ok,pickles/moead_ws/c107_21/run12.pkl,unknown,1
smsemoa,r211_21,18,1280954906,850000,850080,105,105,726744.05476,,3.0,799.388,0.0,2,1835.757,2026-04-25T00:18:44,2026-04-25T00:49:20,ok,pickles/smsemoa/r211_21/run18.pkl,unknown,1
smsemoa,c104_21,23,454728892,850000,850080,105,105,8075720.951087,,11.0,1408.2399,8.8023,5,844.837,2026-04-25T00:35:47,2026-04-25T00:49:52,ok,pickles/smsemoa/c104_21/run23.pkl,unknown,1
moead_ws,c104_21,20,2927624884,850000,850080,105,94,34514824.485954,,12.0,1481.7872,0.0,5,961.353,2026-04-25T00:34:55,2026-04-25T00:50:57,ok,pickles/moead_ws/c104_21/run20.pkl,unknown,1
nsga2,c103_21,24,1037414946,850000,850080,105,105,54543054.317863,,12.0,1584.1823,66.4149,8,733.545,2026-04-25T00:39:49,2026-04-25T00:52:03,ok,pickles/nsga2/c103_21/run24.pkl,unknown,1
nsga2,c104_21,19,688982965,850000,850080,105,105,10828757.54559,,11.0,1408.3779,0.0,4,791.894,2026-04-25T00:39:08,2026-04-25T00:52:20,ok,pickles/nsga2/c104_21/run19.pkl,unknown,1
smsemoa,rc203_21,23,4182986882,850000,850080,105,105,16118920.367426,,4.0,1083.349,0.0,4,1170.382,2026-04-25T00:33:11,2026-04-25T00:52:41,ok,pickles/smsemoa/rc203_21/run23.pkl,unknown,1
smsemoa,r105_21,21,342637347,850000,850080,105,105,22490342.463642,,21.0,1915.5838,24.1663,11,657.075,2026-04-25T00:42:46,2026-04-25T00:53:43,ok,pickles/smsemoa/r105_21/run21.pkl,unknown,1
moead_ws,rc205_21,8,2472021158,850000,850080,105,104,104349226.729446,,6.0,1248.3049,1.0,5,1350.505,2026-04-25T00:32:15,2026-04-25T00:54:45,ok,pickles/moead_ws/rc205_21/run08.pkl,unknown,1
moead_ws,rc106_21,24,1369741450,850000,850080,105,102,20232214.147583,,17.0,2044.6859,0.0,11,745.11,2026-04-25T00:42:33,2026-04-25T00:54:58,ok,pickles/moead_ws/rc106_21/run24.pkl,unknown,1
nsga2,c102_21,22,1430191450,850000,850080,105,105,76484744.89297,,13.0,1542.0404,198.0,9,659.563,2026-04-25T00:44:20,2026-04-25T00:55:20,ok,pickles/nsga2/c102_21/run22.pkl,unknown,1
smsemoa,rc106_21,7,4221508358,850000,850080,105,105,16014082.801317,,16.0,1948.4143,0.7405,10,670.482,2026-04-25T00:46:00,2026-04-25T00:57:11,ok,pickles/smsemoa/rc106_21/run07.pkl,unknown,1
moead_ws,r109_21,4,2164804603,850000,850080,105,102,6635057.542481,,20.0,1894.6726,7.1726,7,762.145,2026-04-25T00:45:57,2026-04-25T00:58:39,ok,pickles/moead_ws/r109_21/run04.pkl,unknown,1
nsga2,r109_21,2,8162679,850000,850080,105,105,4436579.098091,,17.0,1733.7256,12.6338,7,634.521,2026-04-25T00:49:52,2026-04-25T01:00:26,ok,pickles/nsga2/r109_21/run02.pkl,unknown,1
nsga2,r211_21,4,1857573712,850000,850080,105,87,1154471.78728,,3.0,849.0235,0.0,2,1770.78,2026-04-25T00:31:40,2026-04-25T01:01:11,ok,pickles/nsga2/r211_21/run04.pkl,unknown,1
smsemoa,r207_21,26,1611713488,850000,850080,105,105,2010178.978529,,3.0,843.4769,0.0,3,1591.287,2026-04-25T00:34:55,2026-04-25T01:01:26,ok,pickles/smsemoa/r207_21/run26.pkl,unknown,1
moead_ws,c104_21,3,2769628055,850000,850080,105,85,85760481.212578,,12.0,1607.6394,0.0,6,945.073,2026-04-25T00:47:58,2026-04-25T01:03:43,ok,pickles/moead_ws/c104_21/run03.pkl,unknown,1
smsemoa,c102_21,13,2794471556,850000,850080,105,105,54172969.611409,,13.0,1615.8437,650.3512,8,707.347,2026-04-25T00:52:20,2026-04-25T01:04:08,ok,pickles/smsemoa/c102_21/run13.pkl,unknown,1
smsemoa,c107_21,30,1680279296,850000,850080,105,105,53979694.072689,,13.0,1553.9618,1315.7109,8,713.422,2026-04-25T00:52:41,2026-04-25T01:04:35,ok,pickles/smsemoa/c107_21/run30.pkl,unknown,1
moead_ws,c107_21,17,1235742150,850000,850080,105,101,172299397.956256,,15.0,1732.0752,1689.1289,9,847.48,2026-04-25T00:50:57,2026-04-25T01:05:05,ok,pickles/moead_ws/c107_21/run17.pkl,unknown,1
nsga2,c107_21,19,119536954,850000,850080,105,105,66983260.992871,,14.0,1683.6359,32.1117,8,696.077,2026-04-25T00:53:43,2026-04-25T01:05:19,ok,pickles/nsga2/c107_21/run19.pkl,unknown,1
smsemoa,rc106_21,15,1547798246,850000,850080,105,105,9798885.600128,,18.0,2040.3623,13.252,8,659.595,2026-04-25T00:54:58,2026-04-25T01:05:58,ok,pickles/smsemoa/rc106_21/run15.pkl,unknown,1
moead_ws,rc106_21,23,883726701,850000,850080,105,101,21636962.058292,,20.0,2306.0871,0.0,11,774.761,2026-04-25T00:57:11,2026-04-25T01:10:06,ok,pickles/moead_ws/rc106_21/run23.pkl,unknown,1
nsga2,c102_21,15,1850610491,850000,850080,105,105,67919230.636446,,13.0,1651.87,39.9131,9,677.222,2026-04-25T01:04:08,2026-04-25T01:15:25,ok,pickles/nsga2/c102_21/run15.pkl,unknown,1
smsemoa,c103_21,7,171206721,850000,850080,105,105,48952559.543362,,12.0,1473.2121,7.0245,9,764.035,2026-04-25T01:05:19,2026-04-25T01:18:03,ok,pickles/smsemoa/c103_21/run07.pkl,unknown,1
moead_ws,r208_21,20,2354193565,850000,850080,105,88,1882033.653309,,3.0,870.8018,0.0,3,1757.78,2026-04-25T00:49:20,2026-04-25T01:18:38,ok,pickles/moead_ws/r208_21/run20.pkl,unknown,1
moead_ws,rc205_21,6,3507422381,850000,850080,105,101,20415816.786996,,6.0,1205.9305,59.5296,2,1262.096,2026-04-25T00:58:39,2026-04-25T01:19:42,ok,pickles/moead_ws/rc205_21/run06.pkl,unknown,1
moead_ws,rc208_21,27,3037942575,850000,850080,105,100,2407044.681631,,4.0,874.3149,0.0,2,1913.122,2026-04-25T00:48:03,2026-04-25T01:19:56,ok,pickles/moead_ws/rc208_21/run27.pkl,unknown,1
nsga2,r105_21,23,2421973738,850000,850080,105,105,11793112.54352,,20.0,1870.1279,3.4521,11,602.57,2026-04-25T01:10:06,2026-04-25T01:20:08,ok,pickles/nsga2/r105_21/run23.pkl,unknown,1
smsemoa,r208_21,2,3306200177,850000,850080,105,105,352193.064549,,3.0,785.0508,0.0,2,1808.938,2026-04-25T00:52:03,2026-04-25T01:22:12,ok,pickles/smsemoa/r208_21/run02.pkl,unknown,1
smsemoa,rc208_21,5,488676113,850000,850080,105,105,7156794.646484,,3.0,926.6942,0.0,3,1735.259,2026-04-25T00:55:20,2026-04-25T01:24:15,ok,pickles/smsemoa/rc208_21/run05.pkl,unknown,1
moead_ws,rc203_21,21,2516731757,850000,850080,105,90,26795032.635308,,5.0,1177.8421,0.0,3,1101.792,2026-04-25T01:05:59,2026-04-25T01:24:20,ok,pickles/moead_ws/rc203_21/run21.pkl,unknown,1
nsga2,r207_21,26,713507259,850000,850080,105,66,324410.288396,,4.0,927.9595,0.0,1,1475.249,2026-04-25T01:00:26,2026-04-25T01:25:01,ok,pickles/nsga2/r207_21/run26.pkl,unknown,1
moead_ws,r211_21,1,1171509687,850000,850080,105,101,4857944.533994,,4.0,750.506,0.0,2,1895.402,2026-04-25T00:54:46,2026-04-25T01:26:21,ok,pickles/moead_ws/r211_21/run01.pkl,unknown,1
smsemoa,c103_21,16,3578493706,850000,850080,105,105,37449626.469747,,13.0,1593.8556,14.5849,7,707.407,2026-04-25T01:15:25,2026-04-25T01:27:12,ok,pickles/smsemoa/c103_21/run16.pkl,unknown,1
smsemoa,r208_21,4,2219478151,850000,850080,105,83,1185480.390122,,3.0,787.3343,0.0,3,1668.903,2026-04-25T01:01:26,2026-04-25T01:29:15,ok,pickles/smsemoa/r208_21/run04.pkl,unknown,1
nsga2,rc106_21,23,4257837540,850000,850080,105,105,9703491.06903,,16.0,1923.3809,0.0,10,640.527,2026-04-25T01:18:38,2026-04-25T01:29:18,ok,pickles/nsga2/rc106_21/run23.pkl,unknown,1
smsemoa,r207_21,24,3895467960,850000,850080,105,105,2865866.256463,,3.0,821.0289,0.0,3,1517.715,2026-04-25T01:04:35,2026-04-25T01:29:52,ok,pickles/smsemoa/r207_21/run24.pkl,unknown,1
nsga2,rc208_21,9,1516706870,850000,850080,105,105,2155321.522945,,3.0,800.9527,0.0,3,1792.933,2026-04-25T01:01:11,2026-04-25T01:31:04,ok,pickles/nsga2/rc208_21/run09.pkl,unknown,1
nsga2,c103_21,6,2628914456,850000,850080,105,105,47829954.495556,,12.0,1599.4707,0.0,8,743.033,2026-04-25T01:20:08,2026-04-25T01:32:32,ok,pickles/nsga2/c103_21/run06.pkl,unknown,1
nsga2,r211_21,26,3518895645,850000,850080,105,105,8225595.171152,,3.0,821.4207,0.0,4,1742.083,2026-04-25T01:03:43,2026-04-25T01:32:45,ok,pickles/nsga2/r211_21/run26.pkl,unknown,1
nsga2,r208_21,19,474851023,850000,850080,105,78,28003.270382,,3.0,897.4854,0.0,1,1811.293,2026-04-25T01:05:05,2026-04-25T01:35:16,ok,pickles/nsga2/r208_21/run19.pkl,unknown,1
smsemoa,c103_21,25,3047031403,850000,850080,105,105,77771727.148956,,12.0,1485.941,10.2798,10,766.325,2026-04-25T01:24:20,2026-04-25T01:37:07,ok,pickles/smsemoa/c103_21/run25.pkl,unknown,1
smsemoa,rc106_21,4,1193671470,850000,850080,105,105,26796479.136904,,19.0,2177.1047,0.0,9,660.111,2026-04-25T01:27:12,2026-04-25T01:38:13,ok,pickles/smsemoa/rc106_21/run04.pkl,unknown,1
smsemoa,rc205_21,8,3260606845,850000,850080,105,105,27756948.408563,,5.0,1082.4636,0.0,4,1129.933,2026-04-25T01:19:42,2026-04-25T01:38:32,ok,pickles/smsemoa/rc205_21/run08.pkl,unknown,1
smsemoa,c202_21,13,3259298528,850000,850080,105,105,95958458.34101,,4.0,1170.684,551.6721,5,1252.952,2026-04-25T01:18:03,2026-04-25T01:38:56,ok,pickles/smsemoa/c202_21/run13.pkl,unknown,1
nsga2,c102_21,26,401576959,850000,850080,105,105,74778738.856394,,14.0,1600.8979,159.4059,10,666.666,2026-04-25T01:29:18,2026-04-25T01:40:25,ok,pickles/nsga2/c102_21/run26.pkl,unknown,1
moead_ws,c104_21,4,3995019170,850000,850080,105,96,24461655.242185,,11.0,1606.4654,0.0,4,924.882,2026-04-25T01:25:02,2026-04-25T01:40:27,ok,pickles/moead_ws/c104_21/run04.pkl,unknown,1
moead_ws,c103_21,28,3895556944,850000,850080,105,88,86800122.631636,,14.0,1749.6593,4.7772,6,867.714,2026-04-25T01:26:22,2026-04-25T01:40:49,ok,pickles/moead_ws/c103_21/run28.pkl,unknown,1
nsga2,c107_21,27,3652512292,850000,850080,105,105,104159248.467846,,14.0,1622.8627,130.8145,10,668.676,2026-04-25T01:32:45,2026-04-25T01:43:54,ok,pickles/nsga2/c107_21/run27.pkl,unknown,1
moead_ws,r207_21,21,3481045565,850000,850080,105,103,13158305.775093,,4.0,826.8146,0.0,3,1493.408,2026-04-25T01:19:57,2026-04-25T01:44:50,ok,pickles/moead_ws/r207_21/run21.pkl,unknown,1
nsga2,r109_21,10,1997423734,850000,850080,105,105,5599812.808075,,17.0,1677.1412,0.0,7,643.397,2026-04-25T01:37:07,2026-04-25T01:47:50,ok,pickles/nsga2/r109_21/run10.pkl,unknown,1
moead_ws,r109_21,1,1394517911,850000,850080,105,103,9734600.818603,,20.0,1909.3719,14.961,9,759.186,2026-04-25T01:35:17,2026-04-25T01:47:56,ok,pickles/moead_ws/r109_21/run01.pkl,unknown,1
smsemoa,r207_21,30,190210973,850000,850080,105,105,3013928.024466,,3.0,904.9771,0.0,3,1546.635,2026-04-25T01:22:12,2026-04-25T01:47:59,ok,pickles/smsemoa/r207_21/run30.pkl,unknown,1
nsga2,r207_21,30,1292539166,850000,850080,105,105,6438018.148187,,4.0,914.6508,0.0,3,1438.827,2026-04-25T01:24:15,2026-04-25T01:48:14,ok,pickles/nsga2/r207_21/run30.pkl,unknown,1
smsemoa,rc205_21,26,2842770793,850000,850080,105,105,44400731.439357,,5.0,1277.5017,0.0,5,1102.972,2026-04-25T01:29:52,2026-04-25T01:48:15,ok,pickles/smsemoa/rc205_21/run26.pkl,unknown,1
nsga2,c202_21,4,3649252389,850000,850080,105,105,48046594.213767,,5.0,1221.8247,209.9011,4,1156.618,2026-04-25T01:29:15,2026-04-25T01:48:32,ok,pickles/nsga2/c202_21/run04.pkl,unknown,1
smsemoa,r105_21,30,856353054,850000,850080,105,105,16220911.561116,,19.0,1827.3207,10.904,11,647.305,2026-04-25T01:38:13,2026-04-25T01:49:00,ok,pickles/smsemoa/r105_21/run30.pkl,unknown,1
smsemoa,c102_21,12,3807141272,850000,850080,105,105,81942575.81323,,13.0,1641.7632,659.3125,10,694.98,2026-04-25T01:38:56,2026-04-25T01:50:31,ok,pickles/smsemoa/c102_21/run12.pkl,unknown,1
nsga2,c103_21,25,545900071,850000,850080,105,105,81654275.223339,,12.0,1624.6031,0.0,9,730.874,2026-04-25T01:40:27,2026-04-25T01:52:38,ok,pickles/nsga2/c103_21/run25.pkl,unknown,1
moead_ws,c102_21,8,3928701955,850000,850080,105,103,113650688.169619,,15.0,1911.2613,1193.3069,8,853.109,2026-04-25T01:40:50,2026-04-25T01:55:03,ok,pickles/moead_ws/c102_21/run08.pkl,unknown,1
moead_ws,rc205_21,5,492577140,850000,850080,105,96,101271757.63637,,6.0,1421.7838,0.0,6,1109.395,2026-04-25T01:38:32,2026-04-25T01:57:01,ok,pickles/moead_ws/rc205_21/run05.pkl,unknown,1
moead_ws,r207_21,24,1381716280,850000,850080,105,101,1188048.929963,,4.0,894.8532,0.0,2,1594.63,2026-04-25T01:31:04,2026-04-25T01:57:39,ok,pickles/moead_ws/r207_21/run24.pkl,unknown,1
smsemoa,c104_21,15,1111282580,850000,850080,105,105,49545346.346714,,11.0,1510.581,0.0,8,805.593,2026-04-25T01:44:50,2026-04-25T01:58:16,ok,pickles/smsemoa/c104_21/run15.pkl,unknown,1
nsga2,rc106_21,20,3398775882,850000,850080,105,105,11345612.12766,,18.0,2041.4548,0.0,9,616.438,2026-04-25T01:48:15,2026-04-25T01:58:32,ok,pickles/nsga2/rc106_21/run20.pkl,unknown,1
moead_ws,r105_21,27,1090649136,850000,850080,105,103,19310905.100302,,21.0,1950.1812,11.5763,11,713.146,2026-04-25T01:48:15,2026-04-25T02:00:08,ok,pickles/moead_ws/r105_21/run27.pkl,unknown,1
moead_ws,rc203_21,17,2826132169,850000,850080,105,90,16479405.399625,,5.0,1265.8242,0.0,4,1190.767,2026-04-25T01:40:26,2026-04-25T02:00:16,ok,pickles/moead_ws/rc203_21/run17.pkl,unknown,1
moead_ws,c103_21,4,3552498575,850000,850080,105,101,68256057.434702,,13.0,1427.723,14.2128,7,834.34,2026-04-25T01:47:51,2026-04-25T02:01:45,ok,pickles/moead_ws/c103_21/run04.pkl,unknown,1
smsemoa,r208_21,9,618375243,850000,850080,105,44,319264.906501,,3.0,899.1589,0.0,2,1758.722,2026-04-25T01:32:32,2026-04-25T02:01:50,ok,pickles/smsemoa/r208_21/run09.pkl,unknown,1
smsemoa,c104_21,2,2269162863,850000,850080,105,105,10404816.675389,,11.0,1414.1818,0.0,5,823.016,2026-04-25T01:48:32,2026-04-25T02:02:15,ok,pickles/smsemoa/c104_21/run02.pkl,unknown,1
nsga2,rc202_21,29,2342985767,850000,850080,105,105,78747392.664799,,5.0,1257.5967,0.0,7,971.064,2026-04-25T01:47:59,2026-04-25T02:04:10,ok,pickles/nsga2/rc202_21/run29.pkl,unknown,1
nsga2,rc205_21,26,3572746426,850000,850080,105,105,8794125.07632,,5.0,1351.6823,0.0,3,1132.597,2026-04-25T01:47:56,2026-04-25T02:06:48,ok,pickles/nsga2/rc205_21/run26.pkl,unknown,1
moead_ws,r207_21,17,2157687444,850000,850080,105,93,3922782.215161,,4.0,984.5943,0.0,3,1400.63,2026-04-25T01:49:00,2026-04-25T02:12:21,ok,pickles/moead_ws/r207_21/run17.pkl,unknown,1
smsemoa,r211_21,21,2616322051,850000,850080,105,105,2053282.874493,,3.0,767.7855,0.0,2,1749.968,2026-04-25T01:43:54,2026-04-25T02:13:04,ok,pickles/smsemoa/r211_21/run21.pkl,unknown,1
moead_ws,r208_21,9,1710341800,850000,850080,105,97,1723865.390717,,3.0,835.2815,0.0,3,4004.65,2026-04-25T13:37:33,2026-04-25T14:44:17,ok,pickles/moead_ws/r208_21/run09.pkl,18d5139,1
nsga2,r102_21,27,3258826909,850000,850080,105,105,14762844.548335,,19.0,1717.4994,28.9927,11,683.065,2026-04-23T22:01:05,2026-04-23T22:12:28,ok,pickles/nsga2/r102_21/run27.pkl,unknown,2
nsga2,r107_21,14,46793913,850000,850080,105,105,3208386.874973,,16.0,1700.4483,0.0,7,725.304,2026-04-23T22:01:05,2026-04-23T22:13:11,ok,pickles/nsga2/r107_21/run14.pkl,unknown,2
nsga2,r102_21,23,71328561,850000,850080,105,105,34827116.6833,,18.0,1799.2414,6.6883,15,728.49,2026-04-23T22:01:05,2026-04-23T22:13:14,ok,pickles/nsga2/r102_21/run23.pkl,unknown,2
smsemoa,r107_21,14,4014758429,850000,850080,105,105,2335690.717438,,17.0,1732.6061,0.0,6,761.067,2026-04-23T22:01:05,2026-04-23T22:13:46,ok,pickles/smsemoa/r107_21/run14.pkl,unknown,2
moead_ws,r107_21,22,2165274342,850000,850080,105,87,4218265.034299,,17.0,1707.4031,0.0,6,839.758,2026-04-23T22:01:06,2026-04-23T22:15:06,ok,pickles/moead_ws/r107_21/run22.pkl,unknown,2
moead_ws,r103_21,7,1754647152,850000,850080,105,99,16886131.784119,,19.0,1772.9305,0.9837,10,864.083,2026-04-23T22:01:06,2026-04-23T22:15:30,ok,pickles/moead_ws/r103_21/run07.pkl,unknown,2
smsemoa,r203_21,16,2359113686,850000,850080,105,105,2939780.177233,,5.0,1044.0109,0.0,2,1330.735,2026-04-23T22:01:05,2026-04-23T22:23:16,ok,pickles/smsemoa/r203_21/run16.pkl,unknown,2
nsga2,c206_21,12,3315554063,850000,850080,105,105,96339781.660368,,5.0,1186.2112,0.0,5,1388.888,2026-04-23T22:01:05,2026-04-23T22:24:14,ok,pickles/nsga2/c206_21/run12.pkl,unknown,2
moead_ws,r202_21,23,2622644207,850000,850080,105,104,25651011.481127,,6.0,1124.9044,0.0,4,1394.709,2026-04-23T22:01:06,2026-04-23T22:24:21,ok,pickles/moead_ws/r202_21/run23.pkl,unknown,2
nsga2,r102_21,12,967716973,850000,850080,105,105,17817817.924516,,20.0,1945.7709,22.9921,13,713.469,2026-04-23T22:13:14,2026-04-23T22:25:07,ok,pickles/nsga2/r102_21/run12.pkl,unknown,2
moead_ws,c206_21,9,933593182,850000,850080,105,103,278551462.810354,,5.0,1092.9984,464.1686,5,1458.744,2026-04-23T22:01:06,2026-04-23T22:25:25,ok,pickles/moead_ws/c206_21/run09.pkl,unknown,2
moead_ws,r102_21,3,1607084636,850000,850080,105,103,41433929.925374,,21.0,1841.0971,107.2695,12,842.449,2026-04-23T22:12:29,2026-04-23T22:26:31,ok,pickles/moead_ws/r102_21/run03.pkl,unknown,2
nsga2,rc204_21,7,3384507642,850000,850080,105,105,1796784.947814,,4.0,1321.1534,0.0,3,1582.343,2026-04-23T22:01:05,2026-04-23T22:27:28,ok,pickles/nsga2/rc204_21/run07.pkl,unknown,2
nsga2,r107_21,17,64056838,850000,850080,105,105,3269608.948222,,17.0,1732.5491,0.0,7,747.193,2026-04-23T22:15:30,2026-04-23T22:27:57,ok,pickles/nsga2/r107_21/run17.pkl,unknown,2
moead_ws,rc107_21,9,4177723003,850000,850080,105,98,9352407.959707,,17.0,2007.5604,11.8178,8,906.316,2026-04-23T22:13:47,2026-04-23T22:28:53,ok,pickles/moead_ws/rc107_21/run09.pkl,unknown,2
moead_ws,rc204_21,17,3058611204,850000,850080,105,97,5857494.728585,,4.0,1088.3851,0.0,4,1730.163,2026-04-23T22:01:06,2026-04-23T22:29:56,ok,pickles/moead_ws/rc204_21/run17.pkl,unknown,2
nsga2,r202_21,1,690661036,850000,850080,105,105,16090774.811839,,5.0,1103.0254,0.0,3,1241.431,2026-04-23T22:13:11,2026-04-23T22:33:52,ok,pickles/nsga2/r202_21/run01.pkl,unknown,2
smsemoa,c206_21,7,2230834045,850000,850080,105,105,69378335.447987,,4.0,915.5297,0.0,4,1315.067,2026-04-23T22:15:06,2026-04-23T22:37:01,ok,pickles/smsemoa/c206_21/run07.pkl,unknown,2
moead_ws,r103_21,13,2338081152,850000,850080,105,101,12309089.972102,,19.0,1731.1473,30.7278,9,933.887,2026-04-23T22:23:16,2026-04-23T22:38:50,ok,pickles/moead_ws/r103_21/run13.pkl,unknown,2
moead_ws,rc108_21,15,1951458619,850000,850080,105,99,13031022.007168,,17.0,2009.3535,0.0,6,889.849,2026-04-23T22:24:15,2026-04-23T22:39:05,ok,pickles/moead_ws/rc108_21/run15.pkl,unknown,2
moead_ws,r107_21,19,3155827284,850000,850080,105,80,7697639.177658,,17.0,1719.7604,0.0,7,835.855,2026-04-23T22:25:25,2026-04-23T22:39:21,ok,pickles/moead_ws/r107_21/run19.pkl,unknown,2
moead_ws,r102_21,23,557014812,850000,850080,105,100,30345270.935682,,22.0,1991.8943,106.1033,12,827.907,2026-04-23T22:29:56,2026-04-23T22:43:44,ok,pickles/moead_ws/r102_21/run23.pkl,unknown,2
nsga2,r102_21,9,1826580821,850000,850080,105,105,18835375.86504,,18.0,1668.7575,22.1758,12,685.513,2026-04-23T22:33:52,2026-04-23T22:45:18,ok,pickles/nsga2/r102_21/run09.pkl,unknown,2
moead_ws,r202_21,14,1674315644,850000,850080,105,99,55005824.974458,,7.0,1104.6062,0.0,5,1187.943,2026-04-23T22:27:28,2026-04-23T22:47:16,ok,pickles/moead_ws/r202_21/run14.pkl,unknown,2
smsemoa,r202_21,29,4196780865,850000,850080,105,105,25204376.476617,,4.0,1082.0476,0.0,4,1190.309,2026-04-23T22:28:53,2026-04-23T22:48:44,ok,pickles/smsemoa/r202_21/run29.pkl,unknown,2
moead_ws,c207_21,13,1917570862,850000,850080,105,103,38342672.64883,,5.0,1109.0643,254.8126,2,1528.517,2026-04-23T22:25:08,2026-04-23T22:50:36,ok,pickles/moead_ws/c207_21/run13.pkl,unknown,2
smsemoa,rc204_21,9,1859172497,850000,850080,105,105,1309323.064171,,4.0,995.1187,0.0,2,1585.069,2026-04-23T22:24:21,2026-04-23T22:50:46,ok,pickles/smsemoa/rc204_21/run09.pkl,unknown,2
smsemoa,c207_21,18,3724760560,850000,850080,105,105,25548352.312754,,5.0,1140.8811,0.0,3,1445.874,2026-04-23T22:27:57,2026-04-23T22:52:03,ok,pickles/smsemoa/c207_21/run18.pkl,unknown,2
nsga2,rc204_21,24,4220934178,850000,850080,105,105,5521565.9803,,3.0,1102.2994,0.0,4,1623.065,2026-04-23T22:26:31,2026-04-23T22:53:34,ok,pickles/nsga2/rc204_21/run24.pkl,unknown,2
moead_ws,r202_21,2,4091421960,850000,850080,105,99,29569549.815777,,6.0,1143.8848,0.0,5,1136.266,2026-04-23T22:37:01,2026-04-23T22:55:57,ok,pickles/moead_ws/r202_21/run02.pkl,unknown,2
nsga2,rc108_21,13,2654817850,850000,850080,105,105,3221547.456108,,14.0,1718.7015,0.0,6,757.886,2026-04-23T22:43:44,2026-04-23T22:56:22,ok,pickles/nsga2/rc108_21/run13.pkl,unknown,2
smsemoa,r102_21,5,3145358059,850000,850080,105,105,27543796.668874,,19.0,1781.6827,60.5385,13,702.034,2026-04-23T22:45:18,2026-04-23T22:57:00,ok,pickles/smsemoa/r102_21/run05.pkl,unknown,2
moead_ws,r203_21,22,658560586,850000,850080,105,93,7006463.405955,,5.0,1133.7332,0.0,3,1347.271,2026-04-23T22:38:51,2026-04-23T23:01:18,ok,pickles/moead_ws/r203_21/run22.pkl,unknown,2
nsga2,rc102_21,9,314021468,850000,850080,105,105,25673641.206842,,19.0,2163.8848,0.0,12,678.206,2026-04-23T22:50:46,2026-04-23T23:02:04,ok,pickles/nsga2/rc102_21/run09.pkl,unknown,2
nsga2,rc107_21,26,2672407396,850000,850080,105,105,3643803.449413,,17.0,1982.7097,0.0,5,727.19,2026-04-23T22:50:36,2026-04-23T23:02:44,ok,pickles/nsga2/rc107_21/run26.pkl,unknown,2
nsga2,r102_21,24,1872731024,850000,850080,105,105,14733014.311599,,19.0,1755.0972,5.4655,12,671.449,2026-04-23T22:52:03,2026-04-23T23:03:14,ok,pickles/nsga2/r102_21/run24.pkl,unknown,2
nsga2,c206_21,14,756982609,850000,850080,105,105,24928170.832583,,4.0,980.0097,0.0,4,1450.623,2026-04-23T22:39:21,2026-04-23T23:03:32,ok,pickles/nsga2/c206_21/run14.pkl,unknown,2
moead_ws,c207_21,26,825494414,850000,850080,105,91,45464418.43053,,5.0,1050.3612,0.0,3,1471.022,2026-04-23T22:39:05,2026-04-23T23:03:36,ok,pickles/moead_ws/c207_21/run26.pkl,unknown,2
nsga2,r107_21,13,1499622318,850000,850080,105,104,1683487.45112,,14.0,1477.8319,0.0,6,728.107,2026-04-23T22:56:22,2026-04-23T23:08:30,ok,pickles/nsga2/r107_21/run13.pkl,unknown,2
moead_ws,c207_21,4,2933118084,850000,850080,105,102,153089613.675196,,5.0,953.6226,884.9331,4,1543.754,2026-04-23T22:47:17,2026-04-23T23:13:00,ok,pickles/moead_ws/c207_21/run04.pkl,unknown,2
nsga2,c207_21,11,43126675,850000,850080,105,105,35931461.000107,,4.0,992.0889,0.0,3,1499.257,2026-04-23T22:48:44,2026-04-23T23:13:43,ok,pickles/nsga2/c207_21/run11.pkl,unknown,2
smsemoa,r107_21,8,2910794167,850000,850080,105,105,2500569.660051,,17.0,1659.6569,0.0,6,738.631,2026-04-23T23:02:44,2026-04-23T23:15:02,ok,pickles/smsemoa/r107_21/run08.pkl,unknown,2
smsemoa,r102_21,17,3212986798,850000,850080,105,105,17807400.581941,,19.0,1750.4276,19.8743,11,724.43,2026-04-23T23:03:15,2026-04-23T23:15:19,ok,pickles/smsemoa/r102_21/run17.pkl,unknown,2
smsemoa,r102_21,10,2190401012,850000,850080,105,105,23661423.801575,,19.0,1849.63,19.2776,12,744.857,2026-04-23T23:03:36,2026-04-23T23:16:01,ok,pickles/smsemoa/r102_21/run10.pkl,unknown,2
nsga2,c206_21,3,1531308740,850000,850080,105,105,74766743.956011,,5.0,1065.2153,0.0,5,1343.497,2026-04-23T22:57:00,2026-04-23T23:19:23,ok,pickles/nsga2/c206_21/run03.pkl,unknown,2
moead_ws,c207_21,21,114127443,850000,850080,105,104,35766454.898555,,5.0,1182.1157,791.5602,2,1530.683,2026-04-23T22:55:58,2026-04-23T23:21:29,ok,pickles/moead_ws/c207_21/run21.pkl,unknown,2
nsga2,rc204_21,15,919710676,850000,850080,105,99,4949371.532481,,3.0,909.1348,0.0,4,1749.81,2026-04-23T22:53:34,2026-04-23T23:22:44,ok,pickles/nsga2/rc204_21/run15.pkl,unknown,2
smsemoa,rc102_21,1,4181965576,850000,850080,105,105,25840401.117392,,17.0,2155.862,8.0712,14,733.863,2026-04-23T23:13:00,2026-04-23T23:25:14,ok,pickles/smsemoa/rc102_21/run01.pkl,unknown,2
nsga2,c207_21,25,2638070067,850000,850080,105,104,27929872.672251,,4.0,983.3772,0.0,4,1550.748,2026-04-23T23:01:18,2026-04-23T23:27:09,ok,pickles/nsga2/c207_21/run25.pkl,unknown,2
nsga2,r102_21,17,4061493731,850000,850080,105,105,20530819.323363,,17.0,1736.3656,1.6815,13,699.749,2026-04-23T23:16:01,2026-04-23T23:27:41,ok,pickles/nsga2/r102_21/run17.pkl,unknown,2
smsemoa,r203_21,1,1123953702,850000,850080,105,105,14668443.229302,,4.0,1032.5156,0.0,5,1486.556,2026-04-23T23:03:32,2026-04-23T23:28:18,ok,pickles/smsemoa/r203_21/run01.pkl,unknown,2
moead_ws,rc108_21,13,255741789,850000,850080,105,99,1938463.821688,,15.0,1735.5965,0.0,4,903.549,2026-04-23T23:13:43,2026-04-23T23:28:47,ok,pickles/moead_ws/rc108_21/run13.pkl,unknown,2
nsga2,rc204_21,12,1709522520,850000,850080,105,105,2435004.19314,,3.0,1144.373,0.0,4,1736.509,2026-04-23T23:02:04,2026-04-23T23:31:00,ok,pickles/nsga2/rc204_21/run12.pkl,unknown,2
nsga2,rc108_21,22,280792277,850000,850080,105,105,4803722.211645,,14.0,1758.7803,0.0,7,766.19,2026-04-23T23:19:23,2026-04-23T23:32:09,ok,pickles/nsga2/rc108_21/run22.pkl,unknown,2
smsemoa,r203_21,2,677533060,850000,850080,105,105,3965920.730041,,4.0,1019.0644,0.0,3,1488.999,2026-04-23T23:08:30,2026-04-23T23:33:19,ok,pickles/smsemoa/r203_21/run02.pkl,unknown,2
nsga2,rc102_21,12,1293646272,850000,850080,105,105,10875181.35169,,18.0,2072.9484,0.0,11,699.843,2026-04-23T23:22:44,2026-04-23T23:34:24,ok,pickles/nsga2/rc102_21/run12.pkl,unknown,2
nsga2,r103_21,22,4059081525,850000,850080,105,105,18368584.311083,,15.0,1653.8741,0.0,12,756.477,2026-04-23T23:25:14,2026-04-23T23:37:51,ok,pickles/nsga2/r103_21/run22.pkl,unknown,2
nsga2,c206_21,1,3046545008,850000,850080,105,105,43173207.194838,,4.0,934.4157,0.0,5,1481.454,2026-04-23T23:15:02,2026-04-23T23:39:44,ok,pickles/nsga2/c206_21/run01.pkl,unknown,2
moead_ws,rc102_21,29,4131501641,850000,850080,105,94,23481238.323565,,19.0,2187.5554,6.0409,12,838.003,2026-04-23T23:27:09,2026-04-23T23:41:08,ok,pickles/moead_ws/rc102_21/run29.pkl,unknown,2
smsemoa,c207_21,27,2436947203,850000,850080,105,105,43213920.198702,,4.0,900.4652,0.0,4,1554.229,2026-04-23T23:15:19,2026-04-23T23:41:13,ok,pickles/smsemoa/c207_21/run27.pkl,unknown,2
nsga2,r103_21,6,404165316,850000,850080,105,105,7837987.492471,,15.0,1595.5193,10.1052,10,747.642,2026-04-23T23:28:47,2026-04-23T23:41:15,ok,pickles/nsga2/r103_21/run06.pkl,unknown,2
moead_ws,r203_21,25,729488397,850000,850080,105,96,23769180.654439,,5.0,1045.6545,0.0,4,1378.99,2026-04-23T23:21:29,2026-04-23T23:44:28,ok,pickles/moead_ws/r203_21/run25.pkl,unknown,2
moead_ws,r107_21,4,1891078294,850000,850080,105,98,63505171.903294,,17.0,1766.1827,0.0,9,864.243,2026-04-23T23:32:10,2026-04-23T23:46:34,ok,pickles/moead_ws/r107_21/run04.pkl,unknown,2
smsemoa,r103_21,29,2334721120,850000,850080,105,105,11085979.039649,,16.0,1679.9477,0.0,11,750.948,2026-04-23T23:34:24,2026-04-23T23:46:55,ok,pickles/smsemoa/r103_21/run29.pkl,unknown,2
moead_ws,rc107_21,8,2959013608,850000,850080,105,89,9212991.496307,,16.0,1811.1594,0.0,8,878.298,2026-04-23T23:33:20,2026-04-23T23:47:58,ok,pickles/moead_ws/rc107_21/run08.pkl,unknown,2
smsemoa,r107_21,24,1794030912,850000,850080,105,105,2172630.597379,,16.0,1703.3704,0.0,6,743.771,2026-04-23T23:41:15,2026-04-23T23:53:38,ok,pickles/smsemoa/r107_21/run24.pkl,unknown,2
moead_ws,rc102_21,9,1384549147,850000,850080,105,99,42293545.244284,,20.0,2314.0556,3.0156,12,844.626,2026-04-23T23:39:44,2026-04-23T23:53:49,ok,pickles/moead_ws/rc102_21/run09.pkl,unknown,2
moead_ws,rc204_21,5,4014506178,850000,850080,105,90,4591999.094656,,4.0,1174.5695,0.0,4,1636.458,2026-04-23T23:28:19,2026-04-23T23:55:35,ok,pickles/moead_ws/rc204_21/run05.pkl,unknown,2
nsga2,r202_21,19,731627788,850000,850080,105,105,22427308.31691,,5.0,1060.215,0.0,5,1174.092,2026-04-23T23:37:51,2026-04-23T23:57:25,ok,pickles/nsga2/r202_21/run19.pkl,unknown,2
moead_ws,c207_21,16,2578693093,850000,850080,105,99,69872275.718272,,5.0,1133.8209,8758.5486,3,1801.865,2026-04-23T23:27:41,2026-04-23T23:57:43,ok,pickles/moead_ws/c207_21/run16.pkl,unknown,2
smsemoa,rc204_21,30,959295461,850000,850080,105,105,1577006.177968,,4.0,972.8181,0.0,2,1659.22,2026-04-23T23:31:00,2026-04-23T23:58:40,ok,pickles/smsemoa/rc204_21/run30.pkl,unknown,2
nsga2,r107_21,16,710650110,850000,850080,105,105,1987341.031291,,16.0,1707.9734,0.0,6,747.027,2026-04-23T23:46:34,2026-04-23T23:59:01,ok,pickles/nsga2/r107_21/run16.pkl,unknown,2
moead_ws,rc107_21,19,3197159031,850000,850080,105,85,23050302.203275,,17.0,2021.1269,4.4833,9,874.738,2026-04-23T23:44:29,2026-04-23T23:59:03,ok,pickles/moead_ws/rc107_21/run19.pkl,unknown,2
smsemoa,rc108_21,18,158805875,850000,850080,105,105,972654.567657,,15.0,1795.7751,0.0,5,780.497,2026-04-23T23:46:55,2026-04-23T23:59:56,ok,pickles/smsemoa/rc108_21/run18.pkl,unknown,2
moead_ws,r103_21,6,2204597691,850000,850080,105,99,23726693.44596,,19.0,1954.9298,4.9443,10,864.952,2026-04-23T23:47:59,2026-04-24T00:02:24,ok,pickles/moead_ws/r103_21/run06.pkl,unknown,2
nsga2,c207_21,19,4000090755,850000,850080,105,105,15413292.193237,,5.0,1052.0662,0.0,3,1363.124,2026-04-23T23:41:08,2026-04-24T00:03:51,ok,pickles/nsga2/c207_21/run19.pkl,unknown,2
nsga2,rc102_21,16,50096289,850000,850080,105,105,28620290.816146,,18.0,2048.2321,0.0,13,673.376,2026-04-23T23:53:49,2026-04-24T00:05:02,ok,pickles/nsga2/rc102_21/run16.pkl,unknown,2
nsga2,rc204_21,28,4017497962,850000,850080,105,96,2999677.785915,,4.0,1178.9491,0.0,3,1580.593,2026-04-23T23:41:13,2026-04-24T00:07:34,ok,pickles/nsga2/rc204_21/run28.pkl,unknown,2
smsemoa,r102_21,13,2163770778,850000,850080,105,105,18203335.442012,,19.0,1768.4199,58.5628,13,729.498,2026-04-23T23:57:25,2026-04-24T00:09:34,ok,pickles/smsemoa/r102_21/run13.pkl,unknown,2
moead_ws,r107_21,13,2490164138,850000,850080,105,101,2366627.138921,,20.0,1971.8522,0.0,5,879.759,2026-04-23T23:57:44,2026-04-24T00:12:23,ok,pickles/moead_ws/r107_21/run13.pkl,unknown,2
moead_ws,rc102_21,14,750620547,850000,850080,105,94,45901528.653861,,19.0,2271.0953,22.2034,15,842.593,2026-04-23T23:59:04,2026-04-24T00:13:07,ok,pickles/moead_ws/rc102_21/run14.pkl,unknown,2
nsga2,r202_21,23,3803365844,850000,850080,105,105,19021174.964927,,5.0,1176.4873,0.0,3,1208.232,2026-04-23T23:53:38,2026-04-24T00:13:47,ok,pickles/nsga2/r202_21/run23.pkl,unknown,2
moead_ws,r103_21,2,137138797,850000,850080,105,103,15492580.62916,,17.0,1716.2824,16.0591,9,895.85,2026-04-23T23:59:02,2026-04-24T00:13:58,ok,pickles/moead_ws/r103_21/run02.pkl,unknown,2
smsemoa,r107_21,7,3527803226,850000,850080,105,105,2690324.701431,,16.0,1679.7962,0.0,8,763.105,2026-04-24T00:05:02,2026-04-24T00:17:45,ok,pickles/smsemoa/r107_21/run07.pkl,unknown,2
moead_ws,r107_21,24,607956370,850000,850080,105,101,12334249.317874,,19.0,1861.1904,0.0,7,864.417,2026-04-24T00:03:51,2026-04-24T00:18:16,ok,pickles/moead_ws/r107_21/run24.pkl,unknown,2
smsemoa,c206_21,10,35545608,850000,850080,105,105,49383485.085172,,4.0,1014.7517,68.2938,4,1403.233,2026-04-23T23:55:35,2026-04-24T00:18:58,ok,pickles/smsemoa/c206_21/run10.pkl,unknown,2
nsga2,c206_21,29,1637796953,850000,850080,105,105,25744400.820583,,5.0,967.6005,0.0,3,1347.782,2026-04-23T23:58:40,2026-04-24T00:21:07,ok,pickles/nsga2/c206_21/run29.pkl,unknown,2
moead_ws,r102_21,29,2650478085,850000,850080,105,94,17015721.553691,,22.0,1993.0161,116.8471,9,828.745,2026-04-24T00:07:34,2026-04-24T00:21:23,ok,pickles/moead_ws/r102_21/run29.pkl,unknown,2
smsemoa,rc102_21,19,3759520081,850000,850080,105,105,34738583.045554,,16.0,1997.8287,40.448,13,729.435,2026-04-24T00:09:34,2026-04-24T00:21:44,ok,pickles/smsemoa/rc102_21/run19.pkl,unknown,2
smsemoa,r102_21,9,3455175894,850000,850080,105,105,52426929.064094,,19.0,1856.6226,14.5936,18,722.288,2026-04-24T00:12:23,2026-04-24T00:24:26,ok,pickles/smsemoa/r102_21/run09.pkl,unknown,2
moead_ws,c207_21,1,218638177,850000,850080,105,104,152543917.741199,,4.0,1035.5423,751.837,3,1469.707,2026-04-23T23:59:56,2026-04-24T00:24:26,ok,pickles/moead_ws/c207_21/run01.pkl,unknown,2
nsga2,r103_21,13,240808866,850000,850080,105,105,9192043.581779,,16.0,1629.3534,0.0,10,725.083,2026-04-24T00:13:07,2026-04-24T00:25:12,ok,pickles/nsga2/r103_21/run13.pkl,unknown,2
moead_ws,c206_21,10,13774459,850000,850080,105,95,36742629.13378,,5.0,968.0032,2696.4343,2,1631.515,2026-04-24T00:02:24,2026-04-24T00:29:36,ok,pickles/moead_ws/c206_21/run10.pkl,unknown,2
moead_ws,rc102_21,4,480999959,850000,850080,105,101,48191303.798528,,19.0,2202.6854,6.4488,14,802.615,2026-04-24T00:18:59,2026-04-24T00:32:22,ok,pickles/moead_ws/rc102_21/run04.pkl,unknown,2
moead_ws,rc102_21,2,3827208412,850000,850080,105,97,41883408.605102,,17.0,2031.8002,2.021,12,847.108,2026-04-24T00:18:16,2026-04-24T00:32:23,ok,pickles/moead_ws/rc102_21/run02.pkl,unknown,2
moead_ws,r107_21,2,286600704,850000,850080,105,95,7280296.223711,,18.0,1802.4228,0.0,7,891.412,2026-04-24T00:21:24,2026-04-24T00:36:15,ok,pickles/moead_ws/r107_21/run02.pkl,unknown,2
smsemoa,rc102_21,15,4158415741,850000,850080,105,105,22757106.636148,,18.0,1948.3311,9.4627,11,722.834,2026-04-24T00:24:26,2026-04-24T00:36:29,ok,pickles/smsemoa/rc102_21/run15.pkl,unknown,2
nsga2,r203_21,14,3918392706,850000,850080,105,105,14228897.890841,,4.0,1034.591,0.0,5,1369.783,2026-04-24T00:13:47,2026-04-24T00:36:36,ok,pickles/nsga2/r203_21/run14.pkl,unknown,2
nsga2,rc108_21,11,1608784277,850000,850080,105,105,2218787.073837,,15.0,1909.1074,0.0,7,767.747,2026-04-24T00:24:26,2026-04-24T00:37:14,ok,pickles/nsga2/rc108_21/run11.pkl,unknown,2
smsemoa,rc102_21,2,125797126,850000,850080,105,105,14425872.191419,,18.0,2043.5641,1.06,10,713.156,2026-04-24T00:29:36,2026-04-24T00:41:29,ok,pickles/smsemoa/rc102_21/run02.pkl,unknown,2
moead_ws,rc204_21,26,2735959880,850000,850080,105,100,10687914.343787,,4.0,1040.5291,0.0,3,1656.087,2026-04-24T00:13:58,2026-04-24T00:41:34,ok,pickles/moead_ws/rc204_21/run26.pkl,unknown,2
moead_ws,c207_21,23,1245340462,850000,850080,105,88,98181057.184698,,5.0,1038.6362,1052.4891,3,1454.795,2026-04-24T00:17:46,2026-04-24T00:42:01,ok,pickles/moead_ws/c207_21/run23.pkl,unknown,2
smsemoa,rc102_21,26,3353837461,850000,850080,105,105,32554610.068309,,18.0,2087.177,14.474,12,728.39,2026-04-24T00:32:23,2026-04-24T00:44:32,ok,pickles/smsemoa/rc102_21/run26.pkl,unknown,2
nsga2,c206_21,7,101644904,850000,850080,105,105,100587927.97275,,4.0,986.3567,0.0,6,1406.989,2026-04-24T00:21:07,2026-04-24T00:44:34,ok,pickles/nsga2/c206_21/run07.pkl,unknown,2
nsga2,rc108_21,5,1309271844,850000,850080,105,105,4445539.594127,,16.0,2008.039,0.0,7,771.363,2026-04-24T00:32:22,2026-04-24T00:45:13,ok,pickles/nsga2/rc108_21/run05.pkl,unknown,2
smsemoa,rc102_21,24,1065156880,850000,850080,105,105,26500465.895279,,17.0,2068.1432,9.3618,12,756.985,2026-04-24T00:36:15,2026-04-24T00:48:52,ok,pickles/smsemoa/rc102_21/run24.pkl,unknown,2
nsga2,r102_21,25,42622412,850000,850080,105,105,31606141.154017,,19.0,1872.9834,10.6521,17,715.792,2026-04-24T00:37:14,2026-04-24T00:49:09,ok,pickles/nsga2/r102_21/run25.pkl,unknown,2
moead_ws,r103_21,29,3747501472,850000,850080,105,103,17082710.936827,,18.0,1728.9254,6.2773,11,844.519,2026-04-24T00:36:37,2026-04-24T00:50:41,ok,pickles/moead_ws/r103_21/run29.pkl,unknown,2
smsemoa,rc204_21,3,1176392808,850000,850080,105,105,2538411.508848,,3.0,922.678,0.0,3,1754.512,2026-04-24T00:21:44,2026-04-24T00:50:58,ok,pickles/smsemoa/rc204_21/run03.pkl,unknown,2
nsga2,c207_21,5,3664038020,850000,850080,105,105,10660912.027454,,4.0,1017.7154,0.0,3,1587.336,2026-04-24T00:25:12,2026-04-24T00:51:39,ok,pickles/nsga2/c207_21/run05.pkl,unknown,2
moead_ws,r107_21,17,3983685964,850000,850080,105,89,4743439.575929,,18.0,1783.3062,0.0,6,850.335,2026-04-24T00:41:29,2026-04-24T00:55:40,ok,pickles/moead_ws/r107_21/run17.pkl,unknown,2
moead_ws,r103_21,18,4097381970,850000,850080,105,105,37105296.532593,,16.0,1718.3958,0.703,14,881.777,2026-04-24T00:44:35,2026-04-24T00:59:17,ok,pickles/moead_ws/r103_21/run18.pkl,unknown,2
nsga2,r107_21,18,755579350,850000,850080,105,105,4140272.958749,,16.0,1672.7291,0.0,8,729.231,2026-04-24T00:48:52,2026-04-24T01:01:01,ok,pickles/nsga2/r107_21/run18.pkl,unknown,2
smsemoa,r202_21,28,1376765750,850000,850080,105,105,24590116.275373,,5.0,1015.5502,0.0,4,1204.116,2026-04-24T00:41:34,2026-04-24T01:01:38,ok,pickles/smsemoa/r202_21/run28.pkl,unknown,2
nsga2,rc107_21,11,1770538909,850000,850080,105,105,3187245.69296,,16.0,1875.9129,0.0,6,723.322,2026-04-24T00:50:41,2026-04-24T01:02:45,ok,pickles/nsga2/rc107_21/run11.pkl,unknown,2
smsemoa,r202_21,12,3650598525,850000,850080,105,105,24240827.623375,,5.0,1072.5144,0.0,3,1137.763,2026-04-24T00:44:32,2026-04-24T01:03:29,ok,pickles/smsemoa/r202_21/run12.pkl,unknown,2
moead_ws,rc204_21,22,2288593706,850000,850080,105,92,3055356.466874,,5.0,1288.3959,0.0,2,1744.55,2026-04-24T00:36:29,2026-04-24T01:05:34,ok,pickles/moead_ws/rc204_21/run22.pkl,unknown,2
moead_ws,c206_21,17,3298348452,850000,850080,105,104,106811371.046682,,5.0,1090.1509,771.7618,3,1460.762,2026-04-24T00:42:01,2026-04-24T01:06:22,ok,pickles/moead_ws/c206_21/run17.pkl,unknown,2
moead_ws,r107_21,9,4005884572,850000,850080,105,92,8922514.178375,,17.0,1713.5116,0.0,8,915.187,2026-04-24T00:51:40,2026-04-24T01:06:55,ok,pickles/moead_ws/r107_21/run09.pkl,unknown,2
nsga2,rc102_21,4,157429143,850000,850080,105,105,11030278.109868,,19.0,2138.6466,0.0,9,674.199,2026-04-24T00:59:17,2026-04-24T01:10:31,ok,pickles/nsga2/rc102_21/run04.pkl,unknown,2
moead_ws,rc108_21,8,2449898636,850000,850080,105,91,1430690.416293,,15.0,1860.4005,0.0,5,908.644,2026-04-24T00:55:40,2026-04-24T01:10:49,ok,pickles/moead_ws/rc108_21/run08.pkl,unknown,2
nsga2,rc107_21,10,915332269,850000,850080,105,105,7066561.441197,,15.0,1838.6346,0.0,7,752.857,2026-04-24T01:01:01,2026-04-24T01:13:34,ok,pickles/nsga2/rc107_21/run10.pkl,unknown,2
smsemoa,rc102_21,11,1425973199,850000,850080,105,105,19280524.72562,,18.0,2136.8463,8.0429,11,723.421,2026-04-24T01:01:38,2026-04-24T01:13:42,ok,pickles/smsemoa/rc102_21/run11.pkl,unknown,2
moead_ws,rc204_21,23,1656994559,850000,850080,105,96,4189510.046942,,4.0,1058.1313,0.0,3,1733.802,2026-04-24T00:45:13,2026-04-24T01:14:07,ok,pickles/moead_ws/rc204_21/run23.pkl,unknown,2
nsga2,r203_21,4,474946494,850000,850080,105,105,8473296.58341,,4.0,1012.6407,0.0,3,1441.786,2026-04-24T00:50:58,2026-04-24T01:15:00,ok,pickles/nsga2/r203_21/run04.pkl,unknown,2
smsemoa,r102_21,2,2609945515,850000,850080,105,105,20872691.626516,,20.0,1792.2858,33.1966,12,747.69,2026-04-24T01:02:45,2026-04-24T01:15:13,ok,pickles/smsemoa/r102_21/run02.pkl,unknown,2
nsga2,rc204_21,30,476340828,850000,850080,105,105,2304873.736487,,3.0,1030.6678,0.0,3,1738.402,2026-04-24T00:49:09,2026-04-24T01:18:08,ok,pickles/nsga2/rc204_21/run30.pkl,unknown,2
smsemoa,r107_21,11,2868776315,850000,850080,105,105,3518264.942893,,15.0,1615.8373,0.0,7,743.422,2026-04-24T01:10:49,2026-04-24T01:23:12,ok,pickles/smsemoa/r107_21/run11.pkl,unknown,2
moead_ws,rc102_21,28,1503122620,850000,850080,105,99,37722777.418273,,20.0,2198.8414,2.084,12,811.402,2026-04-24T01:10:31,2026-04-24T01:24:03,ok,pickles/moead_ws/rc102_21/run28.pkl,unknown,2
nsga2,r102_21,14,3889655463,850000,850080,105,105,11076195.797282,,19.0,1692.1024,7.7387,13,662.004,2026-04-24T01:13:34,2026-04-24T01:24:36,ok,pickles/nsga2/r102_21/run14.pkl,unknown,2
moead_ws,r202_21,9,1269526327,850000,850080,105,98,99983053.775223,,7.0,1145.7323,0.1603,5,1144.581,2026-04-24T01:06:22,2026-04-24T01:25:27,ok,pickles/moead_ws/r202_21/run09.pkl,unknown,2
nsga2,r202_21,13,3723350238,850000,850080,105,105,24602485.786534,,4.0,1028.3812,0.0,4,1196.287,2026-04-24T01:05:34,2026-04-24T01:25:30,ok,pickles/nsga2/r202_21/run13.pkl,unknown,2
smsemoa,rc108_21,19,1249185599,850000,850080,105,105,3310204.038161,,14.0,1799.2173,0.0,6,791.901,2026-04-24T01:15:13,2026-04-24T01:28:24,ok,pickles/smsemoa/rc108_21/run19.pkl,unknown,2
smsemoa,rc204_21,18,1499981639,850000,850080,105,105,1378368.875959,,3.0,860.3725,0.0,2,1714.874,2026-04-24T01:03:29,2026-04-24T01:32:04,ok,pickles/smsemoa/rc204_21/run18.pkl,unknown,2
smsemoa,r203_21,20,1173362692,850000,850080,105,105,6649083.896197,,5.0,1099.7104,0.0,3,1294.603,2026-04-24T01:13:42,2026-04-24T01:35:16,ok,pickles/smsemoa/r203_21/run20.pkl,unknown,2
smsemoa,rc204_21,27,3558701241,850000,850080,105,103,2363853.100468,,3.0,958.6576,0.0,3,1732.848,2026-04-24T01:06:55,2026-04-24T01:35:48,ok,pickles/smsemoa/rc204_21/run27.pkl,unknown,2
smsemoa,r103_21,8,3053059606,850000,850080,105,105,10001091.991956,,17.0,1593.0381,1.6569,11,766.311,2026-04-24T01:24:03,2026-04-24T01:36:49,ok,pickles/smsemoa/r103_21/run08.pkl,unknown,2
smsemoa,rc108_21,17,27294945,850000,850080,105,105,2955639.1499,,14.0,1727.0041,0.0,7,804.857,2026-04-24T01:24:36,2026-04-24T01:38:01,ok,pickles/smsemoa/rc108_21/run17.pkl,unknown,2
moead_ws,r203_21,28,2877028511,850000,850080,105,102,15204578.513859,,4.0,933.3913,0.0,4,1424.069,2026-04-24T01:15:01,2026-04-24T01:38:45,ok,pickles/moead_ws/r203_21/run28.pkl,unknown,2
nsga2,r203_21,22,475103143,850000,850080,105,105,5698020.972728,,3.0,1070.792,0.0,4,1530.967,2026-04-24T01:14:07,2026-04-24T01:39:38,ok,pickles/nsga2/r203_21/run22.pkl,unknown,2
moead_ws,r103_21,9,2657296050,850000,850080,105,99,9910939.520825,,18.0,1837.3848,2.6393,9,890.179,2026-04-24T01:25:31,2026-04-24T01:40:21,ok,pickles/moead_ws/r103_21/run09.pkl,unknown,2
smsemoa,rc108_21,11,1384820558,850000,850080,105,105,2473674.92674,,13.0,1617.2908,0.0,6,784.991,2026-04-24T01:28:24,2026-04-24T01:41:29,ok,pickles/smsemoa/rc108_21/run11.pkl,unknown,2
nsga2,rc204_21,27,4176335092,850000,850080,105,105,2361179.180324,,3.0,1059.446,0.0,4,1713.283,2026-04-24T01:18:08,2026-04-24T01:46:41,ok,pickles/nsga2/rc204_21/run27.pkl,unknown,2
nsga2,r107_21,11,3069406470,850000,850080,105,105,2078428.088903,,17.0,1608.0922,0.0,6,724.991,2026-04-24T01:35:48,2026-04-24T01:47:53,ok,pickles/nsga2/r107_21/run11.pkl,unknown,2
smsemoa,c207_21,16,1359289700,850000,850080,105,105,45669780.143039,,4.0,882.6359,0.0,4,1448.987,2026-04-24T01:25:27,2026-04-24T01:49:36,ok,pickles/smsemoa/c207_21/run16.pkl,unknown,2
moead_ws,rc204_21,19,1316459229,850000,850080,105,88,2116224.086436,,4.0,959.8764,0.0,3,1650.329,2026-04-24T01:23:13,2026-04-24T01:50:43,ok,pickles/moead_ws/rc204_21/run19.pkl,unknown,2
smsemoa,r107_21,16,1521177181,850000,850080,105,105,868082.647081,,17.0,1692.7517,0.0,5,765.026,2026-04-24T01:39:38,2026-04-24T01:52:23,ok,pickles/smsemoa/r107_21/run16.pkl,unknown,2
nsga2,rc108_21,30,1202974929,850000,850080,105,105,5206550.363438,,13.0,1691.1522,0.0,8,772.178,2026-04-24T01:40:21,2026-04-24T01:53:13,ok,pickles/nsga2/rc108_21/run30.pkl,unknown,2
moead_ws,rc108_21,16,2445345320,850000,850080,105,98,2569052.189167,,15.0,1813.0874,0.0,5,943.433,2026-04-24T01:38:02,2026-04-24T01:53:45,ok,pickles/moead_ws/rc108_21/run16.pkl,unknown,2
smsemoa,r202_21,25,621979095,850000,850080,105,105,10011376.270634,,5.0,1062.5601,0.0,3,1138.216,2026-04-24T01:36:49,2026-04-24T01:55:47,ok,pickles/smsemoa/r202_21/run25.pkl,unknown,2
moead_ws,rc204_21,20,389962424,850000,850080,105,91,3403742.677204,,4.0,1095.8579,0.0,4,1752.788,2026-04-24T01:32:05,2026-04-24T02:01:18,ok,pickles/moead_ws/rc204_21/run20.pkl,unknown,2
nsga2,rc102_21,15,3731126540,850000,850080,105,105,12408850.068519,,18.0,2037.0954,0.0,11,693.685,2026-04-24T01:50:43,2026-04-24T02:02:17,ok,pickles/nsga2/rc102_21/run15.pkl,unknown,2
smsemoa,rc108_21,3,2028998547,850000,850080,105,105,1743682.748815,,14.0,1710.3934,0.0,5,808.332,2026-04-24T01:49:36,2026-04-24T02:03:04,ok,pickles/smsemoa/rc108_21/run03.pkl,unknown,2
smsemoa,rc204_21,26,2314773641,850000,850080,105,105,3968353.708845,,3.0,954.1613,0.0,4,1704.477,2026-04-24T01:35:16,2026-04-24T02:03:41,ok,pickles/smsemoa/rc204_21/run26.pkl,unknown,2
nsga2,c206_21,27,1906110558,850000,850080,105,105,22614293.82909,,5.0,955.2638,1061.5665,2,1607.176,2026-04-24T01:38:45,2026-04-24T02:05:32,ok,pickles/nsga2/c206_21/run27.pkl,unknown,2
moead_ws,rc204_21,18,2570291275,850000,850080,105,93,12921007.941844,,4.0,1207.4881,0.0,4,1564.911,2026-04-24T01:41:30,2026-04-24T02:07:35,ok,pickles/moead_ws/rc204_21/run18.pkl,unknown,2
moead_ws,rc108_21,3,2735071850,850000,850080,105,89,9622677.45636,,15.0,1869.8046,0.0,7,947.865,2026-04-24T01:53:46,2026-04-24T02:09:33,ok,pickles/moead_ws/rc108_21/run03.pkl,unknown,2
smsemoa,rc204_21,12,2739962705,850000,850080,105,105,2681890.371819,,3.0,1099.8202,0.0,3,1553.916,2026-04-24T01:46:41,2026-04-24T02:12:35,ok,pickles/smsemoa/rc204_21/run12.pkl,unknown,2
nsga2,r103_21,19,2181544509,850000,850080,105,105,6229963.180441,,16.0,1723.8163,0.0,9,722.107,2026-04-24T02:02:17,2026-04-24T02:14:19,ok,pickles/nsga2/r103_21/run19.pkl,unknown,2
smsemoa,c207_21,3,3803811238,850000,850080,105,105,72399362.07778,,4.0,1050.275,0.0,5,1384.544,2026-04-24T01:53:13,2026-04-24T02:16:18,ok,pickles/smsemoa/c207_21/run03.pkl,unknown,2
smsemoa,rc107_21,10,131315982,850000,850080,105,105,4733705.811082,,17.0,1987.3884,0.0,8,764.056,2026-04-24T02:03:41,2026-04-24T02:16:25,ok,pickles/smsemoa/rc107_21/run10.pkl,unknown,2
nsga2,rc204_21,20,1568987240,850000,850080,105,105,1053797.562478,,4.0,1167.8466,0.0,3,1795.908,2026-04-24T01:47:53,2026-04-24T02:17:49,ok,pickles/nsga2/rc204_21/run20.pkl,unknown,2
nsga2,rc107_21,8,3071553672,850000,850080,105,105,2404564.558897,,17.0,1957.0576,0.0,6,745.164,2026-04-24T02:05:32,2026-04-24T02:17:57,ok,pickles/nsga2/rc107_21/run08.pkl,unknown,2
smsemoa,c206_21,11,2209221315,850000,850080,105,105,20667367.9548,,5.0,897.8082,0.0,3,1379.061,2026-04-24T01:55:47,2026-04-24T02:18:47,ok,pickles/smsemoa/c206_21/run11.pkl,unknown,2
smsemoa,r102_21,28,156838409,850000,850080,105,105,19951840.657927,,21.0,1944.3947,48.0146,13,731.359,2026-04-24T02:07:35,2026-04-24T02:19:46,ok,pickles/smsemoa/r102_21/run28.pkl,unknown,2
moead_ws,rc204_21,21,2552328615,850000,850080,105,104,8696428.862391,,4.0,1085.9594,0.0,4,1660.296,2026-04-24T01:52:24,2026-04-24T02:20:04,ok,pickles/moead_ws/rc204_21/run21.pkl,unknown,2
nsga2,rc108_21,17,3876710721,850000,850080,105,105,957237.885729,,14.0,1613.898,0.0,4,776.675,2026-04-24T02:09:33,2026-04-24T02:22:30,ok,pickles/nsga2/rc108_21/run17.pkl,unknown,2
smsemoa,r202_21,6,2890449373,850000,850080,105,105,35526583.932547,,5.0,1006.6919,0.0,3,1183.815,2026-04-24T02:03:04,2026-04-24T02:22:48,ok,pickles/smsemoa/r202_21/run06.pkl,unknown,2
nsga2,rc107_21,15,4287260892,850000,850080,105,105,3154751.358877,,16.0,1995.8394,0.0,8,725.686,2026-04-24T02:14:19,2026-04-24T02:26:25,ok,pickles/nsga2/rc107_21/run15.pkl,unknown,2
moead_ws,c207_21,9,877265736,850000,850080,105,98,118999208.841021,,5.0,1029.706,1128.2218,3,1616.711,2026-04-24T02:01:18,2026-04-24T02:28:15,ok,pickles/moead_ws/c207_21/run09.pkl,unknown,2
moead_ws,rc102_21,11,3247958556,850000,850080,105,104,56687555.435678,,19.0,2154.6952,8.5618,13,851.098,2026-04-24T02:16:25,2026-04-24T02:30:37,ok,pickles/moead_ws/rc102_21/run11.pkl,unknown,2
smsemoa,rc107_21,12,2805837934,850000,850080,105,105,3838205.164536,,15.0,1665.5323,0.0,6,772.6,2026-04-24T02:17:57,2026-04-24T02:30:50,ok,pickles/smsemoa/rc107_21/run12.pkl,unknown,2
moead_ws,r102_21,13,2426084484,850000,850080,105,104,33176242.259909,,21.0,1929.657,29.5859,13,822.76,2026-04-24T02:17:49,2026-04-24T02:31:32,ok,pickles/moead_ws/r102_21/run13.pkl,unknown,2
moead_ws,rc107_21,7,4064989897,850000,850080,105,97,7825827.584208,,16.0,1938.8095,0.0,8,855.668,2026-04-24T02:18:47,2026-04-24T02:33:03,ok,pickles/moead_ws/rc107_21/run07.pkl,unknown,2
smsemoa,rc102_21,10,1791992056,850000,850080,105,105,26620203.299603,,19.0,2206.0015,7.0494,12,713.755,2026-04-24T02:22:48,2026-04-24T02:34:42,ok,pickles/smsemoa/rc102_21/run10.pkl,unknown,2
nsga2,rc107_21,25,4131919570,850000,850080,105,105,3908947.264428,,16.0,1984.091,0.0,7,738.98,2026-04-24T02:28:15,2026-04-24T02:40:34,ok,pickles/nsga2/rc107_21/run25.pkl,unknown,2
smsemoa,rc204_21,23,2277424267,850000,850080,105,105,6333487.348128,,3.0,1023.8283,0.0,4,1739.849,2026-04-24T02:12:35,2026-04-24T02:41:35,ok,pickles/smsemoa/rc204_21/run23.pkl,unknown,2
moead_ws,c206_21,27,439319456,850000,850080,105,95,75390485.058447,,4.0,1134.7185,3670.2374,3,1586.837,2026-04-24T02:16:18,2026-04-24T02:42:45,ok,pickles/moead_ws/c206_21/run27.pkl,unknown,2
smsemoa,c207_21,24,1226043010,850000,850080,105,105,17216770.749068,,5.0,1121.937,0.0,3,1414.119,2026-04-24T02:19:46,2026-04-24T02:43:20,ok,pickles/smsemoa/c207_21/run24.pkl,unknown,2
smsemoa,rc107_21,23,84364078,850000,850080,105,105,3770500.908065,,15.0,1727.6886,0.0,5,768.934,2026-04-24T02:31:32,2026-04-24T02:44:21,ok,pickles/smsemoa/rc107_21/run23.pkl,unknown,2
nsga2,rc204_21,9,2513727003,850000,850080,102,101,1254361.070565,,4.0,1442.5338,0.0,2,1521.917,2026-04-24T02:20:04,2026-04-24T02:45:26,ok,pickles/nsga2/rc204_21/run09.pkl,unknown,2
moead_ws,rc107_21,12,2258559928,850000,850080,105,98,8853964.831027,,15.0,1773.0316,0.0,8,881.905,2026-04-24T02:30:50,2026-04-24T02:45:32,ok,pickles/moead_ws/rc107_21/run12.pkl,unknown,2
smsemoa,c207_21,6,1840531236,850000,850080,105,105,42912480.903806,,4.0,931.0682,67.219,4,1506.787,2026-04-24T02:26:25,2026-04-24T02:51:32,ok,pickles/smsemoa/c207_21/run06.pkl,unknown,2
moead_ws,rc204_21,10,1207640228,850000,850080,105,80,4898549.263211,,4.0,958.6187,0.0,3,1770.926,2026-04-24T02:22:31,2026-04-24T02:52:02,ok,pickles/moead_ws/rc204_21/run10.pkl,unknown,2
nsga2,r107_21,12,271879051,850000,850080,105,105,2255815.67466,,16.0,1669.7748,0.0,6,724.163,2026-04-24T02:40:34,2026-04-24T02:52:38,ok,pickles/nsga2/r107_21/run12.pkl,unknown,2
smsemoa,rc108_21,1,3851916826,850000,850080,105,105,1369722.858329,,14.0,1603.0665,0.0,4,801.478,2026-04-24T02:41:35,2026-04-24T02:54:56,ok,pickles/smsemoa/rc108_21/run01.pkl,unknown,2
moead_ws,r202_21,18,3843875072,850000,850080,105,83,51352176.929576,,5.0,1126.3501,0.0,6,1469.829,2026-04-24T02:30:37,2026-04-24T02:55:07,ok,pickles/moead_ws/r202_21/run18.pkl,unknown,2
nsga2,r203_21,3,1808457543,850000,850080,105,105,3571513.972978,,4.0,1069.8182,0.0,3,1337.458,2026-04-24T02:34:42,2026-04-24T02:57:00,ok,pickles/nsga2/r203_21/run03.pkl,unknown,2
smsemoa,r103_21,9,798623326,850000,850080,105,105,15862412.502668,,16.0,1705.1255,1.6882,11,777.332,2026-04-24T02:44:21,2026-04-24T02:57:18,ok,pickles/smsemoa/r103_21/run09.pkl,unknown,2
smsemoa,r102_21,1,3620899181,850000,850080,105,105,38326482.297018,,18.0,1822.9277,14.1384,15,730.812,2026-04-24T02:45:32,2026-04-24T02:57:43,ok,pickles/smsemoa/r102_21/run01.pkl,unknown,2
nsga2,c207_21,16,3392938254,850000,850080,105,104,6864403.180581,,4.0,833.8978,0.0,3,1504.44,2026-04-24T02:33:03,2026-04-24T02:58:07,ok,pickles/nsga2/c207_21/run16.pkl,unknown,2
moead_ws,r102_21,26,1262137272,850000,850080,105,104,20839137.876858,,24.0,2098.4898,54.3263,10,845.258,2026-04-24T02:45:27,2026-04-24T02:59:32,ok,pickles/moead_ws/r102_21/run26.pkl,unknown,2
nsga2,r203_21,16,195186228,850000,850080,105,105,2712587.951811,,4.0,1022.6117,0.0,3,1314.591,2026-04-24T02:42:45,2026-04-24T03:04:40,ok,pickles/nsga2/r203_21/run16.pkl,unknown,2
smsemoa,rc107_21,14,3719577538,850000,850080,105,105,4992467.674065,,15.0,1837.095,0.0,7,780.864,2026-04-24T02:52:02,2026-04-24T03:05:02,ok,pickles/smsemoa/rc107_21/run14.pkl,unknown,2
smsemoa,c207_21,13,410217242,850000,850080,105,105,47415691.145717,,4.0,880.5028,0.0,4,1435.243,2026-04-24T02:43:20,2026-04-24T03:07:16,ok,pickles/smsemoa/c207_21/run13.pkl,unknown,2
smsemoa,rc107_21,9,806710064,850000,850080,105,105,3729597.685312,,15.0,1700.0984,0.0,6,761.808,2026-04-24T02:55:07,2026-04-24T03:07:49,ok,pickles/smsemoa/rc107_21/run09.pkl,unknown,2
nsga2,r102_21,1,3741384861,850000,850080,105,105,10806560.454241,,20.0,1903.0246,8.8927,13,677.885,2026-04-24T02:58:07,2026-04-24T03:09:25,ok,pickles/nsga2/r102_21/run01.pkl,unknown,2
nsga2,r202_21,4,2462202635,850000,850080,105,105,11605903.301898,,6.0,1124.3922,0.0,3,1089.87,2026-04-24T02:51:32,2026-04-24T03:09:42,ok,pickles/nsga2/r202_21/run04.pkl,unknown,2
moead_ws,r102_21,15,2737283151,850000,850080,105,101,35927747.799091,,20.0,1896.3165,24.1813,13,827.884,2026-04-24T02:57:44,2026-04-24T03:11:32,ok,pickles/moead_ws/r102_21/run15.pkl,unknown,2
nsga2,rc107_21,12,26702273,850000,850080,105,105,6590972.15709,,16.0,2007.9451,0.0,7,737.912,2026-04-24T02:59:32,2026-04-24T03:11:50,ok,pickles/nsga2/rc107_21/run12.pkl,unknown,2
nsga2,rc107_21,30,174975101,850000,850080,105,105,2082207.482663,,16.0,1977.3357,0.0,6,735.231,2026-04-24T03:04:40,2026-04-24T03:16:55,ok,pickles/nsga2/rc107_21/run30.pkl,unknown,2
moead_ws,c206_21,1,1349742304,850000,850080,105,100,98057045.99397,,5.0,982.6939,66.7576,3,1554.098,2026-04-24T02:52:39,2026-04-24T03:18:33,ok,pickles/moead_ws/c206_21/run01.pkl,unknown,2
nsga2,r103_21,3,2614282792,850000,850080,105,105,6186884.829959,,18.0,1796.1997,2.3493,8,743.959,2026-04-24T03:07:49,2026-04-24T03:20:13,ok,pickles/nsga2/r103_21/run03.pkl,unknown,2
smsemoa,c207_21,9,2786469682,850000,850080,105,105,27861302.457087,,5.0,1134.6345,0.0,4,1390.004,2026-04-24T02:57:18,2026-04-24T03:20:28,ok,pickles/smsemoa/c207_21/run09.pkl,unknown,2
smsemoa,r203_21,17,3948751772,850000,850080,105,105,2812735.339375,,4.0,1031.0553,0.0,2,1440.523,2026-04-24T02:57:00,2026-04-24T03:21:00,ok,pickles/smsemoa/r203_21/run17.pkl,unknown,2
smsemoa,rc204_21,22,3742882475,850000,850080,105,105,1152977.772917,,4.0,1016.1278,0.0,2,1634.548,2026-04-24T02:54:56,2026-04-24T03:22:11,ok,pickles/smsemoa/rc204_21/run22.pkl,unknown,2
smsemoa,rc108_21,6,809260417,850000,850080,105,105,2938993.208418,,14.0,1760.8561,0.0,6,806.321,2026-04-24T03:11:32,2026-04-24T03:24:58,ok,pickles/smsemoa/rc108_21/run06.pkl,unknown,2
nsga2,rc102_21,22,368138451,850000,850080,105,105,16154358.327425,,18.0,2086.3621,0.0,11,679.128,2026-04-24T03:16:55,2026-04-24T03:28:14,ok,pickles/nsga2/rc102_21/run22.pkl,unknown,2
nsga2,c207_21,22,591403235,850000,850080,105,105,57066138.451251,,5.0,1041.2571,0.0,5,1349.006,2026-04-24T03:07:16,2026-04-24T03:29:45,ok,pickles/nsga2/c207_21/run22.pkl,unknown,2
nsga2,rc204_21,5,358702135,850000,850080,105,105,6756766.118845,,3.0,1009.7906,0.0,4,1627.048,2026-04-24T03:05:02,2026-04-24T03:32:10,ok,pickles/nsga2/rc204_21/run05.pkl,unknown,2
smsemoa,rc102_21,22,2531725165,850000,850080,105,105,10130711.645221,,20.0,2218.4656,25.0865,8,724.506,2026-04-24T03:20:28,2026-04-24T03:32:33,ok,pickles/smsemoa/rc102_21/run22.pkl,unknown,2
smsemoa,r202_21,10,4180626334,850000,850080,105,105,12533588.952131,,4.0,1083.9894,0.0,5,1267.716,2026-04-24T03:11:50,2026-04-24T03:32:58,ok,pickles/smsemoa/r202_21/run10.pkl,unknown,2
moead_ws,r202_21,12,1070979527,850000,850080,105,93,38067522.187696,,5.0,1089.6789,0.0,5,1416.912,2026-04-24T03:09:42,2026-04-24T03:33:19,ok,pickles/moead_ws/r202_21/run12.pkl,unknown,2
moead_ws,r202_21,24,859819257,850000,850080,105,98,37526513.959895,,5.0,1035.9563,0.0,5,1451.951,2026-04-24T03:09:26,2026-04-24T03:33:38,ok,pickles/moead_ws/r202_21/run24.pkl,unknown,2
smsemoa,rc107_21,16,291146287,850000,850080,105,105,1851611.475489,,16.0,1806.2633,0.0,6,771.702,2026-04-24T03:21:00,2026-04-24T03:33:52,ok,pickles/smsemoa/rc107_21/run16.pkl,unknown,2
moead_ws,r102_21,10,3046724865,850000,850080,105,105,39983082.998969,,21.0,2044.1925,41.1635,13,853.019,2026-04-24T03:20:13,2026-04-24T03:34:26,ok,pickles/moead_ws/r102_21/run10.pkl,unknown,2
moead_ws,r202_21,26,2933478387,850000,850080,105,104,90695288.457875,,6.0,1156.1216,0.0,4,1179.955,2026-04-24T03:18:33,2026-04-24T03:38:13,ok,pickles/moead_ws/r202_21/run26.pkl,unknown,2
smsemoa,rc102_21,28,2542905272,850000,850080,105,105,22155012.165037,,19.0,2257.1889,9.8728,11,752.083,2026-04-24T03:28:14,2026-04-24T03:40:46,ok,pickles/smsemoa/rc102_21/run28.pkl,unknown,2
smsemoa,r107_21,9,6840949,850000,850080,105,105,2345446.264853,,15.0,1562.3936,0.0,6,775.607,2026-04-24T03:29:45,2026-04-24T03:42:40,ok,pickles/smsemoa/r107_21/run09.pkl,unknown,2
nsga2,r107_21,30,817204642,850000,850080,105,105,2103250.610673,,16.0,1610.7053,0.0,5,733.007,2026-04-24T03:32:10,2026-04-24T03:44:23,ok,pickles/nsga2/r107_21/run30.pkl,unknown,2
smsemoa,r102_21,22,21106956,850000,850080,105,105,21580558.016572,,19.0,1827.6677,56.5086,12,727.489,2026-04-24T03:32:33,2026-04-24T03:44:40,ok,pickles/smsemoa/r102_21/run22.pkl,unknown,2
nsga2,r107_21,20,3858792491,850000,850080,105,105,3333656.921827,,16.0,1746.8701,0.0,7,714.462,2026-04-24T03:32:58,2026-04-24T03:44:52,ok,pickles/nsga2/r107_21/run20.pkl,unknown,2
nsga2,r102_21,18,3008111186,850000,850080,105,105,21581147.03277,,18.0,1785.6206,4.4531,16,699.392,2026-04-24T03:33:52,2026-04-24T03:45:31,ok,pickles/nsga2/r102_21/run18.pkl,unknown,2
nsga2,r102_21,30,880412812,850000,850080,105,105,26348518.767912,,19.0,1819.0434,1.9025,14,691.791,2026-04-24T03:34:26,2026-04-24T03:45:58,ok,pickles/nsga2/r102_21/run30.pkl,unknown,2
moead_ws,rc107_21,28,453117262,850000,850080,105,98,14869308.652302,,16.0,1951.6353,0.0,11,874.952,2026-04-24T03:33:38,2026-04-24T03:48:13,ok,pickles/moead_ws/rc107_21/run28.pkl,unknown,2
nsga2,rc204_21,17,4019717067,850000,850080,105,74,887280.061292,,4.0,1169.4512,0.0,2,1605.108,2026-04-24T03:22:11,2026-04-24T03:48:56,ok,pickles/nsga2/rc204_21/run17.pkl,unknown,2
smsemoa,rc107_21,18,3479828982,850000,850080,105,105,3371075.072836,,15.0,1694.2343,0.0,6,774.319,2026-04-24T03:38:13,2026-04-24T03:51:08,ok,pickles/smsemoa/rc107_21/run18.pkl,unknown,2
moead_ws,r202_21,25,628756841,850000,850080,105,93,26498884.240302,,6.0,1160.8766,4.6626,3,1232.706,2026-04-24T03:33:19,2026-04-24T03:53:52,ok,pickles/moead_ws/r202_21/run25.pkl,unknown,2
nsga2,r107_21,4,391828638,850000,850080,105,105,2190211.691948,,15.0,1556.5938,0.0,6,701.371,2026-04-24T03:42:40,2026-04-24T03:54:22,ok,pickles/nsga2/r107_21/run04.pkl,unknown,2
moead_ws,c206_21,13,3924688814,850000,850080,105,98,199088369.492116,,5.0,889.8111,5743.4141,3,1808.347,2026-04-24T03:24:58,2026-04-24T03:55:07,ok,pickles/moead_ws/c206_21/run13.pkl,unknown,2
moead_ws,r103_21,4,229237689,850000,850080,105,94,21180060.115264,,18.0,1774.1709,23.1273,10,862.438,2026-04-24T03:40:47,2026-04-24T03:55:09,ok,pickles/moead_ws/r103_21/run04.pkl,unknown,2
nsga2,rc102_21,21,3915970768,850000,850080,105,105,21809872.516404,,21.0,2555.1483,7.7696,13,695.724,2026-04-24T03:44:40,2026-04-24T03:56:16,ok,pickles/nsga2/rc102_21/run21.pkl,unknown,2
nsga2,r103_21,20,1448482351,850000,850080,105,105,6660081.755292,,15.0,1552.6829,12.3073,8,744.691,2026-04-24T03:44:52,2026-04-24T03:57:17,ok,pickles/nsga2/r103_21/run20.pkl,unknown,2
smsemoa,rc107_21,11,1154038387,850000,850080,105,105,849080.577175,,15.0,1767.842,0.0,4,780.93,2026-04-24T03:45:31,2026-04-24T03:58:32,ok,pickles/smsemoa/rc107_21/run11.pkl,unknown,2
smsemoa,r107_21,23,338715737,850000,850080,105,105,4107504.406922,,16.0,1690.2836,0.0,7,763.32,2026-04-24T03:45:58,2026-04-24T03:58:41,ok,pickles/smsemoa/r107_21/run23.pkl,unknown,2
nsga2,rc107_21,4,432817745,850000,850080,105,105,5052564.378187,,14.0,1714.157,0.0,8,736.754,2026-04-24T03:48:56,2026-04-24T04:01:13,ok,pickles/nsga2/rc107_21/run04.pkl,unknown,2
nsga2,rc108_21,18,4048264985,850000,850080,105,105,2241872.426512,,14.0,1778.3501,0.0,6,763.619,2026-04-24T03:53:52,2026-04-24T04:06:36,ok,pickles/nsga2/rc108_21/run18.pkl,unknown,2
nsga2,r202_21,25,2712160414,850000,850080,105,105,21204672.643746,,5.0,982.174,0.0,4,1163.366,2026-04-24T03:48:13,2026-04-24T04:07:36,ok,pickles/nsga2/r202_21/run25.pkl,unknown,2
nsga2,rc102_21,1,196059822,850000,850080,105,105,21044269.254218,,19.0,2222.6962,16.2927,13,690.045,2026-04-24T03:56:16,2026-04-24T04:07:46,ok,pickles/nsga2/rc102_21/run01.pkl,unknown,2
smsemoa,rc102_21,21,498150693,850000,850080,105,105,20797431.641385,,19.0,2099.4757,16.848,11,735.735,2026-04-24T03:57:17,2026-04-24T04:09:33,ok,pickles/smsemoa/rc102_21/run21.pkl,unknown,2
moead_ws,rc107_21,29,937656470,850000,850080,105,92,11195004.103512,,14.0,1662.9957,0.0,9,892.066,2026-04-24T03:55:07,2026-04-24T04:09:59,ok,pickles/moead_ws/rc107_21/run29.pkl,unknown,2
smsemoa,r102_21,3,3972637270,850000,850080,105,105,33065139.815072,,20.0,1868.9451,9.663,16,727.596,2026-04-24T03:58:41,2026-04-24T04:10:49,ok,pickles/smsemoa/r102_21/run03.pkl,unknown,2
moead_ws,c206_21,24,316489606,850000,850080,105,102,75444637.584586,,5.0,1227.6133,2558.1949,2,1590.619,2026-04-24T03:44:23,2026-04-24T04:10:54,ok,pickles/moead_ws/c206_21/run24.pkl,unknown,2
smsemoa,r202_21,18,92592058,850000,850080,105,105,8795544.699606,,5.0,1057.4902,0.0,3,1198.96,2026-04-24T03:54:22,2026-04-24T04:14:21,ok,pickles/smsemoa/r202_21/run18.pkl,unknown,2
nsga2,c207_21,3,3208981813,850000,850080,105,105,105399828.051552,,4.0,1082.8684,0.0,6,1481.426,2026-04-24T03:51:08,2026-04-24T04:15:49,ok,pickles/nsga2/c207_21/run03.pkl,unknown,2
nsga2,r103_21,21,1593740693,850000,850080,105,105,9164070.090772,,17.0,1627.6512,0.0,9,746.434,2026-04-24T04:06:36,2026-04-24T04:19:02,ok,pickles/nsga2/r103_21/run21.pkl,unknown,2
nsga2,c206_21,5,56052033,850000,850080,105,105,77227336.200296,,5.0,1053.1198,26.98,5,1449.602,2026-04-24T03:55:09,2026-04-24T04:19:19,ok,pickles/nsga2/c206_21/run05.pkl,unknown,2
moead_ws,c206_21,20,2335168919,850000,850080,105,93,151130272.865039,,6.0,1271.5883,680.6548,4,1404.037,2026-04-24T03:58:33,2026-04-24T04:21:57,ok,pickles/moead_ws/c206_21/run20.pkl,unknown,2
moead_ws,rc107_21,26,4112485918,850000,850080,105,95,7633312.72039,,17.0,2029.6487,0.0,8,887.521,2026-04-24T04:09:33,2026-04-24T04:24:21,ok,pickles/moead_ws/rc107_21/run26.pkl,unknown,2
moead_ws,rc102_21,1,1834453094,850000,850080,105,99,22429084.549294,,18.0,2171.6116,13.1208,12,819.467,2026-04-24T04:10:50,2026-04-24T04:24:29,ok,pickles/moead_ws/rc102_21/run01.pkl,unknown,2
moead_ws,rc204_21,11,2426210583,850000,850080,105,86,1260943.359829,,4.0,1096.0093,0.0,3,1610.061,2026-04-24T04:01:13,2026-04-24T04:28:03,ok,pickles/moead_ws/rc204_21/run11.pkl,unknown,2
nsga2,c207_21,1,3815178990,850000,850080,105,105,87067415.682568,,5.0,1340.2926,143.5643,5,1358.442,2026-04-24T04:07:46,2026-04-24T04:30:25,ok,pickles/nsga2/c207_21/run01.pkl,unknown,2
moead_ws,rc108_21,6,3505385746,850000,850080,105,93,8920555.583586,,15.0,1714.3617,0.0,6,912.767,2026-04-24T04:15:49,2026-04-24T04:31:02,ok,pickles/moead_ws/rc108_21/run06.pkl,unknown,2
moead_ws,c207_21,14,2584715899,850000,850080,105,105,75774482.585302,,5.0,1151.4544,2223.7861,4,1580.152,2026-04-24T04:07:37,2026-04-24T04:33:57,ok,pickles/moead_ws/c207_21/run14.pkl,unknown,2
moead_ws,rc108_21,29,3788588244,850000,850080,105,93,5468057.635729,,15.0,1707.7906,0.0,7,905.107,2026-04-24T04:19:03,2026-04-24T04:34:08,ok,pickles/moead_ws/rc108_21/run29.pkl,unknown,2
nsga2,c206_21,26,3441089075,850000,850080,105,105,39301341.32166,,5.0,1102.5604,49.1019,4,1471.388,2026-04-24T04:10:54,2026-04-24T04:35:25,ok,pickles/nsga2/c206_21/run26.pkl,unknown,2
moead_ws,rc107_21,4,3989673262,850000,850080,105,91,6967950.975658,,17.0,1937.5092,0.0,7,872.217,2026-04-24T04:21:57,2026-04-24T04:36:29,ok,pickles/moead_ws/rc107_21/run04.pkl,unknown,2
moead_ws,c206_21,28,2549433943,850000,850080,105,104,22242406.331828,,5.0,1029.9061,715.2327,2,1602.229,2026-04-24T04:10:00,2026-04-24T04:36:42,ok,pickles/moead_ws/c206_21/run28.pkl,unknown,2
smsemoa,c207_21,28,2062307794,850000,850080,105,102,21679349.133436,,5.0,1076.5513,0.0,3,1439.285,2026-04-24T04:14:21,2026-04-24T04:38:20,ok,pickles/smsemoa/c207_21/run28.pkl,unknown,2
moead_ws,c207_21,29,1876145762,850000,850080,105,100,146754093.176573,,4.0,1100.7009,0.0,4,1430.353,2026-04-24T04:19:19,2026-04-24T04:43:10,ok,pickles/moead_ws/c207_21/run29.pkl,unknown,2
smsemoa,rc108_21,20,2247551906,850000,850080,105,105,1273106.974327,,14.0,1687.5558,0.0,5,803.882,2026-04-24T04:30:25,2026-04-24T04:43:48,ok,pickles/smsemoa/rc108_21/run20.pkl,unknown,2
moead_ws,rc102_21,17,2080952304,850000,850080,105,96,26508988.764308,,18.0,2067.1113,9.0979,12,831.004,2026-04-24T04:31:03,2026-04-24T04:44:54,ok,pickles/moead_ws/rc102_21/run17.pkl,unknown,2
moead_ws,r203_21,9,2492137657,850000,850080,105,94,15523237.931822,,4.0,926.7881,0.0,5,1376.779,2026-04-24T04:24:21,2026-04-24T04:47:18,ok,pickles/moead_ws/r203_21/run09.pkl,unknown,2
moead_ws,r102_21,17,3017077921,850000,850080,105,102,53101082.874546,,22.0,2006.5811,65.7171,16,810.954,2026-04-24T04:33:58,2026-04-24T04:47:29,ok,pickles/moead_ws/r102_21/run17.pkl,unknown,2
smsemoa,c207_21,22,1047422972,850000,850080,105,105,27969517.683675,,5.0,1042.92,0.0,3,1388.169,2026-04-24T04:24:29,2026-04-24T04:47:37,ok,pickles/smsemoa/c207_21/run22.pkl,unknown,2
nsga2,rc107_21,27,1802706476,850000,850080,105,105,3503741.193291,,17.0,1925.4808,0.0,5,708.779,2026-04-24T04:36:29,2026-04-24T04:48:18,ok,pickles/nsga2/rc107_21/run27.pkl,unknown,2
nsga2,rc108_21,26,4039427839,850000,850080,105,105,1178732.942325,,14.0,1738.8268,0.0,5,751.098,2026-04-24T04:38:20,2026-04-24T04:50:51,ok,pickles/nsga2/rc108_21/run26.pkl,unknown,2
moead_ws,rc102_21,20,3126428862,850000,850080,105,100,114220191.990536,,18.0,2016.8006,18.2476,16,856.528,2026-04-24T04:36:43,2026-04-24T04:50:59,ok,pickles/moead_ws/rc102_21/run20.pkl,unknown,2
smsemoa,r202_21,4,2907993184,850000,850080,105,105,79751959.00166,,4.0,1072.009,0.0,6,1211.692,2026-04-24T04:35:25,2026-04-24T04:55:37,ok,pickles/smsemoa/r202_21/run04.pkl,unknown,2
moead_ws,r103_21,25,2734000041,850000,850080,105,98,28377762.70989,,18.0,1826.4864,1.147,12,865.302,2026-04-24T04:43:10,2026-04-24T04:57:35,ok,pickles/moead_ws/r103_21/run25.pkl,unknown,2
moead_ws,c206_21,6,398955832,850000,850080,105,99,144872248.760039,,5.0,1122.6246,1853.8482,4,1448.867,2026-04-24T04:34:08,2026-04-24T04:58:17,ok,pickles/moead_ws/c206_21/run06.pkl,unknown,2
moead_ws,rc204_21,6,1360881745,850000,850080,105,87,16092174.120555,,4.0,1017.1549,0.0,4,1864.58,2026-04-24T04:28:04,2026-04-24T04:59:09,ok,pickles/moead_ws/rc204_21/run06.pkl,unknown,2
nsga2,rc108_21,20,2631161295,850000,850080,105,105,1783195.471915,,15.0,1842.3726,0.0,6,803.82,2026-04-24T04:47:37,2026-04-24T05:01:01,ok,pickles/nsga2/rc108_21/run20.pkl,unknown,2
moead_ws,r102_21,2,2894933325,850000,850080,105,98,45897510.357651,,21.0,1926.1886,19.1243,14,849.59,2026-04-24T04:47:18,2026-04-24T05:01:28,ok,pickles/moead_ws/r102_21/run02.pkl,unknown,2
smsemoa,r202_21,20,1781769840,850000,850080,105,105,21920922.532096,,5.0,1024.1653,0.0,4,1120.334,2026-04-24T04:43:48,2026-04-24T05:02:29,ok,pickles/smsemoa/r202_21/run20.pkl,unknown,2
smsemoa,r103_21,16,402800887,850000,850080,105,105,20407835.221902,,17.0,1746.8137,9.1451,13,750.18,2026-04-24T04:50:51,2026-04-24T05:03:21,ok,pickles/smsemoa/r103_21/run16.pkl,unknown,2
smsemoa,c207_21,19,3808738279,850000,850080,105,105,6695968.691909,,5.0,925.5567,30.3383,2,1530.802,2026-04-24T04:44:54,2026-04-24T05:10:25,ok,pickles/smsemoa/c207_21/run19.pkl,unknown,2
smsemoa,r107_21,18,2836693407,850000,850080,105,105,2173607.126123,,16.0,1676.5481,0.0,6,766.065,2026-04-24T04:58:17,2026-04-24T05:11:03,ok,pickles/smsemoa/r107_21/run18.pkl,unknown,2
moead_ws,c206_21,16,2189586157,850000,850080,105,96,100986663.131745,,5.0,1008.7695,1098.086,5,1452.257,2026-04-24T04:48:19,2026-04-24T05:12:31,ok,pickles/moead_ws/c206_21/run16.pkl,unknown,2
moead_ws,r103_21,26,3707964684,850000,850080,105,100,22244324.121824,,17.0,1789.2453,0.0,10,899.418,2026-04-24T04:57:36,2026-04-24T05:12:35,ok,pickles/moead_ws/r103_21/run26.pkl,unknown,2
moead_ws,rc204_21,29,3412940945,850000,850080,105,96,1662110.256472,,4.0,992.0592,0.0,2,1621.072,2026-04-24T04:47:29,2026-04-24T05:14:30,ok,pickles/moead_ws/rc204_21/run29.pkl,unknown,2
smsemoa,rc204_21,1,2759283888,850000,850080,105,95,500509.368515,,4.0,988.7999,0.0,2,1612.28,2026-04-24T04:50:59,2026-04-24T05:17:51,ok,pickles/smsemoa/rc204_21/run01.pkl,unknown,2
smsemoa,c207_21,25,2417839922,850000,850080,105,47,346652.737503,,5.0,792.7354,0.0,2,1412.948,2026-04-24T04:55:37,2026-04-24T05:19:10,ok,pickles/smsemoa/c207_21/run25.pkl,unknown,2
nsga2,r203_21,5,1141580096,850000,850080,105,105,6046335.852134,,4.0,1234.1709,0.0,3,1356.044,2026-04-24T04:59:09,2026-04-24T05:21:45,ok,pickles/nsga2/r203_21/run05.pkl,unknown,2
smsemoa,c207_21,26,1680350443,850000,850080,105,59,10370728.391911,,5.0,929.1732,0.0,3,1364.743,2026-04-24T05:01:01,2026-04-24T05:23:46,ok,pickles/smsemoa/c207_21/run26.pkl,unknown,2
smsemoa,r202_21,26,2753604885,850000,850080,105,105,1635166.599535,,5.0,968.4878,0.0,1,1278.212,2026-04-24T05:02:29,2026-04-24T05:23:47,ok,pickles/smsemoa/r202_21/run26.pkl,unknown,2
nsga2,r203_21,21,59150108,850000,850080,105,105,2567190.568262,,5.0,1082.1565,0.0,3,1263.876,2026-04-24T05:03:21,2026-04-24T05:24:25,ok,pickles/nsga2/r203_21/run21.pkl,unknown,2
moead_ws,r102_21,11,161285713,850000,850080,105,104,43506559.015084,,20.0,1886.6153,29.9778,13,826.925,2026-04-24T05:11:04,2026-04-24T05:24:51,ok,pickles/moead_ws/r102_21/run11.pkl,unknown,2
nsga2,r107_21,19,2365993044,850000,850080,105,105,2458880.005903,,16.0,1582.0577,0.0,5,758.214,2026-04-24T05:12:31,2026-04-24T05:25:09,ok,pickles/nsga2/r107_21/run19.pkl,unknown,2
nsga2,rc108_21,3,1983702930,850000,850080,105,105,2659237.766444,,13.0,1603.6926,0.0,6,771.846,2026-04-24T05:14:30,2026-04-24T05:27:22,ok,pickles/nsga2/rc108_21/run03.pkl,unknown,2
moead_ws,rc108_21,20,1342827044,850000,850080,105,91,4008112.272277,,14.0,1786.5112,0.0,7,889.613,2026-04-24T05:12:36,2026-04-24T05:27:25,ok,pickles/moead_ws/rc108_21/run20.pkl,unknown,2
moead_ws,rc204_21,13,2722145516,850000,850080,105,89,21384937.541605,,4.0,1075.8403,0.0,4,1751.894,2026-04-24T05:01:29,2026-04-24T05:30:40,ok,pickles/moead_ws/rc204_21/run13.pkl,unknown,2
smsemoa,rc108_21,4,668544807,850000,850080,105,105,1137862.823643,,14.0,1699.569,0.0,5,793.233,2026-04-24T05:17:51,2026-04-24T05:31:05,ok,pickles/smsemoa/rc108_21/run04.pkl,unknown,2
smsemoa,r107_21,22,3305141959,850000,850080,105,105,3202008.9983,,15.0,1535.8643,0.2462,6,766.081,2026-04-24T05:19:10,2026-04-24T05:31:56,ok,pickles/smsemoa/r107_21/run22.pkl,unknown,2
smsemoa,c206_21,28,824264905,850000,850080,105,105,16044576.883624,,4.0,1059.5425,871.1868,3,1441.416,2026-04-24T05:10:25,2026-04-24T05:34:26,ok,pickles/smsemoa/c206_21/run28.pkl,unknown,2
moead_ws,r103_21,11,39262948,850000,850080,105,99,10157557.536675,,18.0,1759.3627,17.5692,9,874.641,2026-04-24T05:21:45,2026-04-24T05:36:20,ok,pickles/moead_ws/r103_21/run11.pkl,unknown,2
smsemoa,r107_21,19,2146681700,850000,850080,105,105,1230052.378989,,18.0,1740.9923,0.0,6,767.642,2026-04-24T05:24:25,2026-04-24T05:37:13,ok,pickles/smsemoa/r107_21/run19.pkl,unknown,2
smsemoa,rc108_21,2,333110831,850000,850080,105,105,3010439.591055,,14.0,1752.5906,0.0,6,780.106,2026-04-24T05:24:51,2026-04-24T05:37:51,ok,pickles/smsemoa/rc108_21/run02.pkl,unknown,2
moead_ws,r102_21,19,3426822034,850000,850080,105,99,71230424.646108,,22.0,1879.9887,117.2215,20,857.45,2026-04-24T05:27:26,2026-04-24T05:41:43,ok,pickles/moead_ws/r102_21/run19.pkl,unknown,2
nsga2,r203_21,10,1128565278,850000,850080,105,105,9701571.446849,,5.0,1188.4323,0.0,4,1305.091,2026-04-24T05:25:09,2026-04-24T05:46:54,ok,pickles/nsga2/r203_21/run10.pkl,unknown,2
nsga2,r202_21,20,3145875754,850000,850080,105,105,36721316.162443,,5.0,1058.1024,0.0,5,1245.942,2026-04-24T05:27:22,2026-04-24T05:48:08,ok,pickles/nsga2/r202_21/run20.pkl,unknown,2
smsemoa,c207_21,23,2015769428,850000,850080,105,105,15906935.015717,,5.0,923.8214,0.0,2,1485.975,2026-04-24T05:23:46,2026-04-24T05:48:32,ok,pickles/smsemoa/c207_21/run23.pkl,unknown,2
nsga2,r103_21,1,1793232320,850000,850080,105,105,7939918.475328,,17.0,1691.7428,0.0,10,713.843,2026-04-24T05:37:13,2026-04-24T05:49:07,ok,pickles/nsga2/r103_21/run01.pkl,unknown,2
moead_ws,r103_21,14,2611960472,850000,850080,105,99,10095667.368826,,18.0,1836.5479,3.0711,8,887.965,2026-04-24T05:36:20,2026-04-24T05:51:08,ok,pickles/moead_ws/r103_21/run14.pkl,unknown,2
moead_ws,rc204_21,14,3373174382,850000,850080,105,81,4108588.348461,,4.0,1143.0604,0.0,3,1672.298,2026-04-24T05:23:48,2026-04-24T05:51:40,ok,pickles/moead_ws/rc204_21/run14.pkl,unknown,2
nsga2,c206_21,13,2912390036,850000,850080,105,105,41909825.489809,,4.0,929.3646,0.0,4,1481.937,2026-04-24T05:30:40,2026-04-24T05:55:22,ok,pickles/nsga2/c206_21/run13.pkl,unknown,2
moead_ws,r203_21,16,2475316037,850000,850080,105,100,10280460.784113,,5.0,1045.0492,0.0,3,1534.468,2026-04-24T05:31:05,2026-04-24T05:56:40,ok,pickles/moead_ws/r203_21/run16.pkl,unknown,2
moead_ws,c206_21,29,2411363201,850000,850080,105,96,146637629.393117,,5.0,1067.9677,9562.3955,5,1704.392,2026-04-24T05:31:56,2026-04-24T06:00:21,ok,pickles/moead_ws/c206_21/run29.pkl,unknown,2
smsemoa,rc107_21,1,766345619,850000,850080,105,105,2627649.235948,,16.0,1896.4342,0.0,6,782.997,2026-04-24T05:48:08,2026-04-24T06:01:11,ok,pickles/smsemoa/rc107_21/run01.pkl,unknown,2
moead_ws,rc107_21,24,767900317,850000,850080,105,96,2902512.269482,,15.0,1789.0397,6.3448,5,898.781,2026-04-24T05:46:55,2026-04-24T06:01:54,ok,pickles/moead_ws/rc107_21/run24.pkl,unknown,2
nsga2,c206_21,20,5430438,850000,850080,105,105,34276543.666437,,4.0,925.4001,0.0,4,1463.417,2026-04-24T05:37:51,2026-04-24T06:02:14,ok,pickles/nsga2/c206_21/run20.pkl,unknown,2
moead_ws,rc102_21,7,1193443927,850000,850080,105,88,52810755.954333,,19.0,2309.4023,11.5014,13,862.948,2026-04-24T05:48:32,2026-04-24T06:02:55,ok,pickles/moead_ws/rc102_21/run07.pkl,unknown,2
smsemoa,r102_21,8,1749705063,850000,850080,105,105,19111736.70294,,20.0,1962.3841,2.3146,12,721.353,2026-04-24T05:51:08,2026-04-24T06:03:10,ok,pickles/smsemoa/r102_21/run08.pkl,unknown,2
moead_ws,r102_21,28,1013475317,850000,850080,105,97,43761574.804367,,21.0,1931.1937,41.58,16,847.663,2026-04-24T05:49:07,2026-04-24T06:03:15,ok,pickles/moead_ws/r102_21/run28.pkl,unknown,2
nsga2,rc204_21,26,3260067405,850000,850080,105,105,5386266.500256,,3.0,1044.3753,0.0,4,1744.829,2026-04-24T05:34:26,2026-04-24T06:03:31,ok,pickles/nsga2/rc204_21/run26.pkl,unknown,2
moead_ws,c207_21,6,3834693135,850000,850080,105,104,78429413.058552,,5.0,1006.1989,125.934,3,1618.798,2026-04-24T05:41:44,2026-04-24T06:08:43,ok,pickles/moead_ws/c207_21/run06.pkl,unknown,2
moead_ws,rc107_21,15,1500665100,850000,850080,105,104,4112982.277507,,16.0,1801.7539,0.0,6,870.307,2026-04-24T05:55:23,2026-04-24T06:09:53,ok,pickles/moead_ws/rc107_21/run15.pkl,unknown,2
smsemoa,r202_21,1,3623459184,850000,850080,105,105,15355562.279277,,5.0,1134.9438,0.0,3,1302.863,2026-04-24T05:51:40,2026-04-24T06:13:23,ok,pickles/smsemoa/r202_21/run01.pkl,unknown,2
nsga2,rc107_21,22,2510982663,850000,850080,105,105,5099194.861961,,17.0,2012.9143,0.0,8,756.544,2026-04-24T06:01:54,2026-04-24T06:14:30,ok,pickles/nsga2/rc107_21/run22.pkl,unknown,2
nsga2,r102_21,16,1581189276,850000,850080,105,105,21204534.282139,,20.0,1816.451,14.2485,14,683.445,2026-04-24T06:03:10,2026-04-24T06:14:33,ok,pickles/nsga2/r102_21/run16.pkl,unknown,2
nsga2,rc107_21,18,264181593,850000,850080,105,105,4126483.800476,,16.0,1882.554,0.0,7,716.527,2026-04-24T06:03:15,2026-04-24T06:15:12,ok,pickles/nsga2/rc107_21/run18.pkl,unknown,2
nsga2,r202_21,29,1293895720,850000,850080,105,105,31302158.582403,,4.0,1086.9602,0.0,5,1267.642,2026-04-24T06:01:11,2026-04-24T06:22:19,ok,pickles/nsga2/r202_21/run29.pkl,unknown,2
moead_ws,c207_21,8,2524828802,850000,850080,105,102,34096126.15441,,5.0,1071.9447,312.3459,2,1596.34,2026-04-24T05:56:40,2026-04-24T06:23:17,ok,pickles/moead_ws/c207_21/run08.pkl,unknown,2
moead_ws,r107_21,6,2542873076,850000,850080,105,104,4025209.155019,,16.0,1626.4185,0.4533,8,858.301,2026-04-24T06:09:54,2026-04-24T06:24:12,ok,pickles/moead_ws/r107_21/run06.pkl,unknown,2
moead_ws,r103_21,3,4087562288,850000,850080,105,99,31051936.54252,,17.0,1709.4017,5.2167,13,940.431,2026-04-24T06:08:43,2026-04-24T06:24:24,ok,pickles/moead_ws/r103_21/run03.pkl,unknown,2
nsga2,r102_21,20,2018015001,850000,850080,105,105,27608349.042278,,18.0,1876.4593,1.6155,14,691.637,2026-04-24T06:14:30,2026-04-24T06:26:02,ok,pickles/nsga2/r102_21/run20.pkl,unknown,2
smsemoa,r102_21,19,2820937645,850000,850080,105,105,28715437.390597,,19.0,1889.0637,46.4418,14,725.809,2026-04-24T06:14:33,2026-04-24T06:26:39,ok,pickles/smsemoa/r102_21/run19.pkl,unknown,2
smsemoa,r102_21,20,696904394,850000,850080,105,105,21768499.294996,,19.0,1759.3098,68.6332,13,696.962,2026-04-24T06:15:12,2026-04-24T06:26:49,ok,pickles/smsemoa/r102_21/run20.pkl,unknown,2
moead_ws,c207_21,30,2650617540,850000,850080,105,100,255005468.313452,,5.0,994.9365,894.5553,4,1649.387,2026-04-24T06:00:21,2026-04-24T06:27:51,ok,pickles/moead_ws/c207_21/run30.pkl,unknown,2
moead_ws,r202_21,4,3335314807,850000,850080,105,94,61706907.375388,,6.0,1145.2634,3.8128,5,1568.678,2026-04-24T06:02:15,2026-04-24T06:28:24,ok,pickles/moead_ws/r202_21/run04.pkl,unknown,2
moead_ws,c207_21,27,4158722520,850000,850080,105,98,105141781.05255,,5.0,888.3847,531.3321,3,1561.089,2026-04-24T06:02:56,2026-04-24T06:28:57,ok,pickles/moead_ws/c207_21/run27.pkl,unknown,2
smsemoa,rc204_21,16,261680983,850000,850080,105,68,677831.606564,,4.0,1073.7617,0.0,2,1623.848,2026-04-24T06:03:31,2026-04-24T06:30:35,ok,pickles/smsemoa/rc204_21/run16.pkl,unknown,2
smsemoa,r107_21,13,3903033301,850000,850080,105,105,3426513.445583,,17.0,1785.4375,0.0,6,761.301,2026-04-24T06:23:17,2026-04-24T06:35:58,ok,pickles/smsemoa/r107_21/run13.pkl,unknown,2
smsemoa,c207_21,5,2960507564,850000,850080,105,105,19447272.777307,,4.0,934.2353,0.0,3,1467.435,2026-04-24T06:13:23,2026-04-24T06:37:50,ok,pickles/smsemoa/c207_21/run05.pkl,unknown,2
nsga2,rc108_21,1,535553525,850000,850080,105,105,2575848.842882,,15.0,1844.7722,0.0,7,752.653,2026-04-24T06:26:49,2026-04-24T06:39:21,ok,pickles/nsga2/rc108_21/run01.pkl,unknown,2
moead_ws,r107_21,16,2350437805,850000,850080,105,101,3329006.010173,,17.0,1588.2013,0.0,6,907.83,2026-04-24T06:24:24,2026-04-24T06:39:32,ok,pickles/moead_ws/r107_21/run16.pkl,unknown,2
nsga2,r107_21,3,2289691041,850000,850080,105,105,4661630.078456,,15.0,1591.8986,0.0,7,742.057,2026-04-24T06:27:51,2026-04-24T06:40:13,ok,pickles/nsga2/r107_21/run03.pkl,unknown,2
nsga2,rc108_21,4,947985152,850000,850080,105,105,1588348.221513,,14.0,1779.9001,0.0,6,752.658,2026-04-24T06:28:24,2026-04-24T06:40:56,ok,pickles/nsga2/rc108_21/run04.pkl,unknown,2
nsga2,rc102_21,14,3531372334,850000,850080,105,105,15195036.118642,,19.0,2195.9527,0.8454,10,664.527,2026-04-24T06:30:35,2026-04-24T06:41:39,ok,pickles/nsga2/rc102_21/run14.pkl,unknown,2
nsga2,rc108_21,29,2931398357,850000,850080,105,105,792698.118099,,14.0,1672.3375,0.0,5,771.381,2026-04-24T06:28:57,2026-04-24T06:41:48,ok,pickles/nsga2/rc108_21/run29.pkl,unknown,2
smsemoa,r203_21,18,1544474397,850000,850080,105,105,11064284.747343,,4.0,1008.3739,0.0,4,1285.111,2026-04-24T06:22:19,2026-04-24T06:43:44,ok,pickles/smsemoa/r203_21/run18.pkl,unknown,2
nsga2,r202_21,21,260608793,850000,850080,105,105,5166655.016926,,5.0,1148.9336,0.0,2,1190.256,2026-04-24T06:24:12,2026-04-24T06:44:02,ok,pickles/nsga2/r202_21/run21.pkl,unknown,2
nsga2,r203_21,30,3659081834,850000,850080,105,105,8456535.028798,,4.0,1088.9564,0.0,3,1353.77,2026-04-24T06:26:39,2026-04-24T06:49:13,ok,pickles/nsga2/r203_21/run30.pkl,unknown,2
smsemoa,rc102_21,17,884236610,850000,850080,105,105,28550911.204694,,17.0,2103.7383,0.8255,13,734.537,2026-04-24T06:37:50,2026-04-24T06:50:05,ok,pickles/smsemoa/rc102_21/run17.pkl,unknown,2
smsemoa,c207_21,21,2284636361,850000,850080,105,105,93625645.091028,,4.0,1012.1621,1177.7325,4,1610.2,2026-04-24T06:26:02,2026-04-24T06:52:52,ok,pickles/smsemoa/c207_21/run21.pkl,unknown,2
nsga2,rc107_21,29,571808799,850000,850080,105,105,5851141.611596,,16.0,1913.4779,0.0,7,743.359,2026-04-24T06:40:56,2026-04-24T06:53:20,ok,pickles/nsga2/rc107_21/run29.pkl,unknown,2
moead_ws,rc102_21,30,1841979480,850000,850080,105,100,59055300.344706,,20.0,2426.1879,6.2797,15,853.546,2026-04-24T06:43:44,2026-04-24T06:57:58,ok,pickles/moead_ws/rc102_21/run30.pkl,unknown,2
moead_ws,r107_21,26,1026106987,850000,850080,105,98,7326647.695468,,16.0,1604.8896,0.0,9,889.95,2026-04-24T06:44:03,2026-04-24T06:58:53,ok,pickles/moead_ws/r107_21/run26.pkl,unknown,2
moead_ws,r202_21,8,4193347010,850000,850080,105,102,39434894.651666,,5.0,1051.8457,0.0,5,1260.045,2026-04-24T06:39:33,2026-04-24T07:00:33,ok,pickles/moead_ws/r202_21/run08.pkl,unknown,2
moead_ws,r203_21,20,1370595787,850000,850080,105,103,12248302.539923,,5.0,1088.1972,0.0,3,1281.554,2026-04-24T06:39:22,2026-04-24T07:00:43,ok,pickles/moead_ws/r203_21/run20.pkl,unknown,2
nsga2,c207_21,23,2487593942,850000,850080,105,105,38697713.64291,,5.0,1138.3061,0.0,4,1530.797,2026-04-24T06:35:58,2026-04-24T07:01:29,ok,pickles/nsga2/c207_21/run23.pkl,unknown,2
nsga2,r202_21,8,1431399478,850000,850080,105,105,21322354.100511,,5.0,1073.0881,0.0,5,1208.932,2026-04-24T06:41:39,2026-04-24T07:01:48,ok,pickles/nsga2/r202_21/run08.pkl,unknown,2
smsemoa,r107_21,30,2309641417,850000,850080,105,105,3905621.654238,,17.0,1720.7335,0.0,7,746.396,2026-04-24T06:50:05,2026-04-24T07:02:31,ok,pickles/smsemoa/r107_21/run30.pkl,unknown,2
nsga2,r102_21,22,2242053916,850000,850080,105,105,26685391.515793,,18.0,1790.4609,18.8683,15,698.383,2026-04-24T06:52:52,2026-04-24T07:04:31,ok,pickles/nsga2/r102_21/run22.pkl,unknown,2
nsga2,c206_21,23,3099933388,850000,850080,105,105,28840522.090816,,4.0,890.7831,0.0,4,1533.605,2026-04-24T06:41:48,2026-04-24T07:07:22,ok,pickles/nsga2/c206_21/run23.pkl,unknown,2
moead_ws,rc102_21,24,1737802635,850000,850080,105,102,74232265.297289,,20.0,2169.9065,24.7305,13,843.112,2026-04-24T06:53:20,2026-04-24T07:07:23,ok,pickles/moead_ws/rc102_21/run24.pkl,unknown,2
moead_ws,rc204_21,16,1009401056,850000,850080,105,92,1454839.895463,,3.0,1144.9169,0.0,3,1665.748,2026-04-24T06:40:13,2026-04-24T07:07:59,ok,pickles/moead_ws/rc204_21/run16.pkl,unknown,2
smsemoa,r103_21,4,2834238214,850000,850080,105,105,7168592.367527,,16.0,1598.1432,0.0,9,755.557,2026-04-24T06:57:58,2026-04-24T07:10:34,ok,pickles/smsemoa/r103_21/run04.pkl,unknown,2
smsemoa,rc102_21,20,444573517,850000,850080,105,105,14429153.303125,,18.0,2042.6621,44.1568,10,722.819,2026-04-24T07:00:33,2026-04-24T07:12:36,ok,pickles/smsemoa/rc102_21/run20.pkl,unknown,2
nsga2,rc102_21,13,1863997042,850000,850080,105,105,29619277.461342,,17.0,2105.5835,1.0922,14,692.45,2026-04-24T07:02:31,2026-04-24T07:14:04,ok,pickles/nsga2/rc102_21/run13.pkl,unknown,2
nsga2,rc204_21,2,3814078944,850000,850080,105,105,2821218.515833,,4.0,1089.0053,0.0,3,1564.061,2026-04-24T06:49:13,2026-04-24T07:15:17,ok,pickles/nsga2/rc204_21/run02.pkl,unknown,2
moead_ws,r103_21,30,1146611648,850000,850080,105,99,9378375.495407,,17.0,1658.4171,0.951,8,873.755,2026-04-24T07:00:44,2026-04-24T07:15:18,ok,pickles/moead_ws/r103_21/run30.pkl,unknown,2
nsga2,r107_21,24,2382603445,850000,850080,105,105,1494215.978527,,17.0,1637.9754,0.0,6,734.003,2026-04-24T07:07:23,2026-04-24T07:19:37,ok,pickles/nsga2/r107_21/run24.pkl,unknown,2
nsga2,rc107_21,24,1551452159,850000,850080,105,105,5901067.493518,,16.0,1948.7435,0.0,7,751.364,2026-04-24T07:10:34,2026-04-24T07:23:05,ok,pickles/nsga2/rc107_21/run24.pkl,unknown,2
moead_ws,rc108_21,7,839717378,850000,850080,105,102,13080435.853324,,15.0,1740.1945,0.0,6,915.893,2026-04-24T07:08:00,2026-04-24T07:23:16,ok,pickles/moead_ws/rc108_21/run07.pkl,unknown,2
nsga2,c206_21,28,2823462161,850000,850080,105,105,177566056.305224,,5.0,1085.4615,116.7778,6,1474.24,2026-04-24T06:58:53,2026-04-24T07:23:27,ok,pickles/nsga2/c206_21/run28.pkl,unknown,2
nsga2,c207_21,6,3021046955,850000,850080,105,105,36407303.768498,,4.0,929.5544,0.0,4,1442.913,2026-04-24T07:01:29,2026-04-24T07:25:32,ok,pickles/nsga2/c207_21/run06.pkl,unknown,2
nsga2,rc102_21,18,4261622465,850000,850080,105,105,22132580.435102,,19.0,2149.6378,0.0,12,674.977,2026-04-24T07:15:17,2026-04-24T07:26:32,ok,pickles/nsga2/rc102_21/run18.pkl,unknown,2
nsga2,rc108_21,14,2147375014,850000,850080,105,105,1690982.264046,,14.0,1711.4367,0.0,5,764.875,2026-04-24T07:14:04,2026-04-24T07:26:49,ok,pickles/nsga2/rc108_21/run14.pkl,unknown,2
moead_ws,rc102_21,18,353060251,850000,850080,105,95,48934252.385912,,19.0,2185.4468,16.0801,14,867.1,2026-04-24T07:12:36,2026-04-24T07:27:03,ok,pickles/moead_ws/rc102_21/run18.pkl,unknown,2
smsemoa,c207_21,4,1225984858,850000,850080,105,105,8226541.458318,,4.0,836.207,0.0599,2,1555.589,2026-04-24T07:01:48,2026-04-24T07:27:44,ok,pickles/smsemoa/c207_21/run04.pkl,unknown,2
moead_ws,r203_21,27,1883946618,850000,850080,105,102,10490055.368836,,6.0,1102.6049,0.0,2,1323.331,2026-04-24T07:07:23,2026-04-24T07:29:26,ok,pickles/moead_ws/r203_21/run27.pkl,unknown,2
smsemoa,c206_21,3,3642787168,850000,850080,105,105,3191654.857111,,4.0,880.0498,723.7992,3,1654.22,2026-04-24T07:04:31,2026-04-24T07:32:05,ok,pickles/smsemoa/c206_21/run03.pkl,unknown,2
smsemoa,r102_21,12,1927439304,850000,850080,105,105,30693458.457373,,19.0,1830.923,10.9588,14,731.568,2026-04-24T07:23:27,2026-04-24T07:35:39,ok,pickles/smsemoa/r102_21/run12.pkl,unknown,2
smsemoa,rc108_21,13,4147484638,850000,850080,105,105,1793540.286552,,16.0,1868.0002,0.0,5,786.533,2026-04-24T07:23:16,2026-04-24T07:36:22,ok,pickles/smsemoa/rc108_21/run13.pkl,unknown,2
nsga2,r202_21,12,2812791945,850000,850080,105,105,24236840.178158,,4.0,1090.0493,0.0,4,1283.405,2026-04-24T07:15:18,2026-04-24T07:36:41,ok,pickles/nsga2/r202_21/run12.pkl,unknown,2
smsemoa,r103_21,1,958518805,850000,850080,105,105,11708955.543925,,17.0,1755.5196,5.7675,10,787.099,2026-04-24T07:25:32,2026-04-24T07:38:39,ok,pickles/smsemoa/r103_21/run01.pkl,unknown,2
smsemoa,r102_21,14,3966011504,850000,850080,105,105,15915314.331511,,20.0,1913.2297,24.498,12,735.794,2026-04-24T07:27:44,2026-04-24T07:40:00,ok,pickles/smsemoa/r102_21/run14.pkl,unknown,2
moead_ws,r107_21,12,1697056586,850000,850080,105,87,11310107.181464,,18.0,1790.644,0.0,8,865.191,2026-04-24T07:27:04,2026-04-24T07:41:29,ok,pickles/moead_ws/r107_21/run12.pkl,unknown,2
smsemoa,r202_21,3,114763711,850000,850080,105,105,39427931.556327,,5.0,1081.365,0.0,5,1217.552,2026-04-24T07:23:05,2026-04-24T07:43:22,ok,pickles/smsemoa/r202_21/run03.pkl,unknown,2
smsemoa,r107_21,3,2398730231,850000,850080,105,105,5998438.281904,,15.0,1664.0213,0.0,9,760.078,2026-04-24T07:32:05,2026-04-24T07:44:45,ok,pickles/smsemoa/r107_21/run03.pkl,unknown,2
smsemoa,rc204_21,24,2623130468,850000,850080,105,90,3159562.014119,,4.0,961.0523,0.0,3,1653.196,2026-04-24T07:19:37,2026-04-24T07:47:11,ok,pickles/smsemoa/rc204_21/run24.pkl,unknown,2
nsga2,rc108_21,15,4148878452,850000,850080,105,105,2159737.175685,,15.0,1747.4713,0.0,5,770.843,2026-04-24T07:36:41,2026-04-24T07:49:32,ok,pickles/nsga2/rc108_21/run15.pkl,unknown,2
moead_ws,rc107_21,1,1110138522,850000,850080,105,94,8155633.156193,,15.0,1792.8552,0.0,8,890.153,2026-04-24T07:35:39,2026-04-24T07:50:29,ok,pickles/moead_ws/rc107_21/run01.pkl,unknown,2
smsemoa,c206_21,30,2363520377,850000,850080,105,105,48289142.031213,,4.0,1004.5312,262.7205,4,1450.59,2026-04-24T07:26:49,2026-04-24T07:50:59,ok,pickles/smsemoa/c206_21/run30.pkl,unknown,2
nsga2,r102_21,10,1823833378,850000,850080,105,105,43603766.519888,,18.0,1744.6923,0.0,16,690.222,2026-04-24T07:40:00,2026-04-24T07:51:30,ok,pickles/nsga2/r102_21/run10.pkl,unknown,2
smsemoa,rc204_21,17,476979101,850000,850080,105,105,4081172.70352,,4.0,996.2834,0.0,3,1638.683,2026-04-24T07:26:32,2026-04-24T07:53:51,ok,pickles/smsemoa/rc204_21/run17.pkl,unknown,2
moead_ws,c206_21,12,434995198,850000,850080,105,104,195430783.433522,,5.0,1251.7557,3342.0446,3,1524.696,2026-04-24T07:29:26,2026-04-24T07:54:51,ok,pickles/moead_ws/c206_21/run12.pkl,unknown,2
smsemoa,r103_21,12,1452633151,850000,850080,105,105,12177746.408503,,16.0,1584.2945,0.0,10,759.327,2026-04-24T07:43:23,2026-04-24T07:56:02,ok,pickles/smsemoa/r103_21/run12.pkl,unknown,2
moead_ws,rc107_21,6,1406385968,850000,850080,105,101,12204945.480034,,16.0,1942.2155,0.0,9,883.023,2026-04-24T07:41:29,2026-04-24T07:56:12,ok,pickles/moead_ws/rc107_21/run06.pkl,unknown,2
nsga2,r103_21,23,1910722469,850000,850080,105,105,5881831.589881,,17.0,1702.9544,1.2485,8,733.847,2026-04-24T07:44:45,2026-04-24T07:56:59,ok,pickles/nsga2/r103_21/run23.pkl,unknown,2
nsga2,r203_21,24,1530476912,850000,850080,105,105,4657131.652183,,4.0,1111.7065,0.0,3,1326.605,2026-04-24T07:36:22,2026-04-24T07:58:29,ok,pickles/nsga2/r203_21/run24.pkl,unknown,2
nsga2,r203_21,2,666123593,850000,850080,105,105,9053136.110675,,4.0,1085.4535,0.0,4,1358.899,2026-04-24T07:38:39,2026-04-24T08:01:18,ok,pickles/nsga2/r203_21/run02.pkl,unknown,2
smsemoa,r102_21,7,98165584,850000,850080,105,105,28727423.331156,,18.0,1711.8566,22.2671,12,708.346,2026-04-24T07:49:32,2026-04-24T08:01:20,ok,pickles/smsemoa/r102_21/run07.pkl,unknown,2
nsga2,r107_21,28,3642207481,850000,850080,105,105,914504.467511,,17.0,1573.3171,0.0,3,716.451,2026-04-24T07:50:59,2026-04-24T08:02:56,ok,pickles/nsga2/r107_21/run28.pkl,unknown,2
moead_ws,rc108_21,27,3282216779,850000,850080,105,97,2178448.25683,,15.0,1795.8329,0.0,4,914.834,2026-04-24T07:50:30,2026-04-24T08:05:45,ok,pickles/moead_ws/rc108_21/run27.pkl,unknown,2
nsga2,rc102_21,5,560466269,850000,850080,105,105,16444547.48384,,17.0,1992.5608,0.0,12,684.95,2026-04-24T07:54:51,2026-04-24T08:06:16,ok,pickles/nsga2/rc102_21/run05.pkl,unknown,2
smsemoa,r202_21,8,4133321256,850000,850080,105,105,31206194.806835,,5.0,1041.463,0.0,5,1199.951,2026-04-24T07:47:11,2026-04-24T08:07:11,ok,pickles/smsemoa/r202_21/run08.pkl,unknown,2
smsemoa,r103_21,18,2142363998,850000,850080,105,105,13058170.651547,,17.0,1720.9303,4.7234,11,762.906,2026-04-24T07:58:29,2026-04-24T08:11:12,ok,pickles/smsemoa/r103_21/run18.pkl,unknown,2
moead_ws,rc102_21,16,2895442636,850000,850080,105,101,30889382.652444,,21.0,2444.3409,8.4834,11,873.197,2026-04-24T07:56:59,2026-04-24T08:11:33,ok,pickles/moead_ws/rc102_21/run16.pkl,unknown,2
smsemoa,c206_21,21,367375554,850000,850080,105,105,55955177.988293,,5.0,1233.6905,581.4222,3,1330.178,2026-04-24T07:51:30,2026-04-24T08:13:40,ok,pickles/smsemoa/c206_21/run21.pkl,unknown,2
nsga2,r102_21,15,2881884908,850000,850080,105,105,23331839.129315,,18.0,1622.4155,4.0567,12,698.447,2026-04-24T08:02:56,2026-04-24T08:14:34,ok,pickles/nsga2/r102_21/run15.pkl,unknown,2
smsemoa,rc108_21,28,3529863553,850000,850080,105,105,3126384.588209,,14.0,1643.4457,0.0,7,806.377,2026-04-24T08:01:18,2026-04-24T08:14:44,ok,pickles/smsemoa/rc108_21/run28.pkl,unknown,2
smsemoa,r202_21,13,334300157,850000,850080,105,105,41316756.976896,,4.0,1107.1922,0.0,6,1261.005,2026-04-24T07:53:51,2026-04-24T08:14:52,ok,pickles/smsemoa/r202_21/run13.pkl,unknown,2
smsemoa,r203_21,22,751168686,850000,850080,105,105,717445.835948,,4.0,903.6807,0.0,2,1380.196,2026-04-24T07:56:02,2026-04-24T08:19:02,ok,pickles/smsemoa/r203_21/run22.pkl,unknown,2
moead_ws,rc107_21,10,1077997815,850000,850080,105,103,5513683.446152,,16.0,1891.5809,0.0,6,874.113,2026-04-24T08:06:17,2026-04-24T08:20:51,ok,pickles/moead_ws/rc107_21/run10.pkl,unknown,2
moead_ws,r203_21,2,1587282975,850000,850080,105,100,41180779.68639,,4.0,950.435,0.0,4,1574.752,2026-04-24T07:56:13,2026-04-24T08:22:28,ok,pickles/moead_ws/r203_21/run02.pkl,unknown,2
nsga2,rc107_21,5,2999768877,850000,850080,105,105,3499924.490356,,15.0,1880.2248,0.0,6,724.933,2026-04-24T08:11:33,2026-04-24T08:23:37,ok,pickles/nsga2/rc107_21/run05.pkl,unknown,2
moead_ws,r202_21,19,3549746277,850000,850080,105,95,44146220.97947,,6.0,1157.6038,0.0,5,1144.652,2026-04-24T08:05:45,2026-04-24T08:24:50,ok,pickles/moead_ws/r202_21/run19.pkl,unknown,2
smsemoa,r102_21,4,171730229,850000,850080,105,105,20284512.566647,,20.0,1847.3736,60.93,15,717.382,2026-04-24T08:14:34,2026-04-24T08:26:31,ok,pickles/smsemoa/r102_21/run04.pkl,unknown,2
nsga2,rc107_21,13,4037521943,850000,850080,105,105,7657241.444008,,17.0,2049.8732,0.0,8,750.835,2026-04-24T08:14:44,2026-04-24T08:27:15,ok,pickles/nsga2/rc107_21/run13.pkl,unknown,2
smsemoa,rc204_21,7,4053927292,850000,850080,105,105,2795123.413257,,3.0,1047.7725,0.0,3,1596.063,2026-04-24T08:01:20,2026-04-24T08:27:56,ok,pickles/smsemoa/rc204_21/run07.pkl,unknown,2
moead_ws,r102_21,16,4176409030,850000,850080,105,102,45927379.009622,,21.0,2057.0171,131.0305,13,882.613,2026-04-24T08:13:41,2026-04-24T08:28:23,ok,pickles/moead_ws/r102_21/run16.pkl,unknown,2
moead_ws,rc108_21,10,3122922640,850000,850080,105,103,6749296.927907,,16.0,2037.3525,0.0,6,908.664,2026-04-24T08:19:03,2026-04-24T08:34:11,ok,pickles/moead_ws/rc108_21/run10.pkl,unknown,2
smsemoa,r203_21,26,1577454043,850000,850080,105,105,4924486.838771,,4.0,1063.6015,0.0,3,1279.866,2026-04-24T08:14:52,2026-04-24T08:36:11,ok,pickles/smsemoa/r203_21/run26.pkl,unknown,2
smsemoa,rc204_21,15,2426166578,850000,850080,105,105,2475355.430855,,3.0,932.2447,0.0,3,1747.183,2026-04-24T08:07:11,2026-04-24T08:36:18,ok,pickles/smsemoa/rc204_21/run15.pkl,unknown,2
smsemoa,r103_21,26,3307513537,850000,850080,105,105,10554846.515341,,16.0,1601.3985,0.0,10,784.563,2026-04-24T08:23:37,2026-04-24T08:36:42,ok,pickles/smsemoa/r103_21/run26.pkl,unknown,2
moead_ws,c207_21,25,1315247200,850000,850080,105,104,43039903.045294,,5.0,1070.2443,6577.87,2,1710.326,2026-04-24T08:11:12,2026-04-24T08:39:43,ok,pickles/moead_ws/c207_21/run25.pkl,unknown,2
nsga2,rc107_21,3,1539635625,850000,850080,105,105,3427562.779849,,15.0,1743.7486,0.0,7,762.718,2026-04-24T08:27:15,2026-04-24T08:39:58,ok,pickles/nsga2/rc107_21/run03.pkl,unknown,2
moead_ws,r103_21,24,3279415853,850000,850080,105,90,10615971.357406,,18.0,1714.4943,9.6988,8,935.58,2026-04-24T08:24:50,2026-04-24T08:40:26,ok,pickles/moead_ws/r103_21/run24.pkl,unknown,2
moead_ws,r203_21,7,4215926739,850000,850080,105,96,16676355.638051,,5.0,984.5286,0.0,5,1335.619,2026-04-24T08:20:51,2026-04-24T08:43:07,ok,pickles/moead_ws/r203_21/run07.pkl,unknown,2
moead_ws,r107_21,14,3686753115,850000,850080,105,92,4138936.079097,,18.0,1767.1199,6.3601,6,847.399,2026-04-24T08:34:12,2026-04-24T08:48:19,ok,pickles/moead_ws/r107_21/run14.pkl,unknown,2
moead_ws,c207_21,7,2668197950,850000,850080,105,99,100455568.319429,,6.0,1163.9312,5196.7578,3,1631.516,2026-04-24T08:22:28,2026-04-24T08:49:40,ok,pickles/moead_ws/c207_21/run07.pkl,unknown,2
moead_ws,rc102_21,13,764548127,850000,850080,105,101,77690466.437324,,19.0,2186.3324,20.7301,14,840.816,2026-04-24T08:36:18,2026-04-24T08:50:19,ok,pickles/moead_ws/rc102_21/run13.pkl,unknown,2
moead_ws,rc107_21,21,3302556203,850000,850080,105,90,6479738.868638,,17.0,1953.0134,0.0,6,885.74,2026-04-24T08:36:12,2026-04-24T08:50:58,ok,pickles/moead_ws/rc107_21/run21.pkl,unknown,2
nsga2,r203_21,11,3054164345,850000,850080,105,105,1874358.716642,,5.0,1107.5263,0.0,2,1404.907,2026-04-24T08:27:56,2026-04-24T08:51:21,ok,pickles/nsga2/r203_21/run11.pkl,unknown,2
moead_ws,r203_21,14,4263777158,850000,850080,105,104,27174312.804036,,5.0,1113.0206,0.0,5,1610.718,2026-04-24T08:26:32,2026-04-24T08:53:23,ok,pickles/moead_ws/r203_21/run14.pkl,unknown,2
moead_ws,rc204_21,30,2069017390,850000,850080,105,98,13825731.697668,,5.0,1370.9659,0.0,3,1651.864,2026-04-24T08:28:24,2026-04-24T08:55:56,ok,pickles/moead_ws/rc204_21/run30.pkl,unknown,2
nsga2,rc102_21,10,3596419897,850000,850080,105,105,29188445.050161,,19.0,2200.9077,2.2135,15,692.741,2026-04-24T08:50:19,2026-04-24T09:01:52,ok,pickles/nsga2/rc102_21/run10.pkl,unknown,2
smsemoa,r203_21,29,881312474,850000,850080,105,105,3295349.205567,,4.0,960.9678,0.0,2,1345.315,2026-04-24T08:40:26,2026-04-24T09:02:51,ok,pickles/smsemoa/r203_21/run29.pkl,unknown,2
nsga2,r203_21,17,3734420629,850000,850080,105,105,6761357.718307,,4.0,1038.6488,0.0,3,1392.977,2026-04-24T08:39:43,2026-04-24T09:02:56,ok,pickles/nsga2/r203_21/run17.pkl,unknown,2
smsemoa,rc108_21,7,3038230339,850000,850080,105,105,2704480.994111,,15.0,1710.6995,0.0,6,785.677,2026-04-24T08:50:58,2026-04-24T09:04:03,ok,pickles/smsemoa/rc108_21/run07.pkl,unknown,2
moead_ws,rc107_21,30,322036359,850000,850080,105,100,38737040.80613,,15.0,1902.8194,0.0,9,871.002,2026-04-24T08:49:40,2026-04-24T09:04:11,ok,pickles/moead_ws/rc107_21/run30.pkl,unknown,2
nsga2,rc108_21,24,4160280768,850000,850080,105,105,1678940.28511,,14.0,1613.9769,0.0,5,778.465,2026-04-24T08:51:21,2026-04-24T09:04:20,ok,pickles/nsga2/rc108_21/run24.pkl,unknown,2
moead_ws,c207_21,2,1330232145,850000,850080,105,98,159953022.698303,,5.0,1145.2273,5271.5049,4,1687.183,2026-04-24T08:36:43,2026-04-24T09:04:50,ok,pickles/moead_ws/c207_21/run02.pkl,unknown,2
smsemoa,rc204_21,6,2174597963,850000,850080,105,94,2133099.945024,,3.0,1031.1831,0.0,3,1640.61,2026-04-24T08:39:58,2026-04-24T09:07:18,ok,pickles/smsemoa/rc204_21/run06.pkl,unknown,2
moead_ws,r102_21,30,1195356804,850000,850080,105,102,29616933.126001,,23.0,2111.8593,44.6738,11,874.625,2026-04-24T08:53:23,2026-04-24T09:07:58,ok,pickles/moead_ws/r102_21/run30.pkl,unknown,2
moead_ws,c206_21,26,4153381615,850000,850080,105,100,39761313.454017,,5.0,1122.8356,95.314,2,1542.772,2026-04-24T08:43:07,2026-04-24T09:08:50,ok,pickles/moead_ws/c206_21/run26.pkl,unknown,2
smsemoa,rc107_21,8,3455781513,850000,850080,105,105,1926266.910684,,16.0,1881.9163,0.0,5,789.531,2026-04-24T08:55:56,2026-04-24T09:09:05,ok,pickles/smsemoa/rc107_21/run08.pkl,unknown,2
moead_ws,r203_21,4,3932110617,850000,850080,105,98,13752437.927299,,4.0,1020.9056,0.0,4,1335.094,2026-04-24T08:48:20,2026-04-24T09:10:35,ok,pickles/moead_ws/r203_21/run04.pkl,unknown,2
smsemoa,r102_21,29,3523797963,850000,850080,105,105,29354917.186818,,19.0,1844.1007,9.9366,16,744.148,2026-04-24T09:02:56,2026-04-24T09:15:20,ok,pickles/smsemoa/r102_21/run29.pkl,unknown,2
moead_ws,r103_21,28,2305465579,850000,850080,105,99,6308151.694427,,19.0,1797.3324,4.6958,8,887.06,2026-04-24T09:01:52,2026-04-24T09:16:39,ok,pickles/moead_ws/r103_21/run28.pkl,unknown,2
nsga2,rc108_21,28,2431227249,850000,850080,105,105,3275799.355489,,16.0,1920.9963,0.0,6,753.786,2026-04-24T09:04:20,2026-04-24T09:16:54,ok,pickles/nsga2/rc108_21/run28.pkl,unknown,2
moead_ws,r103_21,22,1210367789,850000,850080,105,90,11788417.198431,,19.0,1752.7948,6.6491,8,879.512,2026-04-24T09:02:52,2026-04-24T09:17:31,ok,pickles/moead_ws/r103_21/run22.pkl,unknown,2
smsemoa,rc107_21,21,1158008176,850000,850080,105,105,3347531.843277,,16.0,1943.007,0.0,6,768.395,2026-04-24T09:04:50,2026-04-24T09:17:38,ok,pickles/smsemoa/rc107_21/run21.pkl,unknown,2
nsga2,r103_21,29,2881583605,850000,850080,105,105,9296221.844208,,16.0,1622.8494,0.0,10,759.919,2026-04-24T09:09:05,2026-04-24T09:21:45,ok,pickles/nsga2/r103_21/run29.pkl,unknown,2
moead_ws,rc108_21,17,2990509434,850000,850080,105,92,12610386.662502,,13.0,1639.6924,0.5634,9,931.904,2026-04-24T09:07:19,2026-04-24T09:22:51,ok,pickles/moead_ws/rc108_21/run17.pkl,unknown,2
moead_ws,rc107_21,20,874082843,850000,850080,105,102,8434405.149874,,18.0,2134.2266,0.0,7,860.851,2026-04-24T09:08:51,2026-04-24T09:23:12,ok,pickles/moead_ws/rc107_21/run20.pkl,unknown,2
smsemoa,r203_21,19,1568671620,850000,850080,105,105,5420468.968639,,5.0,1020.4155,0.0,3,1329.611,2026-04-24T09:04:11,2026-04-24T09:26:21,ok,pickles/smsemoa/r203_21/run19.pkl,unknown,2
nsga2,rc107_21,16,524309663,850000,850080,105,105,4270860.215079,,16.0,1947.293,0.0,7,742.566,2026-04-24T09:16:39,2026-04-24T09:29:02,ok,pickles/nsga2/rc107_21/run16.pkl,unknown,2
nsga2,c206_21,15,3181836834,850000,850080,105,105,99023770.902629,,4.0,990.9892,0.0,4,1535.852,2026-04-24T09:04:03,2026-04-24T09:29:39,ok,pickles/nsga2/c206_21/run15.pkl,unknown,2
smsemoa,r103_21,11,1403925107,850000,850080,105,105,10945916.16279,,16.0,1574.1891,0.0,11,770.118,2026-04-24T09:16:54,2026-04-24T09:29:44,ok,pickles/smsemoa/r103_21/run11.pkl,unknown,2
moead_ws,r102_21,9,1615674966,850000,850080,105,104,32563484.861375,,21.0,1889.009,52.2328,14,840.168,2026-04-24T09:17:32,2026-04-24T09:31:32,ok,pickles/moead_ws/r102_21/run09.pkl,unknown,2
moead_ws,rc107_21,18,275782062,850000,850080,105,90,24958268.738438,,18.0,2032.0141,0.0,10,884.329,2026-04-24T09:17:39,2026-04-24T09:32:23,ok,pickles/moead_ws/rc107_21/run18.pkl,unknown,2
smsemoa,rc204_21,21,1962709559,850000,850080,105,105,6968715.564343,,3.0,980.6016,0.0,4,1543.599,2026-04-24T09:07:58,2026-04-24T09:33:42,ok,pickles/smsemoa/rc204_21/run21.pkl,unknown,2
smsemoa,r203_21,8,1084636037,850000,850080,105,105,8145805.412443,,4.0,1000.3032,0.0,4,1417.789,2026-04-24T09:10:35,2026-04-24T09:34:13,ok,pickles/smsemoa/r203_21/run08.pkl,unknown,2
nsga2,rc108_21,23,527668145,850000,850080,105,105,1810535.35328,,16.0,1929.5977,0.0,5,783.95,2026-04-24T09:22:51,2026-04-24T09:35:55,ok,pickles/nsga2/rc108_21/run23.pkl,unknown,2
smsemoa,c206_21,19,434952045,850000,850080,105,105,79425701.063621,,4.0,896.9112,33.5434,4,1518.218,2026-04-24T09:15:20,2026-04-24T09:40:38,ok,pickles/smsemoa/c206_21/run19.pkl,unknown,2
nsga2,r102_21,26,1043765150,850000,850080,105,105,20478563.216523,,18.0,1745.8613,0.0,13,697.897,2026-04-24T09:29:44,2026-04-24T09:41:22,ok,pickles/nsga2/r102_21/run26.pkl,unknown,2
smsemoa,c206_21,25,2372229517,850000,850080,105,105,25717955.970451,,5.0,1026.5631,7.7706,4,1377.479,2026-04-24T09:21:45,2026-04-24T09:44:43,ok,pickles/smsemoa/c206_21/run25.pkl,unknown,2
smsemoa,r203_21,5,2007514806,850000,850080,105,105,7481148.743762,,4.0,1105.1313,0.0,3,1366.609,2026-04-24T09:23:12,2026-04-24T09:45:58,ok,pickles/smsemoa/r203_21/run05.pkl,unknown,2
moead_ws,rc107_21,3,2936543935,850000,850080,105,92,4342182.835133,,18.0,2008.7182,0.0,7,904.048,2026-04-24T09:31:33,2026-04-24T09:46:37,ok,pickles/moead_ws/rc107_21/run03.pkl,unknown,2
moead_ws,rc107_21,5,1826637835,850000,850080,105,102,23406207.523184,,17.0,1853.181,0.0,6,886.236,2026-04-24T09:32:24,2026-04-24T09:47:10,ok,pickles/moead_ws/rc107_21/run05.pkl,unknown,2
moead_ws,r102_21,1,3592900678,850000,850080,105,102,32586669.51537,,23.0,2114.1944,52.9668,13,847.0,2026-04-24T09:33:42,2026-04-24T09:47:49,ok,pickles/moead_ws/r102_21/run01.pkl,unknown,2
moead_ws,c207_21,24,4017827703,850000,850080,105,91,250501367.821522,,5.0,969.8664,570.478,4,1405.796,2026-04-24T09:26:21,2026-04-24T09:49:47,ok,pickles/moead_ws/c207_21/run24.pkl,unknown,2
nsga2,r202_21,16,1843186819,850000,850080,105,105,26097724.326442,,5.0,1131.5183,0.0,5,1126.849,2026-04-24T09:34:13,2026-04-24T09:53:00,ok,pickles/nsga2/r202_21/run16.pkl,unknown,2
smsemoa,rc204_21,25,3924470606,850000,850080,105,42,100150.649804,,4.0,1045.8599,0.0,1,1586.284,2026-04-24T09:29:39,2026-04-24T09:56:06,ok,pickles/smsemoa/rc204_21/run25.pkl,unknown,2
moead_ws,rc204_21,15,992411090,850000,850080,105,90,2062050.729197,,4.0,1047.5202,0.0,2,1701.904,2026-04-24T09:29:03,2026-04-24T09:57:25,ok,pickles/moead_ws/rc204_21/run15.pkl,unknown,2
smsemoa,r107_21,17,161447651,850000,850080,105,101,2801518.513079,,16.0,1618.4326,0.0,5,759.534,2026-04-24T09:46:37,2026-04-24T09:59:16,ok,pickles/smsemoa/r107_21/run17.pkl,unknown,2
moead_ws,r202_21,11,3632190062,850000,850080,105,96,8133383.128904,,6.0,1100.79,0.0,3,1515.725,2026-04-24T09:35:55,2026-04-24T10:01:11,ok,pickles/moead_ws/r202_21/run11.pkl,unknown,2
nsga2,r103_21,10,1388448913,850000,850080,105,105,9315721.176195,,17.0,1751.2431,0.0,10,737.748,2026-04-24T09:49:47,2026-04-24T10:02:05,ok,pickles/nsga2/r103_21/run10.pkl,unknown,2
nsga2,r202_21,22,4064527608,850000,850080,105,105,11445231.02167,,5.0,1157.4461,0.0,3,1292.815,2026-04-24T09:40:38,2026-04-24T10:02:11,ok,pickles/nsga2/r202_21/run22.pkl,unknown,2
smsemoa,r202_21,16,2059007692,850000,850080,105,105,18181330.179021,,5.0,976.9686,0.0,3,1287.401,2026-04-24T09:41:22,2026-04-24T10:02:49,ok,pickles/smsemoa/r202_21/run16.pkl,unknown,2
nsga2,r107_21,27,2715264738,850000,850080,105,89,1578593.670489,,16.0,1589.3009,0.0,5,740.87,2026-04-24T09:53:00,2026-04-24T10:05:20,ok,pickles/nsga2/r107_21/run27.pkl,unknown,2
moead_ws,r203_21,26,4291625844,850000,850080,105,95,9611308.461068,,5.0,1292.7905,0.0,4,1320.222,2026-04-24T09:44:43,2026-04-24T10:06:43,ok,pickles/moead_ws/r203_21/run26.pkl,unknown,2
nsga2,r203_21,12,2391705820,850000,850080,105,105,5143448.849931,,5.0,1183.2998,0.0,4,1305.844,2026-04-24T09:45:58,2026-04-24T10:07:44,ok,pickles/nsga2/r203_21/run12.pkl,unknown,2
smsemoa,r107_21,28,4196287920,850000,850080,105,105,3260896.944734,,16.0,1624.146,0.0,7,736.059,2026-04-24T09:56:06,2026-04-24T10:08:22,ok,pickles/smsemoa/r107_21/run28.pkl,unknown,2
nsga2,rc107_21,14,1916951389,850000,850080,105,105,2096092.554668,,17.0,1902.61,0.0,6,736.318,2026-04-24T09:57:25,2026-04-24T10:09:41,ok,pickles/nsga2/rc107_21/run14.pkl,unknown,2
smsemoa,r202_21,24,1902668021,850000,850080,105,105,11219954.006177,,5.0,1095.4538,0.0,4,1335.892,2026-04-24T09:47:49,2026-04-24T10:10:05,ok,pickles/smsemoa/r202_21/run24.pkl,unknown,2
nsga2,c206_21,16,3675447566,850000,850080,105,105,49044329.165078,,4.0,1165.053,17.0934,4,1393.3,2026-04-24T09:47:10,2026-04-24T10:10:23,ok,pickles/nsga2/c206_21/run16.pkl,unknown,2
nsga2,r103_21,25,2436060591,850000,850080,105,105,7476259.208676,,16.0,1649.1413,0.0,11,724.516,2026-04-24T09:59:16,2026-04-24T10:11:21,ok,pickles/nsga2/r103_21/run25.pkl,unknown,2
smsemoa,rc107_21,26,3635099312,850000,850080,105,105,4607343.88704,,16.0,1922.1023,0.0,7,775.082,2026-04-24T10:01:11,2026-04-24T10:14:06,ok,pickles/smsemoa/rc107_21/run26.pkl,unknown,2
nsga2,rc102_21,6,1250613622,850000,850080,105,105,18232374.578709,,18.0,2027.3859,0.249,10,669.43,2026-04-24T10:06:43,2026-04-24T10:17:53,ok,pickles/nsga2/rc102_21/run06.pkl,unknown,2
nsga2,rc102_21,7,215578798,850000,850080,105,105,15946477.705488,,20.0,2302.5207,5.4243,10,698.478,2026-04-24T10:07:44,2026-04-24T10:19:23,ok,pickles/nsga2/rc102_21/run07.pkl,unknown,2
moead_ws,rc102_21,19,3961335412,850000,850080,105,100,47850349.889298,,18.0,2016.3185,3.4031,13,857.002,2026-04-24T10:05:21,2026-04-24T10:19:38,ok,pickles/moead_ws/rc102_21/run19.pkl,unknown,2
smsemoa,r103_21,2,822098195,850000,850080,105,105,9718123.965035,,16.0,1591.3849,9.4531,10,761.641,2026-04-24T10:08:22,2026-04-24T10:21:03,ok,pickles/smsemoa/r103_21/run02.pkl,unknown,2
moead_ws,r202_21,27,1668667808,850000,850080,105,101,50044715.420646,,6.0,1066.4666,54.6732,4,1206.693,2026-04-24T10:02:06,2026-04-24T10:22:12,ok,pickles/moead_ws/r202_21/run27.pkl,unknown,2
nsga2,r203_21,1,3778766653,850000,850080,105,105,13289262.715041,,4.0,1098.0125,0.0,5,1221.417,2026-04-24T10:02:49,2026-04-24T10:23:10,ok,pickles/nsga2/r203_21/run01.pkl,unknown,2
smsemoa,r203_21,28,3068448628,850000,850080,105,105,10857249.78421,,4.0,958.4809,0.0,4,1379.081,2026-04-24T10:02:11,2026-04-24T10:25:10,ok,pickles/smsemoa/r203_21/run28.pkl,unknown,2
moead_ws,rc108_21,14,3361615357,850000,850080,105,100,16902375.539568,,16.0,1921.4986,0.0,6,923.346,2026-04-24T10:11:21,2026-04-24T10:26:45,ok,pickles/moead_ws/rc108_21/run14.pkl,unknown,2
smsemoa,r103_21,7,3548912797,850000,850080,105,105,9547667.30867,,16.0,1601.8073,1.8084,11,765.484,2026-04-24T10:17:53,2026-04-24T10:30:38,ok,pickles/smsemoa/r103_21/run07.pkl,unknown,2
nsga2,r102_21,3,2959710952,850000,850080,105,105,13828729.353009,,17.0,1654.5315,0.0,12,683.036,2026-04-24T10:19:23,2026-04-24T10:30:46,ok,pickles/nsga2/r102_21/run03.pkl,unknown,2
nsga2,r103_21,15,446589548,850000,850080,105,105,2872227.704208,,16.0,1528.075,0.0,7,734.601,2026-04-24T10:19:38,2026-04-24T10:31:53,ok,pickles/nsga2/r103_21/run15.pkl,unknown,2
nsga2,rc102_21,24,2734751930,850000,850080,105,105,10565880.900636,,18.0,2020.5124,0.0,9,689.177,2026-04-24T10:21:03,2026-04-24T10:32:33,ok,pickles/nsga2/rc102_21/run24.pkl,unknown,2
nsga2,c206_21,8,2395480881,850000,850080,105,105,43432565.243725,,4.0,1041.1515,0.0,4,1423.972,2026-04-24T10:09:41,2026-04-24T10:33:25,ok,pickles/nsga2/c206_21/run08.pkl,unknown,2
smsemoa,r202_21,14,1689704098,850000,850080,105,105,36727391.398863,,5.0,1104.3185,0.0,4,1190.663,2026-04-24T10:14:06,2026-04-24T10:33:57,ok,pickles/smsemoa/r202_21/run14.pkl,unknown,2
smsemoa,rc108_21,23,3683909647,850000,850080,105,105,2264504.487784,,14.0,1652.7213,0.0,5,793.75,2026-04-24T10:23:10,2026-04-24T10:36:24,ok,pickles/smsemoa/rc108_21/run23.pkl,unknown,2
nsga2,rc204_21,22,2228610294,850000,850080,105,105,5118162.776035,,4.0,1049.3282,0.0,3,1594.738,2026-04-24T10:10:05,2026-04-24T10:36:40,ok,pickles/nsga2/rc204_21/run22.pkl,unknown,2
moead_ws,r203_21,13,641633242,850000,850080,105,95,21921302.564422,,5.0,1053.017,0.0,3,1692.387,2026-04-24T10:10:24,2026-04-24T10:38:36,ok,pickles/moead_ws/r203_21/run13.pkl,unknown,2
moead_ws,rc102_21,26,2782737434,850000,850080,105,104,47808631.257569,,20.0,2101.1279,6.0278,12,836.323,2026-04-24T10:25:10,2026-04-24T10:39:07,ok,pickles/moead_ws/rc102_21/run26.pkl,unknown,2
nsga2,rc102_21,28,3814577538,850000,850080,105,105,12662677.568442,,20.0,2283.263,0.9682,10,671.568,2026-04-24T10:30:38,2026-04-24T10:41:50,ok,pickles/nsga2/rc102_21/run28.pkl,unknown,2
nsga2,r103_21,24,2855000954,850000,850080,105,105,10176450.909354,,16.0,1662.4656,0.0,10,726.76,2026-04-24T10:31:53,2026-04-24T10:43:59,ok,pickles/nsga2/r103_21/run24.pkl,unknown,2
smsemoa,r202_21,11,4219965738,850000,850080,105,105,26642415.494656,,4.0,1088.4739,0.0,6,1194.5,2026-04-24T10:26:45,2026-04-24T10:46:39,ok,pickles/smsemoa/r202_21/run11.pkl,unknown,2
smsemoa,r103_21,19,2985211375,850000,850080,105,105,5861448.792592,,17.0,1757.549,9.1803,9,771.854,2026-04-24T10:33:57,2026-04-24T10:46:49,ok,pickles/smsemoa/r103_21/run19.pkl,unknown,2
nsga2,rc204_21,6,2803031203,850000,850080,105,105,3161666.830089,,4.0,1011.3697,0.0,3,1612.298,2026-04-24T10:22:12,2026-04-24T10:49:05,ok,pickles/nsga2/rc204_21/run06.pkl,unknown,2
moead_ws,r107_21,15,1064406216,850000,850080,105,94,3931019.296669,,18.0,1923.8664,0.0,8,856.836,2026-04-24T10:39:07,2026-04-24T10:53:24,ok,pickles/moead_ws/r107_21/run15.pkl,unknown,2
smsemoa,rc102_21,27,212977115,850000,850080,105,105,17552021.889964,,19.0,2137.4293,0.7881,10,719.61,2026-04-24T10:41:50,2026-04-24T10:53:50,ok,pickles/smsemoa/rc102_21/run27.pkl,unknown,2
nsga2,c206_21,25,2339857240,850000,850080,105,105,41848781.719817,,4.0,949.9451,0.0,4,1477.116,2026-04-24T10:30:46,2026-04-24T10:55:23,ok,pickles/nsga2/c206_21/run25.pkl,unknown,2
smsemoa,c206_21,18,3705328102,850000,850080,105,105,104504163.700092,,4.0,1124.7293,328.5278,5,1436.062,2026-04-24T10:32:33,2026-04-24T10:56:29,ok,pickles/smsemoa/c206_21/run18.pkl,unknown,2
nsga2,c206_21,21,2969211430,850000,850080,105,105,78553858.362869,,4.0,1220.5015,619.554,5,1424.969,2026-04-24T10:33:25,2026-04-24T10:57:10,ok,pickles/nsga2/c206_21/run21.pkl,unknown,2
moead_ws,r202_21,30,277791767,850000,850080,105,97,72875949.711332,,7.0,1051.4113,0.0,3,1217.746,2026-04-24T10:38:37,2026-04-24T10:58:54,ok,pickles/moead_ws/r202_21/run30.pkl,unknown,2
nsga2,c207_21,13,1247845979,850000,850080,105,105,58149887.302206,,4.0,1150.6232,179.2224,5,1461.694,2026-04-24T10:36:24,2026-04-24T11:00:46,ok,pickles/nsga2/c207_21/run13.pkl,unknown,2
nsga2,r107_21,1,1202931934,850000,850080,105,105,2008416.249808,,16.0,1742.1404,0.0,6,752.998,2026-04-24T10:53:24,2026-04-24T11:05:57,ok,pickles/nsga2/r107_21/run01.pkl,unknown,2
nsga2,rc204_21,29,3118221708,850000,850080,105,105,3703784.858113,,4.0,1119.5606,0.0,3,1765.873,2026-04-24T10:36:40,2026-04-24T11:06:06,ok,pickles/nsga2/rc204_21/run29.pkl,unknown,2
nsga2,c206_21,10,2352869794,850000,850080,105,36,5264495.260318,,4.0,836.2837,0.0,2,1422.37,2026-04-24T10:43:59,2026-04-24T11:07:42,ok,pickles/nsga2/c206_21/run10.pkl,unknown,2
smsemoa,r107_21,12,3839429093,850000,850080,105,105,5401393.101103,,16.0,1728.7903,0.0,8,758.975,2026-04-24T10:56:29,2026-04-24T11:09:08,ok,pickles/smsemoa/r107_21/run12.pkl,unknown,2
smsemoa,c206_21,29,1418954288,850000,850080,105,89,47982587.718541,,5.0,970.9731,945.2324,4,1365.415,2026-04-24T10:46:49,2026-04-24T11:09:34,ok,pickles/smsemoa/c206_21/run29.pkl,unknown,2
smsemoa,r103_21,30,2462273971,850000,850080,105,105,13539214.23049,,15.0,1555.5829,4.6999,11,751.393,2026-04-24T10:57:10,2026-04-24T11:09:41,ok,pickles/smsemoa/r103_21/run30.pkl,unknown,2
moead_ws,r202_21,6,3229389404,850000,850080,105,102,31620499.598301,,6.0,1065.6032,4.2746,3,1371.51,2026-04-24T10:49:05,2026-04-24T11:11:57,ok,pickles/moead_ws/r202_21/run06.pkl,unknown,2
smsemoa,rc107_21,22,2487931143,850000,850080,105,103,3826941.643061,,15.0,1864.3892,0.0,8,790.932,2026-04-24T10:58:54,2026-04-24T11:12:05,ok,pickles/smsemoa/rc107_21/run22.pkl,unknown,2
smsemoa,c207_21,29,3159956968,850000,850080,105,79,34675954.421078,,4.0,926.9257,0.0,3,1551.03,2026-04-24T10:46:39,2026-04-24T11:12:30,ok,pickles/smsemoa/c207_21/run29.pkl,unknown,2
smsemoa,rc108_21,27,1588726615,850000,850080,105,105,1909588.978266,,14.0,1633.2914,0.0,6,825.131,2026-04-24T11:00:46,2026-04-24T11:14:31,ok,pickles/smsemoa/rc108_21/run27.pkl,unknown,2
moead_ws,r202_21,10,2939407147,850000,850080,105,96,12608464.211597,,6.0,1105.4026,0.0,3,1382.437,2026-04-24T10:53:50,2026-04-24T11:16:53,ok,pickles/moead_ws/r202_21/run10.pkl,unknown,2
nsga2,r202_21,17,2722566373,850000,850080,105,105,13132915.300749,,4.0,1097.4728,0.0,3,1328.948,2026-04-24T10:55:23,2026-04-24T11:17:32,ok,pickles/nsga2/r202_21/run17.pkl,unknown,2
smsemoa,r103_21,5,1150135278,850000,850080,105,105,18820082.07235,,17.0,1652.3831,0.0,13,773.708,2026-04-24T11:05:57,2026-04-24T11:18:51,ok,pickles/smsemoa/r103_21/run05.pkl,unknown,2
moead_ws,r102_21,20,235364467,850000,850080,105,96,24174947.747558,,22.0,2116.4517,59.9465,10,839.353,2026-04-24T11:06:06,2026-04-24T11:20:05,ok,pickles/moead_ws/r102_21/run20.pkl,unknown,2
nsga2,r103_21,26,2510056790,850000,850080,105,105,10676558.2784,,15.0,1619.8013,0.0,10,732.995,2026-04-24T11:09:08,2026-04-24T11:21:21,ok,pickles/nsga2/r103_21/run26.pkl,unknown,2
smsemoa,rc107_21,7,3750383328,850000,850080,105,105,8524869.812024,,16.0,1971.2623,0.0,8,776.815,2026-04-24T11:11:57,2026-04-24T11:24:53,ok,pickles/smsemoa/rc107_21/run07.pkl,unknown,2
nsga2,r107_21,7,1770651847,850000,850080,105,105,2552945.687414,,17.0,1689.52,0.0,6,704.842,2026-04-24T11:14:31,2026-04-24T11:26:16,ok,pickles/nsga2/r107_21/run07.pkl,unknown,2
moead_ws,r107_21,23,3629497706,850000,850080,105,103,7367010.458709,,18.0,1785.4185,0.0,9,883.914,2026-04-24T11:12:31,2026-04-24T11:27:15,ok,pickles/moead_ws/r107_21/run23.pkl,unknown,2
smsemoa,r202_21,9,3772704285,850000,850080,105,105,30029377.278517,,5.0,959.4718,0.0,3,1206.014,2026-04-24T11:07:42,2026-04-24T11:27:48,ok,pickles/smsemoa/r202_21/run09.pkl,unknown,2
nsga2,r202_21,6,1892491501,850000,850080,105,105,14103530.923148,,5.0,1057.3626,0.0,3,1128.7,2026-04-24T11:09:34,2026-04-24T11:28:23,ok,pickles/nsga2/r202_21/run06.pkl,unknown,2
moead_ws,rc108_21,21,3069679372,850000,850080,105,90,1501586.156682,,15.0,1750.3242,0.0,4,916.22,2026-04-24T11:16:53,2026-04-24T11:32:09,ok,pickles/moead_ws/rc108_21/run21.pkl,unknown,2
smsemoa,r107_21,27,732168061,850000,850080,105,105,4609875.114129,,17.0,1690.7012,3.605,7,758.985,2026-04-24T11:21:21,2026-04-24T11:34:00,ok,pickles/smsemoa/r107_21/run27.pkl,unknown,2
moead_ws,r102_21,25,1557251877,850000,850080,105,101,17950627.77119,,22.0,1969.0922,66.0154,11,835.108,2026-04-24T11:20:06,2026-04-24T11:34:01,ok,pickles/moead_ws/r102_21/run25.pkl,unknown,2
nsga2,r102_21,28,796325062,850000,850080,105,105,26138518.608368,,17.0,1711.8079,0.0,14,698.654,2026-04-24T11:24:53,2026-04-24T11:36:32,ok,pickles/nsga2/r102_21/run28.pkl,unknown,2
moead_ws,c207_21,19,1469053190,850000,850080,105,102,110541312.184769,,5.0,995.7332,0.0,3,1531.245,2026-04-24T11:12:06,2026-04-24T11:37:37,ok,pickles/moead_ws/c207_21/run19.pkl,unknown,2
moead_ws,r203_21,6,3788803453,850000,850080,105,86,36745362.778714,,4.0,1113.1307,0.0,5,1720.544,2026-04-24T11:09:42,2026-04-24T11:38:22,ok,pickles/moead_ws/r203_21/run06.pkl,unknown,2
nsga2,rc107_21,19,1763418085,850000,850080,105,105,4326993.190399,,15.0,1856.9068,0.0,8,742.849,2026-04-24T11:27:15,2026-04-24T11:39:38,ok,pickles/nsga2/rc107_21/run19.pkl,unknown,2
nsga2,rc108_21,6,3599542410,850000,850080,105,105,3594205.06378,,13.0,1653.3909,0.0,6,779.606,2026-04-24T11:27:48,2026-04-24T11:40:47,ok,pickles/nsga2/rc108_21/run06.pkl,unknown,2
nsga2,r103_21,4,1688061750,850000,850080,105,105,7986935.350376,,17.0,1724.7117,1.209,11,759.171,2026-04-24T11:28:23,2026-04-24T11:41:02,ok,pickles/nsga2/r103_21/run04.pkl,unknown,2
smsemoa,r203_21,15,1367733482,850000,850080,105,105,8732914.521614,,4.0,1083.6393,0.0,3,1346.932,2026-04-24T11:18:51,2026-04-24T11:41:18,ok,pickles/smsemoa/r203_21/run15.pkl,unknown,2
moead_ws,c206_21,25,1580218012,850000,850080,105,100,407394286.4092,,6.0,1100.956,1024.7341,3,1523.465,2026-04-24T11:17:32,2026-04-24T11:42:56,ok,pickles/moead_ws/c206_21/run25.pkl,unknown,2
nsga2,r202_21,14,2383025499,850000,850080,105,105,11411515.888758,,6.0,1201.6707,0.0,3,1191.319,2026-04-24T11:26:16,2026-04-24T11:46:07,ok,pickles/nsga2/r202_21/run14.pkl,unknown,2
nsga2,rc107_21,17,946114634,850000,850080,105,105,4743131.130557,,15.0,1799.9462,0.0,6,740.316,2026-04-24T11:34:01,2026-04-24T11:46:21,ok,pickles/nsga2/rc107_21/run17.pkl,unknown,2
moead_ws,r102_21,8,4034262486,850000,850080,105,98,42237349.116934,,21.0,1925.9077,42.4423,12,826.838,2026-04-24T11:34:00,2026-04-24T11:47:47,ok,pickles/moead_ws/r102_21/run08.pkl,unknown,2
nsga2,r107_21,6,715445810,850000,850080,105,105,4232244.425602,,16.0,1723.0294,0.0,8,718.422,2026-04-24T11:42:56,2026-04-24T11:54:54,ok,pickles/nsga2/r107_21/run06.pkl,unknown,2
moead_ws,rc108_21,18,3893660733,850000,850080,105,103,26146083.518796,,14.0,1772.9028,0.0,7,910.787,2026-04-24T11:40:48,2026-04-24T11:55:59,ok,pickles/moead_ws/rc108_21/run18.pkl,unknown,2
smsemoa,r202_21,22,2126027236,850000,850080,105,105,14935476.9895,,5.0,1044.8593,0.0,3,1182.076,2026-04-24T11:38:22,2026-04-24T11:58:04,ok,pickles/smsemoa/r202_21/run22.pkl,unknown,2
nsga2,rc108_21,12,722878895,850000,850080,105,105,1709882.15601,,14.0,1776.4423,0.0,5,765.854,2026-04-24T11:46:21,2026-04-24T11:59:07,ok,pickles/nsga2/rc108_21/run12.pkl,unknown,2
moead_ws,c207_21,11,1781335074,850000,850080,105,92,81483928.568586,,4.0,1004.6877,3894.0276,3,1726.148,2026-04-24T11:32:10,2026-04-24T12:00:56,ok,pickles/moead_ws/c207_21/run11.pkl,unknown,2
moead_ws,rc108_21,4,3539842240,850000,850080,105,98,16369921.66138,,15.0,1813.5455,0.0,7,902.468,2026-04-24T11:46:08,2026-04-24T12:01:10,ok,pickles/moead_ws/rc108_21/run04.pkl,unknown,2
moead_ws,r203_21,3,1502746540,850000,850080,105,98,13276921.967864,,5.0,998.9114,0.0,4,1332.347,2026-04-24T11:39:38,2026-04-24T12:01:50,ok,pickles/moead_ws/r203_21/run03.pkl,unknown,2
moead_ws,c206_21,5,3293759365,850000,850080,105,104,60395650.704056,,5.0,976.9991,1677.4545,2,1457.572,2026-04-24T11:37:38,2026-04-24T12:01:55,ok,pickles/moead_ws/c206_21/run05.pkl,unknown,2
smsemoa,c206_21,20,960703557,850000,850080,105,105,2348813.9741,,4.0,802.6662,0.0,3,1614.329,2026-04-24T11:36:32,2026-04-24T12:03:26,ok,pickles/smsemoa/c206_21/run20.pkl,unknown,2
smsemoa,r203_21,10,3041746619,850000,850080,105,105,16632540.152261,,4.0,984.9192,0.0,4,1393.969,2026-04-24T11:41:02,2026-04-24T12:04:16,ok,pickles/smsemoa/r203_21/run10.pkl,unknown,2
smsemoa,c206_21,8,3765029802,850000,850080,105,105,30921267.672337,,4.0,1020.5064,0.0,4,1468.822,2026-04-24T11:41:18,2026-04-24T12:05:47,ok,pickles/smsemoa/c206_21/run08.pkl,unknown,2
moead_ws,rc107_21,11,3615237570,850000,850080,105,95,5313389.863288,,19.0,2099.959,0.0,6,865.539,2026-04-24T11:54:55,2026-04-24T12:09:20,ok,pickles/moead_ws/rc107_21/run11.pkl,unknown,2
smsemoa,r107_21,6,2144984516,850000,850080,105,105,4172545.983166,,15.0,1616.3829,0.0,7,760.458,2026-04-24T12:00:56,2026-04-24T12:13:36,ok,pickles/smsemoa/r107_21/run06.pkl,unknown,2
smsemoa,r107_21,20,495966984,850000,850080,105,105,6429614.485854,,15.0,1558.1988,0.0,9,764.86,2026-04-24T12:01:50,2026-04-24T12:14:35,ok,pickles/smsemoa/r107_21/run20.pkl,unknown,2
smsemoa,rc108_21,21,2537662848,850000,850080,105,105,1926886.403808,,15.0,1677.7485,0.0,4,804.251,2026-04-24T12:01:55,2026-04-24T12:15:19,ok,pickles/smsemoa/rc108_21/run21.pkl,unknown,2
moead_ws,c207_21,20,900241394,850000,850080,105,101,235599360.065735,,5.0,1067.755,1837.0484,4,1677.214,2026-04-24T11:47:47,2026-04-24T12:15:45,ok,pickles/moead_ws/c207_21/run20.pkl,unknown,2
nsga2,r202_21,26,3718857919,850000,850080,105,105,5410478.653042,,5.0,1054.2382,0.0,3,1218.045,2026-04-24T11:55:59,2026-04-24T12:16:17,ok,pickles/nsga2/r202_21/run26.pkl,unknown,2
moead_ws,r107_21,18,4234644674,850000,850080,105,92,8804398.618965,,18.0,1885.6985,0.0,7,863.628,2026-04-24T12:05:47,2026-04-24T12:20:11,ok,pickles/moead_ws/r107_21/run18.pkl,unknown,2
smsemoa,c206_21,27,186766851,850000,850080,105,105,65786669.288256,,4.0,1077.9411,250.5246,4,1385.706,2026-04-24T11:59:07,2026-04-24T12:22:13,ok,pickles/smsemoa/c206_21/run27.pkl,unknown,2
smsemoa,c207_21,12,4030897279,850000,850080,105,105,31042420.933632,,4.0,852.9092,0.0,4,1599.104,2026-04-24T11:58:04,2026-04-24T12:24:44,ok,pickles/smsemoa/c207_21/run12.pkl,unknown,2
smsemoa,c207_21,30,2047866696,850000,850080,105,105,23412412.902176,,5.0,903.1506,0.0,2,1454.081,2026-04-24T12:01:10,2026-04-24T12:25:24,ok,pickles/smsemoa/c207_21/run30.pkl,unknown,2
nsga2,rc108_21,27,503407514,850000,850080,105,105,2602881.529861,,14.0,1735.8287,0.0,6,773.532,2026-04-24T12:13:36,2026-04-24T12:26:30,ok,pickles/nsga2/rc108_21/run27.pkl,unknown,2
smsemoa,c206_21,24,962460842,850000,850080,105,105,25393977.269233,,4.0,962.3391,435.2722,4,1413.219,2026-04-24T12:03:26,2026-04-24T12:27:00,ok,pickles/smsemoa/c206_21/run24.pkl,unknown,2
nsga2,r103_21,12,2330902251,850000,850080,105,105,10607237.82259,,17.0,1813.5878,0.0,11,740.619,2026-04-24T12:15:45,2026-04-24T12:28:05,ok,pickles/nsga2/r103_21/run12.pkl,unknown,2
smsemoa,c207_21,1,3252077115,850000,850080,105,99,21819763.946737,,4.0,900.4673,0.0,3,1491.306,2026-04-24T12:04:16,2026-04-24T12:29:07,ok,pickles/smsemoa/c207_21/run01.pkl,unknown,2
moead_ws,r103_21,27,100244091,850000,850080,105,99,14400735.090508,,19.0,1868.1328,75.2885,9,871.202,2026-04-24T12:15:20,2026-04-24T12:29:51,ok,pickles/moead_ws/r103_21/run27.pkl,unknown,2
nsga2,r103_21,11,1301250662,850000,850080,105,105,3792206.631137,,17.0,1626.3296,0.0,7,743.518,2026-04-24T12:20:11,2026-04-24T12:32:34,ok,pickles/nsga2/r103_21/run11.pkl,unknown,2
smsemoa,r102_21,21,3360042357,850000,850080,105,105,22114111.725173,,20.0,1967.2975,28.161,14,733.887,2026-04-24T12:22:13,2026-04-24T12:34:27,ok,pickles/smsemoa/r102_21/run21.pkl,unknown,2
moead_ws,r202_21,15,1685210018,850000,850080,105,101,77735825.526138,,7.0,1179.0938,0.0,4,1193.77,2026-04-24T12:16:17,2026-04-24T12:36:11,ok,pickles/moead_ws/r202_21/run15.pkl,unknown,2
moead_ws,c207_21,3,429560247,850000,850080,105,104,108851866.924031,,5.0,1076.2497,3350.7636,3,1693.541,2026-04-24T12:09:21,2026-04-24T12:37:34,ok,pickles/moead_ws/c207_21/run03.pkl,unknown,2
moead_ws,r102_21,22,837085435,850000,850080,105,105,28174765.564459,,20.0,2067.1252,35.2618,13,870.458,2026-04-24T12:25:25,2026-04-24T12:39:55,ok,pickles/moead_ws/r102_21/run22.pkl,unknown,2
smsemoa,rc102_21,12,3879635478,850000,850080,105,105,17349945.92047,,18.0,2122.2944,2.2682,12,711.043,2026-04-24T12:28:05,2026-04-24T12:39:56,ok,pickles/smsemoa/rc102_21/run12.pkl,unknown,2
smsemoa,c206_21,9,3221481459,850000,850080,105,90,7091418.909061,,4.0,789.0353,0.0,4,1528.919,2026-04-24T12:14:35,2026-04-24T12:40:04,ok,pickles/smsemoa/c206_21/run09.pkl,unknown,2
smsemoa,r107_21,21,2041554433,850000,850080,105,105,3062204.413816,,16.0,1661.9366,0.0,6,754.314,2026-04-24T12:29:51,2026-04-24T12:42:26,ok,pickles/smsemoa/r107_21/run21.pkl,unknown,2
nsga2,r202_21,3,741089140,850000,850080,105,105,13129843.367068,,5.0,1055.4316,0.0,4,1219.901,2026-04-24T12:24:44,2026-04-24T12:45:03,ok,pickles/nsga2/r202_21/run03.pkl,unknown,2
smsemoa,r103_21,13,2132735460,850000,850080,105,105,11507693.973184,,17.0,1713.8028,0.0,13,760.748,2026-04-24T12:34:27,2026-04-24T12:47:08,ok,pickles/smsemoa/r103_21/run13.pkl,unknown,2
nsga2,r203_21,18,360830460,850000,850080,105,105,6728532.720148,,4.0,1128.0032,0.0,3,1346.583,2026-04-24T12:27:00,2026-04-24T12:49:26,ok,pickles/nsga2/r203_21/run18.pkl,unknown,2
nsga2,r102_21,4,3536299468,850000,850080,105,105,27793926.727754,,18.0,1705.1276,12.8096,14,682.595,2026-04-24T12:39:55,2026-04-24T12:51:18,ok,pickles/nsga2/r102_21/run04.pkl,unknown,2
moead_ws,r107_21,29,2750119695,850000,850080,105,96,19955029.783383,,16.0,1654.0067,0.0,8,840.623,2026-04-24T12:37:35,2026-04-24T12:51:35,ok,pickles/moead_ws/r107_21/run29.pkl,unknown,2
smsemoa,r102_21,30,2441489168,850000,850080,105,105,39375786.211312,,19.0,1794.7895,21.9671,15,726.413,2026-04-24T12:39:56,2026-04-24T12:52:03,ok,pickles/smsemoa/r102_21/run30.pkl,unknown,2
smsemoa,c206_21,17,587646991,850000,850080,105,105,31143023.602075,,4.0,1108.4294,0.0,4,1462.564,2026-04-24T12:29:07,2026-04-24T12:53:30,ok,pickles/smsemoa/c206_21/run17.pkl,unknown,2
moead_ws,rc102_21,22,3227767883,850000,850080,105,98,30113386.661861,,20.0,2296.3716,17.3783,12,815.359,2026-04-24T12:40:05,2026-04-24T12:53:40,ok,pickles/moead_ws/rc102_21/run22.pkl,unknown,2
smsemoa,rc204_21,5,3519575268,850000,850080,105,65,463656.429963,,4.0,1186.7692,0.0,2,1650.868,2026-04-24T12:26:30,2026-04-24T12:54:01,ok,pickles/smsemoa/rc204_21/run05.pkl,unknown,2
smsemoa,rc102_21,23,1697432043,850000,850080,105,105,14907025.019029,,17.0,1898.8092,0.0,9,719.304,2026-04-24T12:42:26,2026-04-24T12:54:25,ok,pickles/smsemoa/rc102_21/run23.pkl,unknown,2
nsga2,rc204_21,13,2832300708,850000,850080,105,105,6447789.050919,,4.0,1103.354,0.0,5,1517.547,2026-04-24T12:32:34,2026-04-24T12:57:52,ok,pickles/nsga2/rc204_21/run13.pkl,unknown,2
smsemoa,c206_21,22,1391732985,850000,850080,105,105,56191622.288029,,5.0,1011.521,0.0,4,1402.985,2026-04-24T12:36:11,2026-04-24T12:59:34,ok,pickles/smsemoa/c206_21/run22.pkl,unknown,2
smsemoa,r107_21,1,1072003959,850000,850080,105,105,1813102.722153,,16.0,1666.7091,0.0,5,750.106,2026-04-24T12:49:26,2026-04-24T13:01:56,ok,pickles/smsemoa/r107_21/run01.pkl,unknown,2
smsemoa,rc102_21,3,1310804725,850000,850080,105,105,26607908.905693,,20.0,2228.3231,15.5222,11,714.346,2026-04-24T12:51:35,2026-04-24T13:03:30,ok,pickles/smsemoa/rc102_21/run03.pkl,unknown,2
nsga2,r107_21,29,1373475134,850000,850080,105,105,3615693.009181,,16.0,1741.9227,0.0,7,742.516,2026-04-24T12:51:18,2026-04-24T13:03:41,ok,pickles/nsga2/r107_21/run29.pkl,unknown,2
nsga2,r107_21,9,2050379620,850000,850080,105,105,4938713.520347,,16.0,1687.0947,0.0,7,731.466,2026-04-24T12:53:40,2026-04-24T13:05:52,ok,pickles/nsga2/r107_21/run09.pkl,unknown,2
nsga2,r107_21,8,2699556923,850000,850080,105,105,1839573.376634,,16.0,1599.918,1.6491,5,728.471,2026-04-24T12:54:25,2026-04-24T13:06:33,ok,pickles/nsga2/r107_21/run08.pkl,unknown,2
nsga2,r203_21,28,1018168762,850000,850080,105,105,25800196.97422,,4.0,1078.7825,0.0,6,1306.584,2026-04-24T12:45:03,2026-04-24T13:06:50,ok,pickles/nsga2/r203_21/run28.pkl,unknown,2
smsemoa,r103_21,17,2772011611,850000,850080,105,105,3795260.358801,,19.0,1787.4927,0.0,8,772.528,2026-04-24T12:57:52,2026-04-24T13:10:44,ok,pickles/smsemoa/r103_21/run17.pkl,unknown,2
moead_ws,c207_21,28,3482389261,850000,850080,105,98,244056141.993946,,5.0,1162.566,1123.2904,3,1497.468,2026-04-24T12:47:08,2026-04-24T13:12:06,ok,pickles/moead_ws/c207_21/run28.pkl,unknown,2
moead_ws,r102_21,24,1957665380,850000,850080,105,102,24854630.610807,,23.0,2004.0758,76.3628,13,876.094,2026-04-24T12:59:35,2026-04-24T13:14:11,ok,pickles/moead_ws/r102_21/run24.pkl,unknown,2
smsemoa,c206_21,14,3853917161,850000,850080,105,105,47922322.948422,,4.0,1074.9799,0.0,5,1372.985,2026-04-24T12:52:03,2026-04-24T13:14:56,ok,pickles/smsemoa/c206_21/run14.pkl,unknown,2
smsemoa,r103_21,20,2718054932,850000,850080,105,105,11983279.525444,,16.0,1620.647,14.5156,10,768.674,2026-04-24T13:03:30,2026-04-24T13:16:19,ok,pickles/smsemoa/r103_21/run20.pkl,unknown,2
moead_ws,r107_21,1,1672245451,850000,850080,105,96,6411465.458282,,17.0,1851.6,0.0,6,883.596,2026-04-24T13:01:57,2026-04-24T13:16:41,ok,pickles/moead_ws/r107_21/run01.pkl,unknown,2
smsemoa,c207_21,8,699954262,850000,850080,105,105,10324389.724004,,4.0,984.3201,0.0,3,1390.813,2026-04-24T12:54:01,2026-04-24T13:17:12,ok,pickles/smsemoa/c207_21/run08.pkl,unknown,2
moead_ws,r203_21,17,813543212,850000,850080,105,100,13437559.615126,,4.0,1043.5612,0.0,2,1424.728,2026-04-24T12:53:30,2026-04-24T13:17:15,ok,pickles/moead_ws/r203_21/run17.pkl,unknown,2
smsemoa,rc102_21,9,2414872844,850000,850080,105,105,30332263.682925,,18.0,2144.0346,0.5908,12,742.874,2026-04-24T13:05:52,2026-04-24T13:18:15,ok,pickles/smsemoa/rc102_21/run09.pkl,unknown,2
moead_ws,rc107_21,2,1386131724,850000,850080,105,85,9349716.501817,,16.0,1854.1292,0.0,8,917.198,2026-04-24T13:06:34,2026-04-24T13:21:51,ok,pickles/moead_ws/rc107_21/run02.pkl,unknown,2
nsga2,rc102_21,8,2334573153,850000,850080,105,105,11830598.284737,,18.0,2034.0825,2.0764,10,688.568,2026-04-24T13:14:11,2026-04-24T13:25:39,ok,pickles/nsga2/rc102_21/run08.pkl,unknown,2
moead_ws,rc108_21,2,3673089348,850000,850080,105,93,9659778.047705,,15.0,1783.4034,1.0915,6,953.399,2026-04-24T13:12:06,2026-04-24T13:28:00,ok,pickles/moead_ws/rc108_21/run02.pkl,unknown,2
nsga2,rc108_21,2,83125950,850000,850080,105,105,1757524.86385,,15.0,1808.3613,0.0,5,744.558,2026-04-24T13:17:12,2026-04-24T13:29:36,ok,pickles/nsga2/rc108_21/run02.pkl,unknown,2
smsemoa,c207_21,7,901586198,850000,850080,105,105,31743346.070383,,5.0,1013.5862,0.0,4,1371.116,2026-04-24T13:06:50,2026-04-24T13:29:41,ok,pickles/smsemoa/c207_21/run07.pkl,unknown,2
moead_ws,rc204_21,3,630975020,850000,850080,105,98,10759710.462429,,4.0,1126.903,0.0,4,1716.326,2026-04-24T13:03:41,2026-04-24T13:32:17,ok,pickles/moead_ws/rc204_21/run03.pkl,unknown,2
moead_ws,r102_21,12,3620481969,850000,850080,105,101,24384122.292059,,24.0,2264.6449,22.4579,14,866.556,2026-04-24T13:18:15,2026-04-24T13:32:42,ok,pickles/moead_ws/r102_21/run12.pkl,unknown,2
smsemoa,c207_21,2,4144253661,850000,850080,105,105,34299425.220882,,5.0,937.8595,0.0,3,1395.304,2026-04-24T13:10:44,2026-04-24T13:34:00,ok,pickles/smsemoa/c207_21/run02.pkl,unknown,2
moead_ws,r202_21,1,2975119538,850000,850080,105,92,9955333.499151,,6.0,1089.0769,0.0,3,1248.351,2026-04-24T13:14:56,2026-04-24T13:35:45,ok,pickles/moead_ws/r202_21/run01.pkl,unknown,2
smsemoa,r202_21,2,2433867368,850000,850080,105,105,18686278.267593,,5.0,1136.2805,0.0038,3,1179.555,2026-04-24T13:16:19,2026-04-24T13:35:58,ok,pickles/smsemoa/r202_21/run02.pkl,unknown,2
moead_ws,r107_21,11,3676499602,850000,850080,105,98,3527261.357882,,19.0,1780.3026,0.0,5,848.544,2026-04-24T13:21:52,2026-04-24T13:36:00,ok,pickles/moead_ws/r107_21/run11.pkl,unknown,2
moead_ws,rc107_21,27,2311699138,850000,850080,105,96,5549806.597158,,16.0,2043.6356,0.0,7,894.418,2026-04-24T13:25:40,2026-04-24T13:40:34,ok,pickles/moead_ws/rc107_21/run27.pkl,unknown,2
nsga2,r102_21,29,3709154424,850000,850080,105,105,27654499.993049,,18.0,1722.128,22.3004,16,678.795,2026-04-24T13:29:36,2026-04-24T13:40:55,ok,pickles/nsga2/r102_21/run29.pkl,unknown,2
moead_ws,rc107_21,22,2212935702,850000,850080,105,101,6166125.001229,,17.0,2059.4099,0.0,6,877.621,2026-04-24T13:29:42,2026-04-24T13:44:19,ok,pickles/moead_ws/rc107_21/run22.pkl,unknown,2
smsemoa,r107_21,4,7049107,850000,850080,105,88,1326694.627359,,16.0,1595.4609,0.0,5,739.507,2026-04-24T13:32:42,2026-04-24T13:45:01,ok,pickles/smsemoa/r107_21/run04.pkl,unknown,2
smsemoa,rc204_21,28,3916561276,850000,850080,105,105,3625609.120945,,3.0,1007.71,0.0,3,1748.046,2026-04-24T13:17:15,2026-04-24T13:46:23,ok,pickles/smsemoa/rc204_21/run28.pkl,unknown,2
moead_ws,rc107_21,13,1284175519,850000,850080,105,97,9892572.726365,,16.0,1846.4836,0.0,9,868.977,2026-04-24T13:32:18,2026-04-24T13:46:47,ok,pickles/moead_ws/rc107_21/run13.pkl,unknown,2
moead_ws,rc204_21,12,1313983306,850000,850080,105,88,3281671.366912,,4.0,1113.6646,0.0,3,1828.576,2026-04-24T13:16:41,2026-04-24T13:47:10,ok,pickles/moead_ws/rc204_21/run12.pkl,unknown,2
moead_ws,r102_21,18,1605565962,850000,850080,105,103,53584679.871678,,22.0,2004.5155,30.4365,14,869.84,2026-04-24T13:34:00,2026-04-24T13:48:30,ok,pickles/moead_ws/r102_21/run18.pkl,unknown,2
smsemoa,r103_21,21,3588070427,850000,850080,105,105,3929960.780591,,17.0,1570.902,2.9432,8,780.555,2026-04-24T13:36:00,2026-04-24T13:49:01,ok,pickles/smsemoa/r103_21/run21.pkl,unknown,2
nsga2,c207_21,27,2749596633,850000,850080,105,105,27570698.240064,,4.0,1006.1558,65.9768,4,1473.597,2026-04-24T13:28:00,2026-04-24T13:52:33,ok,pickles/nsga2/c207_21/run27.pkl,unknown,2
moead_ws,rc102_21,21,1908023940,850000,850080,105,101,41963104.909394,,20.0,2253.271,12.8136,13,859.354,2026-04-24T13:40:35,2026-04-24T13:54:54,ok,pickles/moead_ws/rc102_21/run21.pkl,unknown,2
smsemoa,rc108_21,26,1636300092,850000,850080,105,105,2511932.74309,,14.0,1638.2873,0.0,6,803.187,2026-04-24T13:45:01,2026-04-24T13:58:24,ok,pickles/smsemoa/rc108_21/run26.pkl,unknown,2
nsga2,r107_21,25,4267702960,850000,850080,105,105,1838177.648723,,17.0,1725.5834,0.0,6,732.666,2026-04-24T13:46:23,2026-04-24T13:58:36,ok,pickles/nsga2/r107_21/run25.pkl,unknown,2
moead_ws,c206_21,19,171876687,850000,850080,105,103,25962645.042079,,6.0,1161.9942,404.0962,2,1423.149,2026-04-24T13:35:45,2026-04-24T13:59:28,ok,pickles/moead_ws/c206_21/run19.pkl,unknown,2
nsga2,c206_21,2,3503918633,850000,850080,105,105,70091763.666609,,4.0,1093.6827,62.5069,4,1428.92,2026-04-24T13:35:58,2026-04-24T13:59:47,ok,pickles/nsga2/c206_21/run02.pkl,unknown,2
smsemoa,rc108_21,16,2785306073,850000,850080,105,105,2567935.324932,,14.0,1682.562,0.0,6,804.616,2026-04-24T13:47:10,2026-04-24T14:00:34,ok,pickles/smsemoa/rc108_21/run16.pkl,unknown,2
smsemoa,rc107_21,27,3524701749,850000,850080,105,105,5288970.687508,,15.0,1797.8911,0.0,8,772.223,2026-04-24T13:48:30,2026-04-24T14:01:22,ok,pickles/smsemoa/rc107_21/run27.pkl,unknown,2
moead_ws,r203_21,29,3473830359,850000,850080,105,100,31791474.197592,,5.0,1001.0277,0.0,5,1317.21,2026-04-24T13:40:56,2026-04-24T14:02:53,ok,pickles/moead_ws/r203_21/run29.pkl,unknown,2
moead_ws,r103_21,1,4103436569,850000,850080,105,96,26738389.009635,,18.0,1756.6513,8.0338,11,934.666,2026-04-24T13:49:01,2026-04-24T14:04:36,ok,pickles/moead_ws/r103_21/run01.pkl,unknown,2
smsemoa,rc107_21,20,3567432277,850000,850080,105,100,3696059.396756,,15.0,1743.4374,0.0,7,772.233,2026-04-24T13:52:33,2026-04-24T14:05:26,ok,pickles/smsemoa/rc107_21/run20.pkl,unknown,2
nsga2,c207_21,14,816481047,850000,850080,105,92,16423254.747534,,4.0,857.1892,0.0,4,1446.668,2026-04-24T13:44:19,2026-04-24T14:08:26,ok,pickles/nsga2/c207_21/run14.pkl,unknown,2
moead_ws,r103_21,21,219807708,850000,850080,105,91,17081775.692398,,18.0,1818.6237,50.3946,11,880.908,2026-04-24T13:54:55,2026-04-24T14:09:36,ok,pickles/moead_ws/r103_21/run21.pkl,unknown,2
nsga2,rc102_21,3,3609825487,850000,850080,105,105,19838674.370961,,19.0,2171.0172,0.0,12,681.02,2026-04-24T13:58:36,2026-04-24T14:09:57,ok,pickles/nsga2/rc102_21/run03.pkl,unknown,2
smsemoa,rc107_21,17,915430263,850000,850080,105,105,3114432.603553,,16.0,1847.8999,0.0,6,758.827,2026-04-24T14:00:34,2026-04-24T14:13:13,ok,pickles/smsemoa/rc107_21/run17.pkl,unknown,2
smsemoa,r107_21,10,3905307273,850000,850080,105,105,2281069.464243,,17.0,1644.961,0.0464,6,749.899,2026-04-24T14:01:22,2026-04-24T14:13:52,ok,pickles/smsemoa/r107_21/run10.pkl,unknown,2
smsemoa,rc102_21,7,361297196,850000,850080,105,105,28422337.866933,,17.0,2018.4668,2.3069,13,709.991,2026-04-24T14:02:53,2026-04-24T14:14:43,ok,pickles/smsemoa/rc102_21/run07.pkl,unknown,2
smsemoa,rc204_21,13,3986128868,850000,850080,105,103,1203836.183114,,3.0,968.5978,0.0,3,1828.377,2026-04-24T13:46:47,2026-04-24T14:17:15,ok,pickles/smsemoa/rc204_21/run13.pkl,unknown,2
moead_ws,r203_21,18,2231350490,850000,850080,105,89,9692478.133735,,6.0,1026.5368,0.0,3,1298.603,2026-04-24T13:59:48,2026-04-24T14:21:26,ok,pickles/moead_ws/r203_21/run18.pkl,unknown,2
nsga2,r103_21,2,2644576852,850000,850080,105,105,10861658.351018,,16.0,1660.1212,14.8825,10,767.797,2026-04-24T14:09:36,2026-04-24T14:22:23,ok,pickles/nsga2/r103_21/run02.pkl,unknown,2
nsga2,r203_21,25,2293333458,850000,850080,105,105,5951865.771346,,4.0,1014.7844,0.0,3,1380.889,2026-04-24T13:59:28,2026-04-24T14:22:29,ok,pickles/nsga2/r203_21/run25.pkl,unknown,2
moead_ws,rc102_21,23,1369553367,850000,850080,105,103,23200032.68187,,21.0,2273.1549,36.8156,10,842.354,2026-04-24T14:09:57,2026-04-24T14:24:00,ok,pickles/moead_ws/rc102_21/run23.pkl,unknown,2
nsga2,c206_21,6,3747170404,850000,850080,105,105,191048945.543016,,4.0,1041.1392,0.0,6,1537.132,2026-04-24T13:58:24,2026-04-24T14:24:02,ok,pickles/nsga2/c206_21/run06.pkl,unknown,2
smsemoa,r107_21,15,2407787098,850000,850080,105,105,1657725.154213,,17.0,1713.8428,0.0,6,773.724,2026-04-24T14:13:13,2026-04-24T14:26:07,ok,pickles/smsemoa/r107_21/run15.pkl,unknown,2
moead_ws,c207_21,15,1749854380,850000,850080,105,88,841877217.711383,,5.0,1075.242,2008.8324,3,1495.349,2026-04-24T14:04:36,2026-04-24T14:29:32,ok,pickles/moead_ws/c207_21/run15.pkl,unknown,2
smsemoa,r203_21,25,4159908747,850000,850080,105,105,4145171.853335,,4.0,1018.9121,0.0,3,1396.145,2026-04-24T14:08:26,2026-04-24T14:31:42,ok,pickles/smsemoa/r203_21/run25.pkl,unknown,2
smsemoa,c207_21,20,287614136,850000,850080,105,105,4714500.679576,,4.0,900.0929,0.0,2,1616.147,2026-04-24T14:05:26,2026-04-24T14:32:22,ok,pickles/smsemoa/c207_21/run20.pkl,unknown,2
nsga2,r103_21,8,2730710300,850000,850080,105,105,10725989.084557,,16.0,1703.0046,0.0,10,724.026,2026-04-24T14:22:23,2026-04-24T14:34:27,ok,pickles/nsga2/r103_21/run08.pkl,unknown,2
smsemoa,r103_21,14,2191407943,850000,850080,105,105,11902690.676928,,15.0,1567.2687,0.0,11,792.961,2026-04-24T14:21:26,2026-04-24T14:34:39,ok,pickles/smsemoa/r103_21/run14.pkl,unknown,2
nsga2,r103_21,18,3653150118,850000,850080,105,105,8024414.788614,,17.0,1719.7432,0.0,9,758.602,2026-04-24T14:24:00,2026-04-24T14:36:38,ok,pickles/nsga2/r103_21/run18.pkl,unknown,2
nsga2,r102_21,13,2899725570,850000,850080,105,105,25972315.209446,,18.0,1657.2281,0.0,15,689.089,2026-04-24T14:26:07,2026-04-24T14:37:36,ok,pickles/nsga2/r102_21/run13.pkl,unknown,2
nsga2,r203_21,29,512111132,850000,850080,105,105,7895220.099293,,4.0,1082.9741,0.0,4,1385.511,2026-04-24T14:14:43,2026-04-24T14:37:48,ok,pickles/nsga2/r203_21/run29.pkl,unknown,2
moead_ws,r202_21,16,3511603274,850000,850080,105,96,35976764.319628,,6.0,1162.9753,0.0,4,1271.835,2026-04-24T14:17:16,2026-04-24T14:38:28,ok,pickles/moead_ws/r202_21/run16.pkl,unknown,2
moead_ws,rc204_21,2,1699933725,850000,850080,105,77,1862720.371979,,4.0,1045.5762,0.0,3,1649.922,2026-04-24T14:13:53,2026-04-24T14:41:23,ok,pickles/moead_ws/rc204_21/run02.pkl,unknown,2
moead_ws,rc102_21,15,591403876,850000,850080,105,103,84977000.659361,,18.0,2094.2179,73.0123,17,823.749,2026-04-24T14:29:32,2026-04-24T14:43:16,ok,pickles/moead_ws/rc102_21/run15.pkl,unknown,2
moead_ws,c206_21,7,4235090904,850000,850080,105,100,102166989.608406,,4.0,939.5883,758.7376,4,1433.142,2026-04-24T14:24:02,2026-04-24T14:47:55,ok,pickles/moead_ws/c206_21/run07.pkl,unknown,2
moead_ws,c206_21,4,2875074909,850000,850080,105,105,76779283.084365,,5.0,905.2288,1693.4814,3,1574.023,2026-04-24T14:22:30,2026-04-24T14:48:44,ok,pickles/moead_ws/c206_21/run04.pkl,unknown,2
smsemoa,rc102_21,25,3308790723,850000,850080,105,105,31609885.900956,,18.0,2190.2813,2.7697,16,742.041,2026-04-24T14:36:38,2026-04-24T14:49:01,ok,pickles/smsemoa/rc102_21/run25.pkl,unknown,2
smsemoa,rc107_21,28,139137907,850000,850080,105,105,1112588.235256,,16.0,1817.5444,0.0,5,767.208,2026-04-24T14:37:36,2026-04-24T14:50:23,ok,pickles/smsemoa/rc107_21/run28.pkl,unknown,2
smsemoa,r103_21,10,1496022087,850000,850080,105,105,19209877.64846,,17.0,1692.556,61.6632,12,785.358,2026-04-24T14:38:28,2026-04-24T14:51:33,ok,pickles/smsemoa/r103_21/run10.pkl,unknown,2
moead_ws,r103_21,8,874163808,850000,850080,105,94,20604052.051559,,18.0,1863.5333,9.4403,11,884.169,2026-04-24T14:37:49,2026-04-24T14:52:33,ok,pickles/moead_ws/r103_21/run08.pkl,unknown,2
smsemoa,rc102_21,18,768485461,850000,850080,105,105,12758290.630584,,19.0,2239.5287,2.1265,10,735.395,2026-04-24T14:41:23,2026-04-24T14:53:38,ok,pickles/smsemoa/rc102_21/run18.pkl,unknown,2
smsemoa,c206_21,15,1419414735,850000,850080,105,105,36056012.705075,,4.0,1030.0411,23.9759,4,1374.9,2026-04-24T14:32:22,2026-04-24T14:55:17,ok,pickles/smsemoa/c206_21/run15.pkl,unknown,2
nsga2,c206_21,22,3547764356,850000,850080,105,105,52382848.079412,,5.0,1117.5045,8.3552,3,1408.017,2026-04-24T14:34:39,2026-04-24T14:58:07,ok,pickles/nsga2/c206_21/run22.pkl,unknown,2
nsga2,r203_21,23,711489912,850000,850080,105,105,2954961.512229,,5.0,1126.6932,0.0,3,1448.347,2026-04-24T14:34:27,2026-04-24T14:58:36,ok,pickles/nsga2/r203_21/run23.pkl,unknown,2
moead_ws,rc204_21,28,201091043,850000,850080,105,97,5343651.940264,,4.0,1074.1899,0.0,3,1696.266,2026-04-24T14:31:43,2026-04-24T14:59:59,ok,pickles/moead_ws/rc204_21/run28.pkl,unknown,2
nsga2,rc107_21,21,1987078231,850000,850080,105,105,4942262.078393,,15.0,1873.1152,0.0,8,737.018,2026-04-24T14:49:01,2026-04-24T15:01:18,ok,pickles/nsga2/rc107_21/run21.pkl,unknown,2
smsemoa,rc107_21,4,520802873,850000,850080,105,105,3304371.233051,,16.0,1878.0023,0.0,6,761.697,2026-04-24T14:48:44,2026-04-24T15:01:26,ok,pickles/smsemoa/rc107_21/run04.pkl,unknown,2
moead_ws,r107_21,28,1907639983,850000,850080,105,89,4360518.744115,,18.0,1792.2502,1.6491,7,832.799,2026-04-24T14:52:34,2026-04-24T15:06:26,ok,pickles/moead_ws/r107_21/run28.pkl,unknown,2
moead_ws,r103_21,10,1745224630,850000,850080,105,95,15488255.797958,,17.0,1773.6231,2.5767,10,873.783,2026-04-24T14:53:39,2026-04-24T15:08:12,ok,pickles/moead_ws/r103_21/run10.pkl,unknown,2
moead_ws,c207_21,22,3393533509,850000,850080,105,86,477208035.210089,,5.0,1061.1898,2446.7121,6,1578.48,2026-04-24T14:43:17,2026-04-24T15:09:35,ok,pickles/moead_ws/c207_21/run22.pkl,unknown,2
nsga2,r203_21,26,378257953,850000,850080,105,105,7884903.403619,,5.0,982.3226,0.0,4,1321.264,2026-04-24T14:50:23,2026-04-24T15:12:25,ok,pickles/nsga2/r203_21/run26.pkl,unknown,2
smsemoa,rc102_21,8,4106338418,850000,850080,105,105,27440237.583414,,16.0,1855.7299,0.0,12,717.441,2026-04-24T15:01:26,2026-04-24T15:13:23,ok,pickles/smsemoa/rc102_21/run08.pkl,unknown,2
nsga2,r103_21,5,2301108717,850000,850080,105,105,9168303.120379,,17.0,1714.113,0.0,11,728.771,2026-04-24T15:01:18,2026-04-24T15:13:26,ok,pickles/nsga2/r103_21/run05.pkl,unknown,2
smsemoa,rc108_21,9,1295748674,850000,850080,105,105,1596305.412535,,14.0,1707.1802,0.0,6,813.061,2026-04-24T14:59:59,2026-04-24T15:13:32,ok,pickles/smsemoa/rc108_21/run09.pkl,unknown,2
nsga2,r203_21,27,4232321074,850000,850080,105,105,5338908.45751,,4.0,976.7674,0.0,3,1333.36,2026-04-24T14:51:33,2026-04-24T15:13:46,ok,pickles/nsga2/r203_21/run27.pkl,unknown,2
nsga2,r202_21,30,509768354,850000,850080,105,105,19281942.83998,,4.0,969.6079,0.0,5,1220.96,2026-04-24T14:55:17,2026-04-24T15:15:38,ok,pickles/nsga2/r202_21/run30.pkl,unknown,2
smsemoa,rc204_21,14,3683473834,850000,850080,105,105,908105.267986,,4.0,1007.6557,0.0,3,1676.318,2026-04-24T14:47:55,2026-04-24T15:15:52,ok,pickles/smsemoa/rc204_21/run14.pkl,unknown,2
nsga2,r202_21,9,1731901246,850000,850080,105,105,8458620.793526,,5.0,1054.9809,0.0,3,1236.704,2026-04-24T14:58:07,2026-04-24T15:18:44,ok,pickles/nsga2/r202_21/run09.pkl,unknown,2
nsga2,rc108_21,16,3830370848,850000,850080,105,105,2239034.531066,,14.0,1712.3081,0.0,6,766.524,2026-04-24T15:09:35,2026-04-24T15:22:22,ok,pickles/nsga2/rc108_21/run16.pkl,unknown,2
smsemoa,r203_21,9,2963181165,850000,850080,105,105,6041873.779621,,4.0,963.9503,0.0,3,1450.763,2026-04-24T14:58:36,2026-04-24T15:22:47,ok,pickles/smsemoa/r203_21/run09.pkl,unknown,2
nsga2,rc102_21,11,3032732839,850000,850080,105,105,19085280.992653,,20.0,2284.4616,4.8889,11,712.485,2026-04-24T15:13:46,2026-04-24T15:25:39,ok,pickles/nsga2/rc102_21/run11.pkl,unknown,2
nsga2,rc102_21,27,1281456928,850000,850080,105,105,28346598.923736,,17.0,2010.6103,0.0,13,684.369,2026-04-24T15:15:52,2026-04-24T15:27:16,ok,pickles/nsga2/rc102_21/run27.pkl,unknown,2
smsemoa,r203_21,7,1568784554,850000,850080,105,105,1965474.953151,,5.0,1009.8467,0.0,2,1302.406,2026-04-24T15:06:26,2026-04-24T15:28:09,ok,pickles/smsemoa/r203_21/run07.pkl,unknown,2
smsemoa,rc107_21,30,2003466745,850000,850080,105,105,5167476.223146,,15.0,1833.3476,0.0,7,755.597,2026-04-24T15:18:44,2026-04-24T15:31:20,ok,pickles/smsemoa/rc107_21/run30.pkl,unknown,2
smsemoa,c206_21,2,2539489599,850000,850080,105,100,95983663.34955,,4.0,965.8227,0.0,5,1454.024,2026-04-24T15:08:12,2026-04-24T15:32:27,ok,pickles/smsemoa/c206_21/run02.pkl,unknown,2
nsga2,rc102_21,17,1914242882,850000,850080,105,105,36369315.368291,,18.0,2161.2231,6.6622,14,675.648,2026-04-24T15:22:22,2026-04-24T15:33:37,ok,pickles/nsga2/rc102_21/run17.pkl,unknown,2
smsemoa,r202_21,17,3896840177,850000,850080,105,105,12529430.532887,,4.0,1096.58,0.0,4,1269.942,2026-04-24T15:13:23,2026-04-24T15:34:33,ok,pickles/smsemoa/r202_21/run17.pkl,unknown,2
nsga2,r103_21,14,2172504172,850000,850080,105,105,11003397.29637,,16.0,1712.6214,0.0,10,751.538,2026-04-24T15:22:47,2026-04-24T15:35:18,ok,pickles/nsga2/r103_21/run14.pkl,unknown,2
smsemoa,c206_21,13,1997997200,850000,850080,105,105,29482555.92577,,5.0,1096.4295,179.1579,3,1446.893,2026-04-24T15:12:25,2026-04-24T15:36:31,ok,pickles/smsemoa/c206_21/run13.pkl,unknown,2
nsga2,rc108_21,8,2543150193,850000,850080,105,105,1121322.216393,,14.0,1687.933,0.0,4,774.708,2026-04-24T15:25:39,2026-04-24T15:38:34,ok,pickles/nsga2/rc108_21/run08.pkl,unknown,2
nsga2,c206_21,11,179261311,850000,850080,105,105,46562565.630543,,4.0,923.3296,173.957,4,1483.077,2026-04-24T15:15:38,2026-04-24T15:40:21,ok,pickles/nsga2/c206_21/run11.pkl,unknown,2
smsemoa,rc107_21,15,1592960329,850000,850080,105,82,872233.798538,,16.0,1700.3723,0.0,4,791.031,2026-04-24T15:27:16,2026-04-24T15:40:27,ok,pickles/smsemoa/rc107_21/run15.pkl,unknown,2
smsemoa,rc204_21,2,1454753603,850000,850080,105,105,1138550.923311,,4.0,1062.7395,0.0,3,1667.925,2026-04-24T15:13:32,2026-04-24T15:41:20,ok,pickles/smsemoa/rc204_21/run02.pkl,unknown,2
nsga2,rc204_21,25,1448078923,850000,850080,105,105,1531116.420426,,3.0,1158.8599,0.0,3,1715.237,2026-04-24T15:13:26,2026-04-24T15:42:02,ok,pickles/nsga2/rc204_21/run25.pkl,unknown,2
moead_ws,r107_21,20,3896019105,850000,850080,105,99,10988340.327152,,17.0,1662.0704,1.7456,7,859.432,2026-04-24T15:28:09,2026-04-24T15:42:29,ok,pickles/moead_ws/r107_21/run20.pkl,unknown,2
smsemoa,r102_21,18,2852097840,850000,850080,105,105,13918370.193656,,21.0,1855.5218,63.5612,11,711.747,2026-04-24T15:32:27,2026-04-24T15:44:18,ok,pickles/smsemoa/r102_21/run18.pkl,unknown,2
nsga2,rc107_21,28,1409176076,850000,850080,105,105,3503362.130535,,16.0,1984.6746,0.0,7,737.262,2026-04-24T15:34:33,2026-04-24T15:46:50,ok,pickles/nsga2/rc107_21/run28.pkl,unknown,2
smsemoa,rc102_21,30,3548626174,850000,850080,105,105,34515758.406091,,16.0,2035.6893,3.2602,17,740.487,2026-04-24T15:36:31,2026-04-24T15:48:52,ok,pickles/smsemoa/rc102_21/run30.pkl,unknown,2
moead_ws,r107_21,7,2294378996,850000,850080,105,99,1631838.126972,,20.0,1966.5919,0.0,5,886.724,2026-04-24T15:35:19,2026-04-24T15:50:05,ok,pickles/moead_ws/r107_21/run07.pkl,unknown,2
nsga2,r102_21,21,162157296,850000,850080,105,105,13236780.043735,,18.0,1680.4675,0.0,12,697.817,2026-04-24T15:38:34,2026-04-24T15:50:12,ok,pickles/nsga2/r102_21/run21.pkl,unknown,2
nsga2,r102_21,19,3548049180,850000,850080,105,105,30090622.935461,,17.0,1726.2471,1.6569,17,685.077,2026-04-24T15:40:21,2026-04-24T15:51:46,ok,pickles/nsga2/r102_21/run19.pkl,unknown,2
nsga2,r202_21,18,289606072,850000,850080,105,105,20970550.861186,,5.0,1059.2064,0.0,3,1189.592,2026-04-24T15:33:37,2026-04-24T15:53:27,ok,pickles/nsga2/r202_21/run18.pkl,unknown,2
smsemoa,rc108_21,14,2417082914,850000,850080,105,105,2462248.536138,,15.0,1757.9432,0.0,5,815.935,2026-04-24T15:40:27,2026-04-24T15:54:03,ok,pickles/smsemoa/rc108_21/run14.pkl,unknown,2
moead_ws,r102_21,6,3587595481,850000,850080,105,99,42680255.027639,,20.0,1988.4277,38.6938,14,831.123,2026-04-24T15:41:21,2026-04-24T15:55:12,ok,pickles/moead_ws/r102_21/run06.pkl,unknown,2
moead_ws,r203_21,23,3459302058,850000,850080,105,98,19170149.175158,,6.0,1016.6981,0.0,3,1527.385,2026-04-24T15:31:20,2026-04-24T15:56:47,ok,pickles/moead_ws/r203_21/run23.pkl,unknown,2
smsemoa,rc102_21,16,4533213,850000,850080,104,104,23419647.024317,,19.0,2297.9259,10.9274,12,740.785,2026-04-24T15:46:50,2026-04-24T15:59:11,ok,pickles/smsemoa/rc102_21/run16.pkl,unknown,2
smsemoa,rc107_21,5,2360186476,850000,850080,105,105,4621536.902059,,18.0,2079.1549,3.188,6,766.516,2026-04-24T15:48:52,2026-04-24T16:01:39,ok,pickles/smsemoa/rc107_21/run05.pkl,unknown,2
smsemoa,r202_21,5,1157525598,850000,850080,105,105,47998613.823485,,5.0,1129.1826,0.0,5,1180.879,2026-04-24T15:42:02,2026-04-24T16:01:43,ok,pickles/smsemoa/r202_21/run05.pkl,unknown,2
smsemoa,rc107_21,29,1730908819,850000,850080,105,105,3845516.646608,,15.0,1847.1344,0.0,7,789.413,2026-04-24T15:50:05,2026-04-24T16:03:15,ok,pickles/smsemoa/rc107_21/run29.pkl,unknown,2
nsga2,rc102_21,2,1603837853,850000,850080,105,105,44396211.766832,,18.0,2108.3293,2.5536,14,715.467,2026-04-24T15:54:03,2026-04-24T16:05:58,ok,pickles/nsga2/rc102_21/run02.pkl,unknown,2
nsga2,c207_21,30,3918721081,850000,850080,105,105,43715803.440879,,5.0,1135.7261,0.0,4,1453.032,2026-04-24T15:42:29,2026-04-24T16:06:42,ok,pickles/nsga2/c207_21/run30.pkl,unknown,2
moead_ws,rc108_21,30,1718808935,850000,850080,105,93,1342360.29874,,16.0,1965.5288,0.0,5,904.427,2026-04-24T15:51:46,2026-04-24T16:06:51,ok,pickles/moead_ws/rc108_21/run30.pkl,unknown,2
smsemoa,rc107_21,6,3309646910,850000,850080,105,105,4369864.903752,,15.0,1815.3011,0.0,6,775.111,2026-04-24T15:55:12,2026-04-24T16:08:07,ok,pickles/smsemoa/rc107_21/run06.pkl,unknown,2
nsga2,c207_21,9,3592218794,850000,850080,105,79,4445497.073992,,4.0,734.9166,0.0,2,1655.093,2026-04-24T15:44:18,2026-04-24T16:11:53,ok,pickles/nsga2/c207_21/run09.pkl,unknown,2
smsemoa,rc108_21,29,3435465895,850000,850080,105,105,3040629.739296,,14.0,1794.5113,0.0,7,817.817,2026-04-24T16:01:43,2026-04-24T16:15:20,ok,pickles/smsemoa/rc108_21/run29.pkl,unknown,2
moead_ws,r203_21,10,1989777656,850000,850080,105,104,6549912.694734,,5.0,1012.3793,0.0,3,1320.818,2026-04-24T15:53:27,2026-04-24T16:15:28,ok,pickles/moead_ws/r203_21/run10.pkl,unknown,2
moead_ws,c207_21,12,3513975252,850000,850080,105,93,70089196.676164,,5.0,1132.0686,5683.8446,3,1781.788,2026-04-24T15:50:12,2026-04-24T16:19:54,ok,pickles/moead_ws/c207_21/run12.pkl,unknown,2
moead_ws,rc108_21,1,2719824165,850000,850080,105,93,12145189.518575,,16.0,1911.1286,0.0,7,912.687,2026-04-24T16:06:51,2026-04-24T16:22:04,ok,pickles/moead_ws/rc108_21/run01.pkl,unknown,2
nsga2,c206_21,30,3716397882,850000,850080,105,105,76846176.335486,,4.0,1066.5192,339.6348,4,1582.524,2026-04-24T15:56:47,2026-04-24T16:23:10,ok,pickles/nsga2/c206_21/run30.pkl,unknown,2
nsga2,rc204_21,10,2804143500,850000,850080,105,105,3494062.586826,,4.0,1055.2338,0.0,3,1547.002,2026-04-24T15:59:11,2026-04-24T16:24:58,ok,pickles/nsga2/rc204_21/run10.pkl,unknown,2
moead_ws,r202_21,17,3332357725,850000,850080,105,97,37260444.576805,,6.0,1097.3978,0.0,4,1219.069,2026-04-24T16:05:59,2026-04-24T16:26:18,ok,pickles/moead_ws/r202_21/run17.pkl,unknown,2
moead_ws,r202_21,29,1980658696,850000,850080,105,97,34358990.155519,,7.0,1210.9196,12.3975,4,1192.349,2026-04-24T16:06:42,2026-04-24T16:26:35,ok,pickles/moead_ws/r202_21/run29.pkl,unknown,2
smsemoa,c206_21,5,1580618632,850000,850080,105,105,17667434.880893,,4.0,876.3734,55.3105,3,1541.065,2026-04-24T16:01:39,2026-04-24T16:27:20,ok,pickles/smsemoa/c206_21/run05.pkl,unknown,2
nsga2,r107_21,5,4029830310,850000,850080,105,105,2713292.916751,,15.0,1576.1091,0.0,8,719.36,2026-04-24T16:15:20,2026-04-24T16:27:20,ok,pickles/nsga2/r107_21/run05.pkl,unknown,2
nsga2,rc204_21,11,850850678,850000,850080,105,105,3027687.690745,,4.0,1105.7448,0.0,3,1540.457,2026-04-24T16:03:15,2026-04-24T16:28:55,ok,pickles/nsga2/rc204_21/run11.pkl,unknown,2
smsemoa,r202_21,21,2563796420,850000,850080,105,105,47036365.123023,,4.0,1025.5244,0.0,5,1267.859,2026-04-24T16:08:07,2026-04-24T16:29:15,ok,pickles/smsemoa/r202_21/run21.pkl,unknown,2
smsemoa,rc108_21,10,2654058043,850000,850080,105,105,1645250.134937,,13.0,1532.333,0.0,6,806.647,2026-04-24T16:19:54,2026-04-24T16:33:21,ok,pickles/smsemoa/rc108_21/run10.pkl,unknown,2
moead_ws,c206_21,2,1207931731,850000,850080,105,105,110863430.036543,,5.0,1111.1237,1296.5171,3,1457.31,2026-04-24T16:11:54,2026-04-24T16:36:11,ok,pickles/moead_ws/c206_21/run02.pkl,unknown,2
smsemoa,r103_21,15,3886586334,850000,850080,105,105,10223495.280086,,17.0,1759.4614,8.1983,11,774.353,2026-04-24T16:24:58,2026-04-24T16:37:53,ok,pickles/smsemoa/r103_21/run15.pkl,unknown,2
moead_ws,rc108_21,24,2733488584,850000,850080,105,94,7444891.24612,,15.0,1887.3042,0.0,7,905.825,2026-04-24T16:23:11,2026-04-24T16:38:16,ok,pickles/moead_ws/rc108_21/run24.pkl,unknown,2
smsemoa,r203_21,6,1617263439,850000,850080,105,104,10475000.69806,,4.0,1035.2743,0.0,4,1406.574,2026-04-24T16:15:28,2026-04-24T16:38:55,ok,pickles/smsemoa/r203_21/run06.pkl,unknown,2
smsemoa,rc108_21,25,2729927444,850000,850080,105,105,2138831.278429,,14.0,1730.067,0.0,6,809.404,2026-04-24T16:26:18,2026-04-24T16:39:47,ok,pickles/smsemoa/rc108_21/run25.pkl,unknown,2
moead_ws,r102_21,14,2672094037,850000,850080,105,96,48042092.335546,,20.0,1950.6124,99.9327,14,809.69,2026-04-24T16:26:35,2026-04-24T16:40:05,ok,pickles/moead_ws/r102_21/run14.pkl,unknown,2
nsga2,r107_21,15,1073852772,850000,850080,105,105,3163176.772819,,17.0,1634.7342,0.0,8,708.727,2026-04-24T16:28:55,2026-04-24T16:40:44,ok,pickles/nsga2/r107_21/run15.pkl,unknown,2
moead_ws,r103_21,20,4112929021,850000,850080,105,90,28021506.258306,,18.0,1920.2972,12.1309,13,876.366,2026-04-24T16:27:20,2026-04-24T16:41:56,ok,pickles/moead_ws/r103_21/run20.pkl,unknown,2
nsga2,c206_21,4,2949527330,850000,850080,105,105,26407146.087768,,4.0,896.7761,0.0,3,1502.478,2026-04-24T16:22:04,2026-04-24T16:47:07,ok,pickles/nsga2/c206_21/run04.pkl,unknown,2
nsga2,r102_21,6,524994773,850000,850080,105,105,28687101.853701,,18.0,1814.7278,19.0884,15,670.801,2026-04-24T16:37:53,2026-04-24T16:49:03,ok,pickles/nsga2/r102_21/run06.pkl,unknown,2
smsemoa,c206_21,1,2220044665,850000,850080,105,105,24883811.463868,,5.0,952.1908,0.0,3,1349.641,2026-04-24T16:27:20,2026-04-24T16:49:49,ok,pickles/smsemoa/c206_21/run01.pkl,unknown,2
nsga2,rc107_21,9,728892089,850000,850080,105,105,2254665.273592,,16.0,1822.8192,0.0,6,740.275,2026-04-24T16:38:55,2026-04-24T16:51:15,ok,pickles/nsga2/rc107_21/run09.pkl,unknown,2
moead_ws,rc107_21,23,2559115767,850000,850080,105,97,7564558.235032,,16.0,1869.8257,0.0,8,866.967,2026-04-24T16:38:17,2026-04-24T16:52:44,ok,pickles/moead_ws/rc107_21/run23.pkl,unknown,2
nsga2,rc204_21,16,878791702,850000,850080,105,105,2463177.359563,,3.0,1063.978,0.0,4,1754.331,2026-04-24T16:29:15,2026-04-24T16:58:29,ok,pickles/nsga2/rc204_21/run16.pkl,unknown,2
smsemoa,c207_21,10,1184136236,850000,850080,105,105,7682711.920702,,4.0,859.0724,0.0,3,1502.683,2026-04-24T16:36:11,2026-04-24T17:01:14,ok,pickles/smsemoa/c207_21/run10.pkl,unknown,2
smsemoa,rc204_21,10,3882764725,850000,850080,105,105,2556550.562458,,3.0,904.5635,0.0,3,1703.257,2026-04-24T16:33:21,2026-04-24T17:01:44,ok,pickles/smsemoa/rc204_21/run10.pkl,unknown,2
nsga2,rc108_21,19,308245376,850000,850080,105,81,713113.730769,,15.0,1741.1325,0.0,3,771.383,2026-04-24T16:49:49,2026-04-24T17:02:41,ok,pickles/nsga2/rc108_21/run19.pkl,unknown,2
smsemoa,r203_21,4,3349634483,850000,850080,105,105,4518598.099678,,4.0,1094.3286,0.0,3,1370.798,2026-04-24T16:40:05,2026-04-24T17:02:56,ok,pickles/smsemoa/r203_21/run04.pkl,unknown,2
moead_ws,c206_21,14,3619198152,850000,850080,105,84,31780440.066228,,5.0,1076.4829,1504.5937,3,1360.809,2026-04-24T16:40:45,2026-04-24T17:03:25,ok,pickles/moead_ws/c206_21/run14.pkl,unknown,2
moead_ws,r203_21,15,2129448517,850000,850080,105,102,20474240.407113,,5.0,927.133,0.0,4,1493.876,2026-04-24T16:39:48,2026-04-24T17:04:42,ok,pickles/moead_ws/r203_21/run15.pkl,unknown,2
moead_ws,r203_21,5,3688604984,850000,850080,105,94,10007019.509091,,5.0,1142.2967,0.0,3,1371.499,2026-04-24T16:41:57,2026-04-24T17:04:49,ok,pickles/moead_ws/r203_21/run05.pkl,unknown,2
smsemoa,rc108_21,24,3439956113,850000,850080,105,105,3461860.154591,,15.0,1819.4197,0.0,5,808.986,2026-04-24T16:52:44,2026-04-24T17:06:13,ok,pickles/smsemoa/rc108_21/run24.pkl,unknown,2
nsga2,c207_21,26,2905157001,850000,850080,105,105,20326309.151196,,5.0,1041.6388,0.0,3,1416.127,2026-04-24T16:47:07,2026-04-24T17:10:43,ok,pickles/nsga2/c207_21/run26.pkl,unknown,2
nsga2,rc108_21,21,2032153806,850000,850080,105,105,1962520.366555,,15.0,1878.934,0.0,5,759.524,2026-04-24T16:58:29,2026-04-24T17:11:09,ok,pickles/nsga2/rc108_21/run21.pkl,unknown,2
nsga2,r203_21,13,3680401347,850000,850080,105,105,10993218.130797,,4.0,1049.5324,0.0,4,1381.731,2026-04-24T16:49:03,2026-04-24T17:12:05,ok,pickles/nsga2/r203_21/run13.pkl,unknown,2
smsemoa,rc102_21,5,3544083084,850000,850080,105,105,19245441.635435,,17.0,2052.0715,15.1509,11,733.128,2026-04-24T17:01:14,2026-04-24T17:13:27,ok,pickles/smsemoa/rc102_21/run05.pkl,unknown,2
smsemoa,c207_21,11,2355574670,850000,850080,105,105,58177086.406806,,4.0,947.9275,0.0,4,1414.523,2026-04-24T16:51:15,2026-04-24T17:14:50,ok,pickles/smsemoa/c207_21/run11.pkl,unknown,2
smsemoa,rc108_21,22,2172836297,850000,850080,105,92,637447.166926,,14.0,1630.9824,0.0,4,806.741,2026-04-24T17:02:41,2026-04-24T17:16:08,ok,pickles/smsemoa/rc108_21/run22.pkl,unknown,2
moead_ws,rc108_21,26,534958345,850000,850080,105,88,3880834.967885,,15.0,1862.7491,0.0,6,901.604,2026-04-24T17:01:44,2026-04-24T17:16:46,ok,pickles/moead_ws/rc108_21/run26.pkl,unknown,2
moead_ws,r103_21,23,2297893787,850000,850080,105,95,14883142.636233,,18.0,1798.6718,9.4403,10,902.825,2026-04-24T17:03:26,2026-04-24T17:18:29,ok,pickles/moead_ws/r103_21/run23.pkl,unknown,2
nsga2,r102_21,11,1307371949,850000,850080,105,105,32659490.480842,,18.0,1939.0092,4.3234,17,697.45,2026-04-24T17:11:09,2026-04-24T17:22:46,ok,pickles/nsga2/r102_21/run11.pkl,unknown,2
nsga2,rc107_21,2,67122123,850000,850080,105,105,4052652.079625,,16.0,1812.869,0.0,6,756.126,2026-04-24T17:10:43,2026-04-24T17:23:19,ok,pickles/nsga2/rc107_21/run02.pkl,unknown,2
nsga2,rc107_21,20,1706449745,850000,850080,105,105,4292507.435031,,15.0,1759.1225,0.0,6,740.935,2026-04-24T17:12:05,2026-04-24T17:24:26,ok,pickles/nsga2/rc107_21/run20.pkl,unknown,2
nsga2,r202_21,5,3986282191,850000,850080,105,105,6590040.697994,,5.0,1183.7454,0.0,3,1245.786,2026-04-24T17:04:49,2026-04-24T17:25:34,ok,pickles/nsga2/r202_21/run05.pkl,unknown,2
nsga2,rc107_21,23,2748017428,850000,850080,105,105,4829030.521352,,16.0,1918.8262,0.0,7,736.363,2026-04-24T17:13:27,2026-04-24T17:25:43,ok,pickles/nsga2/rc107_21/run23.pkl,unknown,2
nsga2,r203_21,15,1059873564,850000,850080,105,105,2701251.09555,,4.0,1028.6815,0.0,3,1452.523,2026-04-24T17:02:56,2026-04-24T17:27:08,ok,pickles/nsga2/r203_21/run15.pkl,unknown,2
moead_ws,r203_21,30,1907494259,850000,850080,105,93,9315691.179729,,5.0,1157.8611,0.0,4,1406.048,2026-04-24T17:04:42,2026-04-24T17:28:08,ok,pickles/moead_ws/r203_21/run30.pkl,unknown,2
nsga2,r107_21,10,53119214,850000,850080,105,105,2627517.992395,,15.0,1606.7779,0.0,7,723.65,2026-04-24T17:16:46,2026-04-24T17:28:50,ok,pickles/nsga2/r107_21/run10.pkl,unknown,2
smsemoa,r102_21,6,3080630278,850000,850080,105,105,29636705.611971,,19.0,1707.2934,3.9942,15,712.388,2026-04-24T17:18:29,2026-04-24T17:30:21,ok,pickles/smsemoa/r102_21/run06.pkl,unknown,2
nsga2,c207_21,7,736800189,850000,850080,105,105,43789308.114826,,4.0,982.1755,0.0,5,1600.885,2026-04-24T17:06:13,2026-04-24T17:32:54,ok,pickles/nsga2/c207_21/run07.pkl,unknown,2
nsga2,rc102_21,23,43656986,850000,850080,105,105,22155399.449463,,18.0,2103.4178,0.0,12,700.71,2026-04-24T17:23:19,2026-04-24T17:35:00,ok,pickles/nsga2/rc102_21/run23.pkl,unknown,2
smsemoa,r103_21,22,4053111272,850000,850080,105,105,6522658.582863,,16.0,1677.6594,1.8359,10,782.911,2026-04-24T17:24:26,2026-04-24T17:37:29,ok,pickles/smsemoa/r103_21/run22.pkl,unknown,2
smsemoa,r107_21,29,3970723300,850000,850080,105,105,4317205.207235,,15.0,1720.8795,0.0,9,789.235,2026-04-24T17:25:34,2026-04-24T17:38:44,ok,pickles/smsemoa/r107_21/run29.pkl,unknown,2
nsga2,c206_21,18,3414780188,850000,850080,105,105,387055208.593477,,4.0,1037.6256,60.7186,5,1421.502,2026-04-24T17:16:08,2026-04-24T17:39:49,ok,pickles/nsga2/c206_21/run18.pkl,unknown,2
moead_ws,rc108_21,19,2144829747,850000,850080,105,97,2291336.87907,,15.0,1829.3521,0.0,6,931.168,2026-04-24T17:25:44,2026-04-24T17:41:15,ok,pickles/moead_ws/rc108_21/run19.pkl,unknown,2
nsga2,rc204_21,4,967172407,850000,850080,105,105,1746918.834185,,3.0,1077.4338,0.0,3,1711.547,2026-04-24T17:14:50,2026-04-24T17:43:21,ok,pickles/nsga2/rc204_21/run04.pkl,unknown,2
smsemoa,c206_21,23,1713694568,850000,850080,105,105,56501234.608738,,5.0,1074.0139,43.6022,4,1333.747,2026-04-24T17:22:46,2026-04-24T17:45:00,ok,pickles/smsemoa/c206_21/run23.pkl,unknown,2
nsga2,rc107_21,1,3514224728,850000,850080,105,105,2299946.801356,,15.0,1764.4622,0.0,6,748.028,2026-04-24T17:32:54,2026-04-24T17:45:22,ok,pickles/nsga2/rc107_21/run01.pkl,unknown,2
moead_ws,rc108_21,9,101327658,850000,850080,105,90,10967469.724763,,15.0,1814.4648,0.0,6,930.855,2026-04-24T17:30:22,2026-04-24T17:45:53,ok,pickles/moead_ws/rc108_21/run09.pkl,unknown,2
nsga2,r203_21,6,3068820310,850000,850080,105,105,8946344.612466,,4.0,1085.5977,0.0,5,1311.226,2026-04-24T17:27:08,2026-04-24T17:49:00,ok,pickles/nsga2/r203_21/run06.pkl,unknown,2
moead_ws,rc102_21,12,1509155226,850000,850080,105,103,43265644.020562,,20.0,2302.4146,2.8423,11,828.179,2026-04-24T17:37:29,2026-04-24T17:51:18,ok,pickles/moead_ws/rc102_21/run12.pkl,unknown,2
smsemoa,r103_21,6,2433532021,850000,850080,105,105,13816718.833501,,16.0,1630.125,6.377,13,777.121,2026-04-24T17:38:44,2026-04-24T17:51:41,ok,pickles/smsemoa/r103_21/run06.pkl,unknown,2
nsga2,rc108_21,25,2083259928,850000,850080,105,105,845724.613249,,15.0,1719.9748,0.0,4,776.798,2026-04-24T17:39:49,2026-04-24T17:52:46,ok,pickles/nsga2/rc108_21/run25.pkl,unknown,2
nsga2,r203_21,8,1555822583,850000,850080,105,105,8040309.775843,,4.0,1099.3733,0.0,4,1453.616,2026-04-24T17:28:50,2026-04-24T17:53:03,ok,pickles/nsga2/r203_21/run08.pkl,unknown,2
smsemoa,r103_21,23,1887053465,850000,850080,105,105,11468430.152732,,16.0,1648.6307,0.0,10,770.017,2026-04-24T17:41:15,2026-04-24T17:54:05,ok,pickles/smsemoa/r103_21/run23.pkl,unknown,2
smsemoa,r202_21,23,3790908317,850000,850080,105,105,19727742.32872,,5.0,1047.8565,0.0,3,1217.46,2026-04-24T17:35:00,2026-04-24T17:55:17,ok,pickles/smsemoa/r202_21/run23.pkl,unknown,2
nsga2,rc108_21,7,3482270340,850000,850080,105,94,1696885.642851,,16.0,1860.4875,0.0,5,787.575,2026-04-24T17:43:21,2026-04-24T17:56:29,ok,pickles/nsga2/rc108_21/run07.pkl,unknown,2
smsemoa,rc204_21,29,1804656099,850000,850080,105,104,2864190.405146,,3.0,971.5604,0.0,4,1757.811,2026-04-24T17:28:08,2026-04-24T17:57:26,ok,pickles/smsemoa/rc204_21/run29.pkl,unknown,2
smsemoa,r102_21,25,3725088492,850000,850080,105,105,27921701.46111,,19.0,1785.5896,29.9118,14,721.94,2026-04-24T17:45:53,2026-04-24T17:57:55,ok,pickles/smsemoa/r102_21/run25.pkl,unknown,2
moead_ws,rc107_21,16,141467043,850000,850080,105,100,4204914.966634,,15.0,1785.4648,0.0,4,877.72,2026-04-24T17:45:22,2026-04-24T18:00:00,ok,pickles/moead_ws/rc107_21/run16.pkl,unknown,2
nsga2,r107_21,22,2771854773,850000,850080,105,105,1763026.284796,,17.0,1765.0568,0.0,5,749.584,2026-04-24T17:51:18,2026-04-24T18:03:47,ok,pickles/nsga2/r107_21/run22.pkl,unknown,2
smsemoa,rc107_21,13,2572667983,850000,850080,105,105,3394478.107649,,15.0,1751.2645,0.2647,6,779.725,2026-04-24T17:53:03,2026-04-24T18:06:03,ok,pickles/smsemoa/rc107_21/run13.pkl,unknown,2
smsemoa,r203_21,11,819842573,850000,850080,105,105,3894620.881752,,4.0,1052.598,0.0,3,1350.672,2026-04-24T17:45:00,2026-04-24T18:07:31,ok,pickles/smsemoa/r203_21/run11.pkl,unknown,2
moead_ws,rc108_21,5,674364560,850000,850080,105,96,7219808.189461,,14.0,1807.5095,0.0,7,897.972,2026-04-24T17:52:46,2026-04-24T18:07:44,ok,pickles/moead_ws/rc108_21/run05.pkl,unknown,2
moead_ws,rc102_21,3,870954889,850000,850080,105,96,32555849.156747,,20.0,2415.4911,27.1493,13,858.045,2026-04-24T17:54:06,2026-04-24T18:08:24,ok,pickles/moead_ws/rc102_21/run03.pkl,unknown,2
nsga2,rc108_21,10,4166176992,850000,850080,105,105,1606041.213798,,15.0,1857.6175,0.0,5,763.378,2026-04-24T17:56:29,2026-04-24T18:09:12,ok,pickles/nsga2/rc108_21/run10.pkl,unknown,2
smsemoa,r203_21,21,1956575277,850000,850080,105,105,5087744.497003,,4.0,1035.8765,0.0,2,1372.879,2026-04-24T17:49:00,2026-04-24T18:11:53,ok,pickles/smsemoa/r203_21/run21.pkl,unknown,2
moead_ws,r107_21,10,2583504655,850000,850080,105,95,4108888.628615,,18.0,1672.4934,0.0,7,882.73,2026-04-24T18:00:01,2026-04-24T18:14:43,ok,pickles/moead_ws/r107_21/run10.pkl,unknown,2
nsga2,r203_21,7,3170222335,850000,850080,105,105,3044501.980759,,4.0,1098.5711,0.0,2,1363.82,2026-04-24T17:55:17,2026-04-24T18:18:01,ok,pickles/nsga2/r203_21/run07.pkl,unknown,2
nsga2,r107_21,26,2764974,850000,850080,105,105,2047377.46495,,16.0,1665.4617,0.0,6,729.339,2026-04-24T18:06:03,2026-04-24T18:18:12,ok,pickles/nsga2/r107_21/run26.pkl,unknown,2
moead_ws,rc108_21,11,350598931,850000,850080,105,96,6477719.16803,,15.0,1883.1248,0.0,7,940.706,2026-04-24T18:03:48,2026-04-24T18:19:29,ok,pickles/moead_ws/rc108_21/run11.pkl,unknown,2
nsga2,c207_21,18,3267449068,850000,850080,105,105,92655121.018122,,4.0,994.2798,0.0,5,1363.139,2026-04-24T17:57:55,2026-04-24T18:20:38,ok,pickles/nsga2/c207_21/run18.pkl,unknown,2
nsga2,rc204_21,1,2161781626,850000,850080,105,105,2501570.60476,,3.0,1059.5597,0.0,4,1756.65,2026-04-24T17:51:41,2026-04-24T18:20:57,ok,pickles/nsga2/rc204_21/run01.pkl,unknown,2
moead_ws,r102_21,4,2436384501,850000,850080,105,105,73043099.350264,,20.0,2055.7699,21.4804,17,835.88,2026-04-24T18:07:45,2026-04-24T18:21:41,ok,pickles/moead_ws/r102_21/run04.pkl,unknown,2
smsemoa,r107_21,2,727089062,850000,850080,105,105,6328284.272292,,14.0,1619.4441,0.0,8,759.169,2026-04-24T18:09:12,2026-04-24T18:21:51,ok,pickles/smsemoa/r107_21/run02.pkl,unknown,2
moead_ws,r103_21,17,1095590120,850000,850080,105,99,36232023.076284,,18.0,1642.0799,9.724,10,864.459,2026-04-24T18:07:31,2026-04-24T18:21:56,ok,pickles/moead_ws/r103_21/run17.pkl,unknown,2
moead_ws,rc204_21,1,433380654,850000,850080,105,91,10751338.074058,,4.0,977.3699,0.0,4,1655.549,2026-04-24T17:57:27,2026-04-24T18:25:02,ok,pickles/moead_ws/rc204_21/run01.pkl,unknown,2
moead_ws,rc102_21,6,244953006,850000,850080,105,103,50651165.018023,,21.0,2369.3585,2.6942,13,832.938,2026-04-24T18:14:44,2026-04-24T18:28:37,ok,pickles/moead_ws/rc102_21/run06.pkl,unknown,2
smsemoa,r107_21,26,2131726936,850000,850080,105,105,2298504.451796,,16.0,1619.7428,0.0,5,767.672,2026-04-24T18:20:57,2026-04-24T18:33:45,ok,pickles/smsemoa/r107_21/run26.pkl,unknown,2
smsemoa,rc108_21,8,2943037009,850000,850080,105,105,1708542.74873,,16.0,1862.2276,0.0,6,798.522,2026-04-24T18:20:38,2026-04-24T18:33:56,ok,pickles/smsemoa/rc108_21/run08.pkl,unknown,2
nsga2,rc204_21,19,1907790588,850000,850080,105,105,1323123.334563,,4.0,907.8751,0.0,2,1586.797,2026-04-24T18:08:24,2026-04-24T18:34:51,ok,pickles/nsga2/rc204_21/run19.pkl,unknown,2
moead_ws,c207_21,10,3085996047,850000,850080,105,99,114009359.802544,,5.0,1129.1055,2220.9221,3,1378.585,2026-04-24T18:11:53,2026-04-24T18:34:52,ok,pickles/moead_ws/c207_21/run10.pkl,unknown,2
smsemoa,r102_21,26,4101348801,850000,850080,105,105,11861193.495209,,19.0,1784.1797,16.5371,12,761.731,2026-04-24T18:25:02,2026-04-24T18:37:44,ok,pickles/smsemoa/r102_21/run26.pkl,unknown,2
smsemoa,c207_21,15,2473615192,850000,850080,105,105,81527281.835043,,5.0,1172.0951,0.0,5,1317.299,2026-04-24T18:18:01,2026-04-24T18:39:58,ok,pickles/smsemoa/c207_21/run15.pkl,unknown,2
moead_ws,rc102_21,8,3353492841,850000,850080,105,100,84668965.439581,,19.0,2253.8765,8.9477,18,838.68,2026-04-24T18:28:37,2026-04-24T18:42:36,ok,pickles/moead_ws/rc102_21/run08.pkl,unknown,2
nsga2,r203_21,9,208353516,850000,850080,105,105,13321508.976545,,4.0,993.7925,0.0,4,1373.751,2026-04-24T18:21:51,2026-04-24T18:44:45,ok,pickles/nsga2/r203_21/run09.pkl,unknown,2
moead_ws,r202_21,21,3698373664,850000,850080,105,100,35486010.951732,,5.0,1043.5384,0.0,4,1451.541,2026-04-24T18:21:41,2026-04-24T18:45:53,ok,pickles/moead_ws/r202_21/run21.pkl,unknown,2
nsga2,rc204_21,8,2776800961,850000,850080,105,105,1349158.905701,,4.0,1117.0249,0.0,2,1685.681,2026-04-24T18:18:12,2026-04-24T18:46:18,ok,pickles/nsga2/rc204_21/run08.pkl,unknown,2
nsga2,rc204_21,21,1548678116,850000,850080,105,105,1785149.676854,,4.0,1296.8182,0.0,3,1503.58,2026-04-24T18:21:56,2026-04-24T18:46:59,ok,pickles/nsga2/rc204_21/run21.pkl,unknown,2
moead_ws,rc204_21,25,1601286642,850000,850080,105,102,6575491.514168,,4.0,949.7491,0.0,4,1694.958,2026-04-24T18:19:29,2026-04-24T18:47:44,ok,pickles/moead_ws/rc204_21/run25.pkl,unknown,2
moead_ws,rc108_21,25,3113292875,850000,850080,105,101,3927743.128092,,15.0,1867.7466,0.0,5,910.429,2026-04-24T18:33:46,2026-04-24T18:48:56,ok,pickles/moead_ws/rc108_21/run25.pkl,unknown,2
smsemoa,rc102_21,6,3135308953,850000,850080,105,105,28418619.563719,,19.0,2189.0656,13.0406,13,714.426,2026-04-24T18:39:58,2026-04-24T18:51:53,ok,pickles/smsemoa/rc102_21/run06.pkl,unknown,2
moead_ws,r103_21,12,68242995,850000,850080,105,96,25156687.509363,,18.0,1781.3399,0.2391,13,856.376,2026-04-24T18:37:45,2026-04-24T18:52:01,ok,pickles/moead_ws/r103_21/run12.pkl,unknown,2
smsemoa,c206_21,12,407678076,850000,850080,105,103,97705549.776864,,4.0,958.7819,0.0,6,1339.26,2026-04-24T18:33:56,2026-04-24T18:56:15,ok,pickles/smsemoa/c206_21/run12.pkl,unknown,2
smsemoa,c206_21,4,1148650538,850000,850080,105,105,84467335.885521,,5.0,1123.342,77.438,5,1329.007,2026-04-24T18:34:51,2026-04-24T18:57:00,ok,pickles/smsemoa/c206_21/run04.pkl,unknown,2
moead_ws,rc102_21,27,2754409533,850000,850080,105,102,21492677.46177,,22.0,2406.5863,22.111,11,841.164,2026-04-24T18:44:46,2026-04-24T18:58:47,ok,pickles/moead_ws/rc102_21/run27.pkl,unknown,2
moead_ws,c206_21,8,3584415028,850000,850080,105,105,360251918.016601,,5.0,1150.7569,1199.9683,5,1499.94,2026-04-24T18:34:52,2026-04-24T18:59:52,ok,pickles/moead_ws/c206_21/run08.pkl,unknown,2
moead_ws,r103_21,16,1770909472,850000,850080,105,102,9451051.047155,,18.0,1814.1297,13.1787,8,919.422,2026-04-24T18:46:19,2026-04-24T19:01:38,ok,pickles/moead_ws/r103_21/run16.pkl,unknown,2
moead_ws,r203_21,21,3448134746,850000,850080,105,102,58744594.926784,,5.0,1126.6546,0.0,5,1415.831,2026-04-24T18:42:37,2026-04-24T19:06:12,ok,pickles/moead_ws/r203_21/run21.pkl,unknown,2
smsemoa,r203_21,3,2302159960,850000,850080,105,105,30524597.261149,,4.0,1026.2551,0.0,5,1386.179,2026-04-24T18:45:53,2026-04-24T19:08:59,ok,pickles/smsemoa/r203_21/run03.pkl,unknown,2
nsga2,r103_21,28,747552325,850000,850080,105,105,8567407.56211,,16.0,1598.577,0.0,10,721.965,2026-04-24T18:57:00,2026-04-24T19:09:02,ok,pickles/nsga2/r103_21/run28.pkl,unknown,2
smsemoa,r203_21,24,3745644534,850000,850080,105,105,16644825.071001,,4.0,1035.1454,0.0,4,1312.098,2026-04-24T18:47:44,2026-04-24T19:09:36,ok,pickles/smsemoa/r203_21/run24.pkl,unknown,2
nsga2,r102_21,8,4208544674,850000,850080,105,105,19853069.950096,,20.0,1838.5504,10.455,13,670.646,2026-04-24T18:58:47,2026-04-24T19:09:58,ok,pickles/nsga2/r102_21/run08.pkl,unknown,2
moead_ws,r202_21,22,3865789709,850000,850080,105,95,41157532.961371,,6.0,1154.8037,0.0,4,1256.294,2026-04-24T18:52:02,2026-04-24T19:12:58,ok,pickles/moead_ws/r202_21/run22.pkl,unknown,2
moead_ws,r202_21,20,292351689,850000,850080,105,102,21707253.656556,,6.0,1069.9816,0.0,2,1516.897,2026-04-24T18:48:57,2026-04-24T19:14:13,ok,pickles/moead_ws/r202_21/run20.pkl,unknown,2
smsemoa,rc204_21,8,963089018,850000,850080,105,105,1386366.955069,,3.0,981.9129,0.0,3,1642.91,2026-04-24T18:46:59,2026-04-24T19:14:22,ok,pickles/smsemoa/rc204_21/run08.pkl,unknown,2
moead_ws,rc108_21,23,1787854353,850000,850080,105,98,5322766.360768,,16.0,2006.618,0.0,7,914.832,2026-04-24T19:01:39,2026-04-24T19:16:53,ok,pickles/moead_ws/rc108_21/run23.pkl,unknown,2
nsga2,rc204_21,23,701810848,850000,850080,105,105,4196423.022336,,4.0,1105.6637,0.0,4,1516.588,2026-04-24T18:51:53,2026-04-24T19:17:09,ok,pickles/nsga2/rc204_21/run23.pkl,unknown,2
nsga2,r202_21,27,1463829607,850000,850080,105,105,35867041.152408,,5.0,1099.9055,0.0,5,1130.485,2026-04-24T18:59:52,2026-04-24T19:18:43,ok,pickles/nsga2/r202_21/run27.pkl,unknown,2
smsemoa,rc107_21,19,3058990848,850000,850080,105,105,2652716.087303,,15.0,1769.704,0.0,6,786.576,2026-04-24T19:08:59,2026-04-24T19:22:06,ok,pickles/smsemoa/rc107_21/run19.pkl,unknown,2
moead_ws,rc204_21,7,2814999336,850000,850080,105,84,1539462.536759,,4.0,1264.9782,0.0,3,1565.715,2026-04-24T18:56:16,2026-04-24T19:22:22,ok,pickles/moead_ws/rc204_21/run07.pkl,unknown,2
moead_ws,r102_21,21,3271271138,850000,850080,105,104,44888814.142807,,22.0,2034.1541,33.9622,15,838.345,2026-04-24T19:09:37,2026-04-24T19:23:35,ok,pickles/moead_ws/r102_21/run21.pkl,unknown,2
smsemoa,rc108_21,5,627922671,850000,850080,105,105,2718579.071182,,13.0,1638.9816,0.0,7,804.233,2026-04-24T19:18:43,2026-04-24T19:32:07,ok,pickles/smsemoa/rc108_21/run05.pkl,unknown,2
nsga2,r202_21,28,1489483823,850000,850080,105,105,22885855.495198,,5.0,1035.9446,0.0,4,1068.915,2026-04-24T19:14:22,2026-04-24T19:32:11,ok,pickles/nsga2/r202_21/run28.pkl,unknown,2
moead_ws,r203_21,8,300001467,850000,850080,105,93,7927204.727339,,5.0,978.2252,0.0,4,1360.1,2026-04-24T19:09:58,2026-04-24T19:32:38,ok,pickles/moead_ws/r203_21/run08.pkl,unknown,2
moead_ws,rc204_21,8,2532343395,850000,850080,105,96,1667256.847133,,4.0,1248.1319,0.0,2,1606.364,2026-04-24T19:06:13,2026-04-24T19:32:59,ok,pickles/moead_ws/rc204_21/run08.pkl,unknown,2
moead_ws,c207_21,5,2202911810,850000,850080,105,98,34439394.530963,,5.0,1090.4839,637.7719,2,1669.942,2026-04-24T19:09:02,2026-04-24T19:36:52,ok,pickles/moead_ws/c207_21/run05.pkl,unknown,2
smsemoa,r203_21,14,2428707519,850000,850080,105,105,8716571.05632,,3.0,1032.9756,0.0,5,1425.798,2026-04-24T19:14:14,2026-04-24T19:37:59,ok,pickles/smsemoa/r203_21/run14.pkl,unknown,2
nsga2,c207_21,24,1898474075,850000,850080,105,105,118175573.597395,,5.0,1027.1219,0.0,5,1425.244,2026-04-24T19:16:53,2026-04-24T19:40:39,ok,pickles/nsga2/c207_21/run24.pkl,unknown,2
moead_ws,rc204_21,24,1124205595,850000,850080,105,98,7638896.753355,,4.0,1113.6006,0.0,5,1678.355,2026-04-24T19:12:58,2026-04-24T19:40:57,ok,pickles/moead_ws/rc204_21/run24.pkl,unknown,2
nsga2,rc204_21,3,2977450119,850000,850080,105,105,1273513.792847,,4.0,1136.0108,0.0,2,1642.719,2026-04-24T19:17:09,2026-04-24T19:44:32,ok,pickles/nsga2/rc204_21/run03.pkl,unknown,2
smsemoa,c206_21,26,2531319300,850000,850080,105,105,52731966.289319,,5.0,1086.5805,0.0,4,1332.987,2026-04-24T19:22:22,2026-04-24T19:44:35,ok,pickles/smsemoa/c206_21/run26.pkl,unknown,2
nsga2,r103_21,16,3357950825,850000,850080,105,105,7293705.19731,,16.0,1699.8474,0.9249,9,750.469,2026-04-24T19:32:38,2026-04-24T19:45:09,ok,pickles/nsga2/r103_21/run16.pkl,unknown,2
moead_ws,r203_21,24,112801572,850000,850080,105,98,8061496.320553,,5.0,1130.7395,0.0,3,1526.338,2026-04-24T19:22:06,2026-04-24T19:47:33,ok,pickles/moead_ws/r203_21/run24.pkl,unknown,2
moead_ws,c206_21,23,2472374420,850000,850080,105,103,42153957.4198,,5.0,1220.3033,2844.4034,2,1594.359,2026-04-24T19:23:36,2026-04-24T19:50:10,ok,pickles/moead_ws/c206_21/run23.pkl,unknown,2
smsemoa,rc107_21,3,352690276,850000,850080,105,105,9603339.167799,,14.0,1719.7844,0.0,10,770.915,2026-04-24T19:37:59,2026-04-24T19:50:50,ok,pickles/smsemoa/rc107_21/run03.pkl,unknown,2
moead_ws,r107_21,27,2597182915,850000,850080,105,102,3132578.206192,,18.0,1795.518,0.0,7,857.368,2026-04-24T19:40:39,2026-04-24T19:54:57,ok,pickles/moead_ws/r107_21/run27.pkl,unknown,2
moead_ws,c206_21,15,2974811097,850000,850080,105,105,182805310.23943,,5.0,1135.5747,198.4953,4,1370.379,2026-04-24T19:33:00,2026-04-24T19:55:50,ok,pickles/moead_ws/c206_21/run15.pkl,unknown,2
nsga2,rc102_21,30,1975943940,850000,850080,105,105,14299760.401537,,17.0,1962.8585,2.7697,10,681.227,2026-04-24T19:44:35,2026-04-24T19:55:56,ok,pickles/nsga2/rc102_21/run30.pkl,unknown,2
nsga2,c207_21,17,2819532163,850000,850080,105,105,54597089.362098,,4.0,974.1427,0.0,4,1450.652,2026-04-24T19:32:07,2026-04-24T19:56:18,ok,pickles/nsga2/c207_21/run17.pkl,unknown,2
nsga2,r202_21,10,2973516248,850000,850080,105,105,15971722.046837,,5.0,1201.1708,0.0,3,1221.811,2026-04-24T19:36:52,2026-04-24T19:57:14,ok,pickles/nsga2/r202_21/run10.pkl,unknown,2
smsemoa,c206_21,16,1901710008,850000,850080,105,101,17750723.969504,,4.0,975.4887,889.2731,3,1555.85,2026-04-24T19:32:11,2026-04-24T19:58:07,ok,pickles/smsemoa/c206_21/run16.pkl,unknown,2
smsemoa,r102_21,15,3606461069,850000,850080,105,105,8942615.708825,,20.0,1936.3058,47.7996,11,713.324,2026-04-24T19:47:33,2026-04-24T19:59:26,ok,pickles/smsemoa/r102_21/run15.pkl,unknown,2
moead_ws,r103_21,5,4104059004,850000,850080,105,98,7572418.633561,,19.0,1858.966,26.7881,8,907.846,2026-04-24T19:44:32,2026-04-24T19:59:40,ok,pickles/moead_ws/r103_21/run05.pkl,unknown,2
moead_ws,r202_21,3,2408619930,850000,850080,105,104,48334572.780369,,6.0,1081.8441,0.0,4,1254.75,2026-04-24T19:45:09,2026-04-24T20:06:04,ok,pickles/moead_ws/r202_21/run03.pkl,unknown,2
nsga2,rc102_21,25,99866084,850000,850080,105,105,34857430.785503,,19.0,2308.1136,0.0,14,697.846,2026-04-24T19:55:56,2026-04-24T20:07:34,ok,pickles/nsga2/rc102_21/run25.pkl,unknown,2
nsga2,rc204_21,18,2871270069,850000,850080,105,105,1533926.417485,,4.0,1219.2095,0.0,3,1605.521,2026-04-24T19:40:57,2026-04-24T20:07:42,ok,pickles/nsga2/rc204_21/run18.pkl,unknown,2
moead_ws,rc107_21,17,718749100,850000,850080,105,100,9159388.191735,,16.0,1949.0142,0.2395,8,858.092,2026-04-24T19:55:51,2026-04-24T20:10:09,ok,pickles/moead_ws/rc107_21/run17.pkl,unknown,2
smsemoa,r103_21,3,4012252900,850000,850080,105,105,7825521.285861,,16.0,1688.6144,0.0,9,780.166,2026-04-24T19:57:14,2026-04-24T20:10:14,ok,pickles/smsemoa/r103_21/run03.pkl,unknown,2
smsemoa,r202_21,30,3521981252,850000,850080,105,105,31032514.461233,,4.0,1125.7598,0.0,6,1375.685,2026-04-24T19:50:10,2026-04-24T20:13:06,ok,pickles/smsemoa/r202_21/run30.pkl,unknown,2
nsga2,c207_21,12,2370068629,850000,850080,105,105,8750699.747979,,5.0,991.2147,0.0,2,1398.941,2026-04-24T19:50:50,2026-04-24T20:14:09,ok,pickles/nsga2/c207_21/run12.pkl,unknown,2
moead_ws,r103_21,19,2005227049,850000,850080,105,101,12592552.850605,,20.0,1729.5588,44.988,11,924.585,2026-04-24T19:59:41,2026-04-24T20:15:05,ok,pickles/moead_ws/r103_21/run19.pkl,unknown,2
nsga2,r202_21,2,4272158679,850000,850080,105,105,17815376.270302,,5.0,1076.0697,0.0,4,1229.481,2026-04-24T19:59:26,2026-04-24T20:19:55,ok,pickles/nsga2/r202_21/run02.pkl,unknown,2
smsemoa,rc107_21,24,863131380,850000,850080,105,105,1875361.19061,,15.0,1746.6042,0.6125,5,751.506,2026-04-24T20:07:34,2026-04-24T20:20:05,ok,pickles/smsemoa/rc107_21/run24.pkl,unknown,2
nsga2,c206_21,17,4002060821,850000,850080,105,105,47588057.205385,,4.0,1040.4822,164.8644,3,1511.346,2026-04-24T19:54:57,2026-04-24T20:20:08,ok,pickles/nsga2/c206_21/run17.pkl,unknown,2
smsemoa,c207_21,17,1323912158,850000,850080,105,105,16882471.149723,,5.0,1036.3531,0.0,3,1441.108,2026-04-24T19:56:18,2026-04-24T20:20:19,ok,pickles/smsemoa/c207_21/run17.pkl,unknown,2
nsga2,rc102_21,20,1737046471,850000,850080,105,105,41557467.96143,,17.0,1953.6771,0.0,15,681.92,2026-04-24T20:10:14,2026-04-24T20:21:36,ok,pickles/nsga2/rc102_21/run20.pkl,unknown,2
nsga2,c207_21,29,2144986534,850000,850080,105,105,98006411.252684,,4.0,1071.4355,156.3225,5,1536.743,2026-04-24T19:58:07,2026-04-24T20:23:44,ok,pickles/nsga2/c207_21/run29.pkl,unknown,2
nsga2,r103_21,9,3397124581,850000,850080,105,105,7302903.915407,,16.0,1619.9345,0.0,9,728.843,2026-04-24T20:13:06,2026-04-24T20:25:14,ok,pickles/nsga2/r103_21/run09.pkl,unknown,2
smsemoa,r102_21,11,1549689829,850000,850080,105,105,26285082.445759,,16.0,1657.0852,14.6521,14,724.379,2026-04-24T20:14:09,2026-04-24T20:26:14,ok,pickles/smsemoa/r102_21/run11.pkl,unknown,2
smsemoa,r103_21,28,2004777356,850000,850080,105,105,8035797.935476,,17.0,1672.9681,0.0,9,768.176,2026-04-24T20:15:05,2026-04-24T20:27:54,ok,pickles/smsemoa/r103_21/run28.pkl,unknown,2
smsemoa,r202_21,15,1494811231,850000,850080,105,105,12094381.073189,,4.0,988.5531,0.0,3,1244.172,2026-04-24T20:10:09,2026-04-24T20:30:53,ok,pickles/smsemoa/r202_21/run15.pkl,unknown,2
nsga2,r203_21,19,1603301132,850000,850080,105,105,5573962.842057,,4.0,969.2354,0.0,3,1391.596,2026-04-24T20:07:42,2026-04-24T20:30:54,ok,pickles/nsga2/r203_21/run19.pkl,unknown,2
nsga2,c207_21,15,3536549744,850000,850080,105,105,35050523.985265,,4.0,929.2661,0.0,4,1519.975,2026-04-24T20:06:04,2026-04-24T20:31:24,ok,pickles/nsga2/c207_21/run15.pkl,unknown,2
nsga2,rc108_21,9,1980336227,850000,850080,105,105,1633555.075672,,15.0,1800.4175,0.0,5,777.194,2026-04-24T20:19:55,2026-04-24T20:32:53,ok,pickles/nsga2/rc108_21/run09.pkl,unknown,2
nsga2,r102_21,2,2859465766,850000,850080,105,105,26747728.089304,,18.0,1762.02,25.4302,15,705.133,2026-04-24T20:21:36,2026-04-24T20:33:21,ok,pickles/nsga2/r102_21/run02.pkl,unknown,2
moead_ws,r102_21,27,2221226915,850000,850080,105,104,35827426.503957,,22.0,2010.3334,30.8548,13,818.229,2026-04-24T20:20:06,2026-04-24T20:33:44,ok,pickles/moead_ws/r102_21/run27.pkl,unknown,2
nsga2,r107_21,23,20730503,850000,850080,105,105,3118817.96349,,15.0,1596.294,0.0,6,764.941,2026-04-24T20:25:14,2026-04-24T20:37:59,ok,pickles/nsga2/r107_21/run23.pkl,unknown,2
moead_ws,rc102_21,25,1338471155,850000,850080,105,104,28739044.710966,,19.0,2241.6903,70.157,10,831.707,2026-04-24T20:26:14,2026-04-24T20:40:06,ok,pickles/moead_ws/rc102_21/run25.pkl,unknown,2
smsemoa,r102_21,27,4013577694,850000,850080,105,105,32047397.157472,,19.0,1827.9343,24.7974,14,731.657,2026-04-24T20:30:54,2026-04-24T20:43:06,ok,pickles/smsemoa/r102_21/run27.pkl,unknown,2
moead_ws,c206_21,21,165796948,850000,850080,105,104,221789312.807262,,5.0,1253.5961,70.842,5,1398.154,2026-04-24T20:20:08,2026-04-24T20:43:27,ok,pickles/moead_ws/c206_21/run21.pkl,unknown,2
smsemoa,r103_21,27,3450500582,850000,850080,105,105,6594811.428145,,18.0,1784.8329,1.6569,10,785.096,2026-04-24T20:30:53,2026-04-24T20:43:58,ok,pickles/smsemoa/r103_21/run27.pkl,unknown,2
moead_ws,c207_21,17,59888311,850000,850080,105,92,266106016.1955,,5.0,1026.523,165.5337,4,1520.747,2026-04-24T20:20:19,2026-04-24T20:45:40,ok,pickles/moead_ws/c207_21/run17.pkl,unknown,2
moead_ws,c206_21,30,4221307400,850000,850080,105,105,383634055.975876,,5.0,1221.3941,4000.3126,5,1507.914,2026-04-24T20:23:44,2026-04-24T20:48:52,ok,pickles/moead_ws/c206_21/run30.pkl,unknown,2
smsemoa,c207_21,14,1935883549,850000,850080,105,105,31842544.784732,,5.0,1110.4945,0.0,4,1373.463,2026-04-24T20:27:54,2026-04-24T20:50:47,ok,pickles/smsemoa/c207_21/run14.pkl,unknown,2
smsemoa,rc108_21,12,312984704,850000,850080,105,105,496565.578118,,15.0,1759.49,0.0,4,820.199,2026-04-24T20:37:59,2026-04-24T20:51:40,ok,pickles/smsemoa/rc108_21/run12.pkl,unknown,2
smsemoa,r202_21,19,2961622859,850000,850080,105,105,12859216.682886,,5.0,1118.0239,0.0,3,1163.166,2026-04-24T20:33:44,2026-04-24T20:53:07,ok,pickles/smsemoa/r202_21/run19.pkl,unknown,2
moead_ws,rc108_21,28,1238644980,850000,850080,105,104,6079378.180599,,14.0,1627.0884,0.0,6,916.36,2026-04-24T20:40:06,2026-04-24T20:55:23,ok,pickles/moead_ws/rc108_21/run28.pkl,unknown,2
moead_ws,r202_21,13,1255884562,850000,850080,105,91,26500174.46293,,6.0,1000.5414,0.0,4,1376.31,2026-04-24T20:32:53,2026-04-24T20:55:49,ok,pickles/moead_ws/r202_21/run13.pkl,unknown,2
nsga2,c207_21,20,1828673617,850000,850080,105,105,67746076.895543,,4.0,1102.7837,0.0,4,1475.084,2026-04-24T20:31:24,2026-04-24T20:55:59,ok,pickles/nsga2/c207_21/run20.pkl,unknown,2
smsemoa,r203_21,12,429148135,850000,850080,105,105,5579194.297236,,4.0,960.8796,0.0,4,1407.305,2026-04-24T20:33:21,2026-04-24T20:56:49,ok,pickles/smsemoa/r203_21/run12.pkl,unknown,2
moead_ws,rc107_21,14,4033821184,850000,850080,105,99,8724749.192012,,16.0,1914.1641,0.2395,7,878.155,2026-04-24T20:43:27,2026-04-24T20:58:05,ok,pickles/moead_ws/rc107_21/run14.pkl,unknown,2
smsemoa,rc108_21,30,3120839463,850000,850080,105,104,1605841.566182,,14.0,1738.6965,0.0,6,802.311,2026-04-24T20:45:40,2026-04-24T20:59:02,ok,pickles/smsemoa/rc108_21/run30.pkl,unknown,2
nsga2,rc107_21,7,3352651887,850000,850080,105,105,4835411.330596,,16.0,1963.4864,0.0,8,726.005,2026-04-24T20:50:47,2026-04-24T21:02:53,ok,pickles/nsga2/rc107_21/run07.pkl,unknown,2
moead_ws,r203_21,11,2481539652,850000,850080,105,95,4899928.369102,,6.0,1101.4336,0.0,2,1340.662,2026-04-24T20:43:59,2026-04-24T21:06:19,ok,pickles/moead_ws/r203_21/run11.pkl,unknown,2
nsga2,rc102_21,29,2001531010,850000,850080,105,105,22341464.285814,,17.0,2119.8407,3.0,11,674.135,2026-04-24T20:55:59,2026-04-24T21:07:13,ok,pickles/nsga2/rc102_21/run29.pkl,unknown,2
nsga2,c207_21,4,3242747200,850000,850080,105,105,26205048.983131,,5.0,1018.5718,1336.4452,2,1517.672,2026-04-24T20:43:06,2026-04-24T21:08:23,ok,pickles/nsga2/c207_21/run04.pkl,unknown,2
nsga2,r103_21,17,1889963290,850000,850080,105,105,5199279.935757,,16.0,1644.7676,23.9702,8,711.887,2026-04-24T20:58:05,2026-04-24T21:09:57,ok,pickles/nsga2/r103_21/run17.pkl,unknown,2
moead_ws,r107_21,3,353098088,850000,850080,105,100,7735199.327607,,16.0,1624.3713,0.0,8,896.852,2026-04-24T20:55:23,2026-04-24T21:10:20,ok,pickles/moead_ws/r107_21/run03.pkl,unknown,2
moead_ws,r203_21,19,3524570806,850000,850080,105,92,18293625.606667,,5.0,1092.4777,0.0,4,1443.721,2026-04-24T20:48:53,2026-04-24T21:12:56,ok,pickles/moead_ws/r203_21/run19.pkl,unknown,2
moead_ws,rc107_21,25,539754788,850000,850080,105,95,7805279.546918,,16.0,1901.1081,0.0,7,886.122,2026-04-24T20:59:03,2026-04-24T21:13:49,ok,pickles/moead_ws/rc107_21/run25.pkl,unknown,2
smsemoa,r203_21,23,718165363,850000,850080,105,105,4135502.588647,,4.0,1024.8675,0.0,3,1338.908,2026-04-24T20:51:40,2026-04-24T21:13:59,ok,pickles/smsemoa/r203_21/run23.pkl,unknown,2
nsga2,c206_21,19,3462762786,850000,850080,105,105,57343597.260239,,4.0,995.7609,0.0,4,1429.403,2026-04-24T20:53:07,2026-04-24T21:16:57,ok,pickles/nsga2/c206_21/run19.pkl,unknown,2
smsemoa,rc102_21,13,2703379482,850000,850080,105,105,20636594.880105,,17.0,2039.5881,1.0,13,736.221,2026-04-24T21:06:19,2026-04-24T21:18:36,ok,pickles/smsemoa/rc102_21/run13.pkl,unknown,2
smsemoa,c206_21,6,1070241899,850000,850080,105,100,70648026.088975,,4.0,1023.3964,580.139,4,1444.962,2026-04-24T20:56:49,2026-04-24T21:20:54,ok,pickles/smsemoa/c206_21/run06.pkl,unknown,2
moead_ws,r103_21,15,1648581876,850000,850080,105,98,29623259.584038,,17.0,1934.8431,0.8661,13,879.264,2026-04-24T21:07:14,2026-04-24T21:21:53,ok,pickles/moead_ws/r103_21/run15.pkl,unknown,2
smsemoa,r103_21,24,4026385198,850000,850080,105,105,7980274.681909,,17.0,1712.5396,0.0119,10,776.165,2026-04-24T21:10:20,2026-04-24T21:23:16,ok,pickles/smsemoa/r103_21/run24.pkl,unknown,2
smsemoa,rc204_21,4,3152060693,850000,850080,105,105,1193318.3383,,3.0,1026.4929,0.0,2,1772.581,2026-04-24T20:55:49,2026-04-24T21:25:22,ok,pickles/smsemoa/rc204_21/run04.pkl,unknown,2
smsemoa,r103_21,25,1769453179,850000,850080,105,105,4135032.620545,,17.0,1702.2999,6.8061,7,757.396,2026-04-24T21:12:56,2026-04-24T21:25:34,ok,pickles/smsemoa/r103_21/run25.pkl,unknown,2
nsga2,r103_21,27,3187791971,850000,850080,105,105,9692351.014295,,17.0,1684.5972,0.0,9,717.306,2026-04-24T21:13:49,2026-04-24T21:25:46,ok,pickles/nsga2/r103_21/run27.pkl,unknown,2
smsemoa,r202_21,27,756309891,850000,850080,105,105,8707184.896456,,5.0,1049.4762,0.0,3,1278.885,2026-04-24T21:08:23,2026-04-24T21:29:42,ok,pickles/smsemoa/r202_21/run27.pkl,unknown,2
nsga2,rc204_21,14,3572246348,850000,850080,105,105,549933.872451,,4.0,1102.9316,0.0,2,1615.434,2026-04-24T21:02:53,2026-04-24T21:29:49,ok,pickles/nsga2/rc204_21/run14.pkl,unknown,2
moead_ws,rc102_21,10,124049030,850000,850080,105,104,47490243.846479,,19.0,2297.5824,48.9039,13,824.07,2026-04-24T21:16:57,2026-04-24T21:30:41,ok,pickles/moead_ws/rc102_21/run10.pkl,unknown,2
nsga2,r103_21,30,188360966,850000,850080,105,105,6009831.131562,,16.0,1700.6885,1.2711,11,737.771,2026-04-24T21:18:36,2026-04-24T21:30:53,ok,pickles/nsga2/r103_21/run30.pkl,unknown,2
smsemoa,r102_21,23,1941494703,850000,850080,105,105,16801261.375214,,19.0,1743.5581,10.5053,10,715.629,2026-04-24T21:20:54,2026-04-24T21:32:49,ok,pickles/smsemoa/r102_21/run23.pkl,unknown,2
moead_ws,r203_21,1,4290450551,850000,850080,105,90,11452917.27587,,5.0,1035.9968,0.0,4,1508.719,2026-04-24T21:09:58,2026-04-24T21:35:06,ok,pickles/moead_ws/r203_21/run01.pkl,unknown,2
moead_ws,r102_21,7,3502871511,850000,850080,105,99,35118275.21238,,21.0,1826.2867,135.7261,13,855.264,2026-04-24T21:21:54,2026-04-24T21:36:09,ok,pickles/moead_ws/r102_21/run07.pkl,unknown,2
nsga2,rc102_21,19,3091829689,850000,850080,105,105,24158599.862982,,18.0,1995.0715,4.9755,12,690.203,2026-04-24T21:25:22,2026-04-24T21:36:52,ok,pickles/nsga2/rc102_21/run19.pkl,unknown,2
moead_ws,r107_21,5,4286598516,850000,850080,105,100,3875943.195077,,18.0,1869.5853,0.0,7,922.63,2026-04-24T21:23:17,2026-04-24T21:38:39,ok,pickles/moead_ws/r107_21/run05.pkl,unknown,2
smsemoa,r203_21,30,1717698427,850000,850080,105,105,2915711.348338,,4.0,1000.4206,0.0,3,1515.955,2026-04-24T21:13:59,2026-04-24T21:39:15,ok,pickles/smsemoa/r203_21/run30.pkl,unknown,2
moead_ws,r107_21,25,1187296804,850000,850080,105,102,5596179.88726,,18.0,1756.1952,1.9737,7,866.849,2026-04-24T21:25:47,2026-04-24T21:40:14,ok,pickles/moead_ws/r107_21/run25.pkl,unknown,2
smsemoa,rc102_21,29,570955902,850000,850080,105,105,12933756.202004,,20.0,2227.1779,19.8533,10,736.716,2026-04-24T21:29:42,2026-04-24T21:41:59,ok,pickles/smsemoa/rc102_21/run29.pkl,unknown,2
smsemoa,rc107_21,2,335061665,850000,850080,105,105,5734732.541196,,14.0,1748.5872,0.0,8,780.915,2026-04-24T21:29:49,2026-04-24T21:42:50,ok,pickles/smsemoa/rc107_21/run02.pkl,unknown,2
nsga2,r202_21,24,2593850207,850000,850080,105,105,13756479.257663,,5.0,1035.131,0.0,3,1277.306,2026-04-24T21:25:34,2026-04-24T21:46:51,ok,pickles/nsga2/r202_21/run24.pkl,unknown,2
nsga2,r107_21,21,1579801717,850000,850080,105,105,3443147.925159,,15.0,1599.1925,0.0,8,719.042,2026-04-24T21:35:06,2026-04-24T21:47:06,ok,pickles/nsga2/r107_21/run21.pkl,unknown,2
smsemoa,r102_21,16,2851905863,850000,850080,105,105,24527568.675198,,18.0,1843.2319,27.0376,13,741.02,2026-04-24T21:38:39,2026-04-24T21:51:01,ok,pickles/smsemoa/r102_21/run16.pkl,unknown,2
smsemoa,rc102_21,14,2352594690,850000,850080,105,105,22499069.569908,,18.0,2129.0112,13.6927,10,746.765,2026-04-24T21:39:15,2026-04-24T21:51:41,ok,pickles/smsemoa/rc102_21/run14.pkl,unknown,2
smsemoa,r203_21,27,4075834837,850000,850080,105,105,2216172.826575,,4.0,968.9638,0.0,2,1395.301,2026-04-24T21:30:53,2026-04-24T21:54:09,ok,pickles/smsemoa/r203_21/run27.pkl,unknown,2
moead_ws,c206_21,22,1087671788,850000,850080,105,89,75132663.904986,,6.0,1044.7353,1378.4203,2,1489.092,2026-04-24T21:30:42,2026-04-24T21:55:31,ok,pickles/moead_ws/c206_21/run22.pkl,unknown,2
moead_ws,rc108_21,12,2028640399,850000,850080,104,103,6791268.282336,,16.0,1855.1717,0.0,6,918.772,2026-04-24T21:40:14,2026-04-24T21:55:33,ok,pickles/moead_ws/rc108_21/run12.pkl,unknown,2
smsemoa,r107_21,5,178335103,850000,850080,105,105,1704557.101248,,15.0,1552.2903,0.0,6,778.405,2026-04-24T21:42:50,2026-04-24T21:55:48,ok,pickles/smsemoa/r107_21/run05.pkl,unknown,2
moead_ws,c206_21,11,3102112483,850000,850080,105,90,171148715.095075,,5.0,1171.2325,2455.8049,5,1544.258,2026-04-24T21:32:50,2026-04-24T21:58:34,ok,pickles/moead_ws/c206_21/run11.pkl,unknown,2
moead_ws,c207_21,18,660570164,850000,850080,105,101,81360725.20922,,4.0,976.4556,2078.2667,3,1509.875,2026-04-24T21:36:53,2026-04-24T22:02:03,ok,pickles/moead_ws/c207_21/run18.pkl,unknown,2
nsga2,c207_21,8,1611594969,850000,850080,105,105,56241611.149544,,4.0,925.7346,0.0,4,1615.841,2026-04-24T21:36:09,2026-04-24T22:03:05,ok,pickles/nsga2/c207_21/run08.pkl,unknown,2
nsga2,r202_21,11,443134060,850000,850080,105,105,33670305.786095,,4.0,980.5809,0.0,4,1268.318,2026-04-24T21:41:59,2026-04-24T22:03:07,ok,pickles/nsga2/r202_21/run11.pkl,unknown,2
moead_ws,r102_21,5,1547504063,850000,850080,105,104,34608517.022042,,20.0,1975.399,19.4439,12,836.897,2026-04-24T21:51:01,2026-04-24T22:04:58,ok,pickles/moead_ws/r102_21/run05.pkl,unknown,2
nsga2,r102_21,5,3533855113,850000,850080,105,105,25179373.528598,,18.0,1766.9142,20.9774,15,670.269,2026-04-24T21:54:09,2026-04-24T22:05:19,ok,pickles/nsga2/r102_21/run05.pkl,unknown,2
smsemoa,rc108_21,15,1706294994,850000,850080,105,105,3629743.757028,,14.0,1744.0853,0.0,7,799.451,2026-04-24T21:55:33,2026-04-24T22:08:52,ok,pickles/smsemoa/rc108_21/run15.pkl,unknown,2
smsemoa,r107_21,25,164688858,850000,850080,105,105,1507926.101877,,16.0,1619.7894,0.0,5,748.88,2026-04-24T21:58:34,2026-04-24T22:11:03,ok,pickles/smsemoa/r107_21/run25.pkl,unknown,2
nsga2,c207_21,10,3539805186,850000,850080,105,105,35309443.203563,,4.0,968.7212,3.9774,3,1548.01,2026-04-24T21:47:06,2026-04-24T22:12:54,ok,pickles/nsga2/c207_21/run10.pkl,unknown,2
moead_ws,rc204_21,9,2121917299,850000,850080,105,84,1023678.227559,,4.0,1206.642,0.0,2,1740.625,2026-04-24T21:46:52,2026-04-24T22:15:52,ok,pickles/moead_ws/rc204_21/run09.pkl,unknown,2
moead_ws,r203_21,12,2808416702,850000,850080,105,87,16132443.89454,,5.0,1077.74,0.0,3,1508.245,2026-04-24T21:51:42,2026-04-24T22:16:50,ok,pickles/moead_ws/r203_21/run12.pkl,unknown,2
moead_ws,r107_21,21,1733797755,850000,850080,105,98,2758577.013769,,18.0,1717.0693,0.0,5,831.837,2026-04-24T22:03:05,2026-04-24T22:16:57,ok,pickles/moead_ws/r107_21/run21.pkl,unknown,2
nsga2,r107_21,2,2715181538,850000,850080,105,105,3412136.49037,,17.0,1727.0314,0.0,6,742.598,2026-04-24T22:05:19,2026-04-24T22:17:42,ok,pickles/nsga2/r107_21/run02.pkl,unknown,2
moead_ws,r107_21,30,1503222326,850000,850080,105,96,3600257.958588,,19.0,1772.8828,0.0,5,885.721,2026-04-24T22:03:08,2026-04-24T22:17:53,ok,pickles/moead_ws/r107_21/run30.pkl,unknown,2
nsga2,c207_21,28,253194858,850000,850080,105,27,621955.600973,,5.0,910.586,0.0,2,1397.06,2026-04-24T21:55:48,2026-04-24T22:19:05,ok,pickles/nsga2/c207_21/run28.pkl,unknown,2
moead_ws,c206_21,3,3807868900,850000,850080,105,99,312105798.159892,,5.0,1066.7915,2265.0834,5,1515.631,2026-04-24T21:55:31,2026-04-24T22:20:47,ok,pickles/moead_ws/c206_21/run03.pkl,unknown,2
nsga2,rc107_21,6,3188103474,850000,850080,105,105,3854344.910491,,15.0,1803.6518,0.0,6,735.177,2026-04-24T22:11:03,2026-04-24T22:23:18,ok,pickles/nsga2/rc107_21/run06.pkl,unknown,2
moead_ws,r202_21,7,4059916177,850000,850080,105,103,34261500.003036,,6.0,1073.7373,0.0,5,1280.542,2026-04-24T22:04:58,2026-04-24T22:26:19,ok,pickles/moead_ws/r202_21/run07.pkl,unknown,2
nsga2,c206_21,24,815940768,850000,850080,105,105,95939141.109727,,4.0,940.5945,0.0,5,1554.687,2026-04-24T22:02:03,2026-04-24T22:27:57,ok,pickles/nsga2/c206_21/run24.pkl,unknown,2
smsemoa,rc107_21,25,3124632929,850000,850080,105,105,4808544.188557,,15.0,1775.912,0.0,6,770.298,2026-04-24T22:15:52,2026-04-24T22:28:43,ok,pickles/smsemoa/rc107_21/run25.pkl,unknown,2
smsemoa,r102_21,24,1210558005,850000,850080,105,105,31682037.103186,,19.0,1904.878,50.6216,15,715.231,2026-04-24T22:17:42,2026-04-24T22:29:37,ok,pickles/smsemoa/r102_21/run24.pkl,unknown,2
moead_ws,c206_21,18,1881679576,850000,850080,105,95,73899026.45861,,6.0,1208.7157,985.0564,2,1505.424,2026-04-24T22:08:53,2026-04-24T22:33:58,ok,pickles/moead_ws/c206_21/run18.pkl,unknown,2
moead_ws,r202_21,5,2725500243,850000,850080,105,95,56499569.106953,,6.0,1164.1564,29.7693,4,1215.709,2026-04-24T22:16:51,2026-04-24T22:37:06,ok,pickles/moead_ws/r202_21/run05.pkl,unknown,2
nsga2,c207_21,21,2993385362,850000,850080,105,105,10860065.349503,,5.0,932.5974,0.0,2,1526.91,2026-04-24T22:12:54,2026-04-24T22:38:20,ok,pickles/nsga2/c207_21/run21.pkl,unknown,2
moead_ws,rc102_21,5,3172759370,850000,850080,105,93,34796427.374227,,18.0,2178.7625,1.7778,13,828.227,2026-04-24T22:26:20,2026-04-24T22:40:08,ok,pickles/moead_ws/rc102_21/run05.pkl,unknown,2
nsga2,r103_21,7,1238124650,850000,850080,105,105,13464354.442984,,17.0,1720.7345,0.0,11,754.621,2026-04-24T22:29:37,2026-04-24T22:42:11,ok,pickles/nsga2/r103_21/run07.pkl,unknown,2
smsemoa,r203_21,13,227465193,850000,850080,105,105,12381055.052266,,4.0,1081.0373,0.0,4,1342.169,2026-04-24T22:20:47,2026-04-24T22:43:09,ok,pickles/smsemoa/r203_21/run13.pkl,unknown,2
nsga2,c206_21,9,2727540930,850000,850080,105,105,19169260.071747,,4.0,941.2017,0.0,4,1484.231,2026-04-24T22:19:05,2026-04-24T22:43:49,ok,pickles/nsga2/c206_21/run09.pkl,unknown,2
smsemoa,rc204_21,19,3549851803,850000,850080,105,105,1706208.186961,,4.0,976.6381,0.0,2,1737.18,2026-04-24T22:16:57,2026-04-24T22:45:54,ok,pickles/smsemoa/rc204_21/run19.pkl,unknown,2
smsemoa,rc204_21,11,3856088606,850000,850080,105,105,766646.227599,,4.0,1167.761,0.0,3,1710.524,2026-04-24T22:17:53,2026-04-24T22:46:24,ok,pickles/smsemoa/rc204_21/run11.pkl,unknown,2
nsga2,r203_21,20,3504999299,850000,850080,105,105,9304813.178262,,4.0,1132.2733,0.0,4,1423.752,2026-04-24T22:23:18,2026-04-24T22:47:02,ok,pickles/nsga2/r203_21/run20.pkl,unknown,2
nsga2,r202_21,15,815061965,850000,850080,105,105,28950422.183549,,5.0,1081.8257,0.0,4,1346.111,2026-04-24T22:27:57,2026-04-24T22:50:24,ok,pickles/nsga2/r202_21/run15.pkl,unknown,2
smsemoa,rc102_21,4,2132112274,850000,850080,105,105,79183440.060101,,18.0,2175.5745,10.0494,13,725.322,2026-04-24T22:43:49,2026-04-24T22:55:55,ok,pickles/smsemoa/rc102_21/run04.pkl,unknown,2
smsemoa,rc204_21,20,3789511641,850000,850080,105,105,949321.974503,,4.0,1072.7724,0.0,2,1636.24,2026-04-24T22:28:43,2026-04-24T22:55:59,ok,pickles/smsemoa/rc204_21/run20.pkl,unknown,2
moead_ws,r107_21,8,2025197615,850000,850080,105,98,6110902.740795,,17.0,1724.2549,0.0,7,842.866,2026-04-24T22:42:12,2026-04-24T22:56:15,ok,pickles/moead_ws/r107_21/run08.pkl,unknown,2
nsga2,r202_21,7,3571798972,850000,850080,105,105,11601185.437379,,5.0,1140.189,0.0,3,1155.413,2026-04-24T22:37:06,2026-04-24T22:56:22,ok,pickles/nsga2/r202_21/run07.pkl,unknown,2
nsga2,r102_21,7,2731981563,850000,850080,105,105,33788287.10035,,18.0,1822.3444,16.1794,15,678.046,2026-04-24T22:45:54,2026-04-24T22:57:12,ok,pickles/nsga2/r102_21/run07.pkl,unknown,2
nsga2,rc102_21,26,1080779124,850000,850080,105,105,11384035.107304,,20.0,2163.3479,2.7155,11,652.225,2026-04-24T22:46:24,2026-04-24T22:57:16,ok,pickles/nsga2/rc102_21/run26.pkl,unknown,2
moead_ws,rc108_21,22,3754755330,850000,850080,105,102,4124260.392166,,16.0,1846.2452,0.0,4,869.396,2026-04-24T22:43:10,2026-04-24T22:57:39,ok,pickles/moead_ws/rc108_21/run22.pkl,unknown,2
moead_ws,rc204_21,27,554911030,850000,850080,105,96,13325379.429308,,4.0,1001.0039,0.0,4,1546.042,2026-04-24T22:33:59,2026-04-24T22:59:45,ok,pickles/moead_ws/rc204_21/run27.pkl,unknown,2
nsga2,c207_21,2,24621038,850000,850080,105,105,56196644.971467,,4.0,1012.651,0.0,4,1446.665,2026-04-24T22:38:20,2026-04-24T23:02:27,ok,pickles/nsga2/c207_21/run02.pkl,unknown,2
moead_ws,r202_21,28,3672340214,850000,850080,105,103,59866932.779206,,5.0,1083.6895,0.0,5,1390.461,2026-04-24T22:40:08,2026-04-24T23:03:19,ok,pickles/moead_ws/r202_21/run28.pkl,unknown,2
moead_ws,rc204_21,4,1458891264,850000,850080,105,101,3438503.568665,,3.0,1004.1038,0.0,3,1559.144,2026-04-24T22:47:02,2026-04-24T23:13:02,ok,pickles/moead_ws/rc204_21/run04.pkl,unknown,2
smsemoa,r202_21,7,2472434037,850000,850080,105,105,8697894.813805,,5.0,983.8185,0.0,3,3086.27,2026-04-25T13:41:34,2026-04-25T14:33:01,ok,pickles/smsemoa/r202_21/run07.pkl,18d5139,2
nsga2,c106_21,27,3498647961,850000,850080,105,105,94327026.178264,,13.0,1760.5116,1209.8602,9,1575.082,2026-04-23T23:52:53,2026-04-24T00:19:08,ok,pickles/nsga2/c106_21/run27.pkl,8216563,3
nsga2,r112_21,4,1605902708,850000,850080,105,105,1439621.462927,,13.0,1390.194,0.0,5,1703.841,2026-04-23T23:52:53,2026-04-24T00:21:16,ok,pickles/nsga2/r112_21/run04.pkl,8216563,3
nsga2,r112_21,6,163027679,850000,850080,105,105,704031.933136,,14.0,1364.0754,0.0,4,1708.115,2026-04-23T23:52:53,2026-04-24T00:21:21,ok,pickles/nsga2/r112_21/run06.pkl,8216563,3
nsga2,r112_21,23,680163010,850000,850080,105,105,355589.403665,,13.0,1256.0525,0.0,3,1709.525,2026-04-23T23:52:53,2026-04-24T00:21:22,ok,pickles/nsga2/r112_21/run23.pkl,8216563,3
smsemoa,r112_21,5,3666893335,850000,850080,105,79,548651.390255,,13.0,1357.7711,0.0,3,1769.072,2026-04-23T23:52:53,2026-04-24T00:22:22,ok,pickles/smsemoa/r112_21/run05.pkl,8216563,3
moead_ws,rc104_21,24,433725480,850000,850080,105,97,6125641.359028,,13.0,1691.1936,0.0,7,1972.562,2026-04-23T23:52:53,2026-04-24T00:25:46,ok,pickles/moead_ws/rc104_21/run24.pkl,8216563,3
nsga2,rc206_21,25,2590119090,850000,850080,105,105,32729022.396516,,4.0,1015.2135,0.0,5,2643.562,2026-04-23T23:52:53,2026-04-24T00:36:56,ok,pickles/nsga2/rc206_21/run25.pkl,8216563,3
smsemoa,rc206_21,4,338212424,850000,850080,105,105,46265728.312502,,5.0,925.3287,0.0,4,2739.146,2026-04-23T23:52:53,2026-04-24T00:38:32,ok,pickles/smsemoa/rc206_21/run04.pkl,8216563,3
nsga2,rc104_21,4,2051076081,850000,850080,105,105,2689079.500251,,15.0,1801.4679,0.0,6,3011.524,2026-04-23T23:52:53,2026-04-24T00:43:04,ok,pickles/nsga2/rc104_21/run04.pkl,8216563,3
nsga2,r112_21,8,2095255613,850000,850080,105,105,1600574.521297,,13.0,1310.6779,0.0,5,3068.578,2026-04-23T23:52:53,2026-04-24T00:44:01,ok,pickles/nsga2/r112_21/run08.pkl,8216563,3
smsemoa,r112_21,19,2763577473,850000,850080,105,105,816261.609084,,13.0,1328.3867,0.0,5,1752.324,2026-04-24T00:21:16,2026-04-24T00:50:29,ok,pickles/smsemoa/r112_21/run19.pkl,8216563,3
moead_ws,c106_21,20,1068012931,850000,850080,105,103,44098215.706234,,14.0,1811.3391,168.7121,4,1949.343,2026-04-24T00:19:08,2026-04-24T00:51:38,ok,pickles/moead_ws/c106_21/run20.pkl,8216563,3
moead_ws,r112_21,4,3934446207,850000,850080,105,84,2625840.923657,,14.0,1493.7171,0.0,5,2018.972,2026-04-24T00:22:22,2026-04-24T00:56:01,ok,pickles/moead_ws/r112_21/run04.pkl,8216563,3
moead_ws,rc104_21,12,1099331152,850000,850080,105,94,14005059.955728,,14.0,1851.2655,0.0,6,1911.041,2026-04-24T00:25:47,2026-04-24T00:57:38,ok,pickles/moead_ws/rc104_21/run12.pkl,8216563,3
nsga2,rc104_21,19,1955921560,850000,850080,105,105,2680185.796245,,14.0,1849.8729,0.0,7,1612.981,2026-04-24T00:36:56,2026-04-24T01:03:49,ok,pickles/nsga2/rc104_21/run19.pkl,8216563,3
nsga2,rc206_21,26,3092499087,850000,850080,105,105,24676519.657543,,5.0,1086.0965,0.0,4,2627.305,2026-04-24T00:21:22,2026-04-24T01:05:09,ok,pickles/nsga2/rc206_21/run26.pkl,8216563,3
nsga2,rc206_21,13,3574024583,850000,850080,105,105,27704164.285256,,4.0,1025.1788,0.0,5,2762.718,2026-04-24T00:21:21,2026-04-24T01:07:23,ok,pickles/nsga2/rc206_21/run13.pkl,8216563,3
nsga2,c106_21,28,1085896083,850000,850080,105,105,116343614.817567,,13.0,1464.5897,159.0271,9,1604.596,2026-04-24T00:44:01,2026-04-24T01:10:46,ok,pickles/nsga2/c106_21/run28.pkl,8216563,3
smsemoa,r112_21,29,1489617906,850000,850080,105,105,673020.153883,,13.0,1389.1382,0.0,5,1742.437,2026-04-24T00:43:04,2026-04-24T01:12:07,ok,pickles/smsemoa/r112_21/run29.pkl,8216563,3
nsga2,r112_21,20,2555903562,850000,850080,105,63,679136.206189,,14.0,1448.7003,0.0,4,1683.179,2026-04-24T00:56:01,2026-04-24T01:24:05,ok,pickles/nsga2/r112_21/run20.pkl,8216563,3
moead_ws,rc206_21,23,900828369,850000,850080,105,103,116833662.975578,,5.0,910.8552,39.2195,4,2764.882,2026-04-24T00:38:33,2026-04-24T01:24:37,ok,pickles/moead_ws/rc206_21/run23.pkl,8216563,3
moead_ws,c106_21,28,2113418261,850000,850080,105,97,216777786.598643,,15.0,1784.9929,2148.3157,6,2051.198,2026-04-24T00:50:30,2026-04-24T01:24:41,ok,pickles/moead_ws/c106_21/run28.pkl,8216563,3
smsemoa,rc104_21,4,1791805465,850000,850080,105,105,1516043.391122,,15.0,1697.9713,0.0,5,1596.094,2026-04-24T01:05:09,2026-04-24T01:31:46,ok,pickles/smsemoa/rc104_21/run04.pkl,8216563,3
moead_ws,rc206_21,19,2482571236,850000,850080,105,101,37424152.519508,,5.0,906.2388,0.0,4,2854.843,2026-04-24T00:51:39,2026-04-24T01:39:14,ok,pickles/moead_ws/rc206_21/run19.pkl,8216563,3
moead_ws,rc104_21,9,1989414871,850000,850080,105,94,3096179.135499,,15.0,1813.4992,0.0,6,1897.31,2026-04-24T01:10:47,2026-04-24T01:42:24,ok,pickles/moead_ws/rc104_21/run09.pkl,8216563,3
moead_ws,rc104_21,6,107872613,850000,850080,105,99,3321394.658531,,14.0,1746.7757,0.0,5,1915.878,2026-04-24T01:12:08,2026-04-24T01:44:03,ok,pickles/moead_ws/rc104_21/run06.pkl,8216563,3
moead_ws,rc206_21,1,932226351,850000,850080,105,105,103991466.410944,,6.0,974.8028,0.0,4,2814.86,2026-04-24T00:57:39,2026-04-24T01:44:33,ok,pickles/moead_ws/rc206_21/run01.pkl,8216563,3
nsga2,rc206_21,10,774262479,850000,850080,105,105,31320424.508153,,4.0,1155.3344,0.0,5,2637.868,2026-04-24T01:03:49,2026-04-24T01:47:47,ok,pickles/nsga2/rc206_21/run10.pkl,8216563,3
nsga2,rc206_21,6,3506171837,850000,850080,105,105,30469238.252764,,4.0,1136.9425,0.0,5,2660.541,2026-04-24T01:07:23,2026-04-24T01:51:44,ok,pickles/nsga2/rc206_21/run06.pkl,8216563,3
nsga2,r112_21,10,2157069107,850000,850080,105,105,1554427.03325,,13.0,1410.0369,0.0,6,1671.634,2026-04-24T01:24:05,2026-04-24T01:51:56,ok,pickles/nsga2/r112_21/run10.pkl,8216563,3
nsga2,r112_21,18,1241429864,850000,850080,105,94,172345.995335,,13.0,1359.4263,0.0,2,1667.747,2026-04-24T01:24:37,2026-04-24T01:52:25,ok,pickles/nsga2/r112_21/run18.pkl,8216563,3
nsga2,c106_21,24,107927869,850000,850080,105,105,47757267.67821,,14.0,1714.7886,770.7091,7,1657.097,2026-04-24T01:39:14,2026-04-24T02:06:51,ok,pickles/nsga2/c106_21/run24.pkl,8216563,3
smsemoa,rc206_21,3,824106644,850000,850080,105,105,55602563.898494,,4.0,1077.7175,0.0,5,2685.0,2026-04-24T01:24:41,2026-04-24T02:09:26,ok,pickles/smsemoa/rc206_21/run03.pkl,8216563,3
smsemoa,rc104_21,10,1201790963,850000,850080,105,105,2085209.037382,,13.0,1595.4518,0.0,6,1672.193,2026-04-24T01:42:24,2026-04-24T02:10:16,ok,pickles/smsemoa/rc104_21/run10.pkl,8216563,3
smsemoa,rc104_21,14,3542054797,850000,850080,105,105,2117747.303804,,14.0,1694.865,0.0,5,1666.721,2026-04-24T01:47:47,2026-04-24T02:15:34,ok,pickles/smsemoa/rc104_21/run14.pkl,8216563,3
moead_ws,rc104_21,16,3842120735,850000,850080,105,90,6230109.388483,,15.0,1943.6808,0.0,7,1952.189,2026-04-24T01:44:34,2026-04-24T02:17:07,ok,pickles/moead_ws/rc104_21/run16.pkl,8216563,3
nsga2,rc206_21,1,1743943948,850000,850080,105,105,30455806.466428,,4.0,1080.5823,0.0,4,2811.435,2026-04-24T01:31:46,2026-04-24T02:18:37,ok,pickles/nsga2/rc206_21/run01.pkl,8216563,3
smsemoa,r112_21,20,3049929274,850000,850080,105,101,616234.609152,,14.0,1382.8103,0.0,4,1708.129,2026-04-24T01:51:44,2026-04-24T02:20:12,ok,pickles/smsemoa/r112_21/run20.pkl,8216563,3
smsemoa,r112_21,16,369154890,850000,850080,105,105,1391085.718457,,13.0,1403.3714,0.0,5,1743.865,2026-04-24T01:51:56,2026-04-24T02:21:00,ok,pickles/smsemoa/r112_21/run16.pkl,8216563,3
smsemoa,rc206_21,25,3226404653,850000,850080,105,105,19773691.183129,,5.0,1168.7976,0.0,4,2714.763,2026-04-24T01:44:03,2026-04-24T02:29:18,ok,pickles/smsemoa/rc206_21/run25.pkl,8216563,3
smsemoa,c106_21,28,2166729280,850000,850080,105,105,80370958.740953,,13.0,1619.9745,644.6357,8,1664.986,2026-04-24T02:06:51,2026-04-24T02:34:36,ok,pickles/smsemoa/c106_21/run28.pkl,8216563,3
nsga2,rc104_21,3,1359852584,850000,850080,105,105,1337105.0416,,15.0,1797.9984,0.0,5,1611.648,2026-04-24T02:10:16,2026-04-24T02:37:08,ok,pickles/nsga2/rc104_21/run03.pkl,8216563,3
smsemoa,r112_21,26,1941842593,850000,850080,105,105,312696.857834,,14.0,1361.6433,0.0,2,1713.575,2026-04-24T02:09:26,2026-04-24T02:38:00,ok,pickles/smsemoa/r112_21/run26.pkl,8216563,3
nsga2,c106_21,13,3615571619,850000,850080,105,105,65230903.38485,,14.0,1544.6087,527.9932,7,1614.602,2026-04-24T02:15:34,2026-04-24T02:42:29,ok,pickles/nsga2/c106_21/run13.pkl,8216563,3
moead_ws,rc206_21,10,3382889407,850000,850080,105,105,64468542.600892,,5.0,1021.821,0.0,4,3014.091,2026-04-24T01:52:26,2026-04-24T02:42:40,ok,pickles/moead_ws/rc206_21/run10.pkl,8216563,3
smsemoa,c106_21,5,1704155450,850000,850080,105,105,29759868.2564,,13.0,1645.668,652.6252,6,1728.286,2026-04-24T02:17:07,2026-04-24T02:45:55,ok,pickles/smsemoa/c106_21/run05.pkl,8216563,3
smsemoa,r112_21,3,1305493538,850000,850080,105,105,1089089.767328,,13.0,1377.3771,0.0,5,1727.216,2026-04-24T02:21:00,2026-04-24T02:49:48,ok,pickles/smsemoa/r112_21/run03.pkl,8216563,3
moead_ws,r112_21,11,1492898871,850000,850080,105,95,3352617.238127,,13.0,1319.3675,0.0,5,2000.969,2026-04-24T02:20:13,2026-04-24T02:53:34,ok,pickles/moead_ws/r112_21/run11.pkl,8216563,3
nsga2,rc104_21,5,2249933762,850000,850080,105,105,3746313.872776,,13.0,1710.3624,0.0,6,1571.965,2026-04-24T02:29:18,2026-04-24T02:55:30,ok,pickles/nsga2/rc104_21/run05.pkl,8216563,3
smsemoa,rc206_21,29,2178483405,850000,850080,105,105,77405383.609382,,5.0,1035.4229,11.0333,4,2731.058,2026-04-24T02:18:37,2026-04-24T03:04:08,ok,pickles/smsemoa/rc206_21/run29.pkl,8216563,3
nsga2,c106_21,4,1974298040,850000,850080,105,105,88033172.925992,,13.0,1631.9831,217.8164,9,1625.71,2026-04-24T02:38:00,2026-04-24T03:05:05,ok,pickles/nsga2/c106_21/run04.pkl,8216563,3
nsga2,r112_21,22,865076857,850000,850080,105,105,351515.818631,,14.0,1421.477,0.0,3,1670.381,2026-04-24T02:45:55,2026-04-24T03:13:45,ok,pickles/nsga2/r112_21/run22.pkl,8216563,3
moead_ws,r112_21,30,2545766118,850000,850080,105,88,4163146.332609,,14.0,1475.4232,0.0,7,1980.451,2026-04-24T02:42:41,2026-04-24T03:15:42,ok,pickles/moead_ws/r112_21/run30.pkl,8216563,3
smsemoa,rc206_21,30,3147235259,850000,850080,105,105,36890524.691483,,4.0,1072.4001,0.0,4,2744.23,2026-04-24T02:34:36,2026-04-24T03:20:20,ok,pickles/smsemoa/rc206_21/run30.pkl,8216563,3
nsga2,rc206_21,27,1658453148,850000,850080,105,105,25766922.969839,,5.0,1164.3918,0.0,3,2676.28,2026-04-24T02:37:08,2026-04-24T03:21:44,ok,pickles/nsga2/rc206_21/run27.pkl,8216563,3
smsemoa,rc206_21,16,1346968898,850000,850080,105,105,40083383.47374,,5.0,933.1929,5.0414,3,2628.88,2026-04-24T02:42:29,2026-04-24T03:26:17,ok,pickles/smsemoa/rc206_21/run16.pkl,8216563,3
moead_ws,c106_21,27,1888320748,850000,850080,105,102,189080231.807486,,15.0,1827.2531,1548.4125,8,2030.113,2026-04-24T02:53:35,2026-04-24T03:27:25,ok,pickles/moead_ws/c106_21/run27.pkl,8216563,3
moead_ws,r112_21,27,2119081662,850000,850080,105,82,1676064.213257,,13.0,1354.5916,0.0,4,1980.478,2026-04-24T02:55:31,2026-04-24T03:28:32,ok,pickles/moead_ws/r112_21/run27.pkl,8216563,3
nsga2,r112_21,15,3581035202,850000,850080,105,105,828032.094746,,13.0,1369.8192,0.0,4,1679.116,2026-04-24T03:04:08,2026-04-24T03:32:07,ok,pickles/nsga2/r112_21/run15.pkl,8216563,3
moead_ws,rc206_21,25,2006284983,850000,850080,105,96,192983994.259493,,6.0,1184.0078,13.8992,4,2921.329,2026-04-24T02:49:48,2026-04-24T03:38:30,ok,pickles/moead_ws/rc206_21/run25.pkl,8216563,3
smsemoa,rc104_21,19,1596425014,850000,850080,105,94,2190322.892849,,14.0,1719.1835,0.0,6,1701.298,2026-04-24T03:13:45,2026-04-24T03:42:07,ok,pickles/smsemoa/rc104_21/run19.pkl,8216563,3
moead_ws,rc104_21,4,1308131668,850000,850080,105,103,22585805.016278,,14.0,1762.0602,0.0,8,1908.687,2026-04-24T03:15:42,2026-04-24T03:47:31,ok,pickles/moead_ws/rc104_21/run04.pkl,8216563,3
smsemoa,c106_21,17,2392420880,850000,850080,105,105,51279945.114917,,13.0,1622.3397,912.0481,7,1660.542,2026-04-24T03:21:44,2026-04-24T03:49:25,ok,pickles/smsemoa/c106_21/run17.pkl,8216563,3
nsga2,rc206_21,22,2165928258,850000,850080,105,105,37577014.03685,,4.0,1068.2031,0.0,5,2701.401,2026-04-24T03:05:05,2026-04-24T03:50:07,ok,pickles/nsga2/rc206_21/run22.pkl,8216563,3
nsga2,c106_21,15,964367456,850000,850080,105,105,97706651.089244,,13.0,1653.6283,412.6766,9,1629.9,2026-04-24T03:32:07,2026-04-24T03:59:17,ok,pickles/nsga2/c106_21/run15.pkl,8216563,3
moead_ws,c106_21,25,2952995286,850000,850080,105,102,44464436.491947,,16.0,1839.3141,474.4581,3,1982.345,2026-04-24T03:26:18,2026-04-24T03:59:21,ok,pickles/moead_ws/c106_21/run25.pkl,8216563,3
moead_ws,r112_21,9,3111365969,850000,850080,105,103,1706361.750107,,14.0,1402.8083,0.0,5,1969.304,2026-04-24T03:27:26,2026-04-24T04:00:15,ok,pickles/moead_ws/r112_21/run09.pkl,8216563,3
moead_ws,rc104_21,1,604215624,850000,850080,105,104,11819218.24382,,14.0,1755.017,0.0,7,1916.529,2026-04-24T03:28:32,2026-04-24T04:00:29,ok,pickles/moead_ws/rc104_21/run01.pkl,8216563,3
nsga2,rc206_21,20,3251742647,850000,850080,105,105,33850269.113298,,4.0,1111.2274,0.0,4,2663.318,2026-04-24T03:20:20,2026-04-24T04:04:43,ok,pickles/nsga2/rc206_21/run20.pkl,8216563,3
smsemoa,r112_21,2,1456554476,850000,850080,105,98,227843.209574,,14.0,1386.6453,0.0,4,1765.134,2026-04-24T03:42:07,2026-04-24T04:11:32,ok,pickles/smsemoa/r112_21/run02.pkl,8216563,3
moead_ws,rc104_21,17,1329144145,850000,850080,105,92,3006695.094939,,16.0,1972.1042,0.0,6,1888.54,2026-04-24T03:47:32,2026-04-24T04:19:00,ok,pickles/moead_ws/rc104_21/run17.pkl,8216563,3
moead_ws,rc104_21,11,2667166301,850000,850080,105,88,1888295.412996,,15.0,1749.4666,1.0907,6,1944.321,2026-04-24T03:49:26,2026-04-24T04:21:50,ok,pickles/moead_ws/rc104_21/run11.pkl,8216563,3
nsga2,rc206_21,18,4236486890,850000,850080,105,105,12468820.680382,,4.0,1145.4641,0.0,3,2660.744,2026-04-24T03:38:30,2026-04-24T04:22:51,ok,pickles/nsga2/rc206_21/run18.pkl,8216563,3
smsemoa,c106_21,14,2366619553,850000,850080,105,105,52411901.714416,,13.0,1540.1904,473.6314,7,1619.624,2026-04-24T03:59:17,2026-04-24T04:26:17,ok,pickles/smsemoa/c106_21/run14.pkl,8216563,3
nsga2,r112_21,13,1470483429,850000,850080,105,105,618935.562549,,13.0,1320.0137,0.0,4,1662.083,2026-04-24T04:00:29,2026-04-24T04:28:11,ok,pickles/nsga2/r112_21/run13.pkl,8216563,3
moead_ws,r112_21,22,3804353636,850000,850080,105,98,830620.720443,,14.0,1381.2971,0.0,3,1978.98,2026-04-24T03:59:21,2026-04-24T04:32:20,ok,pickles/moead_ws/r112_21/run22.pkl,8216563,3
moead_ws,c106_21,9,2743693256,850000,850080,105,101,41401516.075551,,14.0,1977.0879,451.0195,2,1963.881,2026-04-24T04:00:16,2026-04-24T04:33:00,ok,pickles/moead_ws/c106_21/run09.pkl,8216563,3
moead_ws,rc104_21,2,1125763232,850000,850080,105,99,4817622.342243,,16.0,1988.8798,3.3521,6,1943.873,2026-04-24T04:04:44,2026-04-24T04:37:08,ok,pickles/moead_ws/rc104_21/run02.pkl,8216563,3
smsemoa,rc104_21,30,1446794992,850000,850080,105,105,1272114.389756,,15.0,1796.273,0.0,4,1677.61,2026-04-24T04:11:32,2026-04-24T04:39:29,ok,pickles/smsemoa/rc104_21/run30.pkl,8216563,3
moead_ws,rc206_21,15,2944557971,850000,850080,105,97,45920571.709664,,5.0,946.7052,0.0,4,3042.962,2026-04-24T03:50:08,2026-04-24T04:40:51,ok,pickles/moead_ws/rc206_21/run15.pkl,8216563,3
smsemoa,c106_21,18,1643029654,850000,850080,105,105,134046591.106182,,13.0,1607.7324,676.2595,10,1637.848,2026-04-24T04:21:50,2026-04-24T04:49:08,ok,pickles/smsemoa/c106_21/run18.pkl,8216563,3
nsga2,rc104_21,1,3978579160,850000,850080,105,101,2060776.983469,,13.0,1628.1469,0.0,6,1590.152,2026-04-24T04:22:51,2026-04-24T04:49:21,ok,pickles/nsga2/rc104_21/run01.pkl,8216563,3
smsemoa,rc104_21,25,57108460,850000,850080,105,105,1626892.807932,,14.0,1626.1903,1.0907,5,1675.976,2026-04-24T04:28:11,2026-04-24T04:56:07,ok,pickles/smsemoa/rc104_21/run25.pkl,8216563,3
smsemoa,r112_21,7,855249952,850000,850080,105,105,361096.383452,,13.0,1380.9813,0.0,4,1748.797,2026-04-24T04:32:20,2026-04-24T05:01:29,ok,pickles/smsemoa/r112_21/run07.pkl,8216563,3
nsga2,rc206_21,2,1490553944,850000,850080,105,105,46955686.931071,,4.0,1131.5135,0.0,5,2553.784,2026-04-24T04:19:00,2026-04-24T05:01:34,ok,pickles/nsga2/rc206_21/run02.pkl,8216563,3
smsemoa,r112_21,8,2661380880,850000,850080,105,105,455076.496013,,13.0,1345.2711,0.0,3,1762.725,2026-04-24T04:33:00,2026-04-24T05:02:23,ok,pickles/smsemoa/r112_21/run08.pkl,8216563,3
nsga2,c106_21,22,1670884140,850000,850080,105,105,63492743.092303,,15.0,1683.3207,1131.9471,8,1596.298,2026-04-24T04:37:08,2026-04-24T05:03:44,ok,pickles/nsga2/c106_21/run22.pkl,8216563,3
nsga2,c106_21,20,209616027,850000,850080,105,105,102051806.07611,,14.0,1861.7369,2060.2798,9,1608.056,2026-04-24T04:40:51,2026-04-24T05:07:39,ok,pickles/nsga2/c106_21/run20.pkl,8216563,3
smsemoa,rc206_21,19,1894333459,850000,850080,105,105,52680255.68028,,4.0,1064.3574,0.0,4,2718.95,2026-04-24T04:26:17,2026-04-24T05:11:36,ok,pickles/smsemoa/rc206_21/run19.pkl,8216563,3
moead_ws,r112_21,26,2014731755,850000,850080,105,99,1139971.020295,,14.0,1495.2983,0.0,4,2015.571,2026-04-24T04:39:30,2026-04-24T05:13:06,ok,pickles/moead_ws/r112_21/run26.pkl,8216563,3
nsga2,rc104_21,27,4267735521,850000,850080,105,105,1350979.996577,,15.0,1768.2469,0.0,6,1551.154,2026-04-24T04:49:08,2026-04-24T05:14:59,ok,pickles/nsga2/rc104_21/run27.pkl,8216563,3
nsga2,c106_21,5,3187537191,850000,850080,105,105,117890836.179461,,14.0,1765.6479,425.8091,8,1657.948,2026-04-24T04:49:21,2026-04-24T05:16:59,ok,pickles/nsga2/c106_21/run05.pkl,8216563,3
nsga2,r112_21,21,750703398,850000,850080,105,105,534987.952045,,14.0,1470.9404,0.0,3,1701.951,2026-04-24T04:56:07,2026-04-24T05:24:29,ok,pickles/nsga2/r112_21/run21.pkl,8216563,3
smsemoa,r112_21,27,324162848,850000,850080,105,105,1250699.843648,,13.0,1389.3518,0.0,5,1736.559,2026-04-24T05:01:29,2026-04-24T05:30:26,ok,pickles/smsemoa/r112_21/run27.pkl,8216563,3
smsemoa,c106_21,20,3365532059,850000,850080,105,105,114334378.949144,,14.0,1716.6548,346.0745,10,1695.957,2026-04-24T05:02:23,2026-04-24T05:30:39,ok,pickles/smsemoa/c106_21/run20.pkl,8216563,3
nsga2,rc104_21,18,789422304,850000,850080,105,105,1043381.001337,,16.0,1852.5583,0.0,4,1553.781,2026-04-24T05:13:06,2026-04-24T05:39:00,ok,pickles/nsga2/rc104_21/run18.pkl,8216563,3
smsemoa,rc104_21,6,3302774147,850000,850080,105,104,750845.447175,,14.0,1761.1739,0.0,5,1702.702,2026-04-24T05:11:36,2026-04-24T05:39:59,ok,pickles/smsemoa/rc104_21/run06.pkl,8216563,3
nsga2,rc104_21,25,3793519942,850000,850080,105,105,1325446.683512,,15.0,1832.4964,0.0,6,1563.953,2026-04-24T05:16:59,2026-04-24T05:43:03,ok,pickles/nsga2/rc104_21/run25.pkl,8216563,3
nsga2,rc206_21,3,329793509,850000,850080,105,105,32309292.85847,,4.0,1224.5032,0.0,5,2641.957,2026-04-24T05:01:34,2026-04-24T05:45:36,ok,pickles/nsga2/rc206_21/run03.pkl,8216563,3
nsga2,rc206_21,19,567947147,850000,850080,105,105,15208019.710299,,5.0,1062.0042,0.0,3,2690.622,2026-04-24T05:03:44,2026-04-24T05:48:35,ok,pickles/nsga2/rc206_21/run19.pkl,8216563,3
moead_ws,rc206_21,22,2442003259,850000,850080,105,102,124272647.276016,,5.0,867.311,0.0,5,2829.862,2026-04-24T05:07:39,2026-04-24T05:54:49,ok,pickles/moead_ws/rc206_21/run22.pkl,8216563,3
smsemoa,rc104_21,16,883265370,850000,850080,105,105,1642250.39848,,13.0,1587.6483,0.0,6,1680.817,2026-04-24T05:30:39,2026-04-24T05:58:40,ok,pickles/smsemoa/rc104_21/run16.pkl,8216563,3
nsga2,rc206_21,15,1754795235,850000,850080,105,105,55592632.110478,,4.0,983.0462,0.0,5,2689.206,2026-04-24T05:14:59,2026-04-24T05:59:48,ok,pickles/nsga2/rc206_21/run15.pkl,8216563,3
nsga2,c106_21,21,589775697,850000,850080,105,105,98319191.28206,,13.0,1737.4483,929.1472,9,1621.756,2026-04-24T05:39:00,2026-04-24T06:06:02,ok,pickles/nsga2/c106_21/run21.pkl,8216563,3
moead_ws,rc206_21,11,1964017796,850000,850080,105,100,95057683.781753,,5.0,983.6573,0.0,3,2733.238,2026-04-24T05:24:30,2026-04-24T06:10:03,ok,pickles/moead_ws/rc206_21/run11.pkl,8216563,3
nsga2,r112_21,3,2957895104,850000,850080,105,54,268645.545625,,13.0,1377.1875,0.0,4,1628.118,2026-04-24T05:43:03,2026-04-24T06:10:11,ok,pickles/nsga2/r112_21/run03.pkl,8216563,3
smsemoa,c106_21,10,597091722,850000,850080,105,105,56801160.79262,,14.0,1573.8741,467.6225,7,1666.872,2026-04-24T05:45:36,2026-04-24T06:13:23,ok,pickles/smsemoa/c106_21/run10.pkl,8216563,3
smsemoa,rc206_21,8,616902877,850000,850080,105,105,27882385.381146,,5.0,1007.6343,0.0,3,2750.197,2026-04-24T05:30:26,2026-04-24T06:16:16,ok,pickles/smsemoa/rc206_21/run08.pkl,8216563,3
moead_ws,r112_21,18,760023099,850000,850080,105,85,996103.497512,,15.0,1456.6223,0.0,4,1975.082,2026-04-24T05:48:36,2026-04-24T06:21:31,ok,pickles/moead_ws/r112_21/run18.pkl,8216563,3
nsga2,rc104_21,24,3086260970,850000,850080,105,105,1416060.618978,,16.0,1875.1497,0.0,5,1549.47,2026-04-24T05:58:40,2026-04-24T06:24:29,ok,pickles/nsga2/rc104_21/run24.pkl,8216563,3
moead_ws,rc206_21,18,530658087,850000,850080,105,95,113600931.758085,,5.0,841.5644,36.2223,6,2740.711,2026-04-24T05:40:00,2026-04-24T06:25:40,ok,pickles/moead_ws/rc206_21/run18.pkl,8216563,3
nsga2,c106_21,12,2990765573,850000,850080,105,105,100924175.694033,,14.0,1689.8436,956.8271,9,1585.72,2026-04-24T05:59:48,2026-04-24T06:26:14,ok,pickles/nsga2/c106_21/run12.pkl,8216563,3
smsemoa,rc104_21,5,3070568472,850000,850080,105,105,3009176.734931,,14.0,1696.4783,0.0,6,1697.114,2026-04-24T06:06:02,2026-04-24T06:34:19,ok,pickles/smsemoa/rc104_21/run05.pkl,8216563,3
nsga2,c106_21,18,1959062074,850000,850080,105,105,115343436.607766,,13.0,1725.1994,610.7946,9,1635.328,2026-04-24T06:10:03,2026-04-24T06:37:19,ok,pickles/nsga2/c106_21/run18.pkl,8216563,3
smsemoa,rc104_21,17,3851142359,850000,850080,105,105,2251889.261989,,13.0,1594.984,0.0,6,1678.622,2026-04-24T06:10:11,2026-04-24T06:38:10,ok,pickles/smsemoa/rc104_21/run17.pkl,8216563,3
smsemoa,rc206_21,5,1604228093,850000,850080,105,105,12295900.914225,,5.0,975.3518,0.0,3,2735.501,2026-04-24T05:54:49,2026-04-24T06:40:25,ok,pickles/smsemoa/rc206_21/run05.pkl,8216563,3
smsemoa,c106_21,13,1066161863,850000,850080,105,105,59537440.266377,,14.0,1608.2604,1040.8106,6,1708.801,2026-04-24T06:13:23,2026-04-24T06:41:52,ok,pickles/smsemoa/c106_21/run13.pkl,8216563,3
smsemoa,rc104_21,24,1135623219,850000,850080,105,105,2299339.251159,,14.0,1585.3003,0.0,5,1657.037,2026-04-24T06:16:16,2026-04-24T06:43:53,ok,pickles/smsemoa/rc104_21/run24.pkl,8216563,3
nsga2,r112_21,17,119341259,850000,850080,105,97,651632.422212,,14.0,1420.0212,0.0,3,1639.799,2026-04-24T06:24:29,2026-04-24T06:51:49,ok,pickles/nsga2/r112_21/run17.pkl,8216563,3
smsemoa,rc104_21,8,3748890173,850000,850080,105,105,524452.560841,,15.0,1727.8312,0.0,4,1637.132,2026-04-24T06:25:40,2026-04-24T06:52:57,ok,pickles/smsemoa/rc104_21/run08.pkl,8216563,3
nsga2,c106_21,7,1775697981,850000,850080,105,105,36381204.361888,,14.0,1802.678,562.5572,6,1608.885,2026-04-24T06:26:14,2026-04-24T06:53:03,ok,pickles/nsga2/c106_21/run07.pkl,8216563,3
smsemoa,c106_21,1,1238901226,850000,850080,105,105,62751559.697303,,14.0,1605.819,1648.4571,7,1639.893,2026-04-24T06:34:19,2026-04-24T07:01:39,ok,pickles/smsemoa/c106_21/run01.pkl,8216563,3
nsga2,rc206_21,21,4000129290,850000,850080,105,105,44809485.508927,,5.0,984.0595,11.4403,4,2658.218,2026-04-24T06:21:31,2026-04-24T07:05:49,ok,pickles/nsga2/rc206_21/run21.pkl,8216563,3
smsemoa,rc104_21,1,2069195919,850000,850080,105,104,1482600.993875,,14.0,1705.7539,0.0,5,1663.36,2026-04-24T06:40:25,2026-04-24T07:08:08,ok,pickles/smsemoa/rc104_21/run01.pkl,8216563,3
moead_ws,r112_21,23,3387230998,850000,850080,105,96,1125197.887027,,15.0,1536.3064,0.0,4,1993.805,2026-04-24T06:37:19,2026-04-24T07:10:33,ok,pickles/moead_ws/r112_21/run23.pkl,8216563,3
moead_ws,rc104_21,3,597917814,850000,850080,105,91,27018338.490493,,15.0,1884.0158,0.0,8,1879.073,2026-04-24T06:41:53,2026-04-24T07:13:12,ok,pickles/moead_ws/rc104_21/run03.pkl,8216563,3
smsemoa,c106_21,7,2832584034,850000,850080,105,105,47705257.275166,,14.0,1624.3443,666.618,8,1628.618,2026-04-24T06:52:57,2026-04-24T07:20:06,ok,pickles/smsemoa/c106_21/run07.pkl,8216563,3
moead_ws,rc206_21,21,2720889493,850000,850080,105,101,72201420.148272,,6.0,930.7844,0.0,3,2774.509,2026-04-24T06:38:10,2026-04-24T07:24:25,ok,pickles/moead_ws/rc206_21/run21.pkl,8216563,3
nsga2,rc206_21,28,871896091,850000,850080,105,105,70828157.896048,,4.0,1129.387,2.2354,5,2658.405,2026-04-24T06:43:53,2026-04-24T07:28:12,ok,pickles/nsga2/rc206_21/run28.pkl,8216563,3
moead_ws,rc104_21,15,231803761,850000,850080,105,96,5603117.456476,,13.0,1597.0149,0.0,7,1925.606,2026-04-24T07:01:39,2026-04-24T07:33:45,ok,pickles/moead_ws/rc104_21/run15.pkl,8216563,3
nsga2,rc104_21,6,2000893953,850000,850080,105,105,2343714.314778,,15.0,1772.4494,0.0,5,1629.975,2026-04-24T07:08:08,2026-04-24T07:35:18,ok,pickles/nsga2/rc104_21/run06.pkl,8216563,3
smsemoa,rc206_21,1,4136580964,850000,850080,105,105,26679401.061542,,5.0,1068.0014,0.0,3,2699.064,2026-04-24T06:51:49,2026-04-24T07:36:48,ok,pickles/smsemoa/rc206_21/run01.pkl,8216563,3
smsemoa,rc206_21,2,1938066867,850000,850080,105,105,15405760.124836,,4.0,931.8157,0.0,4,2693.352,2026-04-24T06:53:03,2026-04-24T07:37:57,ok,pickles/smsemoa/rc206_21/run02.pkl,8216563,3
nsga2,r112_21,26,1064281944,850000,850080,105,105,1044017.046099,,13.0,1423.2875,0.0,5,1675.645,2026-04-24T07:13:12,2026-04-24T07:41:08,ok,pickles/nsga2/r112_21/run26.pkl,8216563,3
nsga2,c106_21,2,3255240300,850000,850080,105,105,161059843.302133,,12.0,1555.2647,331.1158,12,1578.604,2026-04-24T07:20:06,2026-04-24T07:46:25,ok,pickles/nsga2/c106_21/run02.pkl,8216563,3
nsga2,r112_21,9,3603762574,850000,850080,105,105,2464313.215283,,12.0,1312.8931,0.0,7,1633.587,2026-04-24T07:24:25,2026-04-24T07:51:39,ok,pickles/nsga2/r112_21/run09.pkl,8216563,3
moead_ws,rc206_21,5,3523393372,850000,850080,105,104,121626819.932274,,5.0,935.2867,32.3442,6,2849.343,2026-04-24T07:05:50,2026-04-24T07:53:19,ok,pickles/moead_ws/rc206_21/run05.pkl,8216563,3
moead_ws,rc206_21,16,1280159162,850000,850080,105,105,354762402.329908,,5.0,922.5318,59.6348,4,2717.909,2026-04-24T07:10:34,2026-04-24T07:55:52,ok,pickles/moead_ws/rc206_21/run16.pkl,8216563,3
smsemoa,c106_21,6,366913776,850000,850080,105,105,152946849.916547,,13.0,1608.0085,552.9339,10,1671.706,2026-04-24T07:28:12,2026-04-24T07:56:03,ok,pickles/smsemoa/c106_21/run06.pkl,8216563,3
smsemoa,c106_21,26,1979212043,850000,850080,105,105,65555576.432099,,13.0,1718.2938,1023.3987,8,1658.466,2026-04-24T07:36:48,2026-04-24T08:04:27,ok,pickles/smsemoa/c106_21/run26.pkl,8216563,3
moead_ws,c106_21,11,3963784001,850000,850080,105,104,175320500.360247,,15.0,1848.9395,699.1818,7,1979.404,2026-04-24T07:33:46,2026-04-24T08:06:45,ok,pickles/moead_ws/c106_21/run11.pkl,8216563,3
moead_ws,rc104_21,29,3276260238,850000,850080,105,100,3980081.251309,,15.0,1874.0336,0.0,5,1967.897,2026-04-24T07:37:57,2026-04-24T08:10:45,ok,pickles/moead_ws/rc104_21/run29.pkl,8216563,3
nsga2,r112_21,11,3557036623,850000,850080,105,105,626006.169152,,14.0,1469.1106,0.0,4,1638.677,2026-04-24T07:46:25,2026-04-24T08:13:44,ok,pickles/nsga2/r112_21/run11.pkl,8216563,3
smsemoa,rc206_21,22,3613186177,850000,850080,105,105,40898045.09171,,4.0,981.7846,0.0,4,2655.575,2026-04-24T07:35:18,2026-04-24T08:19:34,ok,pickles/smsemoa/rc206_21/run22.pkl,8216563,3
nsga2,c106_21,6,1722861653,850000,850080,105,105,46970434.331098,,14.0,1643.8447,612.6047,8,1588.181,2026-04-24T07:56:03,2026-04-24T08:22:32,ok,pickles/nsga2/c106_21/run06.pkl,8216563,3
moead_ws,c106_21,4,188720387,850000,850080,105,101,112792627.25353,,16.0,1677.3042,533.4989,7,1949.898,2026-04-24T07:53:20,2026-04-24T08:25:50,ok,pickles/moead_ws/c106_21/run04.pkl,8216563,3
smsemoa,rc206_21,26,101230270,850000,850080,105,105,12048746.845572,,5.0,1067.471,0.0,3,2734.262,2026-04-24T07:41:08,2026-04-24T08:26:42,ok,pickles/smsemoa/rc206_21/run26.pkl,8216563,3
smsemoa,r112_21,17,4284463845,850000,850080,105,105,516804.821423,,14.0,1417.4208,0.0,3,1789.847,2026-04-24T08:04:27,2026-04-24T08:34:16,ok,pickles/smsemoa/r112_21/run17.pkl,8216563,3
moead_ws,r112_21,24,4202330951,850000,850080,105,101,1355237.589059,,14.0,1379.0867,0.0,3,2012.359,2026-04-24T08:06:46,2026-04-24T08:40:19,ok,pickles/moead_ws/r112_21/run24.pkl,8216563,3
moead_ws,rc206_21,6,455522428,850000,850080,105,101,115527353.299538,,6.0,972.9725,0.0,5,2978.803,2026-04-24T07:51:39,2026-04-24T08:41:18,ok,pickles/moead_ws/rc206_21/run06.pkl,8216563,3
nsga2,rc206_21,14,811467273,850000,850080,105,105,33394429.440195,,4.0,1141.1414,0.0,4,2776.338,2026-04-24T07:55:52,2026-04-24T08:42:08,ok,pickles/nsga2/rc206_21/run14.pkl,8216563,3
moead_ws,rc104_21,26,624312987,850000,850080,105,89,2266969.253218,,15.0,1713.3895,0.0,4,1916.142,2026-04-24T08:13:44,2026-04-24T08:45:40,ok,pickles/moead_ws/rc104_21/run26.pkl,8216563,3
nsga2,c106_21,29,3164350246,850000,850080,105,105,208863864.560859,,13.0,1632.543,227.0479,11,1592.734,2026-04-24T08:19:34,2026-04-24T08:46:07,ok,pickles/nsga2/c106_21/run29.pkl,8216563,3
nsga2,rc206_21,17,1738087837,850000,850080,105,105,104247431.94745,,5.0,1309.682,0.0,6,2563.831,2026-04-24T08:10:45,2026-04-24T08:53:29,ok,pickles/nsga2/rc206_21/run17.pkl,8216563,3
moead_ws,c106_21,13,2527036104,850000,850080,105,99,179150139.892271,,15.0,1841.1297,1477.3736,6,1916.776,2026-04-24T08:22:32,2026-04-24T08:54:29,ok,pickles/moead_ws/c106_21/run13.pkl,8216563,3
smsemoa,c106_21,15,2605233946,850000,850080,105,105,81511137.269989,,13.0,1640.8979,719.2139,9,1717.895,2026-04-24T08:26:42,2026-04-24T08:55:20,ok,pickles/smsemoa/c106_21/run15.pkl,8216563,3
moead_ws,r112_21,10,1904176241,850000,850080,105,101,2222663.886347,,13.0,1432.6845,0.0,6,1984.594,2026-04-24T08:25:51,2026-04-24T08:58:56,ok,pickles/moead_ws/r112_21/run10.pkl,8216563,3
moead_ws,r112_21,5,2377705748,850000,850080,105,91,817188.91129,,14.0,1402.8284,0.0,5,1975.324,2026-04-24T08:34:17,2026-04-24T09:07:13,ok,pickles/moead_ws/r112_21/run05.pkl,8216563,3
nsga2,c106_21,26,2625982083,850000,850080,105,105,96314368.976472,,13.0,1734.1288,1485.878,8,1661.19,2026-04-24T08:41:18,2026-04-24T09:08:59,ok,pickles/nsga2/c106_21/run26.pkl,8216563,3
nsga2,rc104_21,21,3128566964,850000,850080,105,105,3787255.663977,,15.0,1899.8394,0.0,6,1554.415,2026-04-24T08:45:40,2026-04-24T09:11:35,ok,pickles/nsga2/rc104_21/run21.pkl,8216563,3
moead_ws,r112_21,2,2327276116,850000,850080,105,99,388111.792706,,15.0,1497.3661,0.0,3,1929.16,2026-04-24T08:42:09,2026-04-24T09:14:18,ok,pickles/moead_ws/r112_21/run02.pkl,8216563,3
moead_ws,rc104_21,25,2067889089,850000,850080,105,98,5188932.946049,,14.0,1781.2674,0.0,8,1910.079,2026-04-24T08:46:08,2026-04-24T09:17:58,ok,pickles/moead_ws/rc104_21/run25.pkl,8216563,3
smsemoa,r112_21,23,3194081886,850000,850080,105,105,799107.822426,,13.0,1345.327,0.0,6,1746.192,2026-04-24T08:55:20,2026-04-24T09:24:26,ok,pickles/smsemoa/r112_21/run23.pkl,8216563,3
moead_ws,rc206_21,4,880542463,850000,850080,105,102,14142651.136514,,6.0,1071.2043,0.0,3,2750.264,2026-04-24T08:40:19,2026-04-24T09:26:10,ok,pickles/moead_ws/rc206_21/run04.pkl,8216563,3
moead_ws,r112_21,19,543112636,850000,850080,105,90,1822979.439755,,13.0,1387.3532,0.0,5,1974.501,2026-04-24T08:53:30,2026-04-24T09:26:25,ok,pickles/moead_ws/r112_21/run19.pkl,8216563,3
smsemoa,c106_21,3,3283304188,850000,850080,105,105,56225267.057801,,13.0,1586.643,443.509,8,1687.704,2026-04-24T08:58:56,2026-04-24T09:27:03,ok,pickles/smsemoa/c106_21/run03.pkl,8216563,3
moead_ws,r112_21,20,1698785517,850000,850080,105,103,1446331.604394,,14.0,1393.7621,0.0,5,2002.506,2026-04-24T08:54:30,2026-04-24T09:27:53,ok,pickles/moead_ws/r112_21/run20.pkl,8216563,3
nsga2,rc104_21,2,4197066047,850000,850080,105,105,1562735.415525,,14.0,1767.2411,0.0,5,1565.978,2026-04-24T09:08:59,2026-04-24T09:35:05,ok,pickles/nsga2/rc104_21/run02.pkl,8216563,3
smsemoa,rc104_21,20,2993043833,850000,850080,105,105,1015284.454266,,15.0,1718.0954,0.0,4,1687.864,2026-04-24T09:11:35,2026-04-24T09:39:43,ok,pickles/smsemoa/rc104_21/run20.pkl,8216563,3
smsemoa,rc206_21,20,3470731785,850000,850080,105,105,63078115.487649,,4.0,1058.4554,0.0,6,2681.349,2026-04-24T09:07:13,2026-04-24T09:51:54,ok,pickles/smsemoa/rc206_21/run20.pkl,8216563,3
nsga2,rc104_21,8,844392635,850000,850080,105,105,1939720.728841,,13.0,1704.5545,0.0,6,1596.073,2026-04-24T09:27:53,2026-04-24T09:54:29,ok,pickles/nsga2/rc104_21/run08.pkl,8216563,3
smsemoa,c106_21,2,3811362124,850000,850080,105,105,106935225.151002,,12.0,1742.1726,1296.461,9,1679.558,2026-04-24T09:27:03,2026-04-24T09:55:03,ok,pickles/smsemoa/c106_21/run02.pkl,8216563,3
smsemoa,r112_21,24,3290197238,850000,850080,105,105,1231595.705753,,13.0,1378.3965,0.0,5,1769.257,2026-04-24T09:26:25,2026-04-24T09:55:54,ok,pickles/smsemoa/r112_21/run24.pkl,8216563,3
moead_ws,rc104_21,18,1513572835,850000,850080,105,95,4423391.832969,,15.0,1784.7606,0.0,6,1948.46,2026-04-24T09:24:27,2026-04-24T09:56:56,ok,pickles/moead_ws/rc104_21/run18.pkl,8216563,3
nsga2,rc206_21,5,1190539378,850000,850080,105,105,19252433.382891,,4.0,1219.2835,0.0,4,2723.257,2026-04-24T09:14:18,2026-04-24T09:59:42,ok,pickles/nsga2/rc206_21/run05.pkl,8216563,3
smsemoa,rc104_21,3,2503636329,850000,850080,105,105,784496.864474,,15.0,1804.3025,0.0,4,1671.7,2026-04-24T09:35:05,2026-04-24T10:02:57,ok,pickles/smsemoa/rc104_21/run03.pkl,8216563,3
smsemoa,rc206_21,9,3662419658,850000,850080,105,105,44800879.678729,,4.0,950.6647,0.0,5,2746.524,2026-04-24T09:17:58,2026-04-24T10:03:44,ok,pickles/smsemoa/rc206_21/run09.pkl,8216563,3
smsemoa,rc206_21,7,136148152,850000,850080,105,105,90898089.706265,,5.0,907.4608,0.0,5,2658.76,2026-04-24T09:26:10,2026-04-24T10:10:29,ok,pickles/smsemoa/rc206_21/run07.pkl,8216563,3
moead_ws,r112_21,25,3549650180,850000,850080,105,99,879049.185437,,13.0,1415.4665,0.0,5,2008.389,2026-04-24T09:39:44,2026-04-24T10:13:12,ok,pickles/moead_ws/r112_21/run25.pkl,8216563,3
nsga2,r112_21,14,3767244745,850000,850080,105,105,622828.472893,,14.0,1495.7279,0.0,5,1645.142,2026-04-24T09:55:54,2026-04-24T10:23:19,ok,pickles/nsga2/r112_21/run14.pkl,8216563,3
smsemoa,r112_21,13,546717328,850000,850080,105,105,459700.459997,,13.0,1315.1856,0.0,3,1723.228,2026-04-24T09:55:03,2026-04-24T10:23:46,ok,pickles/smsemoa/r112_21/run13.pkl,8216563,3
moead_ws,r112_21,28,4176835666,850000,850080,105,95,1424711.418089,,13.0,1340.5941,0.0,6,1978.278,2026-04-24T09:54:30,2026-04-24T10:27:28,ok,pickles/moead_ws/r112_21/run28.pkl,8216563,3
smsemoa,c106_21,8,2319693359,850000,850080,105,105,144512951.308137,,13.0,1613.1026,114.4474,10,1691.601,2026-04-24T09:59:42,2026-04-24T10:27:53,ok,pickles/smsemoa/c106_21/run08.pkl,8216563,3
moead_ws,rc104_21,21,945352349,850000,850080,105,98,1730708.10895,,16.0,1962.4415,0.0,5,1932.82,2026-04-24T09:56:56,2026-04-24T10:29:09,ok,pickles/moead_ws/rc104_21/run21.pkl,8216563,3
smsemoa,c106_21,19,495734558,850000,850080,105,105,66949987.687225,,15.0,1782.4909,1271.8443,8,1685.735,2026-04-24T10:03:44,2026-04-24T10:31:50,ok,pickles/smsemoa/c106_21/run19.pkl,8216563,3
moead_ws,rc104_21,7,2916727884,850000,850080,105,98,23106919.486985,,16.0,1875.953,0.0,5,1883.767,2026-04-24T10:02:58,2026-04-24T10:34:22,ok,pickles/moead_ws/rc104_21/run07.pkl,8216563,3
nsga2,rc206_21,30,267506958,850000,850080,105,105,17034720.735734,,5.0,1208.4227,0.0,3,2613.966,2026-04-24T09:51:54,2026-04-24T10:35:28,ok,pickles/nsga2/rc206_21/run30.pkl,8216563,3
moead_ws,c106_21,26,799054061,850000,850080,105,100,182088929.271907,,14.0,1807.3192,2032.3571,7,1955.836,2026-04-24T10:13:13,2026-04-24T10:45:49,ok,pickles/moead_ws/c106_21/run26.pkl,8216563,3
nsga2,r112_21,29,2357241895,850000,850080,105,105,383220.485265,,14.0,1439.5851,0.0,4,1680.251,2026-04-24T10:23:19,2026-04-24T10:51:19,ok,pickles/nsga2/r112_21/run29.pkl,8216563,3
nsga2,r112_21,12,1363419957,850000,850080,105,105,886560.529175,,14.0,1400.1329,0.0,4,1697.116,2026-04-24T10:23:46,2026-04-24T10:52:03,ok,pickles/nsga2/r112_21/run12.pkl,8216563,3
nsga2,rc104_21,10,2263755862,850000,850080,105,105,2029017.84121,,15.0,1856.4221,0.0,6,1594.255,2026-04-24T10:27:28,2026-04-24T10:54:02,ok,pickles/nsga2/rc104_21/run10.pkl,8216563,3
nsga2,c106_21,25,2132215329,850000,850080,105,105,94549512.273596,,13.0,1727.6042,316.4736,9,1604.878,2026-04-24T10:31:50,2026-04-24T10:58:35,ok,pickles/nsga2/c106_21/run25.pkl,8216563,3
moead_ws,rc206_21,3,3483274971,850000,850080,105,101,59110817.061171,,5.0,1022.7948,55.3754,5,2946.82,2026-04-24T10:10:29,2026-04-24T10:59:36,ok,pickles/moead_ws/rc206_21/run03.pkl,8216563,3
smsemoa,c106_21,27,234419597,850000,850080,105,105,146231032.6766,,13.0,1746.7327,137.6344,10,1635.029,2026-04-24T10:45:49,2026-04-24T11:13:04,ok,pickles/smsemoa/c106_21/run27.pkl,8216563,3
moead_ws,rc206_21,14,3719421752,850000,850080,105,101,206378610.040596,,5.0,951.0009,0.0,7,2827.977,2026-04-24T10:27:54,2026-04-24T11:15:02,ok,pickles/moead_ws/rc206_21/run14.pkl,8216563,3
moead_ws,rc206_21,30,2439253096,850000,850080,105,90,88450161.130061,,5.0,1036.744,0.0,5,2949.798,2026-04-24T10:29:10,2026-04-24T11:18:20,ok,pickles/moead_ws/rc206_21/run30.pkl,8216563,3
nsga2,rc104_21,7,467742629,850000,850080,105,75,692066.998234,,15.0,1849.8758,0.0,4,1595.277,2026-04-24T10:52:03,2026-04-24T11:18:39,ok,pickles/nsga2/rc104_21/run07.pkl,8216563,3
smsemoa,c106_21,22,1781991730,850000,850080,105,105,58044231.039439,,13.0,1567.8425,586.5674,9,1658.374,2026-04-24T10:51:19,2026-04-24T11:18:58,ok,pickles/smsemoa/c106_21/run22.pkl,8216563,3
smsemoa,rc206_21,23,1010642388,850000,850080,105,105,29005809.182123,,5.0,1021.4976,0.0,4,2714.014,2026-04-24T10:34:22,2026-04-24T11:19:36,ok,pickles/smsemoa/rc206_21/run23.pkl,8216563,3
smsemoa,rc206_21,21,3108503482,850000,850080,105,105,51760378.735321,,4.0,1014.3154,0.0,5,2739.01,2026-04-24T10:35:28,2026-04-24T11:21:07,ok,pickles/smsemoa/rc206_21/run21.pkl,8216563,3
nsga2,rc104_21,11,1787160515,850000,850080,105,105,2413524.611734,,15.0,1796.4168,0.0,5,1582.062,2026-04-24T10:58:35,2026-04-24T11:24:57,ok,pickles/nsga2/rc104_21/run11.pkl,8216563,3
smsemoa,rc104_21,18,923153720,850000,850080,105,105,4156621.969618,,15.0,1812.7129,0.0,7,1716.786,2026-04-24T10:59:36,2026-04-24T11:28:13,ok,pickles/smsemoa/rc104_21/run18.pkl,8216563,3
smsemoa,rc206_21,11,125582454,850000,850080,105,105,21927465.5461,,5.0,920.661,0.0,2,2718.906,2026-04-24T10:54:02,2026-04-24T11:39:21,ok,pickles/smsemoa/rc206_21/run11.pkl,8216563,3
nsga2,rc104_21,20,1577571479,850000,850080,105,105,2611845.810062,,13.0,1755.3958,0.0,7,1595.554,2026-04-24T11:15:02,2026-04-24T11:41:38,ok,pickles/nsga2/rc104_21/run20.pkl,8216563,3
nsga2,rc104_21,16,2207212821,850000,850080,105,105,848962.458465,,15.0,1761.2342,0.0,4,1565.882,2026-04-24T11:18:58,2026-04-24T11:45:04,ok,pickles/nsga2/rc104_21/run16.pkl,8216563,3
nsga2,rc104_21,12,2496284421,850000,850080,105,105,2719589.049742,,16.0,1918.1507,0.0,7,1595.762,2026-04-24T11:21:07,2026-04-24T11:47:43,ok,pickles/nsga2/rc104_21/run12.pkl,8216563,3
moead_ws,r112_21,17,1957037315,850000,850080,105,99,175022.889334,,15.0,1437.2431,0.0,3,1994.172,2026-04-24T11:19:37,2026-04-24T11:52:51,ok,pickles/moead_ws/r112_21/run17.pkl,8216563,3
nsga2,r112_21,27,154469745,850000,850080,105,105,1176539.950813,,13.0,1387.1329,0.0,5,1675.046,2026-04-24T11:28:13,2026-04-24T11:56:08,ok,pickles/nsga2/r112_21/run27.pkl,8216563,3
moead_ws,r112_21,15,4113557484,850000,850080,105,102,1476424.611592,,13.0,1353.8105,0.0,5,1969.535,2026-04-24T11:24:58,2026-04-24T11:57:47,ok,pickles/moead_ws/r112_21/run15.pkl,8216563,3
nsga2,rc206_21,4,794845559,850000,850080,105,105,21605378.772087,,4.0,1003.9591,0.0,3,2751.29,2026-04-24T11:13:04,2026-04-24T11:58:55,ok,pickles/nsga2/rc206_21/run04.pkl,8216563,3
smsemoa,rc206_21,12,2141268931,850000,850080,105,105,39452691.719871,,4.0,1008.5815,0.0,4,2698.824,2026-04-24T11:18:39,2026-04-24T12:03:38,ok,pickles/smsemoa/rc206_21/run12.pkl,8216563,3
nsga2,rc206_21,24,245119194,850000,850080,105,105,10674830.553875,,4.0,1142.6633,0.0,3,2735.174,2026-04-24T11:18:20,2026-04-24T12:03:55,ok,pickles/nsga2/rc206_21/run24.pkl,8216563,3
moead_ws,c106_21,8,2673310200,850000,850080,105,86,164157102.397341,,15.0,1865.4077,660.768,6,1983.94,2026-04-24T11:39:22,2026-04-24T12:12:26,ok,pickles/moead_ws/c106_21/run08.pkl,8216563,3
moead_ws,c106_21,15,3668973010,850000,850080,105,95,96978688.870839,,15.0,1743.8493,466.9206,3,1956.17,2026-04-24T11:41:39,2026-04-24T12:14:15,ok,pickles/moead_ws/c106_21/run15.pkl,8216563,3
smsemoa,r112_21,28,286377190,850000,850080,105,103,549677.670975,,12.0,1238.5874,0.0,4,1757.185,2026-04-24T11:45:04,2026-04-24T12:14:21,ok,pickles/smsemoa/r112_21/run28.pkl,8216563,3
smsemoa,c106_21,11,657117268,850000,850080,105,105,93179996.059275,,12.0,1657.5848,663.3973,9,1652.845,2026-04-24T11:52:51,2026-04-24T12:20:24,ok,pickles/smsemoa/c106_21/run11.pkl,8216563,3
nsga2,c106_21,8,3117834491,850000,850080,105,105,78265222.110053,,14.0,1756.4646,1251.3229,9,1598.173,2026-04-24T11:56:08,2026-04-24T12:22:46,ok,pickles/nsga2/c106_21/run08.pkl,8216563,3
smsemoa,c106_21,29,325276810,850000,850080,105,105,68732608.146072,,13.0,1591.7478,747.3078,9,1613.671,2026-04-24T11:58:55,2026-04-24T12:25:49,ok,pickles/smsemoa/c106_21/run29.pkl,8216563,3
nsga2,rc206_21,7,1195027344,850000,850080,105,105,45657292.627551,,4.0,1150.4161,0.0,5,2598.095,2026-04-24T11:47:43,2026-04-24T12:31:01,ok,pickles/nsga2/rc206_21/run07.pkl,8216563,3
smsemoa,r112_21,15,2281211579,850000,850080,105,105,235690.415625,,13.0,1373.4057,0.0,4,1766.745,2026-04-24T12:03:55,2026-04-24T12:33:22,ok,pickles/smsemoa/r112_21/run15.pkl,8216563,3
moead_ws,c106_21,6,1381218140,850000,850080,105,102,82189668.807867,,16.0,1672.995,1086.5653,7,1933.923,2026-04-24T12:03:38,2026-04-24T12:35:52,ok,pickles/moead_ws/c106_21/run06.pkl,8216563,3
smsemoa,rc206_21,14,1850723839,850000,850080,105,105,196135005.223185,,4.0,1042.6923,0.0,7,2632.3,2026-04-24T11:57:47,2026-04-24T12:41:40,ok,pickles/smsemoa/rc206_21/run14.pkl,8216563,3
moead_ws,rc104_21,10,1593527972,850000,850080,105,80,5966828.966942,,14.0,1616.7979,0.0,9,1900.278,2026-04-24T12:12:27,2026-04-24T12:44:07,ok,pickles/moead_ws/rc104_21/run10.pkl,8216563,3
moead_ws,r112_21,7,3693978158,850000,850080,105,100,4517743.97883,,14.0,1455.719,0.0,5,1985.292,2026-04-24T12:14:16,2026-04-24T12:47:21,ok,pickles/moead_ws/r112_21/run07.pkl,8216563,3
moead_ws,c106_21,23,1326358950,850000,850080,105,104,285205710.851422,,15.0,1695.1264,321.8541,9,2007.184,2026-04-24T12:14:22,2026-04-24T12:47:49,ok,pickles/moead_ws/c106_21/run23.pkl,8216563,3
smsemoa,rc104_21,22,187101011,850000,850080,105,57,1151318.401332,,14.0,1701.7703,0.0,4,1652.225,2026-04-24T12:20:24,2026-04-24T12:47:56,ok,pickles/smsemoa/rc104_21/run22.pkl,8216563,3
moead_ws,r112_21,3,3258988856,850000,850080,105,101,1788988.707115,,14.0,1408.8663,0.0,5,1963.353,2026-04-24T12:22:47,2026-04-24T12:55:31,ok,pickles/moead_ws/r112_21/run03.pkl,8216563,3
moead_ws,c106_21,17,445776557,850000,850080,105,99,85470831.156932,,14.0,1774.1731,2686.5468,6,2016.799,2026-04-24T12:25:50,2026-04-24T12:59:27,ok,pickles/moead_ws/c106_21/run17.pkl,8216563,3
smsemoa,rc104_21,23,3809036035,850000,850080,105,105,3392296.623837,,15.0,1781.0369,0.0,6,1690.172,2026-04-24T12:33:22,2026-04-24T13:01:32,ok,pickles/smsemoa/rc104_21/run23.pkl,8216563,3
moead_ws,c106_21,2,513458950,850000,850080,105,104,224063490.864785,,14.0,1719.2766,1706.0609,6,2013.433,2026-04-24T12:31:02,2026-04-24T13:04:35,ok,pickles/moead_ws/c106_21/run02.pkl,8216563,3
nsga2,r112_21,7,2767353730,850000,850080,105,105,313342.32407,,14.0,1441.7285,0.0,3,1679.99,2026-04-24T12:41:40,2026-04-24T13:09:40,ok,pickles/nsga2/r112_21/run07.pkl,8216563,3
moead_ws,c106_21,7,807856260,850000,850080,105,104,122885953.529656,,14.0,1674.2868,2527.0753,7,2058.832,2026-04-24T12:35:53,2026-04-24T13:10:12,ok,pickles/moead_ws/c106_21/run07.pkl,8216563,3
nsga2,rc104_21,14,2322921900,850000,850080,105,105,1270891.288482,,15.0,1815.6172,0.0,5,1590.215,2026-04-24T12:44:07,2026-04-24T13:10:37,ok,pickles/nsga2/rc104_21/run14.pkl,8216563,3
smsemoa,rc104_21,7,3918728397,850000,850080,105,105,1365146.807737,,13.0,1622.8639,0.0,6,1657.924,2026-04-24T12:47:49,2026-04-24T13:15:27,ok,pickles/smsemoa/rc104_21/run07.pkl,8216563,3
nsga2,c106_21,23,613818709,850000,850080,105,105,71596728.590298,,12.0,1600.8602,190.2166,9,1637.044,2026-04-24T12:55:31,2026-04-24T13:22:48,ok,pickles/nsga2/c106_21/run23.pkl,8216563,3
smsemoa,r112_21,4,174874804,850000,850080,105,105,763553.318845,,14.0,1417.9185,0.0,4,1714.442,2026-04-24T13:01:32,2026-04-24T13:30:07,ok,pickles/smsemoa/r112_21/run04.pkl,8216563,3
moead_ws,rc104_21,13,1335537423,850000,850080,105,97,5283509.735777,,14.0,1673.1411,0.0,7,1905.905,2026-04-24T12:59:27,2026-04-24T13:31:13,ok,pickles/moead_ws/rc104_21/run13.pkl,8216563,3
smsemoa,rc206_21,18,326634944,850000,850080,105,105,39633124.006204,,5.0,966.8055,0.0,3,2720.176,2026-04-24T12:47:21,2026-04-24T13:32:41,ok,pickles/smsemoa/rc206_21/run18.pkl,8216563,3
smsemoa,rc206_21,10,3169037794,850000,850080,105,105,82481254.632563,,4.0,1025.151,0.0,5,2723.642,2026-04-24T12:47:56,2026-04-24T13:33:20,ok,pickles/smsemoa/rc206_21/run10.pkl,8216563,3
smsemoa,rc104_21,21,1130766814,850000,850080,105,105,2464339.925592,,13.0,1582.148,0.0,7,1660.99,2026-04-24T13:10:12,2026-04-24T13:37:53,ok,pickles/smsemoa/rc104_21/run21.pkl,8216563,3
smsemoa,r112_21,6,3591277696,850000,850080,105,105,415171.192797,,13.0,1342.2671,0.0,3,1717.996,2026-04-24T13:09:40,2026-04-24T13:38:18,ok,pickles/smsemoa/r112_21/run06.pkl,8216563,3
moead_ws,c106_21,22,3594131344,850000,850080,105,103,119798029.665196,,15.0,1788.7687,1329.2114,5,2018.649,2026-04-24T13:15:28,2026-04-24T13:49:06,ok,pickles/moead_ws/c106_21/run22.pkl,8216563,3
nsga2,c106_21,14,2889301769,850000,850080,105,105,67528732.693535,,13.0,1755.0903,715.3215,8,1642.224,2026-04-24T13:22:48,2026-04-24T13:50:10,ok,pickles/nsga2/c106_21/run14.pkl,8216563,3
moead_ws,rc206_21,13,1257479985,850000,850080,105,88,112773027.416105,,5.0,986.2459,59.0895,5,2853.097,2026-04-24T13:04:36,2026-04-24T13:52:09,ok,pickles/moead_ws/rc206_21/run13.pkl,8216563,3
smsemoa,rc104_21,11,4169207352,850000,850080,105,105,736227.884374,,16.0,1939.8702,0.0,5,1641.962,2026-04-24T13:31:13,2026-04-24T13:58:35,ok,pickles/smsemoa/rc104_21/run11.pkl,8216563,3
nsga2,c106_21,1,3413581553,850000,850080,102,102,94094675.535906,,14.0,1705.5729,230.2154,10,1573.706,2026-04-24T13:32:41,2026-04-24T13:58:55,ok,pickles/nsga2/c106_21/run01.pkl,8216563,3
moead_ws,rc206_21,7,4090207347,850000,850080,105,99,55342175.323557,,5.0,956.1344,0.0,4,2914.827,2026-04-24T13:10:38,2026-04-24T13:59:13,ok,pickles/moead_ws/rc206_21/run07.pkl,8216563,3
nsga2,rc104_21,28,1145960505,850000,850080,105,105,1490217.86027,,14.0,1692.0804,0.0,5,1584.434,2026-04-24T13:37:53,2026-04-24T14:04:18,ok,pickles/nsga2/rc104_21/run28.pkl,8216563,3
moead_ws,rc104_21,28,1301359236,850000,850080,105,92,10549728.934056,,14.0,1664.9671,0.0,6,1924.973,2026-04-24T13:33:21,2026-04-24T14:05:26,ok,pickles/moead_ws/rc104_21/run28.pkl,8216563,3
smsemoa,r112_21,12,4080403623,850000,850080,105,105,683739.770943,,14.0,1409.4795,0.0,4,1713.323,2026-04-24T13:38:18,2026-04-24T14:06:51,ok,pickles/smsemoa/r112_21/run12.pkl,8216563,3
moead_ws,rc206_21,26,3185645652,850000,850080,105,102,43097929.805997,,5.0,839.0557,1.5314,5,2762.448,2026-04-24T13:30:07,2026-04-24T14:16:10,ok,pickles/moead_ws/rc206_21/run26.pkl,8216563,3
smsemoa,r112_21,30,2278769893,850000,850080,105,105,405761.405667,,13.0,1334.2351,0.0,4,1742.014,2026-04-24T13:50:10,2026-04-24T14:19:12,ok,pickles/smsemoa/r112_21/run30.pkl,8216563,3
smsemoa,c106_21,25,1173894398,850000,850080,105,105,54013947.174129,,14.0,1632.0628,1031.3984,7,1708.64,2026-04-24T13:52:09,2026-04-24T14:20:38,ok,pickles/smsemoa/c106_21/run25.pkl,8216563,3
nsga2,r112_21,24,3704469351,850000,850080,105,105,1468722.03114,,13.0,1342.844,0.0,5,1630.271,2026-04-24T13:58:55,2026-04-24T14:26:05,ok,pickles/nsga2/r112_21/run24.pkl,8216563,3
smsemoa,rc104_21,27,1082999194,850000,850080,105,105,2290310.343577,,14.0,1735.522,0.0,5,1685.393,2026-04-24T13:58:35,2026-04-24T14:26:41,ok,pickles/smsemoa/rc104_21/run27.pkl,8216563,3
smsemoa,r112_21,21,3233690690,850000,850080,105,64,162138.582968,,13.0,1320.4063,0.0,2,1715.288,2026-04-24T13:59:13,2026-04-24T14:27:48,ok,pickles/smsemoa/r112_21/run21.pkl,8216563,3
smsemoa,c106_21,21,3107105362,850000,850080,105,105,48724171.707223,,13.0,1621.1798,464.9252,7,1677.798,2026-04-24T14:04:18,2026-04-24T14:32:15,ok,pickles/smsemoa/c106_21/run21.pkl,8216563,3
moead_ws,rc206_21,17,29009440,850000,850080,105,99,13396389.777763,,5.0,875.2741,0.0,3,2923.908,2026-04-24T13:49:07,2026-04-24T14:37:51,ok,pickles/moead_ws/rc206_21/run17.pkl,8216563,3
moead_ws,rc104_21,23,3893218618,850000,850080,105,87,2211765.90996,,15.0,1669.2009,0.0,4,1919.327,2026-04-24T14:06:52,2026-04-24T14:38:51,ok,pickles/moead_ws/rc104_21/run23.pkl,8216563,3
smsemoa,rc104_21,2,30076097,850000,850080,105,105,1674814.986121,,15.0,1731.8568,0.0,5,1637.787,2026-04-24T14:16:10,2026-04-24T14:43:28,ok,pickles/smsemoa/rc104_21/run02.pkl,8216563,3
smsemoa,rc206_21,27,543607853,850000,850080,105,105,47696310.648326,,5.0,1135.417,0.0,4,2801.748,2026-04-24T14:05:26,2026-04-24T14:52:07,ok,pickles/smsemoa/rc206_21/run27.pkl,8216563,3
moead_ws,r112_21,12,1091438085,850000,850080,105,86,537455.596653,,14.0,1296.1097,0.0,3,2042.363,2026-04-24T14:19:13,2026-04-24T14:53:15,ok,pickles/moead_ws/r112_21/run12.pkl,8216563,3
smsemoa,r112_21,10,719059106,850000,850080,105,105,815401.137129,,13.0,1364.1072,0.0,5,1731.175,2026-04-24T14:26:05,2026-04-24T14:54:56,ok,pickles/smsemoa/r112_21/run10.pkl,8216563,3
smsemoa,r112_21,22,3763837802,850000,850080,105,105,220198.287015,,14.0,1377.1673,0.0,3,1736.686,2026-04-24T14:27:48,2026-04-24T14:56:45,ok,pickles/smsemoa/r112_21/run22.pkl,8216563,3
nsga2,rc104_21,13,681249131,850000,850080,105,105,2648874.446273,,15.0,1828.8726,0.0,6,1604.872,2026-04-24T14:37:51,2026-04-24T15:04:36,ok,pickles/nsga2/rc104_21/run13.pkl,8216563,3
smsemoa,rc206_21,17,268497861,850000,850080,105,105,52638616.037847,,4.0,1001.525,0.0,5,2750.275,2026-04-24T14:20:38,2026-04-24T15:06:28,ok,pickles/smsemoa/rc206_21/run17.pkl,8216563,3
nsga2,rc104_21,30,2154315004,850000,850080,105,105,1614268.472471,,13.0,1619.6035,0.0,4,1608.547,2026-04-24T14:43:28,2026-04-24T15:10:16,ok,pickles/nsga2/rc104_21/run30.pkl,8216563,3
nsga2,rc206_21,8,534897540,850000,850080,105,105,46673373.526875,,5.0,1178.8234,0.0,4,2642.709,2026-04-24T14:26:41,2026-04-24T15:10:44,ok,pickles/nsga2/rc206_21/run08.pkl,8216563,3
moead_ws,rc206_21,27,3386267971,850000,850080,105,105,197838008.22259,,6.0,874.0343,0.0,4,2753.777,2026-04-24T14:32:16,2026-04-24T15:18:10,ok,pickles/moead_ws/rc206_21/run27.pkl,8216563,3
smsemoa,rc104_21,13,1691806571,850000,850080,105,105,1338787.586535,,14.0,1825.7072,0.0,6,1706.234,2026-04-24T14:53:15,2026-04-24T15:21:42,ok,pickles/smsemoa/rc104_21/run13.pkl,8216563,3
nsga2,rc206_21,11,3220203133,850000,850080,105,105,42330078.554803,,4.0,1193.7159,0.0,5,2636.416,2026-04-24T14:38:51,2026-04-24T15:22:48,ok,pickles/nsga2/rc206_21/run11.pkl,8216563,3
smsemoa,rc104_21,9,1407300614,850000,850080,105,105,687791.289158,,15.0,1759.209,0.0,4,1637.454,2026-04-24T14:56:45,2026-04-24T15:24:03,ok,pickles/smsemoa/rc104_21/run09.pkl,8216563,3
moead_ws,rc104_21,22,2874786160,850000,850080,105,98,1359952.385927,,16.0,1886.7658,0.0,5,1935.499,2026-04-24T14:52:08,2026-04-24T15:24:24,ok,pickles/moead_ws/rc104_21/run22.pkl,8216563,3
nsga2,r112_21,1,3970608242,850000,850080,91,91,436319.811001,,14.0,1414.6987,0.0,4,1680.065,2026-04-24T15:06:28,2026-04-24T15:34:28,ok,pickles/nsga2/r112_21/run01.pkl,8216563,3
nsga2,rc104_21,9,2520319941,850000,850080,105,105,4919579.781059,,15.0,1814.965,0.0,7,1571.583,2026-04-24T15:10:44,2026-04-24T15:36:55,ok,pickles/nsga2/rc104_21/run09.pkl,8216563,3
moead_ws,r112_21,16,3754858853,850000,850080,105,99,4288674.387005,,14.0,1350.2952,0.0,6,2018.61,2026-04-24T15:04:37,2026-04-24T15:38:16,ok,pickles/moead_ws/r112_21/run16.pkl,8216563,3
nsga2,rc206_21,23,2836958307,850000,850080,105,105,19339835.943773,,5.0,1122.2704,0.0,3,2618.402,2026-04-24T14:54:56,2026-04-24T15:38:35,ok,pickles/nsga2/rc206_21/run23.pkl,8216563,3
moead_ws,c106_21,10,3217569516,850000,850080,105,102,135860366.36821,,15.0,1891.9667,1146.9009,6,2002.113,2026-04-24T15:10:17,2026-04-24T15:43:39,ok,pickles/moead_ws/c106_21/run10.pkl,8216563,3
nsga2,rc104_21,15,4100385852,850000,850080,105,105,1333118.766808,,15.0,1884.0032,0.0,4,1571.259,2026-04-24T15:18:10,2026-04-24T15:44:21,ok,pickles/nsga2/rc104_21/run15.pkl,8216563,3
nsga2,r112_21,28,781483082,850000,850080,105,105,1368781.816386,,13.0,1411.9476,0.0,5,1651.053,2026-04-24T15:22:48,2026-04-24T15:50:19,ok,pickles/nsga2/r112_21/run28.pkl,8216563,3
smsemoa,c106_21,16,924428382,850000,850080,105,105,58101394.763084,,13.0,1762.6938,1584.5643,8,1699.732,2026-04-24T15:24:24,2026-04-24T15:52:43,ok,pickles/smsemoa/c106_21/run16.pkl,8216563,3
moead_ws,rc104_21,30,719932967,850000,850080,105,101,4789658.70494,,16.0,2002.2371,0.0,7,1909.528,2026-04-24T15:24:03,2026-04-24T15:55:53,ok,pickles/moead_ws/rc104_21/run30.pkl,8216563,3
smsemoa,rc104_21,12,635666357,850000,850080,105,105,1936151.334803,,14.0,1706.1687,0.0,5,1688.729,2026-04-24T15:34:28,2026-04-24T16:02:37,ok,pickles/smsemoa/rc104_21/run12.pkl,8216563,3
nsga2,c106_21,30,4015290987,850000,850080,105,105,108712968.276844,,13.0,1757.8058,723.563,10,1600.634,2026-04-24T15:36:55,2026-04-24T16:03:36,ok,pickles/nsga2/c106_21/run30.pkl,8216563,3
nsga2,r112_21,16,132360218,850000,850080,105,105,940710.576555,,14.0,1451.2487,0.0,5,1668.657,2026-04-24T15:38:16,2026-04-24T16:06:04,ok,pickles/nsga2/r112_21/run16.pkl,8216563,3
moead_ws,rc206_21,29,63297365,850000,850080,105,94,101125688.684154,,6.0,925.5118,0.0,4,2745.692,2026-04-24T15:21:42,2026-04-24T16:07:28,ok,pickles/moead_ws/rc206_21/run29.pkl,8216563,3
moead_ws,r112_21,29,3351632395,850000,850080,105,85,726411.978811,,14.0,1408.9621,0.0,3,1988.046,2026-04-24T15:44:22,2026-04-24T16:17:30,ok,pickles/moead_ws/r112_21/run29.pkl,8216563,3
nsga2,r112_21,2,180803243,850000,850080,105,105,2318344.089867,,13.0,1432.7719,0.0,7,1633.108,2026-04-24T15:50:19,2026-04-24T16:17:32,ok,pickles/nsga2/r112_21/run02.pkl,8216563,3
nsga2,rc206_21,12,3483306836,850000,850080,105,105,40776153.776937,,4.0,1105.9134,0.0,4,2611.756,2026-04-24T15:38:35,2026-04-24T16:22:07,ok,pickles/nsga2/rc206_21/run12.pkl,8216563,3
nsga2,r112_21,25,1994885213,850000,850080,105,105,972149.804917,,14.0,1369.7087,0.0,4,1659.66,2026-04-24T15:55:53,2026-04-24T16:23:33,ok,pickles/nsga2/r112_21/run25.pkl,8216563,3
moead_ws,c106_21,3,2080054,850000,850080,105,95,133484824.023503,,15.0,1726.2519,608.467,4,1922.506,2026-04-24T15:52:44,2026-04-24T16:24:47,ok,pickles/moead_ws/c106_21/run03.pkl,8216563,3
nsga2,c106_21,16,2572249153,850000,850080,105,105,73469857.658193,,13.0,1637.1281,210.8485,9,1583.934,2026-04-24T16:03:36,2026-04-24T16:30:00,ok,pickles/nsga2/c106_21/run16.pkl,8216563,3
smsemoa,rc206_21,13,2984707901,850000,850080,105,105,24752523.892202,,4.0,988.8161,0.0,4,2841.927,2026-04-24T15:43:39,2026-04-24T16:31:01,ok,pickles/smsemoa/rc206_21/run13.pkl,8216563,3
moead_ws,c106_21,21,180717826,850000,850080,105,96,99612627.491881,,15.0,1851.7015,1187.8847,5,1973.44,2026-04-24T16:06:05,2026-04-24T16:38:59,ok,pickles/moead_ws/c106_21/run21.pkl,8216563,3
moead_ws,c106_21,19,2515503555,850000,850080,105,104,85671882.928245,,14.0,1775.1382,1967.1496,5,2050.963,2026-04-24T16:07:29,2026-04-24T16:41:40,ok,pickles/moead_ws/c106_21/run19.pkl,8216563,3
nsga2,c106_21,10,1111880448,850000,850080,105,105,120413359.812711,,13.0,1641.0851,315.8791,8,1601.469,2026-04-24T16:17:32,2026-04-24T16:44:14,ok,pickles/nsga2/c106_21/run10.pkl,8216563,3
smsemoa,rc206_21,24,3989171617,850000,850080,105,105,38695962.442301,,5.0,1201.7406,0.0998,5,2573.62,2026-04-24T16:02:37,2026-04-24T16:45:31,ok,pickles/smsemoa/rc206_21/run24.pkl,8216563,3
nsga2,rc104_21,23,4168896786,850000,850080,105,105,1796386.258075,,16.0,1967.0971,0.0,6,1577.553,2026-04-24T16:22:07,2026-04-24T16:48:24,ok,pickles/nsga2/rc104_21/run23.pkl,8216563,3
moead_ws,rc104_21,20,3257242413,850000,850080,105,96,12076450.404171,,13.0,1624.3725,0.0,8,1920.805,2026-04-24T16:17:31,2026-04-24T16:49:32,ok,pickles/moead_ws/rc104_21/run20.pkl,8216563,3
moead_ws,rc104_21,8,3418964937,850000,850080,105,84,5342284.317742,,16.0,2165.3304,0.0,7,1889.672,2026-04-24T16:23:33,2026-04-24T16:55:03,ok,pickles/moead_ws/rc104_21/run08.pkl,8216563,3
nsga2,c106_21,11,4280591636,850000,850080,105,105,197006229.130938,,13.0,1712.5979,268.2695,10,1559.104,2026-04-24T16:31:01,2026-04-24T16:57:00,ok,pickles/nsga2/c106_21/run11.pkl,8216563,3
nsga2,c106_21,19,4017491823,850000,850080,105,105,131124260.04541,,14.0,1680.301,436.4113,9,1623.15,2026-04-24T16:30:00,2026-04-24T16:57:03,ok,pickles/nsga2/c106_21/run19.pkl,8216563,3
nsga2,c106_21,3,2157597694,850000,850080,105,105,46419890.928637,,14.0,1612.8547,764.1037,6,1574.653,2026-04-24T16:38:59,2026-04-24T17:05:13,ok,pickles/nsga2/c106_21/run03.pkl,8216563,3
smsemoa,c106_21,9,341012546,850000,850080,105,105,65345199.96564,,14.0,1634.0726,593.563,8,1653.117,2026-04-24T16:41:40,2026-04-24T17:09:13,ok,pickles/smsemoa/c106_21/run09.pkl,8216563,3
moead_ws,rc206_21,12,568416142,850000,850080,105,96,166491103.307324,,5.0,837.9867,0.0,4,2805.572,2026-04-24T16:24:48,2026-04-24T17:11:33,ok,pickles/moead_ws/rc206_21/run12.pkl,8216563,3
nsga2,c106_21,9,3668325185,850000,850080,105,105,56848615.839001,,15.0,1777.5749,732.4367,8,1609.467,2026-04-24T16:49:32,2026-04-24T17:16:21,ok,pickles/nsga2/c106_21/run09.pkl,8216563,3
moead_ws,rc104_21,5,156028406,850000,850080,105,100,2801643.263522,,16.0,1865.0157,0.0,5,1920.192,2026-04-24T16:45:32,2026-04-24T17:17:32,ok,pickles/moead_ws/rc104_21/run05.pkl,8216563,3
moead_ws,c106_21,12,2747675583,850000,850080,105,100,209954159.306105,,14.0,1614.1238,293.6766,7,2017.886,2026-04-24T16:44:14,2026-04-24T17:17:52,ok,pickles/moead_ws/c106_21/run12.pkl,8216563,3
moead_ws,c106_21,14,910125939,850000,850080,105,101,92810836.328651,,14.0,1665.5479,840.5372,4,1965.417,2026-04-24T16:48:25,2026-04-24T17:21:11,ok,pickles/moead_ws/c106_21/run14.pkl,8216563,3
nsga2,rc104_21,22,615129457,850000,850080,105,105,1421644.407856,,16.0,1916.1634,0.0,6,1584.755,2026-04-24T16:55:03,2026-04-24T17:21:28,ok,pickles/nsga2/rc104_21/run22.pkl,8216563,3
smsemoa,r112_21,14,1004043476,850000,850080,105,96,231363.586845,,15.0,1424.0958,0.0,2,1730.311,2026-04-24T16:57:03,2026-04-24T17:25:53,ok,pickles/smsemoa/r112_21/run14.pkl,8216563,3
moead_ws,c106_21,29,2958240980,850000,850080,105,92,154797756.29062,,16.0,1680.7537,655.1971,8,1969.933,2026-04-24T16:57:01,2026-04-24T17:29:51,ok,pickles/moead_ws/c106_21/run29.pkl,8216563,3
smsemoa,c106_21,23,181769300,850000,850080,105,105,103366345.568426,,13.0,1651.1336,554.9874,9,1659.87,2026-04-24T17:05:13,2026-04-24T17:32:53,ok,pickles/smsemoa/c106_21/run23.pkl,8216563,3
moead_ws,r112_21,14,2316845423,850000,850080,105,101,990516.789396,,14.0,1402.801,0.0,4,1951.113,2026-04-24T17:11:34,2026-04-24T17:44:05,ok,pickles/moead_ws/r112_21/run14.pkl,8216563,3
smsemoa,rc104_21,29,1375743507,850000,850080,105,105,1562538.81961,,13.0,1647.0973,0.0,5,1716.697,2026-04-24T17:16:21,2026-04-24T17:44:58,ok,pickles/smsemoa/rc104_21/run29.pkl,8216563,3
smsemoa,c106_21,4,4173289571,850000,850080,105,105,55753225.268166,,14.0,1702.7195,922.964,7,1660.937,2026-04-24T17:17:32,2026-04-24T17:45:13,ok,pickles/smsemoa/c106_21/run04.pkl,8216563,3
smsemoa,rc104_21,28,1440074769,850000,850080,105,105,4082076.77836,,14.0,1701.7358,0.0,7,1662.168,2026-04-24T17:21:28,2026-04-24T17:49:10,ok,pickles/smsemoa/rc104_21/run28.pkl,8216563,3
moead_ws,r112_21,1,781289037,850000,850080,105,98,1018285.647817,,14.0,1427.3274,0.0,5,1950.08,2026-04-24T17:17:53,2026-04-24T17:50:23,ok,pickles/moead_ws/r112_21/run01.pkl,8216563,3
smsemoa,c106_21,30,1285008986,850000,850080,105,105,61365804.080371,,13.0,1538.4946,249.8879,8,1602.919,2026-04-24T17:25:53,2026-04-24T17:52:36,ok,pickles/smsemoa/c106_21/run30.pkl,8216563,3
moead_ws,c106_21,30,486015403,850000,850080,105,104,220640108.285728,,16.0,1610.2525,1324.6376,5,1998.985,2026-04-24T17:21:11,2026-04-24T17:54:30,ok,pickles/moead_ws/c106_21/run30.pkl,8216563,3
nsga2,rc104_21,29,2146480016,850000,850080,105,105,2208314.947731,,14.0,1633.3304,0.0,6,1587.119,2026-04-24T17:29:51,2026-04-24T17:56:18,ok,pickles/nsga2/rc104_21/run29.pkl,8216563,3
moead_ws,rc206_21,9,975649754,850000,850080,105,92,41373405.282576,,5.0,808.4396,58.1658,5,2888.69,2026-04-24T17:09:14,2026-04-24T17:57:23,ok,pickles/moead_ws/rc206_21/run09.pkl,8216563,3
moead_ws,c106_21,5,531011293,850000,850080,105,103,166081731.000707,,17.0,1970.4622,853.7979,6,1996.351,2026-04-24T17:32:54,2026-04-24T18:06:11,ok,pickles/moead_ws/c106_21/run05.pkl,8216563,3
moead_ws,c106_21,1,3232897976,850000,850080,105,102,234487401.85259,,15.0,1630.251,574.5512,9,1965.485,2026-04-24T17:44:06,2026-04-24T18:16:52,ok,pickles/moead_ws/c106_21/run01.pkl,8216563,3
nsga2,r112_21,30,4114836422,850000,850080,105,105,553843.802865,,14.0,1432.8464,0.0,3,1684.59,2026-04-24T17:49:10,2026-04-24T18:17:15,ok,pickles/nsga2/r112_21/run30.pkl,8216563,3
nsga2,r112_21,19,2792695202,850000,850080,105,104,342774.897559,,14.0,1479.0462,0.0,5,1671.53,2026-04-24T17:54:30,2026-04-24T18:22:22,ok,pickles/nsga2/r112_21/run19.pkl,8216563,3
smsemoa,rc104_21,26,1162247447,850000,850080,105,71,1919237.631711,,16.0,1900.5162,0.0,5,1681.077,2026-04-24T17:56:18,2026-04-24T18:24:19,ok,pickles/smsemoa/rc104_21/run26.pkl,8216563,3
moead_ws,r112_21,8,2483919332,850000,850080,105,96,1479339.869483,,14.0,1448.8145,0.0,5,1918.378,2026-04-24T17:52:37,2026-04-24T18:24:36,ok,pickles/moead_ws/r112_21/run08.pkl,8216563,3
smsemoa,r112_21,11,2966133871,850000,850080,105,105,845970.357987,,12.0,1259.295,0.0,4,1742.649,2026-04-24T17:57:23,2026-04-24T18:26:25,ok,pickles/smsemoa/r112_21/run11.pkl,8216563,3
moead_ws,rc206_21,20,1237728219,850000,850080,105,99,83768469.647829,,5.0,880.4973,0.0,5,2801.742,2026-04-24T17:44:59,2026-04-24T18:31:41,ok,pickles/moead_ws/rc206_21/run20.pkl,8216563,3
moead_ws,rc206_21,2,1061248720,850000,850080,105,103,91713749.83701,,6.0,1000.7275,0.0,3,2812.291,2026-04-24T17:45:14,2026-04-24T18:32:06,ok,pickles/moead_ws/rc206_21/run02.pkl,8216563,3
smsemoa,rc206_21,28,408602477,850000,850080,105,105,28938939.632587,,5.0,1032.4845,0.0,4,2769.292,2026-04-24T17:50:23,2026-04-24T18:36:33,ok,pickles/smsemoa/rc206_21/run28.pkl,8216563,3
moead_ws,r112_21,21,3067871129,850000,850080,105,90,1854994.76508,,15.0,1414.9032,0.0,5,1995.626,2026-04-24T18:06:11,2026-04-24T18:39:27,ok,pickles/moead_ws/r112_21/run21.pkl,8216563,3
smsemoa,c106_21,24,667308203,850000,850080,105,105,87708520.944285,,14.0,1623.3277,840.4674,10,1693.246,2026-04-24T18:17:15,2026-04-24T18:45:28,ok,pickles/smsemoa/c106_21/run24.pkl,8216563,3
moead_ws,rc104_21,19,957626146,850000,850080,105,98,1638448.422591,,16.0,1922.0389,0.0,5,1921.682,2026-04-24T18:16:52,2026-04-24T18:48:54,ok,pickles/moead_ws/rc104_21/run19.pkl,8216563,3
nsga2,rc104_21,17,27999731,850000,850080,105,105,2913317.799461,,13.0,1702.6149,0.0,6,1621.408,2026-04-24T18:26:25,2026-04-24T18:53:27,ok,pickles/nsga2/rc104_21/run17.pkl,8216563,3
smsemoa,r112_21,25,2565716570,850000,850080,105,105,748157.10075,,13.0,1320.5097,0.0,5,1733.984,2026-04-24T18:24:36,2026-04-24T18:53:30,ok,pickles/smsemoa/r112_21/run25.pkl,8216563,3
moead_ws,r112_21,13,2614906544,850000,850080,105,100,4803116.540455,,13.0,1368.3777,0.0,8,2015.227,2026-04-24T18:24:20,2026-04-24T18:57:56,ok,pickles/moead_ws/r112_21/run13.pkl,8216563,3
smsemoa,c106_21,12,1419689264,850000,850080,105,105,118276128.645679,,13.0,1588.8657,262.0146,8,1657.68,2026-04-24T18:31:41,2026-04-24T18:59:19,ok,pickles/smsemoa/c106_21/run12.pkl,8216563,3
smsemoa,r112_21,9,1784676180,850000,850080,105,105,281293.826202,,14.0,1373.7538,0.0,3,1705.581,2026-04-24T18:32:06,2026-04-24T19:00:32,ok,pickles/smsemoa/r112_21/run09.pkl,8216563,3
nsga2,c106_21,17,414741998,850000,850080,105,105,54480239.669306,,15.0,1694.2689,829.6739,7,1611.006,2026-04-24T18:39:27,2026-04-24T19:06:18,ok,pickles/nsga2/c106_21/run17.pkl,8216563,3
moead_ws,rc206_21,28,2095400846,850000,850080,105,103,156133857.284368,,5.0,942.9709,47.5012,7,3008.851,2026-04-24T18:22:23,2026-04-24T19:12:32,ok,pickles/moead_ws/rc206_21/run28.pkl,8216563,3
smsemoa,rc104_21,15,3531051397,850000,850080,105,105,935519.52159,,14.0,1673.2048,0.0,5,1685.112,2026-04-24T18:45:28,2026-04-24T19:13:33,ok,pickles/smsemoa/rc104_21/run15.pkl,8216563,3
nsga2,rc206_21,29,2362655269,850000,850080,105,105,24390899.485065,,5.0,981.199,0.0,4,2579.289,2026-04-24T18:36:33,2026-04-24T19:19:32,ok,pickles/nsga2/rc206_21/run29.pkl,8216563,3
moead_ws,r112_21,6,4160420930,850000,850080,105,98,1058158.449207,,14.0,1400.0561,0.0,4,1953.296,2026-04-24T18:48:55,2026-04-24T19:21:28,ok,pickles/moead_ws/r112_21/run06.pkl,8216563,3
nsga2,rc104_21,26,2987435549,850000,850080,105,105,922103.570212,,17.0,1957.4525,0.0,3,1544.115,2026-04-24T18:59:19,2026-04-24T19:25:03,ok,pickles/nsga2/rc104_21/run26.pkl,8216563,3
moead_ws,c106_21,18,279764719,850000,850080,105,98,337381472.904566,,15.0,1931.4679,558.0582,6,2000.224,2026-04-24T18:53:28,2026-04-24T19:26:48,ok,pickles/moead_ws/c106_21/run18.pkl,8216563,3
moead_ws,rc206_21,24,3703005198,850000,850080,105,102,187817406.150235,,5.0,926.9162,16.1403,6,2677.763,2026-04-24T18:53:30,2026-04-24T19:38:08,ok,pickles/moead_ws/rc206_21/run24.pkl,8216563,3
moead_ws,rc104_21,27,3772787701,850000,850080,105,100,868149.901629,,16.0,1864.0304,0.0,4,1995.476,2026-04-24T19:06:19,2026-04-24T19:39:34,ok,pickles/moead_ws/rc104_21/run27.pkl,8216563,3
nsga2,rc206_21,16,4137576067,850000,850080,105,105,40601124.68003,,5.0,1209.3679,0.0,4,2628.445,2026-04-24T18:57:56,2026-04-24T19:41:44,ok,pickles/nsga2/rc206_21/run16.pkl,8216563,3
smsemoa,rc206_21,6,1396305468,850000,850080,105,105,43434042.27289,,4.0,957.8238,0.0,5,2658.892,2026-04-24T19:00:32,2026-04-24T19:44:51,ok,pickles/smsemoa/rc206_21/run06.pkl,8216563,3
moead_ws,c106_21,24,2546078210,850000,850080,105,104,316132572.678905,,15.0,1749.4486,711.8576,10,1972.547,2026-04-24T19:13:34,2026-04-24T19:46:27,ok,pickles/moead_ws/c106_21/run24.pkl,8216563,3
nsga2,r112_21,5,2609835709,850000,850080,105,92,786277.324466,,14.0,1381.2523,0.0,4,1613.933,2026-04-24T19:21:28,2026-04-24T19:48:22,ok,pickles/nsga2/r112_21/run05.pkl,8216563,3
smsemoa,r112_21,18,301154025,850000,850080,105,105,1042893.253785,,13.0,1367.3767,0.0,5,1655.737,2026-04-24T19:25:03,2026-04-24T19:52:38,ok,pickles/smsemoa/r112_21/run18.pkl,8216563,3
moead_ws,rc104_21,14,1531009294,850000,850080,105,100,1164290.452066,,16.0,1825.8165,0.0,4,1759.531,2026-04-24T19:26:49,2026-04-24T19:56:08,ok,pickles/moead_ws/rc104_21/run14.pkl,8216563,3
moead_ws,rc206_21,8,3975173140,850000,850080,105,92,87500525.198068,,6.0,1024.0875,0.0,4,2859.974,2026-04-24T19:12:32,2026-04-24T20:00:12,ok,pickles/moead_ws/rc206_21/run08.pkl,8216563,3
smsemoa,rc206_21,15,3116967281,850000,850080,105,105,23948618.006972,,5.0,1070.0498,0.0,3,2502.78,2026-04-24T19:19:32,2026-04-24T20:01:15,ok,pickles/smsemoa/rc206_21/run15.pkl,8216563,3
moead_ws,c106_21,16,2560737919,850000,850080,105,104,233797783.502882,,16.0,1767.2799,633.7017,6,1558.734,2026-04-24T19:38:09,2026-04-24T20:04:08,ok,pickles/moead_ws/c106_21/run16.pkl,8216563,3
nsga2,rc206_21,9,1188480810,850000,850080,105,105,17987947.871605,,5.0,1075.7887,0.0,3,2095.989,2026-04-24T19:39:34,2026-04-24T20:14:30,ok,pickles/nsga2/rc206_21/run09.pkl,8216563,3
smsemoa,r112_21,1,1322662413,850000,850080,105,105,587494.685352,,15.0,1504.3077,0.0,3,2141.901,2026-04-25T13:41:18,2026-04-25T14:17:00,ok,pickles/smsemoa/r112_21/run01.pkl,18d5139,3
nsga2,rc105_21,19,759201300,850000,850080,105,105,14045620.092675,,19.0,1985.5956,0.0,11,599.114,2026-04-23T22:03:29,2026-04-23T22:13:28,ok,pickles/nsga2/rc105_21/run19.pkl,unknown,4
nsga2,r110_21,11,3792353182,850000,850080,105,105,2535865.709873,,14.0,1443.1226,0.0,6,644.531,2026-04-23T22:03:29,2026-04-23T22:14:14,ok,pickles/nsga2/r110_21/run11.pkl,unknown,4
nsga2,r110_21,26,3061452381,850000,850080,105,105,976870.647363,,15.0,1532.3973,0.0,3,649.825,2026-04-23T22:03:29,2026-04-23T22:14:19,ok,pickles/nsga2/r110_21/run26.pkl,unknown,4
smsemoa,r110_21,5,4024630898,850000,850080,105,105,1181336.665265,,15.0,1501.6274,0.0,4,701.42,2026-04-23T22:03:29,2026-04-23T22:15:11,ok,pickles/smsemoa/r110_21/run05.pkl,unknown,4
moead_ws,rc105_21,13,1363078748,850000,850080,105,100,44197305.398154,,19.0,2173.1188,2.695,14,760.636,2026-04-23T22:03:30,2026-04-23T22:16:10,ok,pickles/moead_ws/rc105_21/run13.pkl,unknown,4
moead_ws,r111_21,18,3528012777,850000,850080,105,97,2067297.077372,,17.0,1647.1951,0.0,5,767.988,2026-04-23T22:03:30,2026-04-23T22:16:18,ok,pickles/moead_ws/r111_21/run18.pkl,unknown,4
moead_ws,rc103_21,8,3604650988,850000,850080,105,98,21532452.311792,,18.0,2019.7964,1.12,7,778.338,2026-04-23T22:03:30,2026-04-23T22:16:28,ok,pickles/moead_ws/rc103_21/run08.pkl,unknown,4
moead_ws,c105_21,13,758100172,850000,850080,105,101,93828803.173957,,16.0,1690.1894,1522.5776,7,786.848,2026-04-23T22:03:30,2026-04-23T22:16:37,ok,pickles/moead_ws/c105_21/run13.pkl,unknown,4
moead_ws,c105_21,23,2139494680,850000,850080,105,90,186471995.270385,,17.0,1962.2657,1318.7894,6,795.959,2026-04-23T22:03:30,2026-04-23T22:16:46,ok,pickles/moead_ws/c105_21/run23.pkl,unknown,4
nsga2,c203_21,4,4274709547,850000,850080,105,105,53605864.335991,,4.0,1120.4298,0.0,5,1225.41,2026-04-23T22:03:29,2026-04-23T22:23:55,ok,pickles/nsga2/c203_21/run04.pkl,unknown,4
nsga2,c203_21,20,4001867360,850000,850080,105,105,69950311.145429,,4.0,1212.1939,87.106,5,1229.512,2026-04-23T22:03:29,2026-04-23T22:23:59,ok,pickles/nsga2/c203_21/run20.pkl,unknown,4
smsemoa,r210_21,9,775474781,850000,850080,105,105,825824.899537,,4.0,952.0359,0.0,2,1299.458,2026-04-23T22:03:29,2026-04-23T22:25:09,ok,pickles/smsemoa/r210_21/run09.pkl,unknown,4
nsga2,r209_21,30,4207458035,850000,850080,105,105,17409333.470356,,4.0,1039.1661,0.0,4,1320.917,2026-04-23T22:03:29,2026-04-23T22:25:30,ok,pickles/nsga2/r209_21/run30.pkl,unknown,4
nsga2,r210_21,8,2215533868,850000,850080,105,105,12370936.767038,,4.0,1048.8377,0.0,4,1325.887,2026-04-23T22:03:29,2026-04-23T22:25:35,ok,pickles/nsga2/r210_21/run08.pkl,unknown,4
nsga2,rc105_21,10,1560858044,850000,850080,105,105,3642163.010462,,17.0,1930.0106,1.522,9,596.784,2026-04-23T22:16:37,2026-04-23T22:26:33,ok,pickles/nsga2/rc105_21/run10.pkl,unknown,4
moead_ws,r206_21,18,1004282448,850000,850080,105,94,22623199.143073,,5.0,859.0674,0.0,4,1401.568,2026-04-23T22:03:30,2026-04-23T22:26:51,ok,pickles/moead_ws/r206_21/run18.pkl,unknown,4
nsga2,c105_21,5,2261389991,850000,850080,105,105,154589672.563974,,14.0,1784.4208,941.3413,11,678.159,2026-04-23T22:16:18,2026-04-23T22:27:36,ok,pickles/nsga2/c105_21/run05.pkl,unknown,4
moead_ws,rc207_21,4,2944269059,850000,850080,105,103,11478266.804282,,5.0,1018.4207,0.0,2,1470.787,2026-04-23T22:03:30,2026-04-23T22:28:01,ok,pickles/moead_ws/rc207_21/run04.pkl,unknown,4
moead_ws,r104_21,19,3733648052,850000,850080,105,103,16594380.705236,,14.0,1571.2662,0.0,9,781.08,2026-04-23T22:16:46,2026-04-23T22:29:47,ok,pickles/moead_ws/r104_21/run19.pkl,unknown,4
moead_ws,r104_21,10,2818664849,850000,850080,105,99,6000555.948175,,13.0,1438.815,0.0,7,850.923,2026-04-23T22:16:29,2026-04-23T22:30:39,ok,pickles/moead_ws/r104_21/run10.pkl,unknown,4
moead_ws,c205_21,9,2292062985,850000,850080,105,102,106266199.001914,,5.0,1154.3698,3119.4983,3,1200.498,2026-04-23T22:16:11,2026-04-23T22:36:11,ok,pickles/moead_ws/c205_21/run09.pkl,unknown,4
moead_ws,r210_21,25,956336745,850000,850080,105,93,18022766.372237,,5.0,953.6978,0.0,4,1322.47,2026-04-23T22:14:19,2026-04-23T22:36:22,ok,pickles/moead_ws/r210_21/run25.pkl,unknown,4
moead_ws,r204_21,30,1807643508,850000,850080,105,94,1256070.605765,,5.0,1026.7209,0.0,2,1403.107,2026-04-23T22:13:29,2026-04-23T22:36:52,ok,pickles/moead_ws/r204_21/run30.pkl,unknown,4
smsemoa,rc103_21,16,2852447346,850000,850080,105,105,13378833.267792,,16.0,1810.0005,1.6023,10,667.395,2026-04-23T22:26:51,2026-04-23T22:37:59,ok,pickles/smsemoa/rc103_21/run16.pkl,unknown,4
moead_ws,r209_21,30,367904690,850000,850080,105,104,14578691.365683,,4.0,989.0217,0.0,4,1428.069,2026-04-23T22:14:14,2026-04-23T22:38:02,ok,pickles/moead_ws/r209_21/run30.pkl,unknown,4
nsga2,c105_21,28,1497631621,850000,850080,105,105,154874149.536405,,14.0,1856.7846,726.0193,12,696.093,2026-04-23T22:27:36,2026-04-23T22:39:12,ok,pickles/nsga2/c105_21/run28.pkl,unknown,4
moead_ws,r204_21,20,3177001305,850000,850080,105,89,4745436.089502,,4.0,941.12,0.0,3,1515.111,2026-04-23T22:15:11,2026-04-23T22:40:26,ok,pickles/moead_ws/r204_21/run20.pkl,unknown,4
smsemoa,r104_21,21,1854771551,850000,850080,105,105,1930058.173503,,13.0,1385.3781,0.0,7,753.344,2026-04-23T22:28:01,2026-04-23T22:40:34,ok,pickles/smsemoa/r104_21/run21.pkl,unknown,4
smsemoa,rc103_21,6,3292306359,850000,850080,105,105,13238859.071417,,15.0,1908.8956,0.0,10,694.942,2026-04-23T22:29:47,2026-04-23T22:41:22,ok,pickles/smsemoa/rc103_21/run06.pkl,unknown,4
nsga2,r204_21,5,1170864413,850000,850080,105,64,398367.189003,,4.0,936.8496,0.0,2,1352.931,2026-04-23T22:23:59,2026-04-23T22:46:32,ok,pickles/nsga2/r204_21/run05.pkl,unknown,4
smsemoa,c205_21,14,2281154642,850000,850080,105,105,96300928.458454,,4.0,937.985,314.0051,4,1368.582,2026-04-23T22:23:55,2026-04-23T22:46:43,ok,pickles/smsemoa/c205_21/run14.pkl,unknown,4
smsemoa,r110_21,20,3335254841,850000,850080,105,105,1399214.335536,,15.0,1550.2048,0.0,5,677.93,2026-04-23T22:36:22,2026-04-23T22:47:40,ok,pickles/smsemoa/r110_21/run20.pkl,unknown,4
moead_ws,r204_21,21,660401026,850000,850080,105,93,1815973.746081,,5.0,1004.9781,0.0,2,1341.074,2026-04-23T22:25:31,2026-04-23T22:47:52,ok,pickles/moead_ws/r204_21/run21.pkl,unknown,4
nsga2,r206_21,14,2892334664,850000,850080,105,105,18306860.644339,,4.0,1068.5069,0.0,5,1340.842,2026-04-23T22:25:35,2026-04-23T22:47:56,ok,pickles/nsga2/r206_21/run14.pkl,unknown,4
moead_ws,r204_21,11,1648258969,850000,850080,105,94,466007.067373,,4.0,935.8485,0.0,2,1401.796,2026-04-23T22:25:09,2026-04-23T22:48:31,ok,pickles/moead_ws/r204_21/run11.pkl,unknown,4
moead_ws,r209_21,13,1116154777,850000,850080,105,104,19543235.297459,,5.0,937.1438,0.0,3,1357.028,2026-04-23T22:26:34,2026-04-23T22:49:11,ok,pickles/moead_ws/r209_21/run13.pkl,unknown,4
moead_ws,r106_21,12,437963714,850000,850080,105,100,20803036.323575,,18.0,1926.6064,55.2917,11,755.122,2026-04-23T22:38:03,2026-04-23T22:50:38,ok,pickles/moead_ws/r106_21/run12.pkl,unknown,4
nsga2,r110_21,10,3069089493,850000,850080,105,105,2500999.892642,,15.0,1509.7925,0.0,7,696.492,2026-04-23T22:39:12,2026-04-23T22:50:48,ok,pickles/nsga2/r110_21/run10.pkl,unknown,4
smsemoa,r111_21,19,3237512949,850000,850080,105,105,1797478.378377,,16.0,1553.6609,0.0,5,708.319,2026-04-23T22:40:34,2026-04-23T22:52:22,ok,pickles/smsemoa/r111_21/run19.pkl,unknown,4
moead_ws,r210_21,5,897817742,850000,850080,105,102,34937091.257063,,5.0,971.6545,0.0,3,1646.229,2026-04-23T22:30:40,2026-04-23T22:58:06,ok,pickles/moead_ws/r210_21/run05.pkl,unknown,4
nsga2,c205_21,29,3866280788,850000,850080,105,105,139568144.560739,,4.0,1077.33,1749.0819,6,1283.502,2026-04-23T22:36:52,2026-04-23T22:58:15,ok,pickles/nsga2/c205_21/run29.pkl,unknown,4
nsga2,rc103_21,20,2180957336,850000,850080,105,105,11332748.848889,,16.0,1894.1072,0.0,9,646.695,2026-04-23T22:47:40,2026-04-23T22:58:27,ok,pickles/nsga2/rc103_21/run20.pkl,unknown,4
smsemoa,rc103_21,1,4119637925,850000,850080,105,105,4813034.100922,,18.0,2064.8405,0.0,7,688.927,2026-04-23T22:47:52,2026-04-23T22:59:21,ok,pickles/smsemoa/rc103_21/run01.pkl,unknown,4
nsga2,c204_21,22,4027713659,850000,850080,105,99,7948359.209836,,4.0,1031.6683,0.0,3,1449.799,2026-04-23T22:36:11,2026-04-23T23:00:21,ok,pickles/nsga2/c204_21/run22.pkl,unknown,4
moead_ws,r111_21,15,1294431264,850000,850080,105,101,6407925.591508,,17.0,1646.0839,0.0,8,823.123,2026-04-23T22:46:44,2026-04-23T23:00:27,ok,pickles/moead_ws/r111_21/run15.pkl,unknown,4
nsga2,c203_21,8,2201222468,850000,850080,105,105,68134169.813884,,4.0,1120.8502,0.0,5,1359.093,2026-04-23T22:37:59,2026-04-23T23:00:38,ok,pickles/nsga2/c203_21/run08.pkl,unknown,4
moead_ws,r110_21,13,2765252125,850000,850080,105,102,3968817.181515,,17.0,1624.7566,0.0,5,765.956,2026-04-23T22:47:56,2026-04-23T23:00:42,ok,pickles/moead_ws/r110_21/run13.pkl,unknown,4
moead_ws,rc207_21,10,897157913,850000,850080,105,104,170786826.790157,,5.0,1028.7948,0.0,4,1354.033,2026-04-23T22:40:27,2026-04-23T23:03:01,ok,pickles/moead_ws/rc207_21/run10.pkl,unknown,4
moead_ws,r210_21,29,2145229547,850000,850080,105,100,18035823.28048,,5.0,951.5341,0.0,3,1415.401,2026-04-23T22:41:23,2026-04-23T23:04:58,ok,pickles/moead_ws/r210_21/run29.pkl,unknown,4
nsga2,c205_21,20,4209410601,850000,850080,105,105,95849026.020385,,5.0,1018.419,0.0,5,1243.002,2026-04-23T22:48:31,2026-04-23T23:09:14,ok,pickles/nsga2/c205_21/run20.pkl,unknown,4
smsemoa,r209_21,12,4095702792,850000,850080,105,105,22261332.100389,,4.0,921.1178,0.0,3,1365.871,2026-04-23T22:46:32,2026-04-23T23:09:17,ok,pickles/smsemoa/r209_21/run12.pkl,unknown,4
smsemoa,rc105_21,27,1819130352,850000,850080,105,105,6662715.510875,,18.0,2068.5693,0.0,8,633.906,2026-04-23T22:59:21,2026-04-23T23:09:54,ok,pickles/smsemoa/rc105_21/run27.pkl,unknown,4
moead_ws,c105_21,8,375262897,850000,850080,105,103,323344655.343,,16.0,1975.1006,1960.5723,8,815.601,2026-04-23T22:58:16,2026-04-23T23:11:51,ok,pickles/moead_ws/c105_21/run08.pkl,unknown,4
smsemoa,r110_21,17,45394139,850000,850080,105,105,1840364.8795,,16.0,1656.6563,0.0,6,699.436,2026-04-23T23:00:21,2026-04-23T23:12:01,ok,pickles/smsemoa/r110_21/run17.pkl,unknown,4
smsemoa,r104_21,6,1378211299,850000,850080,105,105,2994057.103268,,14.0,1502.1501,0.0,7,741.001,2026-04-23T23:00:38,2026-04-23T23:12:59,ok,pickles/smsemoa/r104_21/run06.pkl,unknown,4
smsemoa,r204_21,12,1498012366,850000,850080,105,105,491734.730172,,3.0,824.2493,0.0,2,1457.284,2026-04-23T22:49:11,2026-04-23T23:13:28,ok,pickles/smsemoa/r204_21/run12.pkl,unknown,4
smsemoa,r206_21,12,1708538731,850000,850080,105,105,41839414.32636,,4.0,986.4445,0.0,5,1372.612,2026-04-23T22:50:48,2026-04-23T23:13:41,ok,pickles/smsemoa/r206_21/run12.pkl,unknown,4
smsemoa,r210_21,24,3427907226,850000,850080,105,105,1603442.828017,,3.0,932.9696,0.0,2,1465.535,2026-04-23T22:50:38,2026-04-23T23:15:03,ok,pickles/smsemoa/r210_21/run24.pkl,unknown,4
smsemoa,r110_21,2,1573103221,850000,850080,105,105,2485987.358432,,14.0,1540.4794,0.0,6,735.173,2026-04-23T23:03:01,2026-04-23T23:15:16,ok,pickles/smsemoa/r110_21/run02.pkl,unknown,4
smsemoa,r204_21,26,397585672,850000,850080,105,61,161935.7673,,3.0,892.3736,0.0,2,1485.763,2026-04-23T22:52:22,2026-04-23T23:17:08,ok,pickles/smsemoa/r204_21/run26.pkl,unknown,4
moead_ws,rc103_21,30,3979381316,850000,850080,105,102,24653291.014856,,20.0,2290.0467,4.4923,11,753.134,2026-04-23T23:04:58,2026-04-23T23:17:32,ok,pickles/moead_ws/rc103_21/run30.pkl,unknown,4
smsemoa,c105_21,1,1652145395,850000,850080,105,105,90596993.672014,,15.0,1979.6877,1936.0293,8,694.285,2026-04-23T23:09:17,2026-04-23T23:20:52,ok,pickles/smsemoa/c105_21/run01.pkl,unknown,4
smsemoa,r209_21,21,539938192,850000,850080,105,105,9204854.608289,,4.0,903.9135,0.0,3,1356.318,2026-04-23T22:58:27,2026-04-23T23:21:03,ok,pickles/smsemoa/r209_21/run21.pkl,unknown,4
smsemoa,c205_21,11,3452484297,850000,850080,105,105,72619745.67112,,4.0,1108.7283,1972.1142,4,1301.413,2026-04-23T23:00:42,2026-04-23T23:22:24,ok,pickles/smsemoa/c205_21/run11.pkl,unknown,4
smsemoa,rc103_21,26,1323870939,850000,850080,105,105,9564267.997164,,16.0,1839.1772,0.0,8,692.528,2026-04-23T23:12:01,2026-04-23T23:23:33,ok,pickles/smsemoa/rc103_21/run26.pkl,unknown,4
moead_ws,r206_21,9,721229545,850000,850080,105,102,52948482.457068,,5.0,925.4572,0.0,6,1407.95,2026-04-23T23:00:27,2026-04-23T23:23:55,ok,pickles/moead_ws/r206_21/run09.pkl,unknown,4
smsemoa,r108_21,26,3822060219,850000,850080,105,105,1084687.066885,,14.0,1477.2207,0.0,6,738.967,2026-04-23T23:11:51,2026-04-23T23:24:10,ok,pickles/smsemoa/r108_21/run26.pkl,unknown,4
smsemoa,r106_21,24,2107006726,850000,850080,105,105,10819334.954368,,18.0,1745.425,25.539,9,677.026,2026-04-23T23:15:03,2026-04-23T23:26:20,ok,pickles/smsemoa/r106_21/run24.pkl,unknown,4
smsemoa,r204_21,15,3724803297,850000,850080,105,29,258896.826479,,3.0,903.7479,0.0,3,1698.108,2026-04-23T22:58:06,2026-04-23T23:26:24,ok,pickles/smsemoa/r204_21/run15.pkl,unknown,4
nsga2,c205_21,13,851036536,850000,850080,105,105,71533922.244914,,5.0,1133.9354,0.0,5,1128.403,2026-04-23T23:09:54,2026-04-23T23:28:43,ok,pickles/nsga2/c205_21/run13.pkl,unknown,4
moead_ws,rc105_21,2,3018666711,850000,850080,105,95,54782851.42007,,19.0,2131.3506,7.6064,13,745.719,2026-04-23T23:17:08,2026-04-23T23:29:34,ok,pickles/moead_ws/rc105_21/run02.pkl,unknown,4
nsga2,rc105_21,6,1221030061,850000,850080,105,105,23986998.214863,,19.0,2220.3023,0.0,12,614.935,2026-04-23T23:20:52,2026-04-23T23:31:07,ok,pickles/nsga2/rc105_21/run06.pkl,unknown,4
moead_ws,r104_21,13,3925048146,850000,850080,105,95,12078393.779918,,13.0,1445.6637,0.0,7,824.003,2026-04-23T23:17:32,2026-04-23T23:31:16,ok,pickles/moead_ws/r104_21/run13.pkl,unknown,4
moead_ws,c205_21,28,39564667,850000,850080,105,97,715958881.000364,,5.0,1131.9103,621.265,4,1450.275,2026-04-23T23:09:14,2026-04-23T23:33:25,ok,pickles/moead_ws/c205_21/run28.pkl,unknown,4
moead_ws,c205_21,21,3224287898,850000,850080,105,105,161335442.752017,,5.0,1101.2665,3471.0069,2,1199.346,2026-04-23T23:13:29,2026-04-23T23:33:28,ok,pickles/moead_ws/c205_21/run21.pkl,unknown,4
moead_ws,r110_21,4,4205669944,850000,850080,105,94,4174774.993636,,18.0,1893.3919,0.0,8,760.352,2026-04-23T23:22:24,2026-04-23T23:35:05,ok,pickles/moead_ws/r110_21/run04.pkl,unknown,4
smsemoa,c205_21,4,2953200849,850000,850080,105,105,66501567.337903,,4.0,892.1324,0.0,5,1204.544,2026-04-23T23:15:16,2026-04-23T23:35:20,ok,pickles/smsemoa/c205_21/run04.pkl,unknown,4
moead_ws,rc105_21,19,3413596952,850000,850080,105,104,42157399.51161,,19.0,2246.4334,6.2206,14,764.566,2026-04-23T23:23:34,2026-04-23T23:36:18,ok,pickles/moead_ws/rc105_21/run19.pkl,unknown,4
moead_ws,c205_21,4,3024303987,850000,850080,105,104,113031064.387489,,5.0,1047.425,3716.355,3,1412.006,2026-04-23T23:12:59,2026-04-23T23:36:31,ok,pickles/moead_ws/c205_21/run04.pkl,unknown,4
smsemoa,r108_21,23,1480395570,850000,850080,105,105,819681.030087,,13.0,1349.3373,0.0,5,794.973,2026-04-23T23:23:55,2026-04-23T23:37:10,ok,pickles/smsemoa/r108_21/run23.pkl,unknown,4
smsemoa,r104_21,13,1665785617,850000,850080,105,105,1141132.71369,,14.0,1490.1414,0.0,4,721.164,2026-04-23T23:26:20,2026-04-23T23:38:22,ok,pickles/smsemoa/r104_21/run13.pkl,unknown,4
moead_ws,c105_21,5,2159719509,850000,850080,105,98,97475060.818004,,15.0,1839.8265,1910.247,5,860.015,2026-04-23T23:24:11,2026-04-23T23:38:31,ok,pickles/moead_ws/c105_21/run05.pkl,unknown,4
moead_ws,r204_21,27,2620767009,850000,850080,105,89,2522989.576202,,3.0,1058.8939,0.0,3,1499.197,2026-04-23T23:13:42,2026-04-23T23:38:41,ok,pickles/moead_ws/r204_21/run27.pkl,unknown,4
nsga2,r110_21,5,4142006980,850000,850080,105,105,816268.896957,,16.0,1632.1756,0.0,4,655.053,2026-04-23T23:31:07,2026-04-23T23:42:02,ok,pickles/nsga2/r110_21/run05.pkl,unknown,4
smsemoa,r209_21,30,155554329,850000,850080,105,105,6148998.165984,,4.0,1066.2727,0.0,3,1411.951,2026-04-23T23:21:03,2026-04-23T23:44:35,ok,pickles/smsemoa/r209_21/run30.pkl,unknown,4
smsemoa,r111_21,5,1084540,850000,850080,105,105,1556927.694334,,15.0,1474.514,0.0,5,715.074,2026-04-23T23:33:25,2026-04-23T23:45:20,ok,pickles/smsemoa/r111_21/run05.pkl,unknown,4
smsemoa,c105_21,8,4256678305,850000,850080,105,105,73047342.794828,,14.0,1655.1959,900.5444,9,712.774,2026-04-23T23:33:28,2026-04-23T23:45:21,ok,pickles/smsemoa/c105_21/run08.pkl,unknown,4
nsga2,r110_21,1,564672084,850000,850080,105,105,4506093.445529,,14.0,1601.8956,0.0,8,650.231,2026-04-23T23:35:05,2026-04-23T23:45:55,ok,pickles/nsga2/r110_21/run01.pkl,unknown,4
nsga2,c105_21,24,1181067446,850000,850080,105,105,149562362.598681,,14.0,1730.0096,1198.219,10,691.792,2026-04-23T23:35:20,2026-04-23T23:46:52,ok,pickles/nsga2/c105_21/run24.pkl,unknown,4
smsemoa,rc105_21,10,271625159,850000,850080,105,105,20438871.781012,,20.0,2192.5318,0.0,11,671.361,2026-04-23T23:36:18,2026-04-23T23:47:30,ok,pickles/smsemoa/rc105_21/run10.pkl,unknown,4
smsemoa,c105_21,5,3633470160,850000,850080,105,105,53240724.134704,,14.0,1605.135,1089.7528,6,726.496,2026-04-23T23:36:31,2026-04-23T23:48:38,ok,pickles/smsemoa/c105_21/run05.pkl,unknown,4
moead_ws,c205_21,17,1502289470,850000,850080,105,103,372497956.572209,,5.0,1152.8232,2191.0742,3,1345.881,2026-04-23T23:26:25,2026-04-23T23:48:51,ok,pickles/moead_ws/c205_21/run17.pkl,unknown,4
nsga2,c105_21,13,471512131,850000,850080,105,105,74532806.995892,,15.0,1638.6704,319.1402,8,674.873,2026-04-23T23:38:22,2026-04-23T23:49:36,ok,pickles/nsga2/c105_21/run13.pkl,unknown,4
smsemoa,c105_21,9,2752386574,850000,850080,105,105,41067798.213115,,15.0,1627.2395,447.4716,7,724.261,2026-04-23T23:38:41,2026-04-23T23:50:45,ok,pickles/smsemoa/c105_21/run09.pkl,unknown,4
nsga2,rc207_21,11,144110428,850000,850080,105,103,6930594.063714,,4.0,1053.9461,0.0,4,1325.923,2026-04-23T23:29:34,2026-04-23T23:51:40,ok,pickles/nsga2/rc207_21/run11.pkl,unknown,4
nsga2,c204_21,16,1217294804,850000,850080,105,105,10046165.265502,,4.0,1043.1786,0.0,4,1392.698,2026-04-23T23:28:43,2026-04-23T23:51:56,ok,pickles/nsga2/c204_21/run16.pkl,unknown,4
smsemoa,rc105_21,11,177855096,850000,850080,105,105,14125407.897055,,18.0,2032.3619,10.3456,9,641.328,2026-04-23T23:42:02,2026-04-23T23:52:43,ok,pickles/smsemoa/rc105_21/run11.pkl,unknown,4
smsemoa,r209_21,10,2889226179,850000,850080,105,105,9684746.278624,,4.0,902.2698,0.0,3,1384.409,2026-04-23T23:31:16,2026-04-23T23:54:21,ok,pickles/smsemoa/r209_21/run10.pkl,unknown,4
nsga2,r104_21,25,162514930,850000,850080,105,105,1580558.533838,,14.0,1523.889,0.0,6,689.466,2026-04-23T23:44:35,2026-04-23T23:56:04,ok,pickles/nsga2/r104_21/run25.pkl,unknown,4
smsemoa,r104_21,10,4121969594,850000,850080,105,105,2920527.702615,,15.0,1556.429,0.0,7,740.986,2026-04-23T23:45:55,2026-04-23T23:58:16,ok,pickles/smsemoa/r104_21/run10.pkl,unknown,4
smsemoa,r108_21,5,3027599134,850000,850080,105,105,916125.921573,,14.0,1487.5571,0.0,5,803.715,2026-04-23T23:46:52,2026-04-24T00:00:16,ok,pickles/smsemoa/r108_21/run05.pkl,unknown,4
moead_ws,rc103_21,24,3960903166,850000,850080,105,96,20534006.092882,,19.0,2095.1253,0.0,8,791.026,2026-04-23T23:47:30,2026-04-24T00:00:41,ok,pickles/moead_ws/rc103_21/run24.pkl,unknown,4
moead_ws,r106_21,18,1595151639,850000,850080,105,95,35537578.986445,,20.0,1913.4476,0.0,11,747.002,2026-04-23T23:48:38,2026-04-24T00:01:05,ok,pickles/moead_ws/r106_21/run18.pkl,unknown,4
moead_ws,rc103_21,15,1078354443,850000,850080,105,91,9392057.085525,,17.0,2012.5471,8.8074,8,764.002,2026-04-23T23:48:51,2026-04-24T00:01:35,ok,pickles/moead_ws/rc103_21/run15.pkl,unknown,4
nsga2,c204_21,21,2997368129,850000,850080,105,105,7825817.099955,,4.0,1057.191,0.0,3,1478.605,2026-04-23T23:37:10,2026-04-24T00:01:49,ok,pickles/nsga2/c204_21/run21.pkl,unknown,4
moead_ws,r206_21,8,2431311801,850000,850080,105,90,15771089.48749,,4.0,877.5462,0.0,4,1451.572,2026-04-23T23:38:31,2026-04-24T00:02:43,ok,pickles/moead_ws/r206_21/run08.pkl,unknown,4
smsemoa,r111_21,12,2763783256,850000,850080,105,105,4019485.983868,,15.0,1462.6689,0.0,7,704.519,2026-04-23T23:51:40,2026-04-24T00:03:25,ok,pickles/smsemoa/r111_21/run12.pkl,unknown,4
moead_ws,r106_21,30,1728434422,850000,850080,105,101,32452252.05347,,19.0,1950.3161,7.6066,14,752.998,2026-04-23T23:52:44,2026-04-24T00:05:17,ok,pickles/moead_ws/r106_21/run30.pkl,unknown,4
moead_ws,c203_21,4,626686659,850000,850080,105,83,365125641.004555,,5.0,1283.2011,0.0,4,1257.678,2026-04-23T23:45:20,2026-04-24T00:06:18,ok,pickles/moead_ws/c203_21/run04.pkl,unknown,4
nsga2,r106_21,13,952708838,850000,850080,105,105,15530058.74363,,18.0,1911.6551,1.6491,14,620.453,2026-04-23T23:56:04,2026-04-24T00:06:25,ok,pickles/nsga2/r106_21/run13.pkl,unknown,4
smsemoa,rc207_21,24,2899258461,850000,850080,105,105,12211132.243054,,4.0,871.2047,0.0,3,1404.864,2026-04-23T23:45:21,2026-04-24T00:08:46,ok,pickles/smsemoa/rc207_21/run24.pkl,unknown,4
smsemoa,rc103_21,20,3851965967,850000,850080,105,105,6997678.535537,,17.0,1938.6528,3.8537,7,675.683,2026-04-24T00:01:05,2026-04-24T00:12:21,ok,pickles/smsemoa/rc103_21/run20.pkl,unknown,4
moead_ws,r209_21,26,1301620090,850000,850080,105,91,18785559.423,,5.0,993.7498,0.0,4,1366.666,2026-04-23T23:49:37,2026-04-24T00:12:24,ok,pickles/moead_ws/r209_21/run26.pkl,unknown,4
nsga2,r111_21,15,3641499641,850000,850080,105,105,1621689.703461,,17.0,1718.6083,0.0,6,685.644,2026-04-24T00:01:49,2026-04-24T00:13:14,ok,pickles/nsga2/r111_21/run15.pkl,unknown,4
nsga2,r210_21,17,618416028,850000,850080,105,105,1845020.373953,,4.0,943.3627,0.0,3,1315.308,2026-04-23T23:51:56,2026-04-24T00:13:51,ok,pickles/nsga2/r210_21/run17.pkl,unknown,4
smsemoa,r111_21,9,508685070,850000,850080,105,105,1459131.005622,,16.0,1628.5366,0.0,5,706.947,2026-04-24T00:03:25,2026-04-24T00:15:12,ok,pickles/smsemoa/r111_21/run09.pkl,unknown,4
moead_ws,r108_21,20,4152675914,850000,850080,105,100,2107906.681472,,14.0,1504.5501,0.0,5,873.059,2026-04-24T00:00:42,2026-04-24T00:15:15,ok,pickles/moead_ws/r108_21/run20.pkl,unknown,4
smsemoa,c204_21,25,2837458553,850000,850080,105,58,18569199.227384,,4.0,939.4463,0.0,3,1372.085,2026-04-23T23:54:21,2026-04-24T00:17:13,ok,pickles/smsemoa/c204_21/run25.pkl,unknown,4
smsemoa,r204_21,28,2072375977,850000,850080,105,22,84605.432315,,3.0,870.8068,0.0,2,1619.044,2026-04-23T23:50:45,2026-04-24T00:17:44,ok,pickles/smsemoa/r204_21/run28.pkl,unknown,4
moead_ws,c205_21,15,2898889822,850000,850080,105,103,129288648.518262,,6.0,1308.5371,3984.4666,3,1225.055,2026-04-23T23:58:16,2026-04-24T00:18:41,ok,pickles/moead_ws/c205_21/run15.pkl,unknown,4
nsga2,r106_21,20,3557317152,850000,850080,105,105,11547813.954065,,17.0,1757.3525,1.4129,11,646.613,2026-04-24T00:08:46,2026-04-24T00:19:32,ok,pickles/nsga2/r106_21/run20.pkl,unknown,4
moead_ws,r110_21,27,2619245493,850000,850080,105,84,3228209.13766,,15.0,1543.2805,0.0,6,825.091,2026-04-24T00:06:18,2026-04-24T00:20:03,ok,pickles/moead_ws/r110_21/run27.pkl,unknown,4
moead_ws,c205_21,30,2713573747,850000,850080,105,104,224564043.205019,,6.0,1044.4153,4007.546,4,1241.402,2026-04-24T00:00:16,2026-04-24T00:20:58,ok,pickles/moead_ws/c205_21/run30.pkl,unknown,4
smsemoa,r110_21,8,1926465594,850000,850080,105,105,1046225.965414,,16.0,1563.2207,1.8395,4,713.88,2026-04-24T00:12:21,2026-04-24T00:24:15,ok,pickles/smsemoa/r110_21/run08.pkl,unknown,4
nsga2,r209_21,5,3319128727,850000,850080,105,105,2038529.38742,,4.0,1090.7096,0.0,2,1446.929,2026-04-24T00:01:35,2026-04-24T00:25:42,ok,pickles/nsga2/r209_21/run05.pkl,unknown,4
nsga2,r108_21,21,2709942721,850000,850080,105,105,726540.491571,,14.0,1495.7857,0.0,5,749.531,2026-04-24T00:13:14,2026-04-24T00:25:44,ok,pickles/nsga2/r108_21/run21.pkl,unknown,4
smsemoa,rc103_21,25,2403141151,850000,850080,105,105,9465291.085762,,16.0,1896.32,0.0,9,692.471,2026-04-24T00:15:15,2026-04-24T00:26:47,ok,pickles/smsemoa/rc103_21/run25.pkl,unknown,4
moead_ws,r209_21,5,2491169781,850000,850080,105,98,11177042.880031,,5.0,1014.0742,0.0,2,1493.806,2026-04-24T00:02:43,2026-04-24T00:27:37,ok,pickles/moead_ws/r209_21/run05.pkl,unknown,4
smsemoa,r110_21,22,405915505,850000,850080,105,105,2781345.71859,,16.0,1502.9369,0.0,6,674.569,2026-04-24T00:17:13,2026-04-24T00:28:27,ok,pickles/smsemoa/r110_21/run22.pkl,unknown,4
nsga2,r210_21,16,2344472034,850000,850080,105,105,5773440.365468,,4.0,982.8428,0.0,3,1424.09,2026-04-24T00:05:17,2026-04-24T00:29:01,ok,pickles/nsga2/r210_21/run16.pkl,unknown,4
smsemoa,r206_21,28,3461024999,850000,850080,105,105,6239494.239487,,4.0,1002.7646,0.0,3,1405.769,2026-04-24T00:06:25,2026-04-24T00:29:51,ok,pickles/smsemoa/r206_21/run28.pkl,unknown,4
moead_ws,r110_21,29,2149042983,850000,850080,105,93,2965329.738709,,17.0,1661.2629,0.0,5,825.418,2026-04-24T00:17:45,2026-04-24T00:31:30,ok,pickles/moead_ws/r110_21/run29.pkl,unknown,4
smsemoa,r106_21,6,3103244607,850000,850080,105,105,12556796.038777,,19.0,1808.1351,59.0865,10,711.68,2026-04-24T00:20:03,2026-04-24T00:31:55,ok,pickles/smsemoa/r106_21/run06.pkl,unknown,4
nsga2,c203_21,29,265066308,850000,850080,105,105,108387541.614613,,4.0,1093.2622,0.0,5,1272.583,2026-04-24T00:12:24,2026-04-24T00:33:36,ok,pickles/nsga2/c203_21/run29.pkl,unknown,4
nsga2,rc103_21,19,3723327272,850000,850080,105,105,7027390.089399,,18.0,2141.977,0.0,10,625.229,2026-04-24T00:24:15,2026-04-24T00:34:40,ok,pickles/nsga2/rc103_21/run19.pkl,unknown,4
moead_ws,c204_21,10,1738815575,850000,850080,105,74,40774539.843089,,4.0,1195.7728,0.0,4,1377.222,2026-04-24T00:13:51,2026-04-24T00:36:49,ok,pickles/moead_ws/c204_21/run10.pkl,unknown,4
smsemoa,r210_21,19,2506598832,850000,850080,105,105,7763636.760894,,4.0,990.3954,0.0,3,1370.917,2026-04-24T00:15:12,2026-04-24T00:38:03,ok,pickles/smsemoa/r210_21/run19.pkl,unknown,4
smsemoa,r104_21,12,759565141,850000,850080,105,105,2210482.115535,,12.0,1289.2267,0.0,7,761.621,2026-04-24T00:25:42,2026-04-24T00:38:24,ok,pickles/smsemoa/r104_21/run12.pkl,unknown,4
smsemoa,r106_21,15,902316813,850000,850080,105,105,13567242.524643,,18.0,1766.4023,1.9737,11,677.611,2026-04-24T00:28:27,2026-04-24T00:39:45,ok,pickles/smsemoa/r106_21/run15.pkl,unknown,4
moead_ws,r110_21,21,4146265885,850000,850080,105,93,2454278.42364,,16.0,1576.2363,0.0,5,782.761,2026-04-24T00:26:48,2026-04-24T00:39:50,ok,pickles/moead_ws/r110_21/run21.pkl,unknown,4
smsemoa,r104_21,16,1667150519,850000,850080,105,105,2290520.049373,,13.0,1465.0985,0.0,6,741.555,2026-04-24T00:27:37,2026-04-24T00:39:59,ok,pickles/smsemoa/r104_21/run16.pkl,unknown,4
nsga2,r210_21,14,2647949508,850000,850080,105,105,15651734.298779,,4.0,1044.8109,0.0,4,1272.494,2026-04-24T00:19:32,2026-04-24T00:40:45,ok,pickles/nsga2/r210_21/run14.pkl,unknown,4
nsga2,r206_21,24,4193029101,850000,850080,105,105,2613878.609916,,4.0,946.477,0.0,2,1348.213,2026-04-24T00:18:41,2026-04-24T00:41:10,ok,pickles/nsga2/r206_21/run24.pkl,unknown,4
smsemoa,c105_21,17,4200820095,850000,850080,105,105,185488097.845682,,13.0,1624.0852,705.1157,12,724.886,2026-04-24T00:31:55,2026-04-24T00:44:00,ok,pickles/smsemoa/c105_21/run17.pkl,unknown,4
nsga2,r108_21,9,9177591,850000,850080,105,105,2270797.348827,,13.0,1378.4343,0.0,5,759.568,2026-04-24T00:31:30,2026-04-24T00:44:10,ok,pickles/nsga2/r108_21/run09.pkl,unknown,4
smsemoa,r204_21,13,2948705677,850000,850080,105,105,772083.395285,,3.0,894.3474,0.0,3,1484.149,2026-04-24T00:20:58,2026-04-24T00:45:42,ok,pickles/smsemoa/r204_21/run13.pkl,unknown,4
smsemoa,c203_21,21,2339273085,850000,850080,105,105,37033120.49238,,4.0,1027.6316,0.0,4,1254.64,2026-04-24T00:25:44,2026-04-24T00:46:39,ok,pickles/smsemoa/c203_21/run21.pkl,unknown,4
moead_ws,c105_21,14,2615194348,850000,850080,105,105,192092228.743418,,15.0,1813.3516,987.192,5,879.921,2026-04-24T00:33:37,2026-04-24T00:48:17,ok,pickles/moead_ws/c105_21/run14.pkl,unknown,4
moead_ws,r110_21,14,3553653646,850000,850080,105,100,4341329.630492,,16.0,1690.0077,13.1854,7,775.437,2026-04-24T00:36:49,2026-04-24T00:49:45,ok,pickles/moead_ws/r110_21/run14.pkl,unknown,4
nsga2,r108_21,8,3647611113,850000,850080,105,105,734964.678736,,14.0,1556.4885,0.0,5,752.899,2026-04-24T00:38:24,2026-04-24T00:50:57,ok,pickles/nsga2/r108_21/run08.pkl,unknown,4
smsemoa,r104_21,9,600661913,850000,850080,105,105,3187159.180423,,14.0,1446.7283,0.0,6,703.111,2026-04-24T00:39:45,2026-04-24T00:51:28,ok,pickles/smsemoa/r104_21/run09.pkl,unknown,4
smsemoa,r111_21,23,2601955865,850000,850080,105,105,1330443.080145,,17.0,1618.1306,0.0,4,694.889,2026-04-24T00:39:59,2026-04-24T00:51:34,ok,pickles/smsemoa/r111_21/run23.pkl,unknown,4
moead_ws,r108_21,6,3559906122,850000,850080,105,87,3568687.316261,,15.0,1660.4207,0.0,7,857.132,2026-04-24T00:38:03,2026-04-24T00:52:20,ok,pickles/moead_ws/r108_21/run06.pkl,unknown,4
moead_ws,r204_21,25,2123489776,850000,850080,105,79,135608.74161,,5.0,1078.2356,0.0,1,1370.016,2026-04-24T00:29:51,2026-04-24T00:52:41,ok,pickles/moead_ws/r204_21/run25.pkl,unknown,4
moead_ws,r106_21,1,416460680,850000,850080,105,103,35365339.833301,,20.0,1893.5029,3.5602,11,811.368,2026-04-24T00:39:51,2026-04-24T00:53:22,ok,pickles/moead_ws/r106_21/run01.pkl,unknown,4
smsemoa,r209_21,15,1406221102,850000,850080,105,105,21645861.414589,,3.0,937.0147,0.0,4,1467.64,2026-04-24T00:29:01,2026-04-24T00:53:28,ok,pickles/smsemoa/r209_21/run15.pkl,unknown,4
nsga2,c105_21,12,3473444792,850000,850080,105,105,93990250.735756,,15.0,1738.3948,490.7113,10,639.664,2026-04-24T00:44:10,2026-04-24T00:54:49,ok,pickles/nsga2/c105_21/run12.pkl,unknown,4
nsga2,c105_21,10,3091053862,850000,850080,105,105,176083261.883894,,14.0,1752.5723,1319.5806,11,666.789,2026-04-24T00:45:42,2026-04-24T00:56:49,ok,pickles/nsga2/c105_21/run10.pkl,unknown,4
moead_ws,c204_21,18,2939859643,850000,850080,105,98,18859948.700287,,4.0,1357.5988,0.0,3,1442.221,2026-04-24T00:34:41,2026-04-24T00:58:43,ok,pickles/moead_ws/c204_21/run18.pkl,unknown,4
nsga2,rc105_21,18,3109211121,850000,850080,105,105,17439570.841134,,18.0,2085.967,0.0,11,615.481,2026-04-24T00:50:57,2026-04-24T01:01:12,ok,pickles/nsga2/rc105_21/run18.pkl,unknown,4
nsga2,r108_21,20,179221555,850000,850080,105,105,1622098.970065,,13.0,1409.4672,0.0,5,744.283,2026-04-24T00:49:45,2026-04-24T01:02:09,ok,pickles/nsga2/r108_21/run20.pkl,unknown,4
nsga2,r206_21,10,1522324640,850000,850080,105,105,4916918.960074,,4.0,1076.7207,0.0,2,1364.357,2026-04-24T00:40:45,2026-04-24T01:03:29,ok,pickles/nsga2/r206_21/run10.pkl,unknown,4
smsemoa,c203_21,17,425692563,850000,850080,105,105,31229598.663019,,5.0,1123.9924,0.0,3,1179.867,2026-04-24T00:44:00,2026-04-24T01:03:40,ok,pickles/smsemoa/c203_21/run17.pkl,unknown,4
smsemoa,rc105_21,24,3268064883,850000,850080,105,105,18426907.339311,,18.0,2109.7619,0.0,12,665.897,2026-04-24T00:52:41,2026-04-24T01:03:47,ok,pickles/smsemoa/rc105_21/run24.pkl,unknown,4
moead_ws,r209_21,15,1672479215,850000,850080,105,97,9966046.32542,,5.0,979.2418,0.0,3,1399.424,2026-04-24T00:41:10,2026-04-24T01:04:29,ok,pickles/moead_ws/r209_21/run15.pkl,unknown,4
smsemoa,r104_21,2,3595865306,850000,850080,105,105,2120564.565936,,12.0,1278.7294,0.0,7,778.441,2026-04-24T00:53:28,2026-04-24T01:06:27,ok,pickles/smsemoa/r104_21/run02.pkl,unknown,4
moead_ws,c105_21,7,3480949816,850000,850080,105,100,132554049.656211,,17.0,2036.4225,1126.4704,8,823.313,2026-04-24T00:54:50,2026-04-24T01:08:33,ok,pickles/moead_ws/c105_21/run07.pkl,unknown,4
nsga2,r210_21,23,722845114,850000,850080,105,105,7385470.773928,,4.0,1060.7997,0.0,3,1324.184,2026-04-24T00:46:39,2026-04-24T01:08:43,ok,pickles/nsga2/r210_21/run23.pkl,unknown,4
nsga2,r111_21,19,484634690,850000,850080,105,105,2106818.041897,,16.0,1624.2353,0.0,6,659.73,2026-04-24T00:58:43,2026-04-24T01:09:43,ok,pickles/nsga2/r111_21/run19.pkl,unknown,4
nsga2,r209_21,25,3480134519,850000,850080,105,105,5403525.159076,,3.0,921.678,0.0,3,1502.438,2026-04-24T00:48:17,2026-04-24T01:13:19,ok,pickles/nsga2/r209_21/run25.pkl,unknown,4
nsga2,r210_21,6,586601871,850000,850080,105,105,1353445.001624,,4.0,986.3885,0.0,2,1374.735,2026-04-24T00:51:34,2026-04-24T01:14:28,ok,pickles/nsga2/r210_21/run06.pkl,unknown,4
moead_ws,rc207_21,7,3838690063,850000,850080,105,91,3973059.834547,,5.0,1070.2766,0.0,2,1424.664,2026-04-24T00:52:21,2026-04-24T01:16:05,ok,pickles/moead_ws/rc207_21/run07.pkl,unknown,4
nsga2,r204_21,13,2980104696,850000,850080,105,90,326104.397749,,3.0,867.3918,0.0,2,1512.602,2026-04-24T00:51:28,2026-04-24T01:16:41,ok,pickles/nsga2/r204_21/run13.pkl,unknown,4
moead_ws,r108_21,14,3791384568,850000,850080,105,94,7027538.492399,,14.0,1463.4534,0.0,7,872.958,2026-04-24T01:03:47,2026-04-24T01:18:20,ok,pickles/moead_ws/r108_21/run14.pkl,unknown,4
moead_ws,r209_21,2,4173543761,850000,850080,105,104,18788608.794866,,4.0,978.1373,0.0,3,1564.092,2026-04-24T00:53:23,2026-04-24T01:19:27,ok,pickles/moead_ws/r209_21/run02.pkl,unknown,4
smsemoa,r204_21,8,3467038246,850000,850080,105,105,707794.672769,,3.0,910.5658,0.0,2,1490.429,2026-04-24T00:56:49,2026-04-24T01:21:39,ok,pickles/smsemoa/r204_21/run08.pkl,unknown,4
moead_ws,rc105_21,28,348694378,850000,850080,105,96,11618014.990097,,18.0,1989.5875,32.8291,7,731.417,2026-04-24T01:09:43,2026-04-24T01:21:55,ok,pickles/moead_ws/rc105_21/run28.pkl,unknown,4
nsga2,r204_21,24,462943201,850000,850080,105,105,896534.130429,,4.0,865.3932,0.0,2,1262.336,2026-04-24T01:04:29,2026-04-24T01:25:32,ok,pickles/nsga2/r204_21/run24.pkl,unknown,4
nsga2,c204_21,5,2002718971,850000,850080,105,105,23231673.867489,,4.0,1140.3851,0.0,4,1346.123,2026-04-24T01:03:29,2026-04-24T01:25:55,ok,pickles/nsga2/c204_21/run05.pkl,unknown,4
moead_ws,r204_21,28,415239771,850000,850080,105,88,2548817.199889,,3.0,1066.7469,0.0,3,1437.417,2026-04-24T01:02:09,2026-04-24T01:26:07,ok,pickles/moead_ws/r204_21/run28.pkl,unknown,4
nsga2,c203_21,12,72781058,850000,850080,105,105,14553592.446575,,5.0,1017.6608,0.0,3,1123.116,2026-04-24T01:08:33,2026-04-24T01:27:16,ok,pickles/nsga2/c203_21/run12.pkl,unknown,4
moead_ws,c204_21,30,572603156,850000,850080,105,88,86359395.862849,,4.0,896.0194,0.0,3,1575.241,2026-04-24T01:01:13,2026-04-24T01:27:28,ok,pickles/moead_ws/c204_21/run30.pkl,unknown,4
nsga2,r209_21,23,716138109,850000,850080,105,105,7598062.963993,,4.0,860.877,0.0,3,1446.988,2026-04-24T01:03:40,2026-04-24T01:27:47,ok,pickles/nsga2/r209_21/run23.pkl,unknown,4
moead_ws,r104_21,12,2145116139,850000,850080,105,97,1199909.390768,,15.0,1532.2281,0.0,4,816.396,2026-04-24T01:14:29,2026-04-24T01:28:05,ok,pickles/moead_ws/r104_21/run12.pkl,unknown,4
moead_ws,rc105_21,30,4272520656,850000,850080,105,96,40481816.633033,,20.0,2216.3308,13.8038,14,735.851,2026-04-24T01:16:41,2026-04-24T01:28:57,ok,pickles/moead_ws/rc105_21/run30.pkl,unknown,4
nsga2,c105_21,11,2923734079,850000,850080,105,105,124070051.403458,,13.0,1670.4974,723.7957,11,709.657,2026-04-24T01:18:20,2026-04-24T01:30:10,ok,pickles/nsga2/c105_21/run11.pkl,unknown,4
moead_ws,c203_21,30,1693974948,850000,850080,105,93,103852931.358952,,5.0,1092.0088,0.0,5,1334.383,2026-04-24T01:08:43,2026-04-24T01:30:58,ok,pickles/moead_ws/c203_21/run30.pkl,unknown,4
nsga2,c204_21,17,2217872180,850000,850080,105,105,5809679.282394,,5.0,1126.1098,0.0,3,1495.861,2026-04-24T01:06:27,2026-04-24T01:31:23,ok,pickles/nsga2/c204_21/run17.pkl,unknown,4
nsga2,r108_21,27,3610038187,850000,850080,105,105,1641447.188735,,12.0,1275.0531,0.0,5,753.59,2026-04-24T01:19:27,2026-04-24T01:32:00,ok,pickles/nsga2/r108_21/run27.pkl,unknown,4
smsemoa,rc103_21,30,1863580326,850000,850080,105,105,6801244.751395,,16.0,1872.3347,4.4083,9,699.878,2026-04-24T01:21:55,2026-04-24T01:33:34,ok,pickles/smsemoa/rc103_21/run30.pkl,unknown,4
smsemoa,c205_21,21,4117380873,850000,850080,105,105,72891730.621793,,5.0,1064.7189,708.5232,4,1266.343,2026-04-24T01:13:19,2026-04-24T01:34:25,ok,pickles/smsemoa/c205_21/run21.pkl,unknown,4
smsemoa,rc105_21,18,2243429168,850000,850080,105,105,17543778.408343,,20.0,2210.8254,1.105,11,624.967,2026-04-24T01:25:32,2026-04-24T01:35:57,ok,pickles/smsemoa/rc105_21/run18.pkl,unknown,4
nsga2,c105_21,7,1283041055,850000,850080,105,105,189336466.974566,,12.0,1677.4264,413.8997,12,686.673,2026-04-24T01:26:07,2026-04-24T01:37:33,ok,pickles/nsga2/c105_21/run07.pkl,unknown,4
nsga2,c204_21,15,4022899381,850000,850080,105,105,7071502.81763,,4.0,1030.5989,0.0,3,1567.442,2026-04-24T01:16:05,2026-04-24T01:42:13,ok,pickles/nsga2/c204_21/run15.pkl,unknown,4
moead_ws,r108_21,30,2579875779,850000,850080,105,94,3678168.138894,,14.0,1627.1825,0.0,6,878.636,2026-04-24T01:28:57,2026-04-24T01:43:36,ok,pickles/moead_ws/r108_21/run30.pkl,unknown,4
moead_ws,r111_21,29,3841699889,850000,850080,105,100,4220115.739874,,16.0,1662.3925,0.0,6,813.388,2026-04-24T01:30:58,2026-04-24T01:44:32,ok,pickles/moead_ws/r111_21/run29.pkl,unknown,4
smsemoa,rc207_21,13,2877191577,850000,850080,105,105,7740997.449763,,4.0,1020.8452,0.0,4,1376.289,2026-04-24T01:21:39,2026-04-24T01:44:36,ok,pickles/smsemoa/rc207_21/run13.pkl,unknown,4
smsemoa,c205_21,5,1648799212,850000,850080,105,105,80017349.274455,,5.0,1096.5896,2403.5319,4,1270.098,2026-04-24T01:25:55,2026-04-24T01:47:05,ok,pickles/smsemoa/c205_21/run05.pkl,unknown,4
nsga2,c105_21,23,2581176281,850000,850080,105,105,63561974.005601,,14.0,1758.6133,850.7847,9,684.49,2026-04-24T01:35:57,2026-04-24T01:47:21,ok,pickles/nsga2/c105_21/run23.pkl,unknown,4
nsga2,r210_21,5,3601178175,850000,850080,105,105,4495914.317848,,4.0,1025.5031,0.0,3,1284.21,2026-04-24T01:27:16,2026-04-24T01:48:40,ok,pickles/nsga2/r210_21/run05.pkl,unknown,4
smsemoa,r104_21,8,3198738602,850000,850080,105,105,3438050.445203,,13.0,1356.0248,0.0,7,740.715,2026-04-24T01:37:33,2026-04-24T01:49:54,ok,pickles/smsemoa/r104_21/run08.pkl,unknown,4
nsga2,rc207_21,3,2726522084,850000,850080,105,105,24936649.097417,,4.0,1209.875,0.0,5,1346.306,2026-04-24T01:27:47,2026-04-24T01:50:13,ok,pickles/nsga2/rc207_21/run03.pkl,unknown,4
nsga2,c205_21,30,248015671,850000,850080,105,105,34747038.196496,,4.0,1059.5163,1057.713,3,1369.617,2026-04-24T01:27:28,2026-04-24T01:50:18,ok,pickles/nsga2/c205_21/run30.pkl,unknown,4
moead_ws,c204_21,15,1366300311,850000,850080,105,102,55786174.361192,,4.0,1058.8552,0.0,4,1433.867,2026-04-24T01:28:06,2026-04-24T01:52:00,ok,pickles/moead_ws/c204_21/run15.pkl,unknown,4
smsemoa,c203_21,12,594205264,850000,850080,105,105,37251516.348684,,5.0,1095.4597,0.0,4,1305.163,2026-04-24T01:32:00,2026-04-24T01:53:46,ok,pickles/smsemoa/c203_21/run12.pkl,unknown,4
moead_ws,rc207_21,19,878680989,850000,850080,105,104,29325705.746163,,5.0,1004.1367,0.0,3,1419.259,2026-04-24T01:30:11,2026-04-24T01:53:50,ok,pickles/moead_ws/rc207_21/run19.pkl,unknown,4
smsemoa,r210_21,27,3199557528,850000,850080,105,105,4918241.164099,,4.0,929.5381,0.0,2,1379.206,2026-04-24T01:31:23,2026-04-24T01:54:22,ok,pickles/smsemoa/r210_21/run27.pkl,unknown,4
nsga2,r209_21,14,1066083365,850000,850080,105,105,20140753.134137,,4.0,1035.3762,0.0,4,1394.822,2026-04-24T01:33:34,2026-04-24T01:56:49,ok,pickles/nsga2/r209_21/run14.pkl,unknown,4
nsga2,c205_21,19,1263499013,850000,850080,105,105,42158611.378556,,4.0,901.2673,1547.0044,3,1350.182,2026-04-24T01:34:25,2026-04-24T01:56:56,ok,pickles/nsga2/c205_21/run19.pkl,unknown,4
smsemoa,r108_21,6,3337077422,850000,850080,105,104,842210.303407,,13.0,1386.8943,0.0,4,745.832,2026-04-24T01:47:21,2026-04-24T01:59:47,ok,pickles/smsemoa/r108_21/run06.pkl,unknown,4
nsga2,c105_21,18,2695731537,850000,850080,105,105,90515554.566538,,14.0,1617.6133,134.0712,9,703.158,2026-04-24T01:50:13,2026-04-24T02:01:56,ok,pickles/nsga2/c105_21/run18.pkl,unknown,4
moead_ws,c105_21,25,696667100,850000,850080,105,105,340069541.550366,,15.0,1889.3645,1304.3388,7,831.475,2026-04-24T01:48:41,2026-04-24T02:02:32,ok,pickles/moead_ws/c105_21/run25.pkl,unknown,4
moead_ws,r110_21,20,231622575,850000,850080,105,93,2843004.036753,,16.0,1563.8089,0.0,5,781.213,2026-04-24T01:50:18,2026-04-24T02:03:19,ok,pickles/moead_ws/r110_21/run20.pkl,unknown,4
smsemoa,rc207_21,3,2014054722,850000,850080,105,105,9013862.934003,,4.0,1007.8934,0.0,3,1288.539,2026-04-24T01:42:13,2026-04-24T02:03:41,ok,pickles/smsemoa/rc207_21/run03.pkl,unknown,4
nsga2,r111_21,9,1380722995,850000,850080,105,105,4115674.805219,,16.0,1655.7262,0.0,7,687.484,2026-04-24T01:53:46,2026-04-24T02:05:13,ok,pickles/nsga2/r111_21/run09.pkl,unknown,4
smsemoa,r111_21,29,1176423251,850000,850080,105,105,1249506.151053,,15.0,1467.0193,0.0,5,730.634,2026-04-24T01:53:50,2026-04-24T02:06:01,ok,pickles/smsemoa/r111_21/run29.pkl,unknown,4
smsemoa,r204_21,24,3690674149,850000,850080,105,42,42959.217482,,4.0,905.488,0.0,1,1395.485,2026-04-24T01:43:36,2026-04-24T02:06:52,ok,pickles/smsemoa/r204_21/run24.pkl,unknown,4
nsga2,rc207_21,7,1254447028,850000,850080,105,105,18899824.19166,,4.0,977.3512,0.0,3,1351.899,2026-04-24T01:44:36,2026-04-24T02:07:08,ok,pickles/nsga2/rc207_21/run07.pkl,unknown,4
nsga2,r106_21,14,1160384444,850000,850080,105,105,6673484.922806,,18.0,1754.4601,28.477,8,648.497,2026-04-24T01:56:56,2026-04-24T02:07:44,ok,pickles/nsga2/r106_21/run14.pkl,unknown,4
moead_ws,c205_21,16,283347809,850000,850080,105,105,259156512.67249,,6.0,1145.8668,4160.1673,3,1168.589,2026-04-24T01:49:55,2026-04-24T02:09:23,ok,pickles/moead_ws/c205_21/run16.pkl,unknown,4
moead_ws,rc103_21,28,453738808,850000,850080,105,89,17498216.675575,,18.0,2113.2555,0.0,9,765.957,2026-04-24T01:56:50,2026-04-24T02:09:36,ok,pickles/moead_ws/rc103_21/run28.pkl,unknown,4
nsga2,c203_21,28,3028165146,850000,850080,105,87,48875186.732569,,4.0,1149.2106,0.0,5,1351.218,2026-04-24T01:47:05,2026-04-24T02:09:37,ok,pickles/nsga2/c203_21/run28.pkl,unknown,4
smsemoa,r204_21,29,3602012720,850000,850080,105,100,514673.981693,,3.0,847.7885,0.0,2,1587.612,2026-04-24T01:44:32,2026-04-24T02:10:59,ok,pickles/smsemoa/r204_21/run29.pkl,unknown,4
smsemoa,c205_21,16,3306369919,850000,850080,105,105,52939761.075994,,4.0,1030.9428,264.6736,5,1238.21,2026-04-24T01:52:00,2026-04-24T02:12:38,ok,pickles/smsemoa/c205_21/run16.pkl,unknown,4
nsga2,r110_21,19,1026236437,850000,850080,105,105,884546.306279,,16.0,1468.8369,0.0,4,625.197,2026-04-24T02:06:52,2026-04-24T02:17:17,ok,pickles/nsga2/r110_21/run19.pkl,unknown,4
nsga2,r106_21,29,1945476946,850000,850080,105,105,42724903.453172,,18.0,1758.3512,0.0,10,682.534,2026-04-24T02:06:01,2026-04-24T02:17:23,ok,pickles/nsga2/r106_21/run29.pkl,unknown,4
nsga2,c204_21,4,664746130,850000,850080,105,105,8252201.989667,,4.0,1035.3602,0.0,4,1467.637,2026-04-24T01:54:22,2026-04-24T02:18:50,ok,pickles/nsga2/c204_21/run04.pkl,unknown,4
moead_ws,c105_21,21,1946321200,850000,850080,105,105,192723750.704364,,15.0,1732.8363,576.3093,7,825.887,2026-04-24T02:05:14,2026-04-24T02:19:00,ok,pickles/moead_ws/c105_21/run21.pkl,unknown,4
smsemoa,r111_21,18,3056469906,850000,850080,105,105,2592949.594118,,15.0,1562.6548,0.0,7,731.989,2026-04-24T02:07:08,2026-04-24T02:19:20,ok,pickles/smsemoa/r111_21/run18.pkl,unknown,4
moead_ws,c105_21,12,4272799241,850000,850080,105,103,47414794.015911,,17.0,1714.9184,3289.9965,5,859.431,2026-04-24T02:09:37,2026-04-24T02:23:57,ok,pickles/moead_ws/c105_21/run12.pkl,unknown,4
nsga2,r206_21,27,2963790956,850000,850080,105,105,11256393.494709,,4.0,1060.2644,0.0,4,1341.696,2026-04-24T02:01:56,2026-04-24T02:24:18,ok,pickles/nsga2/r206_21/run27.pkl,unknown,4
smsemoa,rc207_21,1,3432324153,850000,850080,105,105,6070026.458356,,4.0,1026.3524,0.0,3,1338.811,2026-04-24T02:02:32,2026-04-24T02:24:51,ok,pickles/smsemoa/rc207_21/run01.pkl,unknown,4
smsemoa,r204_21,2,1959157125,850000,850080,105,96,151201.085654,,3.0,905.3188,0.0,2,1546.86,2026-04-24T01:59:47,2026-04-24T02:25:34,ok,pickles/smsemoa/r204_21/run02.pkl,unknown,4
moead_ws,c204_21,6,3002659066,850000,850080,105,90,8214020.260737,,4.0,1060.0326,0.0,3,1396.647,2026-04-24T02:03:42,2026-04-24T02:26:58,ok,pickles/moead_ws/c204_21/run06.pkl,unknown,4
smsemoa,r209_21,18,2512273548,850000,850080,105,105,14432371.195952,,4.0,911.039,0.0,4,1477.213,2026-04-24T02:03:19,2026-04-24T02:27:56,ok,pickles/smsemoa/r209_21/run18.pkl,unknown,4
smsemoa,r104_21,29,757322265,850000,850080,105,105,2637065.60878,,14.0,1524.4557,0.0,7,732.687,2026-04-24T02:17:17,2026-04-24T02:29:29,ok,pickles/smsemoa/r104_21/run29.pkl,unknown,4
nsga2,c205_21,24,2360056730,850000,850080,105,105,25649143.198826,,4.0,896.6471,0.0,3,1255.749,2026-04-24T02:09:23,2026-04-24T02:30:19,ok,pickles/nsga2/c205_21/run24.pkl,unknown,4
smsemoa,r110_21,10,2303733110,850000,850080,105,105,2325533.520274,,15.0,1558.8419,0.0,7,720.099,2026-04-24T02:19:00,2026-04-24T02:31:00,ok,pickles/smsemoa/r110_21/run10.pkl,unknown,4
smsemoa,rc207_21,11,553310983,850000,850080,105,105,24890063.300526,,4.0,964.0134,0.0,4,1422.986,2026-04-24T02:07:44,2026-04-24T02:31:27,ok,pickles/smsemoa/rc207_21/run11.pkl,unknown,4
smsemoa,r210_21,20,939297305,850000,850080,105,105,6220326.367041,,4.0,916.805,0.0,3,1336.438,2026-04-24T02:09:36,2026-04-24T02:31:52,ok,pickles/smsemoa/r210_21/run20.pkl,unknown,4
moead_ws,r111_21,16,4235573679,850000,850080,105,100,5322746.05105,,17.0,1687.7573,0.0,7,805.109,2026-04-24T02:18:50,2026-04-24T02:32:15,ok,pickles/moead_ws/r111_21/run16.pkl,unknown,4
nsga2,r210_21,21,990222232,850000,850080,105,105,5896720.394517,,4.0,1067.4431,0.0,4,1307.793,2026-04-24T02:10:59,2026-04-24T02:32:47,ok,pickles/nsga2/r210_21/run21.pkl,unknown,4
smsemoa,r209_21,2,2325174831,850000,850080,105,105,15842302.616942,,4.0,913.2277,0.0,3,1436.952,2026-04-24T02:12:38,2026-04-24T02:36:35,ok,pickles/smsemoa/r209_21/run02.pkl,unknown,4
smsemoa,rc103_21,4,3012515313,850000,850080,105,105,7434687.273537,,18.0,1905.8238,0.0,6,682.698,2026-04-24T02:27:56,2026-04-24T02:39:19,ok,pickles/smsemoa/rc103_21/run04.pkl,unknown,4
nsga2,r110_21,20,2993701502,850000,850080,105,105,2629761.420039,,15.0,1510.2512,0.0,7,655.728,2026-04-24T02:30:19,2026-04-24T02:41:15,ok,pickles/nsga2/r110_21/run20.pkl,unknown,4
moead_ws,r106_21,9,3225876707,850000,850080,105,104,25632631.457584,,21.0,2113.7209,47.3362,10,776.769,2026-04-24T02:29:30,2026-04-24T02:42:27,ok,pickles/moead_ws/r106_21/run09.pkl,unknown,4
nsga2,c204_21,28,235517215,850000,850080,105,103,4697126.626782,,4.0,1125.2289,0.0,3,1398.61,2026-04-24T02:19:20,2026-04-24T02:42:38,ok,pickles/nsga2/c204_21/run28.pkl,unknown,4
smsemoa,r111_21,8,4251370986,850000,850080,105,105,1414760.338437,,15.0,1527.7718,0.0,5,698.739,2026-04-24T02:31:00,2026-04-24T02:42:38,ok,pickles/smsemoa/r111_21/run08.pkl,unknown,4
moead_ws,r209_21,17,3725702850,850000,850080,105,98,16263932.94792,,5.0,933.6642,0.0,4,1519.551,2026-04-24T02:17:24,2026-04-24T02:42:43,ok,pickles/moead_ws/r209_21/run17.pkl,unknown,4
nsga2,rc105_21,27,2122086877,850000,850080,105,105,18082158.697918,,17.0,1959.5027,0.0,11,597.2,2026-04-24T02:32:47,2026-04-24T02:42:44,ok,pickles/nsga2/rc105_21/run27.pkl,unknown,4
nsga2,r110_21,15,2546631361,850000,850080,105,105,2118555.884977,,16.0,1495.5829,0.0,6,657.164,2026-04-24T02:31:52,2026-04-24T02:42:49,ok,pickles/nsga2/r110_21/run15.pkl,unknown,4
moead_ws,r110_21,15,4205344530,850000,850080,105,101,16627984.27279,,15.0,1577.2847,0.0,9,818.009,2026-04-24T02:31:28,2026-04-24T02:45:06,ok,pickles/moead_ws/r110_21/run15.pkl,unknown,4
nsga2,c203_21,9,999017129,850000,850080,105,105,53849254.745657,,4.0,1126.1825,0.0,5,1274.189,2026-04-24T02:25:34,2026-04-24T02:46:48,ok,pickles/nsga2/c203_21/run09.pkl,unknown,4
nsga2,r206_21,8,1450513909,850000,850080,105,105,11916450.843625,,4.0,970.1575,0.0,4,1350.796,2026-04-24T02:24:51,2026-04-24T02:47:22,ok,pickles/nsga2/r206_21/run08.pkl,unknown,4
nsga2,c205_21,26,4272992910,850000,850080,105,105,34998492.420905,,5.0,970.0718,806.4428,3,1254.879,2026-04-24T02:26:58,2026-04-24T02:47:53,ok,pickles/nsga2/c205_21/run26.pkl,unknown,4
smsemoa,r111_21,28,3508647601,850000,850080,105,105,1608569.691996,,17.0,1534.3573,0.0,5,696.805,2026-04-24T02:36:35,2026-04-24T02:48:12,ok,pickles/smsemoa/r111_21/run28.pkl,unknown,4
nsga2,r206_21,11,331324075,850000,850080,105,105,3009343.203822,,3.0,944.9243,0.0,3,1446.821,2026-04-24T02:24:18,2026-04-24T02:48:25,ok,pickles/nsga2/r206_21/run11.pkl,unknown,4
nsga2,c204_21,1,1955937369,850000,850080,105,105,2672633.794154,,4.0,1055.9444,0.0,2,1601.239,2026-04-24T02:23:57,2026-04-24T02:50:38,ok,pickles/nsga2/c204_21/run01.pkl,unknown,4
nsga2,r106_21,11,3926443273,850000,850080,105,105,4409434.719558,,19.0,1786.8143,0.0,8,652.335,2026-04-24T02:41:15,2026-04-24T02:52:07,ok,pickles/nsga2/r106_21/run11.pkl,unknown,4
nsga2,rc103_21,13,4245618703,850000,850080,105,105,2533754.058351,,16.0,1806.7109,2.7697,6,646.944,2026-04-24T02:42:44,2026-04-24T02:53:31,ok,pickles/nsga2/rc103_21/run13.pkl,unknown,4
smsemoa,rc103_21,24,1340109878,850000,850080,105,105,10843339.734013,,16.0,1982.38,0.0,9,685.4,2026-04-24T02:42:38,2026-04-24T02:54:04,ok,pickles/smsemoa/rc103_21/run24.pkl,unknown,4
nsga2,r104_21,24,606648479,850000,850080,105,105,1898375.648029,,14.0,1486.8418,0.0,6,674.649,2026-04-24T02:42:49,2026-04-24T02:54:04,ok,pickles/nsga2/r104_21/run24.pkl,unknown,4
smsemoa,r106_21,2,3591723918,850000,850080,105,105,12119258.968548,,17.0,1783.2271,13.4886,10,680.856,2026-04-24T02:42:43,2026-04-24T02:54:04,ok,pickles/smsemoa/r106_21/run02.pkl,unknown,4
smsemoa,c203_21,20,1964547448,850000,850080,105,105,12097791.989359,,5.0,1068.0474,0.0,3,1314.526,2026-04-24T02:32:15,2026-04-24T02:54:10,ok,pickles/smsemoa/c203_21/run20.pkl,unknown,4
smsemoa,r104_21,22,3200726013,850000,850080,105,105,2670870.186887,,13.0,1444.1275,0.0,8,791.156,2026-04-24T02:45:06,2026-04-24T02:58:17,ok,pickles/smsemoa/r104_21/run22.pkl,unknown,4
smsemoa,c105_21,23,1040217290,850000,850080,105,105,81716848.989184,,14.0,1563.2296,814.1534,10,683.262,2026-04-24T02:47:22,2026-04-24T02:58:45,ok,pickles/smsemoa/c105_21/run23.pkl,unknown,4
smsemoa,rc103_21,21,1755917090,850000,850080,105,105,9928961.810434,,17.0,2086.8162,0.7056,10,725.469,2026-04-24T02:48:12,2026-04-24T03:00:17,ok,pickles/smsemoa/rc103_21/run21.pkl,unknown,4
moead_ws,r206_21,1,2949269896,850000,850080,105,101,31470168.648293,,5.0,1049.818,0.0,4,1475.302,2026-04-24T02:39:20,2026-04-24T03:03:55,ok,pickles/moead_ws/r206_21/run01.pkl,unknown,4
moead_ws,c105_21,20,3488343974,850000,850080,105,91,283152495.738088,,15.0,1838.9154,881.3425,6,847.102,2026-04-24T02:50:38,2026-04-24T03:04:45,ok,pickles/moead_ws/c105_21/run20.pkl,unknown,4
nsga2,r106_21,2,462356333,850000,850080,105,105,10245078.057563,,17.0,1755.5223,0.0,11,656.227,2026-04-24T02:54:04,2026-04-24T03:05:00,ok,pickles/nsga2/r106_21/run02.pkl,unknown,4
nsga2,r106_21,1,3752465791,850000,850080,105,105,14397211.052862,,19.0,1909.1568,9.8209,12,673.122,2026-04-24T02:54:04,2026-04-24T03:05:17,ok,pickles/nsga2/r106_21/run01.pkl,unknown,4
smsemoa,r108_21,19,236256867,850000,850080,105,105,1552365.156029,,14.0,1443.4038,0.0,5,793.036,2026-04-24T02:54:04,2026-04-24T03:07:17,ok,pickles/smsemoa/r108_21/run19.pkl,unknown,4
smsemoa,c204_21,10,4252240709,850000,850080,105,57,4919402.648075,,3.0,860.9489,0.0,3,1561.896,2026-04-24T02:42:38,2026-04-24T03:08:40,ok,pickles/smsemoa/c204_21/run10.pkl,unknown,4
moead_ws,r209_21,29,876065509,850000,850080,105,99,17355575.639818,,4.0,922.0919,0.0,3,1618.454,2026-04-24T02:42:27,2026-04-24T03:09:26,ok,pickles/moead_ws/r209_21/run29.pkl,unknown,4
nsga2,c205_21,10,3444405481,850000,850080,105,105,61538887.388962,,4.0,1031.3102,1763.2408,5,1295.439,2026-04-24T02:47:53,2026-04-24T03:09:29,ok,pickles/nsga2/c205_21/run10.pkl,unknown,4
smsemoa,r204_21,1,2114575833,850000,850080,105,105,858127.139481,,3.0,952.0645,0.0,3,1469.606,2026-04-24T02:46:48,2026-04-24T03:11:18,ok,pickles/smsemoa/r204_21/run01.pkl,unknown,4
smsemoa,r108_21,9,3622554173,850000,850080,105,105,411937.484938,,14.0,1428.567,0.0,3,804.958,2026-04-24T02:58:17,2026-04-24T03:11:42,ok,pickles/smsemoa/r108_21/run09.pkl,unknown,4
smsemoa,r209_21,11,2801055593,850000,850080,105,105,9219978.045783,,3.0,887.0774,0.0,4,1401.866,2026-04-24T02:52:07,2026-04-24T03:15:29,ok,pickles/smsemoa/r209_21/run11.pkl,unknown,4
smsemoa,r204_21,16,1886015037,850000,850080,105,65,181319.443746,,3.0,934.8706,0.0,2,1642.502,2026-04-24T02:48:25,2026-04-24T03:15:48,ok,pickles/smsemoa/r204_21/run16.pkl,unknown,4
nsga2,rc207_21,9,1011190354,850000,850080,105,105,10218732.963912,,4.0,1003.5201,0.0,3,1366.016,2026-04-24T02:54:10,2026-04-24T03:16:56,ok,pickles/nsga2/rc207_21/run09.pkl,unknown,4
moead_ws,rc105_21,16,2023741009,850000,850080,105,100,27081085.369961,,20.0,2187.4258,5.4736,12,764.523,2026-04-24T03:04:46,2026-04-24T03:17:30,ok,pickles/moead_ws/rc105_21/run16.pkl,unknown,4
smsemoa,r209_21,7,1316718589,850000,850080,105,105,9611583.208409,,3.0,911.695,0.0,4,1465.724,2026-04-24T02:53:31,2026-04-24T03:17:57,ok,pickles/smsemoa/r209_21/run07.pkl,unknown,4
nsga2,c204_21,24,2687343295,850000,850080,105,105,13126085.60415,,4.0,1078.6276,0.0,3,1330.124,2026-04-24T02:58:45,2026-04-24T03:20:55,ok,pickles/nsga2/c204_21/run24.pkl,unknown,4
smsemoa,c105_21,10,1472855363,850000,850080,105,105,26953412.955618,,15.0,1796.7147,993.3899,6,723.932,2026-04-24T03:11:42,2026-04-24T03:23:46,ok,pickles/smsemoa/c105_21/run10.pkl,unknown,4
moead_ws,r108_21,4,597822568,850000,850080,105,95,715073.741758,,14.0,1474.7291,0.0,4,876.032,2026-04-24T03:09:26,2026-04-24T03:24:02,ok,pickles/moead_ws/r108_21/run04.pkl,unknown,4
smsemoa,r210_21,30,4260019120,850000,850080,105,105,5860326.963735,,4.0,966.9047,0.0,3,1282.369,2026-04-24T03:05:17,2026-04-24T03:26:40,ok,pickles/smsemoa/r210_21/run30.pkl,unknown,4
smsemoa,r206_21,4,2714501180,850000,850080,105,105,2800800.802782,,4.0,913.8498,0.0,2,1428.185,2026-04-24T03:03:55,2026-04-24T03:27:43,ok,pickles/smsemoa/r206_21/run04.pkl,unknown,4
smsemoa,c204_21,1,1904358320,850000,850080,105,105,6227956.116257,,4.0,951.9038,0.0,3,1703.974,2026-04-24T03:00:17,2026-04-24T03:28:41,ok,pickles/smsemoa/c204_21/run01.pkl,unknown,4
smsemoa,c205_21,8,1087765410,850000,850080,105,105,176014585.052986,,4.0,1080.2993,0.0,5,1220.761,2026-04-24T03:09:29,2026-04-24T03:29:50,ok,pickles/smsemoa/c205_21/run08.pkl,unknown,4
smsemoa,r206_21,13,4003691146,850000,850080,105,105,9220511.977795,,4.0,938.632,0.0,3,1359.999,2026-04-24T03:07:17,2026-04-24T03:29:57,ok,pickles/smsemoa/r206_21/run13.pkl,unknown,4
smsemoa,c105_21,14,2357480310,850000,850080,105,105,117318880.436766,,15.0,1861.3418,1125.2307,11,723.357,2026-04-24T03:17:57,2026-04-24T03:30:00,ok,pickles/smsemoa/c105_21/run14.pkl,unknown,4
moead_ws,r206_21,25,3047311530,850000,850080,105,101,4489135.186527,,5.0,940.8897,0.0,2,1516.8,2026-04-24T03:05:00,2026-04-24T03:30:17,ok,pickles/moead_ws/r206_21/run25.pkl,unknown,4
moead_ws,r210_21,27,4185710361,850000,850080,105,97,20136413.988892,,5.0,989.3469,0.0,4,1298.403,2026-04-24T03:08:41,2026-04-24T03:30:19,ok,pickles/moead_ws/r210_21/run27.pkl,unknown,4
moead_ws,r108_21,23,3031653699,850000,850080,105,80,2747808.77991,,14.0,1455.5511,0.0,5,861.639,2026-04-24T03:16:56,2026-04-24T03:31:18,ok,pickles/moead_ws/r108_21/run23.pkl,unknown,4
nsga2,r104_21,18,4208524452,850000,850080,105,105,2496707.722861,,14.0,1497.549,0.0,7,696.821,2026-04-24T03:20:55,2026-04-24T03:32:32,ok,pickles/nsga2/r104_21/run18.pkl,unknown,4
moead_ws,r209_21,27,79567784,850000,850080,105,104,13996477.958058,,4.0,905.5724,0.0,2,1438.741,2026-04-24T03:11:18,2026-04-24T03:35:17,ok,pickles/moead_ws/r209_21/run27.pkl,unknown,4
nsga2,r206_21,29,2337062187,850000,850080,105,105,14822952.698666,,4.0,1010.7091,0.0,4,1402.448,2026-04-24T03:15:29,2026-04-24T03:38:51,ok,pickles/nsga2/r206_21/run29.pkl,unknown,4
moead_ws,r106_21,21,3385411011,850000,850080,105,103,10345408.883253,,20.0,1776.696,24.215,8,780.028,2026-04-24T03:26:40,2026-04-24T03:39:40,ok,pickles/moead_ws/r106_21/run21.pkl,unknown,4
nsga2,c204_21,10,3719694445,850000,850080,105,58,8590581.654451,,4.0,1089.5428,0.0,3,1342.532,2026-04-24T03:17:30,2026-04-24T03:39:53,ok,pickles/nsga2/c204_21/run10.pkl,unknown,4
nsga2,r106_21,7,2947743155,850000,850080,105,105,13510454.97244,,18.0,1810.1013,15.839,11,615.212,2026-04-24T03:29:50,2026-04-24T03:40:05,ok,pickles/nsga2/r106_21/run07.pkl,unknown,4
smsemoa,rc103_21,13,2072289641,850000,850080,105,105,8009261.753223,,16.0,2007.2139,0.0,9,675.237,2026-04-24T03:30:17,2026-04-24T03:41:32,ok,pickles/smsemoa/rc103_21/run13.pkl,unknown,4
moead_ws,r111_21,3,3580410075,850000,850080,105,98,2519883.352215,,16.0,1618.4638,0.0,6,783.159,2026-04-24T03:30:20,2026-04-24T03:43:23,ok,pickles/moead_ws/r111_21/run03.pkl,unknown,4
moead_ws,r206_21,15,2725511018,850000,850080,105,102,12184146.907206,,4.0,854.3907,0.0,3,1785.71,2026-04-24T03:15:48,2026-04-24T03:45:34,ok,pickles/moead_ws/r206_21/run15.pkl,unknown,4
smsemoa,rc207_21,30,1969296359,850000,850080,105,105,13383912.908494,,4.0,991.4198,0.0,4,1340.893,2026-04-24T03:23:46,2026-04-24T03:46:07,ok,pickles/smsemoa/rc207_21/run30.pkl,unknown,4
smsemoa,r206_21,17,1334706023,850000,850080,105,105,6602027.795476,,4.0,976.8178,0.0,3,1392.223,2026-04-24T03:24:02,2026-04-24T03:47:14,ok,pickles/smsemoa/r206_21/run17.pkl,unknown,4
nsga2,rc103_21,29,3666968450,850000,850080,105,105,5335262.19164,,16.0,1925.4928,0.0,8,639.844,2026-04-24T03:39:40,2026-04-24T03:50:20,ok,pickles/nsga2/rc103_21/run29.pkl,unknown,4
nsga2,r110_21,23,1555559174,850000,850080,105,105,2773504.97388,,16.0,1619.265,0.0,6,705.197,2026-04-24T03:38:51,2026-04-24T03:50:37,ok,pickles/nsga2/r110_21/run23.pkl,unknown,4
nsga2,rc207_21,26,385860755,850000,850080,105,105,17360311.050151,,4.0,1048.5045,0.0,4,1419.594,2026-04-24T03:27:43,2026-04-24T03:51:23,ok,pickles/nsga2/rc207_21/run26.pkl,unknown,4
smsemoa,r210_21,5,1387017070,850000,850080,105,105,2789241.078991,,4.0,1064.5988,0.0,3,1286.076,2026-04-24T03:30:00,2026-04-24T03:51:26,ok,pickles/smsemoa/r210_21/run05.pkl,unknown,4
nsga2,rc105_21,15,4178454975,850000,850080,105,105,14591636.631121,,18.0,2252.9741,0.9016,11,623.205,2026-04-24T03:41:32,2026-04-24T03:51:56,ok,pickles/nsga2/rc105_21/run15.pkl,unknown,4
nsga2,r209_21,8,549824166,850000,850080,105,105,12402291.514266,,4.0,1031.8861,0.0,4,1399.893,2026-04-24T03:28:41,2026-04-24T03:52:01,ok,pickles/nsga2/r209_21/run08.pkl,unknown,4
moead_ws,r204_21,14,2648414818,850000,850080,105,88,657191.258701,,4.0,961.3281,0.0,3,1335.406,2026-04-24T03:32:33,2026-04-24T03:54:48,ok,pickles/moead_ws/r204_21/run14.pkl,unknown,4
moead_ws,r110_21,18,4104484142,850000,850080,105,102,3552543.752457,,16.0,1525.7333,0.0,6,758.889,2026-04-24T03:43:23,2026-04-24T03:56:02,ok,pickles/moead_ws/r110_21/run18.pkl,unknown,4
smsemoa,c204_21,5,2611425703,850000,850080,105,105,7411618.658081,,4.0,955.6095,0.0,3,1491.959,2026-04-24T03:31:18,2026-04-24T03:56:10,ok,pickles/smsemoa/c204_21/run05.pkl,unknown,4
moead_ws,c204_21,9,4168303945,850000,850080,105,96,11968954.005505,,4.0,1033.7733,0.0,3,1577.167,2026-04-24T03:29:58,2026-04-24T03:56:15,ok,pickles/moead_ws/c204_21/run09.pkl,unknown,4
smsemoa,r204_21,7,1355342771,850000,850080,105,56,647860.355643,,4.0,854.698,0.0,2,1346.569,2026-04-24T03:35:17,2026-04-24T03:57:44,ok,pickles/smsemoa/r204_21/run07.pkl,unknown,4
nsga2,c205_21,27,3804534044,850000,850080,105,105,89193950.064743,,4.0,982.9804,0.0,5,1188.437,2026-04-24T03:40:05,2026-04-24T03:59:53,ok,pickles/nsga2/c205_21/run27.pkl,unknown,4
nsga2,c203_21,1,525200692,850000,850080,105,105,47415036.751742,,4.0,1212.8646,0.0,4,1221.462,2026-04-24T03:39:53,2026-04-24T04:00:14,ok,pickles/nsga2/c203_21/run01.pkl,unknown,4
nsga2,r111_21,1,1637032332,850000,850080,105,105,2704737.473025,,14.0,1505.1851,7.0496,6,670.239,2026-04-24T03:51:56,2026-04-24T04:03:06,ok,pickles/nsga2/r111_21/run01.pkl,unknown,4
smsemoa,r111_21,16,1141322674,850000,850080,105,105,1641056.29699,,16.0,1638.9485,0.0,5,714.536,2026-04-24T03:51:26,2026-04-24T04:03:21,ok,pickles/smsemoa/r111_21/run16.pkl,unknown,4
moead_ws,rc103_21,5,2157667870,850000,850080,105,99,9488064.329053,,18.0,1932.5751,0.1781,10,779.025,2026-04-24T03:51:23,2026-04-24T04:04:22,ok,pickles/moead_ws/rc103_21/run05.pkl,unknown,4
moead_ws,rc105_21,21,1071243848,850000,850080,105,103,30982619.258285,,20.0,2344.6324,0.0,12,776.061,2026-04-24T03:52:02,2026-04-24T04:04:58,ok,pickles/moead_ws/rc105_21/run21.pkl,unknown,4
nsga2,c203_21,30,607005040,850000,850080,105,105,27970920.03089,,5.0,1218.0013,0.0,4,1204.571,2026-04-24T03:45:34,2026-04-24T04:05:38,ok,pickles/nsga2/c203_21/run30.pkl,unknown,4
moead_ws,c205_21,18,1867678197,850000,850080,105,100,204362533.293016,,6.0,1089.9134,740.7976,3,1193.916,2026-04-24T03:47:15,2026-04-24T04:07:09,ok,pickles/moead_ws/c205_21/run18.pkl,unknown,4
smsemoa,c105_21,2,3979056404,850000,850080,105,105,80153925.990945,,14.0,1657.8351,147.375,8,670.122,2026-04-24T03:56:02,2026-04-24T04:07:12,ok,pickles/smsemoa/c105_21/run02.pkl,unknown,4
moead_ws,r106_21,15,2257937054,850000,850080,105,105,15871519.386564,,18.0,1888.242,70.432,12,775.497,2026-04-24T03:54:49,2026-04-24T04:07:44,ok,pickles/moead_ws/r106_21/run15.pkl,unknown,4
smsemoa,rc103_21,22,1078449092,850000,850080,105,105,10043852.146342,,15.0,1866.6025,0.0,9,695.154,2026-04-24T03:56:10,2026-04-24T04:07:45,ok,pickles/smsemoa/rc103_21/run22.pkl,unknown,4
smsemoa,r106_21,3,456503874,850000,850080,105,105,6690408.48545,,17.0,1657.5393,0.6015,8,666.139,2026-04-24T03:57:44,2026-04-24T04:08:50,ok,pickles/smsemoa/r106_21/run03.pkl,unknown,4
smsemoa,c203_21,23,1092106376,850000,850080,105,104,113170380.328067,,5.0,1074.0178,0.0,5,1119.746,2026-04-24T03:50:20,2026-04-24T04:09:00,ok,pickles/smsemoa/c203_21/run23.pkl,unknown,4
moead_ws,rc207_21,6,3153819528,850000,850080,105,104,13567681.84951,,4.0,1095.6516,0.0,4,1441.662,2026-04-24T03:46:07,2026-04-24T04:10:09,ok,pickles/moead_ws/rc207_21/run06.pkl,unknown,4
moead_ws,r110_21,23,1310093983,850000,850080,105,95,1215449.196753,,16.0,1603.8813,0.0,5,776.519,2026-04-24T03:59:54,2026-04-24T04:12:50,ok,pickles/moead_ws/r110_21/run23.pkl,unknown,4
smsemoa,r210_21,17,1395605280,850000,850080,105,105,2528073.435048,,4.0,887.7715,0.0,3,1488.125,2026-04-24T03:50:37,2026-04-24T04:15:25,ok,pickles/smsemoa/r210_21/run17.pkl,unknown,4
moead_ws,rc103_21,6,1443891665,850000,850080,105,97,17143190.511105,,20.0,2330.9282,1.3928,10,777.15,2026-04-24T04:03:21,2026-04-24T04:16:19,ok,pickles/moead_ws/rc103_21/run06.pkl,unknown,4
nsga2,r106_21,12,3969793388,850000,850080,105,105,10064061.01292,,17.0,1714.838,0.0,11,657.566,2026-04-24T04:05:38,2026-04-24T04:16:36,ok,pickles/nsga2/r106_21/run12.pkl,unknown,4
moead_ws,r106_21,13,482705617,850000,850080,105,101,7923378.545084,,19.0,1889.823,12.8326,8,807.124,2026-04-24T04:04:23,2026-04-24T04:17:50,ok,pickles/moead_ws/r106_21/run13.pkl,unknown,4
smsemoa,r108_21,30,3521070593,850000,850080,105,105,2112886.252044,,13.0,1400.7692,0.0,6,785.962,2026-04-24T04:07:09,2026-04-24T04:20:15,ok,pickles/smsemoa/r108_21/run30.pkl,unknown,4
smsemoa,r206_21,27,3837891601,850000,850080,105,105,7344986.420595,,4.0,885.6565,0.0,3,1440.544,2026-04-24T03:56:15,2026-04-24T04:20:15,ok,pickles/smsemoa/r206_21/run27.pkl,unknown,4
smsemoa,r104_21,14,317782765,850000,850080,105,105,2990796.590834,,13.0,1423.2485,0.0,7,730.888,2026-04-24T04:08:50,2026-04-24T04:21:01,ok,pickles/smsemoa/r104_21/run14.pkl,unknown,4
moead_ws,c105_21,19,263690421,850000,850080,105,102,101105993.755019,,16.0,1959.8694,772.8129,7,826.018,2026-04-24T04:07:46,2026-04-24T04:21:32,ok,pickles/moead_ws/c105_21/run19.pkl,unknown,4
moead_ws,rc103_21,10,3909293160,850000,850080,105,103,10701710.690356,,18.0,2258.4793,0.5909,11,772.217,2026-04-24T04:09:00,2026-04-24T04:21:52,ok,pickles/moead_ws/rc103_21/run10.pkl,unknown,4
moead_ws,rc103_21,12,2267583243,850000,850080,105,99,66606572.138027,,17.0,2047.0228,0.0,14,797.161,2026-04-24T04:10:09,2026-04-24T04:23:26,ok,pickles/moead_ws/rc103_21/run12.pkl,unknown,4
smsemoa,r209_21,27,3783243429,850000,850080,105,105,5424417.416019,,4.0,1073.2398,0.0,2,1414.28,2026-04-24T04:00:14,2026-04-24T04:23:49,ok,pickles/smsemoa/r209_21/run27.pkl,unknown,4
nsga2,rc207_21,17,2219296414,850000,850080,105,105,5587269.599007,,3.0,1050.1151,0.0,4,1418.474,2026-04-24T04:03:06,2026-04-24T04:26:44,ok,pickles/nsga2/rc207_21/run17.pkl,unknown,4
smsemoa,r110_21,18,1558359214,850000,850080,105,105,1654317.235056,,16.0,1569.7237,0.0,4,682.679,2026-04-24T04:16:19,2026-04-24T04:27:41,ok,pickles/smsemoa/r110_21/run18.pkl,unknown,4
nsga2,r111_21,28,3269051428,850000,850080,105,105,1141704.274927,,16.0,1624.8388,0.0,5,703.333,2026-04-24T04:16:36,2026-04-24T04:28:19,ok,pickles/nsga2/r111_21/run28.pkl,unknown,4
smsemoa,c204_21,30,504113230,850000,850080,105,63,1654898.687682,,4.0,1145.5468,0.0,2,1360.8,2026-04-24T04:07:12,2026-04-24T04:29:53,ok,pickles/smsemoa/c204_21/run30.pkl,unknown,4
nsga2,c205_21,6,2521957307,850000,850080,105,105,54465730.104477,,5.0,981.7477,434.231,3,1347.4,2026-04-24T04:07:44,2026-04-24T04:30:12,ok,pickles/nsga2/c205_21/run06.pkl,unknown,4
nsga2,r204_21,18,2378098437,850000,850080,105,105,2023432.94366,,3.0,870.8268,0.0,3,1562.348,2026-04-24T04:04:58,2026-04-24T04:31:00,ok,pickles/nsga2/r204_21/run18.pkl,unknown,4
moead_ws,r106_21,28,2518371787,850000,850080,105,104,27384139.990344,,19.0,1869.7828,3.9178,13,789.841,2026-04-24T04:17:50,2026-04-24T04:31:00,ok,pickles/moead_ws/r106_21/run28.pkl,unknown,4
nsga2,r106_21,24,858336504,850000,850080,105,105,10456465.512991,,17.0,1733.9769,0.6015,10,648.806,2026-04-24T04:20:15,2026-04-24T04:31:04,ok,pickles/nsga2/r106_21/run24.pkl,unknown,4
nsga2,rc103_21,27,3546658573,850000,850080,105,105,5594953.760946,,16.0,1889.2999,2.1299,8,664.307,2026-04-24T04:21:52,2026-04-24T04:32:57,ok,pickles/nsga2/rc103_21/run27.pkl,unknown,4
nsga2,r204_21,30,1589349292,850000,850080,105,88,444953.021279,,4.0,1009.8699,0.0,2,1281.345,2026-04-24T04:12:50,2026-04-24T04:34:12,ok,pickles/nsga2/r204_21/run30.pkl,unknown,4
smsemoa,rc103_21,23,1718704485,850000,850080,105,105,8077583.77136,,16.0,1943.2943,0.0,8,685.203,2026-04-24T04:23:26,2026-04-24T04:34:52,ok,pickles/smsemoa/rc103_21/run23.pkl,unknown,4
moead_ws,r111_21,5,1691587176,850000,850080,105,100,5604700.538935,,18.0,1689.6699,0.0,5,776.845,2026-04-24T04:23:49,2026-04-24T04:36:46,ok,pickles/moead_ws/r111_21/run05.pkl,unknown,4
nsga2,r209_21,12,1947369376,850000,850080,105,105,3245895.370225,,4.0,939.8298,0.0,2,1403.848,2026-04-24T04:15:25,2026-04-24T04:38:49,ok,pickles/nsga2/r209_21/run12.pkl,unknown,4
smsemoa,r110_21,19,1115716531,850000,850080,105,105,1313209.512396,,15.0,1520.0059,0.0,5,700.633,2026-04-24T04:28:19,2026-04-24T04:40:00,ok,pickles/smsemoa/r110_21/run19.pkl,unknown,4
smsemoa,r110_21,3,813362083,850000,850080,105,105,2325302.510781,,13.0,1434.3899,0.0,7,688.553,2026-04-24T04:30:12,2026-04-24T04:41:40,ok,pickles/smsemoa/r110_21/run03.pkl,unknown,4
nsga2,r104_21,7,1859367130,850000,850080,105,105,1876951.227108,,14.0,1432.0743,0.0,6,715.286,2026-04-24T04:31:00,2026-04-24T04:42:56,ok,pickles/nsga2/r104_21/run07.pkl,unknown,4
smsemoa,r206_21,25,3473566589,850000,850080,105,105,5264343.362146,,4.0,950.2401,0.0,3,1360.751,2026-04-24T04:21:01,2026-04-24T04:43:42,ok,pickles/smsemoa/r206_21/run25.pkl,unknown,4
smsemoa,r204_21,27,3617056148,850000,850080,105,34,86309.533054,,4.0,886.683,0.0,1,1505.83,2026-04-24T04:20:15,2026-04-24T04:45:21,ok,pickles/smsemoa/r204_21/run27.pkl,unknown,4
nsga2,r111_21,7,2559774974,850000,850080,105,105,1408229.651407,,15.0,1516.0816,0.0,6,677.143,2026-04-24T04:34:12,2026-04-24T04:45:29,ok,pickles/nsga2/r111_21/run07.pkl,unknown,4
nsga2,r206_21,18,2811966417,850000,850080,105,105,602028.949486,,4.0,936.9359,0.0,1,1469.283,2026-04-24T04:21:32,2026-04-24T04:46:01,ok,pickles/nsga2/r206_21/run18.pkl,unknown,4
smsemoa,r110_21,14,892866213,850000,850080,105,105,1985286.107221,,15.0,1595.8827,0.0,6,693.969,2026-04-24T04:34:52,2026-04-24T04:46:26,ok,pickles/smsemoa/r110_21/run14.pkl,unknown,4
nsga2,rc103_21,5,603981545,850000,850080,105,105,8672347.866584,,17.0,2144.1381,0.0,9,650.121,2026-04-24T04:36:46,2026-04-24T04:47:36,ok,pickles/nsga2/rc103_21/run05.pkl,unknown,4
smsemoa,r206_21,21,133442257,850000,850080,105,104,9607764.039494,,4.0,906.174,0.0,3,1262.234,2026-04-24T04:26:44,2026-04-24T04:47:47,ok,pickles/smsemoa/r206_21/run21.pkl,unknown,4
nsga2,rc103_21,23,2883024267,850000,850080,105,105,5760940.584035,,16.0,1838.1648,0.0,7,664.901,2026-04-24T04:40:00,2026-04-24T04:51:05,ok,pickles/nsga2/rc103_21/run23.pkl,unknown,4
smsemoa,r106_21,7,3824138020,850000,850080,105,105,7019279.653596,,16.0,1561.7012,7.3484,10,654.568,2026-04-24T04:41:40,2026-04-24T04:52:35,ok,pickles/smsemoa/r106_21/run07.pkl,unknown,4
moead_ws,r204_21,2,720890846,850000,850080,105,95,1336917.491989,,4.0,904.4709,0.0,2,1501.624,2026-04-24T04:27:42,2026-04-24T04:52:43,ok,pickles/moead_ws/r204_21/run02.pkl,unknown,4
nsga2,r210_21,3,3691736220,850000,850080,105,105,3419079.56404,,3.0,961.3023,0.0,3,1369.347,2026-04-24T04:31:04,2026-04-24T04:53:53,ok,pickles/nsga2/r210_21/run03.pkl,unknown,4
smsemoa,r204_21,9,2020169120,850000,850080,105,35,32141.405963,,4.0,880.711,0.0,1,1447.27,2026-04-24T04:29:53,2026-04-24T04:54:00,ok,pickles/smsemoa/r204_21/run09.pkl,unknown,4
smsemoa,rc207_21,4,2993562963,850000,850080,105,105,7288510.376337,,4.0,930.877,0.0,3,1435.974,2026-04-24T04:31:00,2026-04-24T04:54:56,ok,pickles/smsemoa/rc207_21/run04.pkl,unknown,4
smsemoa,rc207_21,23,4052001535,850000,850080,105,105,12141023.987084,,4.0,972.9898,0.0,3,1330.829,2026-04-24T04:32:57,2026-04-24T04:55:08,ok,pickles/smsemoa/rc207_21/run23.pkl,unknown,4
moead_ws,rc103_21,23,3291107369,850000,850080,105,94,33316104.706534,,17.0,2185.8569,0.0,9,814.362,2026-04-24T04:45:22,2026-04-24T04:58:56,ok,pickles/moead_ws/rc103_21/run23.pkl,unknown,4
moead_ws,r106_21,7,106850810,850000,850080,105,98,16638207.068333,,20.0,1923.2554,2.8484,9,729.198,2026-04-24T04:47:37,2026-04-24T04:59:46,ok,pickles/moead_ws/r106_21/run07.pkl,unknown,4
moead_ws,r111_21,8,3408113077,850000,850080,105,103,22667716.392597,,17.0,1737.7785,0.0,9,817.622,2026-04-24T04:46:26,2026-04-24T05:00:04,ok,pickles/moead_ws/r111_21/run08.pkl,unknown,4
smsemoa,r206_21,16,4186844892,850000,850080,105,105,16680946.97747,,4.0,975.8766,0.0,4,1410.575,2026-04-24T04:38:49,2026-04-24T05:02:19,ok,pickles/smsemoa/r206_21/run16.pkl,unknown,4
smsemoa,rc105_21,20,1771932968,850000,850080,105,105,16502012.726769,,18.0,1944.3726,0.0,11,639.687,2026-04-24T04:52:35,2026-04-24T05:03:14,ok,pickles/smsemoa/rc105_21/run20.pkl,unknown,4
moead_ws,r110_21,22,2372547039,850000,850080,105,99,3333790.208162,,16.0,1723.1263,0.0,7,803.739,2026-04-24T04:51:05,2026-04-24T05:04:29,ok,pickles/moead_ws/r110_21/run22.pkl,unknown,4
nsga2,r104_21,2,541038826,850000,850080,105,105,2091445.148709,,13.0,1407.8377,0.0,6,715.188,2026-04-24T04:52:43,2026-04-24T05:04:39,ok,pickles/nsga2/r104_21/run02.pkl,unknown,4
smsemoa,r106_21,5,4230720554,850000,850080,105,105,16392583.265338,,17.0,1742.6199,2.3049,12,671.857,2026-04-24T04:53:53,2026-04-24T05:05:05,ok,pickles/smsemoa/r106_21/run05.pkl,unknown,4
smsemoa,r209_21,28,2270648866,850000,850080,105,105,15729014.475041,,4.0,914.43,0.0,3,1398.463,2026-04-24T04:42:56,2026-04-24T05:06:14,ok,pickles/smsemoa/r209_21/run28.pkl,unknown,4
smsemoa,r209_21,22,2994633931,850000,850080,105,105,1194317.263397,,4.0,1013.9733,0.0,2,1419.849,2026-04-24T04:43:42,2026-04-24T05:07:21,ok,pickles/smsemoa/r209_21/run22.pkl,unknown,4
moead_ws,r111_21,4,296238379,850000,850080,105,100,1637945.581552,,16.0,1520.8788,0.0,4,784.193,2026-04-24T04:55:08,2026-04-24T05:08:12,ok,pickles/moead_ws/r111_21/run04.pkl,unknown,4
smsemoa,rc207_21,28,3419581954,850000,850080,105,105,8961174.097306,,4.0,1037.6428,0.0,4,1353.774,2026-04-24T04:46:01,2026-04-24T05:08:35,ok,pickles/smsemoa/rc207_21/run28.pkl,unknown,4
moead_ws,c204_21,16,316835336,850000,850080,105,84,9655783.416599,,4.0,993.2477,0.0,3,1557.127,2026-04-24T04:45:29,2026-04-24T05:11:26,ok,pickles/moead_ws/c204_21/run16.pkl,unknown,4
moead_ws,c204_21,22,3922335459,850000,850080,105,82,606662941.256271,,4.0,1254.3914,0.0,3,1475.85,2026-04-24T04:47:47,2026-04-24T05:12:23,ok,pickles/moead_ws/c204_21/run22.pkl,unknown,4
moead_ws,r104_21,7,653793348,850000,850080,105,96,3710667.949058,,14.0,1405.6727,0.0,7,830.945,2026-04-24T05:00:04,2026-04-24T05:13:55,ok,pickles/moead_ws/r104_21/run07.pkl,unknown,4
moead_ws,r110_21,26,2674999152,850000,850080,105,99,4247704.721469,,17.0,1544.0487,0.0,5,762.514,2026-04-24T05:03:15,2026-04-24T05:15:57,ok,pickles/moead_ws/r110_21/run26.pkl,unknown,4
nsga2,rc207_21,1,4229139609,850000,850080,105,105,19900248.489015,,4.0,1295.2668,0.0,4,1388.052,2026-04-24T04:54:00,2026-04-24T05:17:08,ok,pickles/nsga2/rc207_21/run01.pkl,unknown,4
nsga2,r106_21,27,1104923775,850000,850080,105,105,10027702.051296,,18.0,1706.0246,16.857,9,660.226,2026-04-24T05:07:21,2026-04-24T05:18:22,ok,pickles/nsga2/r106_21/run27.pkl,unknown,4
nsga2,rc207_21,23,2224065379,850000,850080,105,105,5055396.226802,,4.0,1164.733,0.0,3,1342.75,2026-04-24T04:59:46,2026-04-24T05:22:09,ok,pickles/nsga2/rc207_21/run23.pkl,unknown,4
nsga2,c105_21,16,1330046612,850000,850080,105,105,155056787.055612,,13.0,1681.917,461.7845,11,657.647,2026-04-24T05:11:26,2026-04-24T05:22:24,ok,pickles/nsga2/c105_21/run16.pkl,unknown,4
moead_ws,r209_21,16,2538173522,850000,850080,105,101,9590752.992234,,4.0,945.8911,0.0,3,1676.939,2026-04-24T04:54:56,2026-04-24T05:22:53,ok,pickles/moead_ws/r209_21/run16.pkl,unknown,4
smsemoa,c204_21,6,721899052,850000,850080,105,96,5616477.579637,,4.0,1025.1588,0.0,3,1481.313,2026-04-24T04:58:56,2026-04-24T05:23:37,ok,pickles/smsemoa/c204_21/run06.pkl,unknown,4
nsga2,r108_21,14,2469761214,850000,850080,105,105,1092375.045112,,13.0,1400.1501,0.0,5,760.761,2026-04-24T05:12:23,2026-04-24T05:25:04,ok,pickles/nsga2/r108_21/run14.pkl,unknown,4
nsga2,r104_21,10,3215452515,850000,850080,105,105,915182.022821,,14.0,1508.1926,0.0,5,710.021,2026-04-24T05:13:55,2026-04-24T05:25:45,ok,pickles/nsga2/r104_21/run10.pkl,unknown,4
nsga2,r210_21,22,2663260083,850000,850080,105,105,12711081.302527,,3.0,932.1721,0.0,5,1487.211,2026-04-24T05:02:19,2026-04-24T05:27:06,ok,pickles/nsga2/r210_21/run22.pkl,unknown,4
smsemoa,r210_21,10,3894258102,850000,850080,105,104,4734764.348229,,4.0,1040.2906,0.0,3,1359.57,2026-04-24T05:04:39,2026-04-24T05:27:18,ok,pickles/smsemoa/r210_21/run10.pkl,unknown,4
nsga2,r204_21,11,3632118673,850000,850080,105,105,428685.106982,,4.0,945.8761,0.0,2,1341.204,2026-04-24T05:05:05,2026-04-24T05:27:26,ok,pickles/nsga2/r204_21/run11.pkl,unknown,4
nsga2,c105_21,14,1458301355,850000,850080,105,105,50748463.780249,,15.0,1797.6875,440.4695,6,694.39,2026-04-24T05:17:08,2026-04-24T05:28:43,ok,pickles/nsga2/c105_21/run14.pkl,unknown,4
moead_ws,c205_21,19,1699799552,850000,850080,105,100,76184896.167928,,6.0,1103.1994,1603.5686,2,1245.084,2026-04-24T05:08:13,2026-04-24T05:28:58,ok,pickles/moead_ws/c205_21/run19.pkl,unknown,4
moead_ws,r209_21,20,929307851,850000,850080,105,97,10702170.058675,,4.0,847.0075,0.0,4,1551.058,2026-04-24T05:04:30,2026-04-24T05:30:21,ok,pickles/moead_ws/r209_21/run20.pkl,unknown,4
smsemoa,r206_21,18,2950212927,850000,850080,105,105,4695707.313044,,4.0,913.2572,0.0,3,1502.557,2026-04-24T05:06:14,2026-04-24T05:31:17,ok,pickles/smsemoa/r206_21/run18.pkl,unknown,4
moead_ws,r206_21,6,1386260047,850000,850080,105,103,46286242.385478,,5.0,1060.1416,0.0,4,1406.927,2026-04-24T05:08:35,2026-04-24T05:32:02,ok,pickles/moead_ws/r206_21/run06.pkl,unknown,4
nsga2,rc105_21,9,951650766,850000,850080,105,105,5769719.532343,,19.0,2115.3564,0.0,8,633.954,2026-04-24T05:22:53,2026-04-24T05:33:27,ok,pickles/nsga2/rc105_21/run09.pkl,unknown,4
smsemoa,c205_21,26,1117062783,850000,850080,105,105,72262348.836608,,5.0,1136.9152,739.4285,5,1227.65,2026-04-24T05:15:57,2026-04-24T05:36:25,ok,pickles/smsemoa/c205_21/run26.pkl,unknown,4
smsemoa,rc103_21,14,3474350410,850000,850080,105,105,12655767.57484,,14.0,1737.6192,0.0,9,665.24,2026-04-24T05:27:26,2026-04-24T05:38:31,ok,pickles/smsemoa/rc103_21/run14.pkl,unknown,4
nsga2,c105_21,4,147613007,850000,850080,105,105,57247452.871828,,15.0,1845.8691,737.5872,7,704.682,2026-04-24T05:27:18,2026-04-24T05:39:03,ok,pickles/nsga2/c105_21/run04.pkl,unknown,4
smsemoa,c203_21,22,3056875584,850000,850080,105,105,16677499.220036,,5.0,1028.5136,0.0,2,1244.801,2026-04-24T05:18:22,2026-04-24T05:39:06,ok,pickles/smsemoa/c203_21/run22.pkl,unknown,4
nsga2,r104_21,12,2935185274,850000,850080,105,105,2134607.011583,,13.0,1407.8577,0.0,6,687.216,2026-04-24T05:28:58,2026-04-24T05:40:25,ok,pickles/nsga2/r104_21/run12.pkl,unknown,4
moead_ws,r104_21,18,215966932,850000,850080,105,100,1811823.259507,,16.0,1588.1239,0.0,6,888.207,2026-04-24T05:27:07,2026-04-24T05:41:55,ok,pickles/moead_ws/r104_21/run18.pkl,unknown,4
moead_ws,c203_21,29,1296590344,850000,850080,105,97,92141167.228191,,5.0,1056.8164,0.0,3,1223.679,2026-04-24T05:22:09,2026-04-24T05:42:33,ok,pickles/moead_ws/c203_21/run29.pkl,unknown,4
moead_ws,r110_21,8,4214710062,850000,850080,105,95,3532012.656309,,16.0,1561.1765,0.0,6,813.772,2026-04-24T05:30:21,2026-04-24T05:43:55,ok,pickles/moead_ws/r110_21/run08.pkl,unknown,4
nsga2,c205_21,16,3884601541,850000,850080,105,105,30287024.559286,,5.0,930.5454,369.7236,3,1218.072,2026-04-24T05:23:37,2026-04-24T05:43:55,ok,pickles/nsga2/c205_21/run16.pkl,unknown,4
smsemoa,r210_21,8,937403557,850000,850080,105,105,7586176.342809,,3.0,850.6619,0.0,4,1410.048,2026-04-24T05:22:24,2026-04-24T05:45:54,ok,pickles/smsemoa/r210_21/run08.pkl,unknown,4
nsga2,c204_21,26,3050027811,850000,850080,105,105,12097537.057411,,4.0,1030.4821,0.0,3,1341.294,2026-04-24T05:25:04,2026-04-24T05:47:25,ok,pickles/nsga2/c204_21/run26.pkl,unknown,4
nsga2,r204_21,17,3090241467,850000,850080,105,105,493004.015212,,3.0,880.0477,0.0,3,1377.706,2026-04-24T05:25:45,2026-04-24T05:48:43,ok,pickles/nsga2/r204_21/run17.pkl,unknown,4
nsga2,c205_21,18,727695437,850000,850080,105,105,47583880.68986,,5.0,1065.8523,93.5486,4,1220.519,2026-04-24T05:28:43,2026-04-24T05:49:03,ok,pickles/nsga2/c205_21/run18.pkl,unknown,4
smsemoa,r106_21,4,4166207318,850000,850080,105,105,11438392.135086,,18.0,1794.2562,4.6214,12,664.111,2026-04-24T05:39:03,2026-04-24T05:50:07,ok,pickles/smsemoa/r106_21/run04.pkl,unknown,4
nsga2,rc103_21,24,3362220102,850000,850080,105,105,9484809.625546,,17.0,2046.1437,0.0,9,644.718,2026-04-24T05:40:25,2026-04-24T05:51:10,ok,pickles/nsga2/rc103_21/run24.pkl,unknown,4
smsemoa,r108_21,22,501407016,850000,850080,105,105,2121128.671343,,12.0,1367.0354,0.0,5,778.533,2026-04-24T05:39:06,2026-04-24T05:52:05,ok,pickles/smsemoa/r108_21/run22.pkl,unknown,4
smsemoa,r206_21,3,108331860,850000,850080,105,105,3043925.888135,,4.0,864.6831,0.0,2,1362.339,2026-04-24T05:31:17,2026-04-24T05:53:59,ok,pickles/smsemoa/r206_21/run03.pkl,unknown,4
nsga2,r206_21,20,3679051542,850000,850080,105,105,8665901.464747,,4.0,941.2482,0.0,3,1313.717,2026-04-24T05:33:27,2026-04-24T05:55:21,ok,pickles/nsga2/r206_21/run20.pkl,unknown,4
nsga2,r209_21,22,2467736366,850000,850080,105,105,2661142.939772,,4.0,954.1151,0.0,2,1499.571,2026-04-24T05:32:02,2026-04-24T05:57:02,ok,pickles/nsga2/r209_21/run22.pkl,unknown,4
moead_ws,r104_21,8,3598641779,850000,850080,105,98,9775892.941753,,14.0,1565.9625,0.0,7,841.167,2026-04-24T05:43:55,2026-04-24T05:57:57,ok,pickles/moead_ws/r104_21/run08.pkl,unknown,4
nsga2,r106_21,25,380308507,850000,850080,105,105,6565350.318562,,17.0,1685.7518,0.0,9,644.658,2026-04-24T05:47:25,2026-04-24T05:58:10,ok,pickles/nsga2/r106_21/run25.pkl,unknown,4
moead_ws,r104_21,5,2029365487,850000,850080,105,96,594551.905634,,16.0,1672.9161,0.0,4,858.968,2026-04-24T05:43:56,2026-04-24T05:58:15,ok,pickles/moead_ws/r104_21/run05.pkl,unknown,4
smsemoa,r210_21,26,2066273356,850000,850080,105,105,3393477.929778,,4.0,984.928,0.0,3,1330.088,2026-04-24T05:36:25,2026-04-24T05:58:35,ok,pickles/smsemoa/r210_21/run26.pkl,unknown,4
smsemoa,r206_21,11,3244099216,850000,850080,105,105,22623601.801443,,4.0,974.1935,0.0,5,1300.964,2026-04-24T05:38:31,2026-04-24T06:00:12,ok,pickles/smsemoa/r206_21/run11.pkl,unknown,4
nsga2,r104_21,5,3721226674,850000,850080,105,105,2084273.572032,,14.0,1529.2856,0.0,8,713.751,2026-04-24T05:48:43,2026-04-24T06:00:37,ok,pickles/nsga2/r104_21/run05.pkl,unknown,4
smsemoa,c205_21,28,1140731370,850000,850080,105,105,52554316.019407,,4.0,1053.5204,205.8074,4,1208.686,2026-04-24T05:42:33,2026-04-24T06:02:42,ok,pickles/smsemoa/c205_21/run28.pkl,unknown,4
smsemoa,rc105_21,29,816689984,850000,850080,105,105,15276650.307337,,18.0,1989.2748,20.7076,11,636.58,2026-04-24T05:52:05,2026-04-24T06:02:42,ok,pickles/smsemoa/rc105_21/run29.pkl,unknown,4
smsemoa,c205_21,30,2253359198,850000,850080,105,105,29845440.057472,,5.0,965.1727,0.0,4,1370.308,2026-04-24T05:41:55,2026-04-24T06:04:46,ok,pickles/smsemoa/c205_21/run30.pkl,unknown,4
smsemoa,r104_21,28,2479057745,850000,850080,105,105,2249956.558494,,15.0,1489.0998,0.0,7,760.099,2026-04-24T05:55:21,2026-04-24T06:08:01,ok,pickles/smsemoa/r104_21/run28.pkl,unknown,4
nsga2,rc105_21,24,4176016968,850000,850080,105,105,17105393.874141,,19.0,2108.8797,0.0,11,600.723,2026-04-24T05:58:35,2026-04-24T06:08:36,ok,pickles/nsga2/rc105_21/run24.pkl,unknown,4
smsemoa,r210_21,14,3313883687,850000,850080,105,105,6190036.705788,,4.0,955.0694,0.0,2,1436.495,2026-04-24T05:45:54,2026-04-24T06:09:51,ok,pickles/smsemoa/r210_21/run14.pkl,unknown,4
smsemoa,r106_21,1,2900947834,850000,850080,105,105,13001127.937836,,19.0,1824.0693,33.5245,10,653.098,2026-04-24T06:00:12,2026-04-24T06:11:05,ok,pickles/smsemoa/r106_21/run01.pkl,unknown,4
moead_ws,c203_21,3,2043215260,850000,850080,105,104,39852654.641618,,5.0,1276.8489,194.4672,4,1286.919,2026-04-24T05:50:08,2026-04-24T06:11:34,ok,pickles/moead_ws/c203_21/run03.pkl,unknown,4
moead_ws,r210_21,1,1711370338,850000,850080,105,94,22632940.621044,,5.0,945.8656,0.9857,4,1357.926,2026-04-24T05:49:04,2026-04-24T06:11:42,ok,pickles/moead_ws/r210_21/run01.pkl,unknown,4
moead_ws,r108_21,12,2661166354,850000,850080,105,97,790256.516035,,13.0,1425.9344,0.0,3,893.739,2026-04-24T05:57:02,2026-04-24T06:11:56,ok,pickles/moead_ws/r108_21/run12.pkl,unknown,4
smsemoa,r106_21,26,705135443,850000,850080,105,105,20087908.24827,,16.0,1741.3031,2.4642,14,695.376,2026-04-24T06:02:42,2026-04-24T06:14:17,ok,pickles/smsemoa/r106_21/run26.pkl,unknown,4
moead_ws,r104_21,15,167519538,850000,850080,105,100,8201108.838399,,13.0,1417.6624,0.0,8,813.569,2026-04-24T06:02:42,2026-04-24T06:16:16,ok,pickles/moead_ws/r104_21/run15.pkl,unknown,4
moead_ws,rc103_21,13,399087667,850000,850080,105,96,15744680.12691,,18.0,2195.5867,0.0,10,779.131,2026-04-24T06:04:46,2026-04-24T06:17:45,ok,pickles/moead_ws/rc103_21/run13.pkl,unknown,4
smsemoa,rc207_21,22,3418677719,850000,850080,105,105,19576724.0259,,4.0,911.9454,0.0,4,1467.508,2026-04-24T05:53:59,2026-04-24T06:18:27,ok,pickles/smsemoa/rc207_21/run22.pkl,unknown,4
moead_ws,r204_21,12,1006528010,850000,850080,105,94,1160400.292639,,4.0,925.8046,0.0,3,1641.212,2026-04-24T05:51:10,2026-04-24T06:18:31,ok,pickles/moead_ws/r204_21/run12.pkl,unknown,4
moead_ws,c203_21,17,1353945985,850000,850080,105,89,15725008.742517,,5.0,1090.0864,0.0,3,1257.88,2026-04-24T05:58:10,2026-04-24T06:19:08,ok,pickles/moead_ws/c203_21/run17.pkl,unknown,4
nsga2,r110_21,16,1463634113,850000,850080,105,105,1061716.962207,,16.0,1544.1656,0.0,4,651.047,2026-04-24T06:08:36,2026-04-24T06:19:27,ok,pickles/nsga2/r110_21/run16.pkl,unknown,4
moead_ws,c203_21,8,3919923163,850000,850080,105,94,19338652.771527,,5.0,1097.2343,0.0,3,1377.091,2026-04-24T05:57:57,2026-04-24T06:20:54,ok,pickles/moead_ws/c203_21/run08.pkl,unknown,4
nsga2,r106_21,9,2863022535,850000,850080,105,105,9481890.416866,,19.0,1980.2979,0.0,11,653.113,2026-04-24T06:11:56,2026-04-24T06:22:49,ok,pickles/nsga2/r106_21/run09.pkl,unknown,4
nsga2,c105_21,8,1625675609,850000,850080,105,105,146490611.06887,,14.0,1607.2187,600.6722,10,683.557,2026-04-24T06:11:42,2026-04-24T06:23:05,ok,pickles/nsga2/c105_21/run08.pkl,unknown,4
smsemoa,r104_21,5,1804831710,850000,850080,105,105,2421135.247424,,13.0,1382.3777,0.0,7,751.083,2026-04-24T06:11:05,2026-04-24T06:23:37,ok,pickles/smsemoa/r104_21/run05.pkl,unknown,4
moead_ws,r209_21,19,1428968572,850000,850080,105,99,18978360.332321,,4.0,908.1577,0.0,3,1580.137,2026-04-24T05:58:15,2026-04-24T06:24:36,ok,pickles/moead_ws/r209_21/run19.pkl,unknown,4
nsga2,rc207_21,10,1504701980,850000,850080,105,104,11351408.611653,,4.0,1134.0759,0.0,3,1481.564,2026-04-24T06:00:37,2026-04-24T06:25:18,ok,pickles/nsga2/rc207_21/run10.pkl,unknown,4
nsga2,r104_21,19,1738194313,850000,850080,105,105,3326837.158078,,14.0,1566.7059,0.0,7,713.075,2026-04-24T06:17:45,2026-04-24T06:29:38,ok,pickles/nsga2/r104_21/run19.pkl,unknown,4
nsga2,r206_21,3,4009661451,850000,850080,105,105,16735520.061426,,5.0,1004.6159,0.0,3,1320.2,2026-04-24T06:08:01,2026-04-24T06:30:01,ok,pickles/nsga2/r206_21/run03.pkl,unknown,4
moead_ws,r111_21,6,1579698511,850000,850080,105,84,4474971.608894,,17.0,1686.909,0.0,7,770.259,2026-04-24T06:19:08,2026-04-24T06:31:59,ok,pickles/moead_ws/r111_21/run06.pkl,unknown,4
smsemoa,r110_21,28,820725968,850000,850080,105,105,2284562.432872,,15.0,1491.6679,0.0,7,702.412,2026-04-24T06:20:54,2026-04-24T06:32:37,ok,pickles/smsemoa/r110_21/run28.pkl,unknown,4
moead_ws,c203_21,10,2227624769,850000,850080,105,102,103827260.175278,,5.0,1139.8491,0.0,4,1189.268,2026-04-24T06:14:17,2026-04-24T06:34:07,ok,pickles/moead_ws/c203_21/run10.pkl,unknown,4
smsemoa,r106_21,20,1606317898,850000,850080,105,105,8826446.512465,,18.0,1881.3919,5.9322,10,704.429,2026-04-24T06:22:49,2026-04-24T06:34:33,ok,pickles/smsemoa/r106_21/run20.pkl,unknown,4
nsga2,r111_21,27,2448158121,850000,850080,105,105,2557319.791027,,17.0,1678.035,0.0,7,657.688,2026-04-24T06:23:37,2026-04-24T06:34:34,ok,pickles/nsga2/r111_21/run27.pkl,unknown,4
smsemoa,r110_21,11,3233820079,850000,850080,105,105,2159647.993895,,16.0,1526.9229,0.0,5,713.473,2026-04-24T06:23:05,2026-04-24T06:34:59,ok,pickles/smsemoa/r110_21/run11.pkl,unknown,4
moead_ws,rc207_21,2,1331745471,850000,850080,105,87,13727661.279284,,5.0,807.513,0.0,3,1469.33,2026-04-24T06:11:35,2026-04-24T06:36:04,ok,pickles/moead_ws/rc207_21/run02.pkl,unknown,4
moead_ws,r204_21,6,3730169839,850000,850080,105,83,686563.794221,,4.0,932.0733,0.0,2,1584.31,2026-04-24T06:09:51,2026-04-24T06:36:15,ok,pickles/moead_ws/r204_21/run06.pkl,unknown,4
smsemoa,c203_21,19,1929856878,850000,850080,105,105,20143915.523089,,4.0,999.4648,50.4131,4,1255.026,2026-04-24T06:18:27,2026-04-24T06:39:22,ok,pickles/smsemoa/c203_21/run19.pkl,unknown,4
moead_ws,r210_21,16,3282840231,850000,850080,105,95,10876114.042386,,4.0,935.218,0.0,3,1389.178,2026-04-24T06:16:16,2026-04-24T06:39:25,ok,pickles/moead_ws/r210_21/run16.pkl,unknown,4
smsemoa,r209_21,13,3892387175,850000,850080,105,105,9717319.691833,,3.0,882.2197,0.0,4,1427.643,2026-04-24T06:18:31,2026-04-24T06:42:19,ok,pickles/smsemoa/r209_21/run13.pkl,unknown,4
moead_ws,c205_21,3,3510826018,850000,850080,105,100,270926674.174464,,5.0,986.799,2787.7729,4,1372.744,2026-04-24T06:19:27,2026-04-24T06:42:20,ok,pickles/moead_ws/c205_21/run03.pkl,unknown,4
smsemoa,c105_21,12,3316472962,850000,850080,105,105,71297028.739182,,14.0,1630.8723,811.0311,8,669.059,2026-04-24T06:36:15,2026-04-24T06:47:25,ok,pickles/smsemoa/c105_21/run12.pkl,unknown,4
nsga2,r210_21,20,24407372,850000,850080,105,105,16480677.976928,,3.0,1006.3328,0.0,4,1383.287,2026-04-24T06:25:18,2026-04-24T06:48:22,ok,pickles/nsga2/r210_21/run20.pkl,unknown,4
moead_ws,rc207_21,14,1763964108,850000,850080,105,93,67452659.418678,,5.0,1050.7117,0.0,4,1446.525,2026-04-24T06:24:36,2026-04-24T06:48:43,ok,pickles/moead_ws/rc207_21/run14.pkl,unknown,4
moead_ws,c205_21,13,3158684526,850000,850080,105,99,90899896.918185,,5.0,1131.2526,2730.6444,3,1169.246,2026-04-24T06:30:02,2026-04-24T06:49:31,ok,pickles/moead_ws/c205_21/run13.pkl,unknown,4
nsga2,c203_21,24,2849378607,850000,850080,105,105,9399564.889089,,5.0,1219.6959,0.0,4,1180.205,2026-04-24T06:32:37,2026-04-24T06:52:17,ok,pickles/nsga2/c203_21/run24.pkl,unknown,4
smsemoa,c204_21,19,4283202882,850000,850080,105,105,16099392.529747,,4.0,985.7248,0.0,4,1314.766,2026-04-24T06:31:59,2026-04-24T06:53:54,ok,pickles/smsemoa/c204_21/run19.pkl,unknown,4
smsemoa,r204_21,25,2294184029,850000,850080,105,72,26494.727246,,4.0,921.8664,0.0,1,1510.901,2026-04-24T06:29:38,2026-04-24T06:54:49,ok,pickles/smsemoa/r204_21/run25.pkl,unknown,4
moead_ws,r111_21,11,3386387309,850000,850080,105,103,3494503.679692,,16.0,1662.7568,0.0,6,797.713,2026-04-24T06:42:21,2026-04-24T06:55:38,ok,pickles/moead_ws/r111_21/run11.pkl,unknown,4
smsemoa,c203_21,24,1068525991,850000,850080,105,102,28449869.263232,,4.0,1118.7985,0.0,5,1269.145,2026-04-24T06:34:33,2026-04-24T06:55:43,ok,pickles/smsemoa/c203_21/run24.pkl,unknown,4
smsemoa,r206_21,24,2202188383,850000,850080,105,105,7107014.381617,,4.0,967.841,0.0,3,1312.699,2026-04-24T06:34:34,2026-04-24T06:56:27,ok,pickles/smsemoa/r206_21/run24.pkl,unknown,4
smsemoa,rc207_21,15,3698978852,850000,850080,105,105,5017281.671985,,3.0,1022.5408,0.0,3,1394.329,2026-04-24T06:34:07,2026-04-24T06:57:21,ok,pickles/smsemoa/rc207_21/run15.pkl,unknown,4
nsga2,rc103_21,7,1348127213,850000,850080,105,105,4423527.465184,,16.0,1936.6316,0.0,7,649.179,2026-04-24T06:47:25,2026-04-24T06:58:14,ok,pickles/nsga2/rc103_21/run07.pkl,unknown,4
smsemoa,c204_21,13,972409380,850000,850080,105,105,1879916.179381,,4.0,868.4573,0.0,2,1483.424,2026-04-24T06:34:59,2026-04-24T06:59:42,ok,pickles/smsemoa/c204_21/run13.pkl,unknown,4
smsemoa,rc105_21,8,3782292968,850000,850080,105,105,17021151.163047,,19.0,2220.2758,1.9587,11,654.731,2026-04-24T06:49:31,2026-04-24T07:00:26,ok,pickles/smsemoa/rc105_21/run08.pkl,unknown,4
nsga2,rc207_21,22,1673635424,850000,850080,105,105,12319248.467287,,4.0,951.8737,0.0,4,1304.753,2026-04-24T06:39:25,2026-04-24T07:01:10,ok,pickles/nsga2/rc207_21/run22.pkl,unknown,4
moead_ws,c205_21,10,1978735572,850000,850080,105,96,535774323.788311,,5.0,972.58,2169.1824,4,1203.562,2026-04-24T06:42:20,2026-04-24T07:02:23,ok,pickles/moead_ws/c205_21/run10.pkl,unknown,4
moead_ws,r104_21,16,1289318095,850000,850080,105,99,4195448.15054,,15.0,1469.7192,0.0,6,860.157,2026-04-24T06:48:22,2026-04-24T07:02:42,ok,pickles/moead_ws/r104_21/run16.pkl,unknown,4
moead_ws,r209_21,9,247332255,850000,850080,105,96,24774363.389374,,4.0,916.1148,0.0,4,1635.532,2026-04-24T06:36:05,2026-04-24T07:03:20,ok,pickles/moead_ws/r209_21/run09.pkl,unknown,4
moead_ws,c205_21,7,2889622082,850000,850080,105,104,71914807.144158,,5.0,1009.6262,4773.2486,3,1484.93,2026-04-24T06:39:22,2026-04-24T07:04:07,ok,pickles/moead_ws/c205_21/run07.pkl,unknown,4
nsga2,r106_21,19,1324703545,850000,850080,105,105,3617960.548014,,17.0,1569.917,0.0,8,613.445,2026-04-24T06:53:54,2026-04-24T07:04:07,ok,pickles/nsga2/r106_21/run19.pkl,unknown,4
smsemoa,r108_21,15,122597879,850000,850080,105,105,1775153.764632,,13.0,1277.8364,0.0,6,809.913,2026-04-24T06:52:17,2026-04-24T07:05:47,ok,pickles/smsemoa/r108_21/run15.pkl,unknown,4
nsga2,rc103_21,6,657576978,850000,850080,105,105,7666534.194494,,17.0,2004.2067,0.0,9,662.024,2026-04-24T06:55:43,2026-04-24T07:06:45,ok,pickles/nsga2/rc103_21/run06.pkl,unknown,4
smsemoa,r110_21,24,1143227464,850000,850080,105,105,1288953.030798,,15.0,1458.4304,0.0,4,672.432,2026-04-24T06:55:38,2026-04-24T07:06:51,ok,pickles/smsemoa/r110_21/run24.pkl,unknown,4
nsga2,r111_21,20,2974165741,850000,850080,105,105,2966070.371999,,15.0,1548.5438,0.0,6,641.125,2026-04-24T06:58:14,2026-04-24T07:08:55,ok,pickles/nsga2/r111_21/run20.pkl,unknown,4
smsemoa,c203_21,1,1225795755,850000,850080,105,105,39448295.335072,,4.0,1026.3712,0.0,4,1215.957,2026-04-24T06:48:43,2026-04-24T07:08:58,ok,pickles/smsemoa/c203_21/run01.pkl,unknown,4
nsga2,r108_21,5,4083576079,850000,850080,105,105,2460512.019522,,14.0,1520.9497,0.0,6,753.75,2026-04-24T06:56:27,2026-04-24T07:09:01,ok,pickles/nsga2/r108_21/run05.pkl,unknown,4
moead_ws,rc105_21,11,1271724925,850000,850080,105,95,21886697.718206,,20.0,2224.6884,4.9921,11,733.278,2026-04-24T06:57:21,2026-04-24T07:09:35,ok,pickles/moead_ws/rc105_21/run11.pkl,unknown,4
moead_ws,rc105_21,14,343150056,850000,850080,105,94,34620920.171313,,18.0,2096.2842,59.5628,12,738.421,2026-04-24T07:03:21,2026-04-24T07:15:39,ok,pickles/moead_ws/rc105_21/run14.pkl,unknown,4
smsemoa,r104_21,1,2035703680,850000,850080,105,105,1188399.397158,,14.0,1438.9069,0.0,5,732.936,2026-04-24T07:04:07,2026-04-24T07:16:20,ok,pickles/smsemoa/r104_21/run01.pkl,unknown,4
nsga2,c205_21,1,3781564406,850000,850080,105,105,113288784.781608,,4.0,1156.4524,603.1394,5,1315.567,2026-04-24T06:54:49,2026-04-24T07:16:45,ok,pickles/nsga2/c205_21/run01.pkl,unknown,4
smsemoa,r108_21,3,3020971561,850000,850080,105,105,1551294.60286,,13.0,1445.3262,0.0,4,800.35,2026-04-24T07:04:07,2026-04-24T07:17:27,ok,pickles/smsemoa/r108_21/run03.pkl,unknown,4
smsemoa,c105_21,19,3550867916,850000,850080,105,105,64718356.146181,,14.0,1730.9128,1766.8853,8,706.783,2026-04-24T07:06:45,2026-04-24T07:18:31,ok,pickles/smsemoa/c105_21/run19.pkl,unknown,4
smsemoa,r104_21,30,174982010,850000,850080,105,105,1391631.895703,,14.0,1510.757,0.0,6,754.793,2026-04-24T07:06:51,2026-04-24T07:19:26,ok,pickles/smsemoa/r104_21/run30.pkl,unknown,4
smsemoa,rc105_21,16,3606711466,850000,850080,105,105,7694495.527089,,19.0,2119.7029,5.9132,8,641.727,2026-04-24T07:08:58,2026-04-24T07:19:40,ok,pickles/smsemoa/rc105_21/run16.pkl,unknown,4
smsemoa,r106_21,11,3621960790,850000,850080,105,105,13469619.968031,,17.0,1824.5193,2.1548,11,675.395,2026-04-24T07:09:35,2026-04-24T07:20:50,ok,pickles/smsemoa/r106_21/run11.pkl,unknown,4
moead_ws,rc103_21,22,2255484446,850000,850080,105,99,28463266.521455,,18.0,2144.1834,1.2971,12,755.926,2026-04-24T07:08:55,2026-04-24T07:21:31,ok,pickles/moead_ws/rc103_21/run22.pkl,unknown,4
moead_ws,r110_21,11,641905441,850000,850080,105,100,4545476.584679,,17.0,1599.6806,0.0,7,784.599,2026-04-24T07:09:01,2026-04-24T07:22:06,ok,pickles/moead_ws/r110_21/run11.pkl,unknown,4
moead_ws,c205_21,25,692787917,850000,850080,105,102,94888848.813801,,5.0,969.7489,458.4195,3,1246.572,2026-04-24T07:02:43,2026-04-24T07:23:29,ok,pickles/moead_ws/c205_21/run25.pkl,unknown,4
nsga2,r204_21,20,1207792237,850000,850080,105,105,2217362.883513,,3.0,1050.1823,0.0,3,1493.832,2026-04-24T06:59:42,2026-04-24T07:24:36,ok,pickles/nsga2/r204_21/run20.pkl,unknown,4
nsga2,rc207_21,29,162771809,850000,850080,105,105,8440050.387055,,4.0,1028.156,0.0,3,1485.152,2026-04-24T07:00:26,2026-04-24T07:25:11,ok,pickles/nsga2/rc207_21/run29.pkl,unknown,4
nsga2,r106_21,18,731716359,850000,850080,105,105,8957404.362493,,16.0,1682.4939,0.0,8,622.893,2026-04-24T07:16:20,2026-04-24T07:26:43,ok,pickles/nsga2/r106_21/run18.pkl,unknown,4
smsemoa,r106_21,30,3198794775,850000,850080,105,105,9667059.891569,,17.0,1750.5705,2.5978,10,675.761,2026-04-24T07:15:39,2026-04-24T07:26:55,ok,pickles/smsemoa/r106_21/run30.pkl,unknown,4
moead_ws,r210_21,24,4030036817,850000,850080,105,94,37215980.025173,,4.0,938.8413,0.0,4,1555.343,2026-04-24T07:01:11,2026-04-24T07:27:06,ok,pickles/moead_ws/r210_21/run24.pkl,unknown,4
nsga2,c204_21,3,1280854891,850000,850080,105,105,8700722.697524,,4.0,1156.4822,0.0,3,1542.35,2026-04-24T07:02:23,2026-04-24T07:28:05,ok,pickles/nsga2/c204_21/run03.pkl,unknown,4
smsemoa,c203_21,25,2017700337,850000,850080,105,105,39870533.965535,,4.0,1020.1476,67.0,4,1390.343,2026-04-24T07:05:47,2026-04-24T07:28:57,ok,pickles/smsemoa/c203_21/run25.pkl,unknown,4
moead_ws,r106_21,25,16075357,850000,850080,105,96,18911731.484292,,19.0,1933.9982,0.0355,12,772.043,2026-04-24T07:16:45,2026-04-24T07:29:37,ok,pickles/moead_ws/r106_21/run25.pkl,unknown,4
nsga2,r110_21,25,3247137013,850000,850080,105,105,3719508.641508,,16.0,1800.9651,0.0,7,680.162,2026-04-24T07:19:40,2026-04-24T07:31:00,ok,pickles/nsga2/r110_21/run25.pkl,unknown,4
nsga2,r104_21,8,3821713698,850000,850080,105,105,1263806.508606,,13.0,1529.8485,0.0,5,697.202,2026-04-24T07:19:26,2026-04-24T07:31:03,ok,pickles/nsga2/r104_21/run08.pkl,unknown,4
smsemoa,r104_21,27,2577957067,850000,850080,105,105,2042020.743406,,13.0,1452.3795,0.0,7,764.037,2026-04-24T07:18:31,2026-04-24T07:31:16,ok,pickles/smsemoa/r104_21/run27.pkl,unknown,4
moead_ws,r104_21,3,45928579,850000,850080,105,87,4640166.71066,,13.0,1458.4161,0.0,7,833.425,2026-04-24T07:17:28,2026-04-24T07:31:21,ok,pickles/moead_ws/r104_21/run03.pkl,unknown,4
nsga2,r108_21,7,2178558863,850000,850080,105,105,1736151.889955,,13.0,1399.872,0.0,5,720.553,2026-04-24T07:23:29,2026-04-24T07:35:30,ok,pickles/nsga2/r108_21/run07.pkl,unknown,4
nsga2,r106_21,17,825371303,850000,850080,105,105,3345256.082148,,17.0,1626.9283,0.0,8,619.326,2026-04-24T07:26:43,2026-04-24T07:37:02,ok,pickles/nsga2/r106_21/run17.pkl,unknown,4
smsemoa,c105_21,16,3008766712,850000,850080,105,105,128270741.322594,,14.0,1787.6142,1895.1838,10,735.873,2026-04-24T07:25:11,2026-04-24T07:37:27,ok,pickles/smsemoa/c105_21/run16.pkl,unknown,4
smsemoa,rc105_21,19,2774418250,850000,850080,105,105,13115393.548833,,17.0,2084.9529,37.4249,10,649.345,2026-04-24T07:27:06,2026-04-24T07:37:55,ok,pickles/smsemoa/rc105_21/run19.pkl,unknown,4
nsga2,r104_21,11,3695339338,850000,850080,105,105,2136933.971806,,14.0,1522.9806,0.0,7,684.85,2026-04-24T07:31:00,2026-04-24T07:42:25,ok,pickles/nsga2/r104_21/run11.pkl,unknown,4
smsemoa,r106_21,17,1877499236,850000,850080,105,105,9482123.01494,,17.0,1782.4963,3.3785,10,687.818,2026-04-24T07:31:16,2026-04-24T07:42:43,ok,pickles/smsemoa/r106_21/run17.pkl,unknown,4
nsga2,r206_21,25,627080104,850000,850080,105,105,8043925.119943,,4.0,925.5287,0.0,3,1321.345,2026-04-24T07:20:50,2026-04-24T07:42:52,ok,pickles/nsga2/r206_21/run25.pkl,unknown,4
nsga2,r108_21,4,1204368120,850000,850080,105,105,657607.345012,,14.0,1495.633,2.4683,3,751.896,2026-04-24T07:31:21,2026-04-24T07:43:53,ok,pickles/nsga2/r108_21/run04.pkl,unknown,4
smsemoa,r209_21,4,1876774282,850000,850080,105,105,20714109.988368,,4.0,921.8289,0.0,3,1452.205,2026-04-24T07:21:31,2026-04-24T07:45:43,ok,pickles/smsemoa/r209_21/run04.pkl,unknown,4
moead_ws,r209_21,23,191415769,850000,850080,105,94,18884649.191889,,4.0,969.8111,0.0,4,1508.326,2026-04-24T07:22:06,2026-04-24T07:47:15,ok,pickles/moead_ws/r209_21/run23.pkl,unknown,4
nsga2,c205_21,17,1547065972,850000,850080,105,105,96645671.88489,,5.0,1073.0851,448.8414,4,1245.178,2026-04-24T07:26:55,2026-04-24T07:47:40,ok,pickles/nsga2/c205_21/run17.pkl,unknown,4
smsemoa,r206_21,30,3763538489,850000,850080,105,105,11264324.995201,,4.0,901.9734,0.0,3,1428.385,2026-04-24T07:24:36,2026-04-24T07:48:25,ok,pickles/smsemoa/r206_21/run30.pkl,unknown,4
moead_ws,rc103_21,14,2231604743,850000,850080,105,101,19695934.215542,,17.0,2090.6573,0.0,9,764.72,2026-04-24T07:37:03,2026-04-24T07:49:47,ok,pickles/moead_ws/rc103_21/run14.pkl,unknown,4
moead_ws,r111_21,30,1633003862,850000,850080,105,98,10933907.170298,,16.0,1606.2796,0.2195,10,821.24,2026-04-24T07:37:28,2026-04-24T07:51:09,ok,pickles/moead_ws/r111_21/run30.pkl,unknown,4
smsemoa,rc207_21,14,4008446241,850000,850080,105,105,6919622.411528,,4.0,987.1117,0.0,3,1424.5,2026-04-24T07:28:05,2026-04-24T07:51:50,ok,pickles/smsemoa/rc207_21/run14.pkl,unknown,4
moead_ws,rc207_21,13,3341565122,850000,850080,105,98,151830122.018213,,4.0,963.1833,0.0,5,1402.827,2026-04-24T07:29:38,2026-04-24T07:53:01,ok,pickles/moead_ws/rc207_21/run13.pkl,unknown,4
smsemoa,c105_21,29,2955833319,850000,850080,105,105,147440578.664031,,13.0,1599.4684,305.2583,8,686.639,2026-04-24T07:42:25,2026-04-24T07:53:52,ok,pickles/smsemoa/c105_21/run29.pkl,unknown,4
nsga2,r204_21,14,568907920,850000,850080,105,47,366436.559286,,4.0,994.6394,0.0,2,1372.061,2026-04-24T07:31:03,2026-04-24T07:53:55,ok,pickles/nsga2/r204_21/run14.pkl,unknown,4
smsemoa,c205_21,23,2100087810,850000,850080,105,105,37799600.38784,,5.0,1154.497,1259.2884,3,1191.673,2026-04-24T07:35:30,2026-04-24T07:55:22,ok,pickles/smsemoa/c205_21/run23.pkl,unknown,4
moead_ws,r106_21,2,295565617,850000,850080,105,95,14624492.555636,,18.0,1855.9788,15.7377,9,750.063,2026-04-24T07:42:52,2026-04-24T07:55:22,ok,pickles/moead_ws/r106_21/run02.pkl,unknown,4
smsemoa,c204_21,22,1413582213,850000,850080,105,105,8522053.002211,,4.0,894.1398,0.0,3,1636.585,2026-04-24T07:28:57,2026-04-24T07:56:14,ok,pickles/smsemoa/c204_21/run22.pkl,unknown,4
smsemoa,c205_21,12,618587125,850000,850080,105,105,69142036.889661,,5.0,1111.3838,3654.5392,4,1271.573,2026-04-24T07:37:55,2026-04-24T07:59:07,ok,pickles/smsemoa/c205_21/run12.pkl,unknown,4
smsemoa,r108_21,18,707946021,850000,850080,105,105,291413.191264,,13.0,1338.8084,0.0,4,776.026,2026-04-24T07:47:15,2026-04-24T08:00:11,ok,pickles/smsemoa/r108_21/run18.pkl,unknown,4
moead_ws,r106_21,14,1623947265,850000,850080,105,100,8028899.354338,,20.0,1914.9524,0.0,7,797.849,2026-04-24T07:48:25,2026-04-24T08:01:43,ok,pickles/moead_ws/r106_21/run14.pkl,unknown,4
nsga2,r110_21,22,1485196982,850000,850080,105,105,2923298.275618,,15.0,1629.3417,0.0,7,693.735,2026-04-24T07:51:50,2026-04-24T08:03:24,ok,pickles/nsga2/r110_21/run22.pkl,unknown,4
moead_ws,c203_21,13,3061798112,850000,850080,105,96,33594923.167889,,5.0,1139.7615,0.0,3,1186.194,2026-04-24T07:43:54,2026-04-24T08:03:40,ok,pickles/moead_ws/c203_21/run13.pkl,unknown,4
smsemoa,c105_21,11,2372379675,850000,850080,105,105,84963364.986499,,15.0,1687.8454,507.0465,8,737.387,2026-04-24T07:53:01,2026-04-24T08:05:18,ok,pickles/smsemoa/c105_21/run11.pkl,unknown,4
moead_ws,r108_21,1,3781065376,850000,850080,105,102,1928193.835769,,13.0,1444.2467,0.0,5,900.428,2026-04-24T07:51:09,2026-04-24T08:06:10,ok,pickles/moead_ws/r108_21/run01.pkl,unknown,4
moead_ws,rc105_21,23,3797897538,850000,850080,105,102,23544432.365476,,19.0,2246.6674,37.795,12,767.966,2026-04-24T07:53:55,2026-04-24T08:06:43,ok,pickles/moead_ws/rc105_21/run23.pkl,unknown,4
moead_ws,r111_21,22,1408216707,850000,850080,105,98,5306104.61539,,15.0,1554.8939,0.0,7,780.033,2026-04-24T07:53:52,2026-04-24T08:06:52,ok,pickles/moead_ws/r111_21/run22.pkl,unknown,4
moead_ws,c204_21,14,2819012743,850000,850080,105,103,47271595.249,,5.0,987.1052,0.0,4,1496.062,2026-04-24T07:42:44,2026-04-24T08:07:40,ok,pickles/moead_ws/c204_21/run14.pkl,unknown,4
moead_ws,r110_21,28,976784267,850000,850080,105,98,34872442.919525,,16.0,1588.9403,0.0,5,780.012,2026-04-24T07:55:23,2026-04-24T08:08:23,ok,pickles/moead_ws/r110_21/run28.pkl,unknown,4
moead_ws,rc105_21,10,4049705969,850000,850080,105,102,50654450.742995,,18.0,2320.779,8.3143,17,776.927,2026-04-24T07:56:14,2026-04-24T08:09:11,ok,pickles/moead_ws/rc105_21/run10.pkl,unknown,4
nsga2,rc207_21,5,755794404,850000,850080,105,105,6528666.60621,,4.0,1046.0829,0.0,3,1417.35,2026-04-24T07:45:43,2026-04-24T08:09:21,ok,pickles/nsga2/rc207_21/run05.pkl,unknown,4
smsemoa,r106_21,27,3265522592,850000,850080,105,105,13205605.814548,,17.0,1750.0534,12.3834,11,640.35,2026-04-24T07:59:07,2026-04-24T08:09:47,ok,pickles/smsemoa/r106_21/run27.pkl,unknown,4
nsga2,c204_21,11,1332619802,850000,850080,105,88,1002019.408092,,4.0,960.4934,0.0,3,1427.369,2026-04-24T07:47:40,2026-04-24T08:11:28,ok,pickles/nsga2/c204_21/run11.pkl,unknown,4
nsga2,r204_21,8,4019377484,850000,850080,105,105,431561.459765,,3.0,897.4637,0.0,3,1547.283,2026-04-24T07:49:47,2026-04-24T08:15:35,ok,pickles/nsga2/r204_21/run08.pkl,unknown,4
nsga2,c205_21,8,1708138084,850000,850080,105,105,133704974.590445,,5.0,1063.2738,330.0017,4,1262.139,2026-04-24T07:55:22,2026-04-24T08:16:24,ok,pickles/nsga2/c205_21/run08.pkl,unknown,4
nsga2,c105_21,21,3930422281,850000,850080,105,105,40337474.866459,,14.0,1680.9042,212.6422,8,691.607,2026-04-24T08:06:43,2026-04-24T08:18:15,ok,pickles/nsga2/c105_21/run21.pkl,unknown,4
moead_ws,r108_21,24,707299836,850000,850080,105,88,2332577.81398,,14.0,1478.7525,0.0,5,877.366,2026-04-24T08:03:40,2026-04-24T08:18:18,ok,pickles/moead_ws/r108_21/run24.pkl,unknown,4
nsga2,r111_21,17,418037454,850000,850080,105,105,3437269.296715,,16.0,1639.4387,0.0,7,658.394,2026-04-24T08:08:23,2026-04-24T08:19:21,ok,pickles/nsga2/r111_21/run17.pkl,unknown,4
nsga2,r106_21,22,986122816,850000,850080,105,105,15720932.251024,,18.0,1729.8751,9.0238,11,666.167,2026-04-24T08:09:21,2026-04-24T08:20:27,ok,pickles/nsga2/r106_21/run22.pkl,unknown,4
smsemoa,c205_21,22,1699278799,850000,850080,105,105,57314444.61007,,4.0,942.9976,0.0,5,1234.928,2026-04-24T08:00:11,2026-04-24T08:20:46,ok,pickles/smsemoa/c205_21/run22.pkl,unknown,4
smsemoa,c105_21,7,1314918397,850000,850080,105,105,79636373.941426,,14.0,1693.43,916.2951,9,700.455,2026-04-24T08:09:47,2026-04-24T08:21:28,ok,pickles/smsemoa/c105_21/run07.pkl,unknown,4
smsemoa,r111_21,21,1738809860,850000,850080,105,105,2503135.497725,,15.0,1566.4853,0.0,7,744.2,2026-04-24T08:09:11,2026-04-24T08:21:35,ok,pickles/smsemoa/r111_21/run21.pkl,unknown,4
nsga2,r106_21,21,528449966,850000,850080,105,105,13276014.667539,,17.0,1719.94,0.0,11,626.078,2026-04-24T08:11:28,2026-04-24T08:21:54,ok,pickles/nsga2/r106_21/run21.pkl,unknown,4
nsga2,r206_21,6,2488145534,850000,850080,105,105,3819892.018428,,4.0,1087.3152,0.0,2,1426.851,2026-04-24T08:01:43,2026-04-24T08:25:30,ok,pickles/nsga2/r206_21/run06.pkl,unknown,4
moead_ws,c203_21,12,3232740081,850000,850080,105,100,94388948.474449,,5.0,1175.8861,0.0,5,1368.04,2026-04-24T08:03:24,2026-04-24T08:26:12,ok,pickles/moead_ws/c203_21/run12.pkl,unknown,4
nsga2,rc103_21,26,2885800306,850000,850080,105,105,9126672.582167,,16.0,1894.5496,2.9928,8,644.704,2026-04-24T08:15:35,2026-04-24T08:26:19,ok,pickles/nsga2/rc103_21/run26.pkl,unknown,4
nsga2,rc103_21,25,1528294498,850000,850080,105,105,10080738.265629,,17.0,1938.4314,4.0585,8,631.274,2026-04-24T08:16:24,2026-04-24T08:26:55,ok,pickles/nsga2/rc103_21/run25.pkl,unknown,4
moead_ws,c203_21,16,988448455,850000,850080,105,103,84479635.613229,,5.0,1098.4922,0.0,4,1202.797,2026-04-24T08:06:53,2026-04-24T08:26:56,ok,pickles/moead_ws/c203_21/run16.pkl,unknown,4
nsga2,r210_21,15,3884774925,850000,850080,105,105,1735229.718629,,4.0,909.0065,0.0,2,1373.146,2026-04-24T08:05:18,2026-04-24T08:28:11,ok,pickles/nsga2/r210_21/run15.pkl,unknown,4
nsga2,rc105_21,5,1230843122,850000,850080,105,105,13309788.134002,,17.0,1925.4068,0.0,12,644.29,2026-04-24T08:18:18,2026-04-24T08:29:02,ok,pickles/nsga2/rc105_21/run05.pkl,unknown,4
nsga2,r209_21,11,1414453942,850000,850080,105,105,2796038.266556,,4.0,959.9749,0.0,2,1492.061,2026-04-24T08:06:10,2026-04-24T08:31:02,ok,pickles/nsga2/r209_21/run11.pkl,unknown,4
moead_ws,rc207_21,11,4108462864,850000,850080,105,92,9817863.14798,,5.0,914.6729,0.0,3,1446.341,2026-04-24T08:07:40,2026-04-24T08:31:47,ok,pickles/moead_ws/rc207_21/run11.pkl,unknown,4
smsemoa,r106_21,29,2253108824,850000,850080,105,105,15761285.254004,,18.0,1757.6248,33.3855,13,641.017,2026-04-24T08:21:28,2026-04-24T08:32:09,ok,pickles/smsemoa/r106_21/run29.pkl,unknown,4
moead_ws,r111_21,14,663972750,850000,850080,105,100,2653515.269266,,16.0,1647.1232,0.0,6,783.758,2026-04-24T08:19:21,2026-04-24T08:32:25,ok,pickles/moead_ws/r111_21/run14.pkl,unknown,4
smsemoa,r104_21,19,863010424,850000,850080,105,105,1599989.773764,,14.0,1513.4903,0.0,6,749.979,2026-04-24T08:20:27,2026-04-24T08:32:57,ok,pickles/smsemoa/r104_21/run19.pkl,unknown,4
smsemoa,c105_21,28,997440832,850000,850080,105,105,35083990.326249,,14.0,1502.3842,604.6501,6,718.579,2026-04-24T08:21:35,2026-04-24T08:33:34,ok,pickles/smsemoa/c105_21/run28.pkl,unknown,4
smsemoa,r108_21,28,2706651910,850000,850080,105,105,1114261.222678,,13.0,1365.0196,0.0,5,770.009,2026-04-24T08:20:46,2026-04-24T08:33:36,ok,pickles/smsemoa/r108_21/run28.pkl,unknown,4
moead_ws,r106_21,24,2591480584,850000,850080,105,102,48895012.598921,,19.0,1904.5491,41.3478,14,812.064,2026-04-24T08:21:54,2026-04-24T08:35:26,ok,pickles/moead_ws/r106_21/run24.pkl,unknown,4
smsemoa,r106_21,25,158486585,850000,850080,105,105,12380890.690826,,16.0,1689.5171,1.5602,11,690.517,2026-04-24T08:26:12,2026-04-24T08:37:43,ok,pickles/smsemoa/r106_21/run25.pkl,unknown,4
smsemoa,r111_21,22,3351136715,850000,850080,105,105,2866591.917915,,13.0,1440.1183,0.0,7,686.809,2026-04-24T08:26:55,2026-04-24T08:38:22,ok,pickles/smsemoa/r111_21/run22.pkl,unknown,4
smsemoa,r108_21,2,1205159012,850000,850080,105,69,2394515.53308,,12.0,1444.5803,0.0,6,772.485,2026-04-24T08:26:56,2026-04-24T08:39:48,ok,pickles/smsemoa/r108_21/run02.pkl,unknown,4
smsemoa,rc207_21,12,2219092996,850000,850080,105,105,13488168.908145,,4.0,897.1437,0.0,3,1356.093,2026-04-24T08:18:15,2026-04-24T08:40:51,ok,pickles/smsemoa/rc207_21/run12.pkl,unknown,4
moead_ws,r104_21,24,657756756,850000,850080,105,99,7423645.362801,,16.0,1610.5306,0.0,8,821.154,2026-04-24T08:32:26,2026-04-24T08:46:07,ok,pickles/moead_ws/r104_21/run24.pkl,unknown,4
nsga2,c205_21,22,571089223,850000,850080,105,105,102219364.464256,,4.0,1052.9792,88.9045,5,1249.556,2026-04-24T08:26:19,2026-04-24T08:47:09,ok,pickles/nsga2/c205_21/run22.pkl,unknown,4
smsemoa,rc105_21,21,1551876584,850000,850080,105,105,14986607.929728,,19.0,2166.1162,0.0,11,701.66,2026-04-24T08:37:43,2026-04-24T08:49:25,ok,pickles/smsemoa/rc105_21/run21.pkl,unknown,4
nsga2,c203_21,17,3284209042,850000,850080,105,81,3902136.142298,,5.0,1011.9116,0.0,2,1293.018,2026-04-24T08:28:11,2026-04-24T08:49:44,ok,pickles/nsga2/c203_21/run17.pkl,unknown,4
moead_ws,rc207_21,3,1150958686,850000,850080,105,91,18291933.879214,,5.0,865.9908,0.0,3,1492.568,2026-04-24T08:25:30,2026-04-24T08:50:23,ok,pickles/moead_ws/rc207_21/run03.pkl,unknown,4
nsga2,c105_21,17,912399477,850000,850080,105,105,105681105.880777,,14.0,1712.1811,1618.0218,9,683.013,2026-04-24T08:40:51,2026-04-24T08:52:14,ok,pickles/nsga2/c105_21/run17.pkl,unknown,4
nsga2,c205_21,28,3497822049,850000,850080,105,105,110877601.793757,,5.0,1205.3891,534.8125,5,1170.724,2026-04-24T08:32:57,2026-04-24T08:52:28,ok,pickles/nsga2/c205_21/run28.pkl,unknown,4
moead_ws,rc103_21,25,3111126834,850000,850080,105,93,10609035.756248,,18.0,2058.0858,17.5483,9,768.651,2026-04-24T08:39:49,2026-04-24T08:52:37,ok,pickles/moead_ws/rc103_21/run25.pkl,unknown,4
nsga2,r204_21,28,3216068777,850000,850080,105,77,151564.58958,,4.0,954.1312,0.0,1,1512.198,2026-04-24T08:29:02,2026-04-24T08:54:14,ok,pickles/nsga2/r204_21/run28.pkl,unknown,4
moead_ws,r210_21,23,1477188714,850000,850080,105,101,9783481.689382,,5.0,1089.0459,0.0,4,1422.693,2026-04-24T08:31:47,2026-04-24T08:55:30,ok,pickles/moead_ws/r210_21/run23.pkl,unknown,4
nsga2,r206_21,13,3042678967,850000,850080,105,105,10837254.033237,,4.0,958.4295,0.0,4,1481.209,2026-04-24T08:31:02,2026-04-24T08:55:43,ok,pickles/nsga2/r206_21/run13.pkl,unknown,4
moead_ws,c204_21,8,1628701525,850000,850080,105,91,3131847.572814,,4.0,1108.7473,0.0,2,1428.729,2026-04-24T08:32:09,2026-04-24T08:55:58,ok,pickles/moead_ws/c204_21/run08.pkl,unknown,4
nsga2,r209_21,9,3855002228,850000,850080,105,105,6695221.72083,,4.0,926.2907,0.0,3,1349.908,2026-04-24T08:33:36,2026-04-24T08:56:06,ok,pickles/nsga2/r209_21/run09.pkl,unknown,4
nsga2,r104_21,6,1625399881,850000,850080,105,89,644140.731157,,14.0,1388.0564,0.0,3,711.068,2026-04-24T08:46:07,2026-04-24T08:57:58,ok,pickles/nsga2/r104_21/run06.pkl,unknown,4
smsemoa,r209_21,6,3101755141,850000,850080,105,105,14784992.281894,,4.0,929.6823,0.0,5,1485.925,2026-04-24T08:33:34,2026-04-24T08:58:20,ok,pickles/smsemoa/r209_21/run06.pkl,unknown,4
smsemoa,r206_21,7,607122084,850000,850080,105,105,17635452.256002,,4.0,996.501,0.0,4,1374.853,2026-04-24T08:35:26,2026-04-24T08:58:21,ok,pickles/smsemoa/r206_21/run07.pkl,unknown,4
smsemoa,r110_21,4,1018272655,850000,850080,105,105,1647987.13322,,15.0,1598.7199,0.0,6,677.645,2026-04-24T08:50:23,2026-04-24T09:01:41,ok,pickles/smsemoa/r110_21/run04.pkl,unknown,4
moead_ws,r110_21,3,701030608,850000,850080,105,99,5762665.818606,,16.0,1596.0227,0.0,7,785.436,2026-04-24T08:49:45,2026-04-24T09:02:50,ok,pickles/moead_ws/r110_21/run03.pkl,unknown,4
moead_ws,c105_21,27,3659331023,850000,850080,105,102,137088175.635808,,16.0,2065.6704,2554.567,7,851.286,2026-04-24T08:49:25,2026-04-24T09:03:36,ok,pickles/moead_ws/c105_21/run27.pkl,unknown,4
moead_ws,r206_21,17,982867777,850000,850080,105,100,21010619.462432,,4.0,900.3741,0.0,3,1527.848,2026-04-24T08:38:22,2026-04-24T09:03:50,ok,pickles/moead_ws/r206_21/run17.pkl,unknown,4
moead_ws,c105_21,18,756341323,850000,850080,105,92,241549714.007774,,15.0,1868.2517,1094.7483,7,828.734,2026-04-24T08:52:38,2026-04-24T09:06:27,ok,pickles/moead_ws/c105_21/run18.pkl,unknown,4
nsga2,r206_21,4,2510542078,850000,850080,105,105,4969247.982458,,4.0,997.8942,0.0,2,1342.423,2026-04-24T08:47:09,2026-04-24T09:09:31,ok,pickles/nsga2/r206_21/run04.pkl,unknown,4
smsemoa,rc103_21,2,309572922,850000,850080,105,105,10161770.26281,,16.0,1957.2519,0.0,10,680.907,2026-04-24T08:58:20,2026-04-24T09:09:41,ok,pickles/smsemoa/rc103_21/run02.pkl,unknown,4
smsemoa,r110_21,15,790366774,850000,850080,105,105,1154949.530597,,15.0,1399.6634,0.0,4,699.015,2026-04-24T08:58:21,2026-04-24T09:10:00,ok,pickles/smsemoa/r110_21/run15.pkl,unknown,4
nsga2,c205_21,9,3390192373,850000,850080,105,105,57772480.282945,,4.0,1099.6716,505.3944,4,1253.477,2026-04-24T08:52:28,2026-04-24T09:13:21,ok,pickles/nsga2/c205_21/run09.pkl,unknown,4
moead_ws,rc207_21,17,3063147655,850000,850080,105,101,18895021.939431,,5.0,1001.9101,0.0,3,1303.079,2026-04-24T08:52:15,2026-04-24T09:13:58,ok,pickles/moead_ws/rc207_21/run17.pkl,unknown,4
nsga2,r108_21,29,495861289,850000,850080,105,105,3112395.455456,,13.0,1353.2938,0.0,7,750.343,2026-04-24T09:06:27,2026-04-24T09:18:57,ok,pickles/nsga2/r108_21/run29.pkl,unknown,4
nsga2,r206_21,19,1204820091,850000,850080,105,105,4330463.77401,,4.0,1064.0526,0.0,2,1398.013,2026-04-24T08:55:43,2026-04-24T09:19:01,ok,pickles/nsga2/r206_21/run19.pkl,unknown,4
moead_ws,r206_21,12,1136912564,850000,850080,105,98,19265318.789754,,5.0,940.0868,0.0,3,1436.123,2026-04-24T08:55:30,2026-04-24T09:19:27,ok,pickles/moead_ws/r206_21/run12.pkl,unknown,4
smsemoa,r209_21,5,1477310727,850000,850080,105,105,11587083.551867,,4.0,899.8429,0.0,3,1517.963,2026-04-24T08:54:14,2026-04-24T09:19:32,ok,pickles/smsemoa/r209_21/run05.pkl,unknown,4
smsemoa,rc207_21,6,1270553466,850000,850080,105,105,13506629.435208,,4.0,921.855,0.0,3,1339.258,2026-04-24T08:57:58,2026-04-24T09:20:17,ok,pickles/smsemoa/rc207_21/run06.pkl,unknown,4
nsga2,r104_21,23,207046643,850000,850080,105,105,1492886.614046,,14.0,1447.2783,0.0,6,685.837,2026-04-24T09:09:31,2026-04-24T09:20:57,ok,pickles/nsga2/r104_21/run23.pkl,unknown,4
moead_ws,r204_21,5,3272085510,850000,850080,105,87,1175459.281265,,3.0,993.6209,0.0,3,1538.509,2026-04-24T08:55:58,2026-04-24T09:21:37,ok,pickles/moead_ws/r204_21/run05.pkl,unknown,4
nsga2,c205_21,15,1745358193,850000,850080,105,105,95018911.389479,,5.0,1028.6493,0.0,4,1216.602,2026-04-24T09:01:41,2026-04-24T09:21:57,ok,pickles/nsga2/c205_21/run15.pkl,unknown,4
smsemoa,c204_21,23,1575078913,850000,850080,105,105,4853584.181174,,4.0,933.4675,0.0,3,1571.64,2026-04-24T08:56:06,2026-04-24T09:22:17,ok,pickles/smsemoa/c204_21/run23.pkl,unknown,4
smsemoa,c203_21,27,1205144302,850000,850080,105,105,5799326.317375,,5.0,1084.2578,0.0,3,1183.695,2026-04-24T09:02:50,2026-04-24T09:22:34,ok,pickles/smsemoa/c203_21/run27.pkl,unknown,4
moead_ws,r110_21,17,3023607338,850000,850080,105,94,3045095.647727,,16.0,1731.9066,0.0,5,777.373,2026-04-24T09:10:01,2026-04-24T09:22:58,ok,pickles/moead_ws/r110_21/run17.pkl,unknown,4
nsga2,r110_21,28,1310680797,850000,850080,105,105,1946577.89897,,16.0,1533.2196,0.0,6,647.492,2026-04-24T09:13:58,2026-04-24T09:24:45,ok,pickles/nsga2/r110_21/run28.pkl,unknown,4
moead_ws,r204_21,23,3682815591,850000,850080,105,69,97479.72639,,4.0,1129.8467,0.0,2,1370.031,2026-04-24T09:03:51,2026-04-24T09:26:41,ok,pickles/moead_ws/r204_21/run23.pkl,unknown,4
smsemoa,c204_21,9,785263510,850000,850080,105,105,9187982.144241,,4.0,1002.3926,0.0,3,1490.99,2026-04-24T09:03:36,2026-04-24T09:28:27,ok,pickles/smsemoa/c204_21/run09.pkl,unknown,4
smsemoa,rc105_21,14,1010316532,850000,850080,105,105,23194066.609472,,17.0,2032.6704,0.0,11,661.961,2026-04-24T09:19:32,2026-04-24T09:30:34,ok,pickles/smsemoa/rc105_21/run14.pkl,unknown,4
smsemoa,r104_21,17,1468088530,850000,850080,105,105,2259957.672173,,12.0,1396.5549,0.0,6,720.906,2026-04-24T09:20:17,2026-04-24T09:32:18,ok,pickles/smsemoa/r104_21/run17.pkl,unknown,4
smsemoa,r210_21,21,1183472462,850000,850080,105,105,4399141.015034,,4.0,993.6076,0.0,3,1373.145,2026-04-24T09:09:41,2026-04-24T09:32:34,ok,pickles/smsemoa/r210_21/run21.pkl,unknown,4
moead_ws,r110_21,16,3455178789,850000,850080,105,103,2346985.124943,,17.0,1679.7968,0.0,6,816.648,2026-04-24T09:19:01,2026-04-24T09:32:38,ok,pickles/moead_ws/r110_21/run16.pkl,unknown,4
nsga2,r104_21,13,3740331759,850000,850080,105,105,1097355.649511,,13.0,1352.8929,0.0,6,722.944,2026-04-24T09:22:17,2026-04-24T09:34:20,ok,pickles/nsga2/r104_21/run13.pkl,unknown,4
nsga2,rc105_21,13,2289292517,850000,850080,105,105,16287058.386651,,17.0,2091.9091,0.0,11,588.734,2026-04-24T09:24:45,2026-04-24T09:34:34,ok,pickles/nsga2/rc105_21/run13.pkl,unknown,4
nsga2,r104_21,9,678913568,850000,850080,105,105,1584609.489821,,15.0,1551.5327,0.0,6,721.535,2026-04-24T09:22:34,2026-04-24T09:34:35,ok,pickles/nsga2/r104_21/run09.pkl,unknown,4
moead_ws,r104_21,30,2804464510,850000,850080,105,103,3519854.722961,,14.0,1446.0852,0.0,6,837.53,2026-04-24T09:20:58,2026-04-24T09:34:55,ok,pickles/moead_ws/r104_21/run30.pkl,unknown,4
moead_ws,r204_21,26,2014243603,850000,850080,105,90,430312.86904,,4.0,1073.0458,0.0,3,1311.24,2026-04-24T09:13:22,2026-04-24T09:35:13,ok,pickles/moead_ws/r204_21/run26.pkl,unknown,4
moead_ws,r111_21,19,2947830573,850000,850080,105,100,2644109.488399,,17.0,1733.8438,0.0,6,808.04,2026-04-24T09:21:58,2026-04-24T09:35:26,ok,pickles/moead_ws/r111_21/run19.pkl,unknown,4
moead_ws,r108_21,13,364727387,850000,850080,105,99,2037495.377332,,14.0,1513.5582,0.0,3,836.805,2026-04-24T09:22:58,2026-04-24T09:36:55,ok,pickles/moead_ws/r108_21/run13.pkl,unknown,4
moead_ws,r108_21,21,3481497160,850000,850080,105,93,443368.131352,,15.0,1557.5074,0.0,3,847.368,2026-04-24T09:26:41,2026-04-24T09:40:49,ok,pickles/moead_ws/r108_21/run21.pkl,unknown,4
nsga2,r210_21,12,529832321,850000,850080,105,105,2935380.883588,,4.0,891.9736,0.0,2,1320.934,2026-04-24T09:18:57,2026-04-24T09:40:58,ok,pickles/nsga2/r210_21/run12.pkl,unknown,4
nsga2,r209_21,7,1155316067,850000,850080,105,105,3389205.189302,,5.0,1062.949,0.0,2,1455.879,2026-04-24T09:19:27,2026-04-24T09:43:42,ok,pickles/nsga2/r209_21/run07.pkl,unknown,4
smsemoa,r111_21,2,2012894569,850000,850080,105,105,2910620.844843,,15.0,1531.9833,0.0,7,690.18,2026-04-24T09:32:38,2026-04-24T09:44:08,ok,pickles/smsemoa/r111_21/run02.pkl,unknown,4
moead_ws,c203_21,21,217735108,850000,850080,105,89,42787579.674791,,5.0,967.1028,97.0,3,1421.737,2026-04-24T09:21:37,2026-04-24T09:45:19,ok,pickles/moead_ws/c203_21/run21.pkl,unknown,4
moead_ws,c105_21,9,339728576,850000,850080,105,105,103708033.252287,,17.0,1999.6128,671.9479,6,851.542,2026-04-24T09:32:34,2026-04-24T09:46:46,ok,pickles/moead_ws/c105_21/run09.pkl,unknown,4
smsemoa,r108_21,12,2051869466,850000,850080,105,105,637888.418291,,13.0,1420.5052,0.0,5,759.697,2026-04-24T09:34:55,2026-04-24T09:47:35,ok,pickles/smsemoa/r108_21/run12.pkl,unknown,4
smsemoa,r108_21,13,2043402308,850000,850080,105,105,1807987.704222,,13.0,1348.764,0.0,5,779.193,2026-04-24T09:35:26,2026-04-24T09:48:25,ok,pickles/smsemoa/r108_21/run13.pkl,unknown,4
moead_ws,c105_21,24,3101256149,850000,850080,105,92,65272913.372587,,17.0,1804.8821,6107.0915,5,906.731,2026-04-24T09:34:36,2026-04-24T09:49:43,ok,pickles/moead_ws/c105_21/run24.pkl,unknown,4
smsemoa,r204_21,4,838287205,850000,850080,105,105,1268970.196381,,4.0,877.6772,0.0,3,1425.549,2026-04-24T09:28:27,2026-04-24T09:52:13,ok,pickles/smsemoa/r204_21/run04.pkl,unknown,4
nsga2,r108_21,3,4019706852,850000,850080,105,105,1013835.476047,,13.0,1398.714,0.0,5,725.418,2026-04-24T09:40:49,2026-04-24T09:52:54,ok,pickles/nsga2/r108_21/run03.pkl,unknown,4
moead_ws,rc207_21,8,4284611391,850000,850080,105,100,11472290.816393,,4.0,1142.2661,0.0,4,1421.678,2026-04-24T09:30:35,2026-04-24T09:54:16,ok,pickles/moead_ws/rc207_21/run08.pkl,unknown,4
smsemoa,r206_21,9,2536897454,850000,850080,105,105,9516616.574951,,4.0,1078.8525,0.0,3,1348.695,2026-04-24T09:32:18,2026-04-24T09:54:47,ok,pickles/smsemoa/r206_21/run09.pkl,unknown,4
nsga2,rc103_21,21,1652858779,850000,850080,105,105,8217851.793843,,17.0,2013.4228,0.0,8,641.136,2026-04-24T09:45:19,2026-04-24T09:56:00,ok,pickles/nsga2/rc103_21/run21.pkl,unknown,4
smsemoa,c105_21,15,2954014854,850000,850080,105,105,73454804.155558,,15.0,1793.1721,1884.5152,7,721.163,2026-04-24T09:44:08,2026-04-24T09:56:10,ok,pickles/smsemoa/c105_21/run15.pkl,unknown,4
moead_ws,c203_21,2,988512814,850000,850080,105,82,56651308.977112,,5.0,1056.2886,67.0,4,1190.822,2026-04-24T09:36:56,2026-04-24T09:56:46,ok,pickles/moead_ws/c203_21/run02.pkl,unknown,4
moead_ws,c203_21,6,2975400759,850000,850080,105,91,218156357.948522,,4.0,1003.4209,0.0,4,1329.031,2026-04-24T09:35:13,2026-04-24T09:57:23,ok,pickles/moead_ws/c203_21/run06.pkl,unknown,4
moead_ws,r204_21,16,2144430292,850000,850080,105,95,1553159.842404,,4.0,856.7273,0.0,3,1432.377,2026-04-24T09:34:21,2026-04-24T09:58:13,ok,pickles/moead_ws/r204_21/run16.pkl,unknown,4
smsemoa,rc103_21,12,3917540888,850000,850080,105,105,7136593.733091,,16.0,1835.8634,0.0,9,658.011,2026-04-24T09:47:35,2026-04-24T09:58:33,ok,pickles/smsemoa/rc103_21/run12.pkl,unknown,4
smsemoa,r210_21,29,574599472,850000,850080,105,105,9723173.448779,,4.0,865.1736,0.0,3,1468.794,2026-04-24T09:34:34,2026-04-24T09:59:03,ok,pickles/smsemoa/r210_21/run29.pkl,unknown,4
moead_ws,r106_21,4,2065978326,850000,850080,105,94,22398728.942848,,21.0,1956.2135,1.7843,11,745.781,2026-04-24T09:46:46,2026-04-24T09:59:12,ok,pickles/moead_ws/r106_21/run04.pkl,unknown,4
smsemoa,r110_21,29,4086345655,850000,850080,105,105,1463777.283766,,15.0,1377.2405,0.0,4,713.882,2026-04-24T09:49:43,2026-04-24T10:01:36,ok,pickles/smsemoa/r110_21/run29.pkl,unknown,4
smsemoa,rc105_21,7,2814576486,850000,850080,105,105,21804129.233885,,20.0,2322.9994,21.4695,12,624.318,2026-04-24T09:52:54,2026-04-24T10:03:18,ok,pickles/smsemoa/rc105_21/run07.pkl,unknown,4
moead_ws,c204_21,7,982741774,850000,850080,105,92,133414938.571687,,4.0,1098.3868,0.0,4,1406.874,2026-04-24T09:40:58,2026-04-24T10:04:25,ok,pickles/moead_ws/c204_21/run07.pkl,unknown,4
moead_ws,c203_21,22,3820324448,850000,850080,105,101,148037987.124743,,6.0,1222.5492,0.0,4,1267.146,2026-04-24T09:43:43,2026-04-24T10:04:50,ok,pickles/moead_ws/c203_21/run22.pkl,unknown,4
moead_ws,r104_21,21,231149177,850000,850080,105,102,4139863.45366,,14.0,1425.4194,0.0,5,883.855,2026-04-24T09:54:17,2026-04-24T10:09:01,ok,pickles/moead_ws/r104_21/run21.pkl,unknown,4
moead_ws,r104_21,6,3310240233,850000,850080,105,92,3254263.179635,,15.0,1547.1644,0.0,7,785.642,2026-04-24T09:58:13,2026-04-24T10:11:19,ok,pickles/moead_ws/r104_21/run06.pkl,unknown,4
moead_ws,r110_21,25,1923866153,850000,850080,105,98,3346454.90562,,16.0,1506.1286,0.0,5,775.038,2026-04-24T09:58:33,2026-04-24T10:11:29,ok,pickles/moead_ws/r110_21/run25.pkl,unknown,4
moead_ws,rc103_21,11,4193055012,850000,850080,105,95,8989266.176242,,17.0,1820.4732,0.59,6,783.202,2026-04-24T09:59:03,2026-04-24T10:12:07,ok,pickles/moead_ws/rc103_21/run11.pkl,unknown,4
moead_ws,r209_21,4,3044644273,850000,850080,105,103,77884647.537646,,4.0,1004.5021,0.0,5,1561.227,2026-04-24T09:48:25,2026-04-24T10:14:27,ok,pickles/moead_ws/r209_21/run04.pkl,unknown,4
moead_ws,rc103_21,9,3973410198,850000,850080,105,102,17527357.608355,,18.0,2174.1928,7.5461,9,799.948,2026-04-24T10:01:37,2026-04-24T10:14:57,ok,pickles/moead_ws/rc103_21/run09.pkl,unknown,4
moead_ws,r206_21,19,3420356281,850000,850080,105,93,34195818.537833,,4.0,969.1122,0.0,5,1364.06,2026-04-24T09:52:13,2026-04-24T10:14:57,ok,pickles/moead_ws/r206_21/run19.pkl,unknown,4
moead_ws,c203_21,27,1780742223,850000,850080,105,100,67103451.611789,,5.0,1201.8166,0.0,3,1194.228,2026-04-24T09:56:10,2026-04-24T10:16:04,ok,pickles/moead_ws/c203_21/run27.pkl,unknown,4
smsemoa,r210_21,22,3809969693,850000,850080,105,105,4215216.165918,,4.0,947.2836,0.0,3,1242.062,2026-04-24T09:56:00,2026-04-24T10:16:42,ok,pickles/smsemoa/r210_21/run22.pkl,unknown,4
nsga2,c205_21,7,2576425214,850000,850080,105,105,70989382.719569,,4.0,957.949,287.0039,6,1272.411,2026-04-24T09:56:46,2026-04-24T10:17:59,ok,pickles/nsga2/c205_21/run07.pkl,unknown,4
moead_ws,r209_21,8,3541161363,850000,850080,105,99,41036273.835294,,4.0,907.9122,0.0,4,1451.39,2026-04-24T09:54:47,2026-04-24T10:18:59,ok,pickles/moead_ws/r209_21/run08.pkl,unknown,4
moead_ws,c203_21,5,1079312015,850000,850080,105,87,103396061.854945,,4.0,1106.3831,0.0,5,1300.791,2026-04-24T09:59:13,2026-04-24T10:20:54,ok,pickles/moead_ws/c203_21/run05.pkl,unknown,4
nsga2,r111_21,30,2323964735,850000,850080,105,105,1160556.22955,,15.0,1497.4425,0.0,5,662.944,2026-04-24T10:12:07,2026-04-24T10:23:09,ok,pickles/nsga2/r111_21/run30.pkl,unknown,4
smsemoa,c204_21,11,883133159,850000,850080,105,105,3358583.846093,,4.0,936.3142,0.0,2,1548.382,2026-04-24T09:57:23,2026-04-24T10:23:11,ok,pickles/smsemoa/c204_21/run11.pkl,unknown,4
moead_ws,r110_21,6,2845455137,850000,850080,105,102,28051735.858005,,14.0,1415.554,0.0,7,795.462,2026-04-24T10:11:20,2026-04-24T10:24:35,ok,pickles/moead_ws/r110_21/run06.pkl,unknown,4
smsemoa,rc207_21,16,2387686299,850000,850080,105,105,17572873.94891,,4.0,836.9043,0.0,3,1320.181,2026-04-24T10:03:18,2026-04-24T10:25:19,ok,pickles/smsemoa/rc207_21/run16.pkl,unknown,4
smsemoa,r111_21,13,2509608172,850000,850080,105,105,1957682.124952,,16.0,1702.8545,0.0,6,732.121,2026-04-24T10:14:27,2026-04-24T10:26:39,ok,pickles/smsemoa/r111_21/run13.pkl,unknown,4
smsemoa,c204_21,27,1605162860,850000,850080,105,105,8546084.374825,,4.0,896.1448,0.0,3,1411.015,2026-04-24T10:04:25,2026-04-24T10:27:56,ok,pickles/smsemoa/c204_21/run27.pkl,unknown,4
moead_ws,r204_21,19,3219310585,850000,850080,105,92,2022156.309596,,3.0,925.6677,0.0,3,1378.787,2026-04-24T10:09:01,2026-04-24T10:32:00,ok,pickles/moead_ws/r204_21/run19.pkl,unknown,4
moead_ws,c204_21,24,3234891708,850000,850080,105,91,1824052.997317,,4.0,888.5516,0.0,2,1663.174,2026-04-24T10:04:51,2026-04-24T10:32:34,ok,pickles/moead_ws/c204_21/run24.pkl,unknown,4
moead_ws,c204_21,5,455321974,850000,850080,105,99,208722460.831501,,4.0,1071.6438,0.0,4,1389.846,2026-04-24T10:11:29,2026-04-24T10:34:39,ok,pickles/moead_ws/c204_21/run05.pkl,unknown,4
nsga2,c203_21,2,3233199059,850000,850080,105,105,18277824.008221,,5.0,1114.8256,0.0,4,1211.148,2026-04-24T10:14:57,2026-04-24T10:35:09,ok,pickles/nsga2/c203_21/run02.pkl,unknown,4
moead_ws,c203_21,15,3525512808,850000,850080,105,101,89395360.124431,,4.0,1146.6401,189.1885,3,1187.477,2026-04-24T10:16:43,2026-04-24T10:36:30,ok,pickles/moead_ws/c203_21/run15.pkl,unknown,4
nsga2,r104_21,30,3407252766,850000,850080,105,105,1955373.796025,,15.0,1602.3322,0.0,7,688.649,2026-04-24T10:25:19,2026-04-24T10:36:47,ok,pickles/nsga2/r104_21/run30.pkl,unknown,4
moead_ws,c203_21,1,1651078,850000,850080,105,95,119994885.917558,,5.0,950.5196,0.0,3,1250.413,2026-04-24T10:16:05,2026-04-24T10:36:55,ok,pickles/moead_ws/c203_21/run01.pkl,unknown,4
nsga2,r204_21,16,177769548,850000,850080,105,43,40829.916675,,4.0,1055.6164,0.0,1,1324.903,2026-04-24T10:14:57,2026-04-24T10:37:02,ok,pickles/nsga2/r204_21/run16.pkl,unknown,4
smsemoa,rc103_21,18,4212251348,850000,850080,105,105,7340087.837738,,16.0,1926.5214,0.0,9,699.767,2026-04-24T10:27:56,2026-04-24T10:39:36,ok,pickles/smsemoa/rc103_21/run18.pkl,unknown,4
nsga2,r209_21,4,249497379,850000,850080,105,105,8180316.75625,,4.0,895.4274,0.0,3,1391.891,2026-04-24T10:17:59,2026-04-24T10:41:11,ok,pickles/nsga2/r209_21/run04.pkl,unknown,4
smsemoa,c203_21,30,2339505549,850000,850080,105,105,65716648.843513,,4.0,1088.2333,0.0,5,1228.373,2026-04-24T10:20:54,2026-04-24T10:41:22,ok,pickles/smsemoa/c203_21/run30.pkl,unknown,4
moead_ws,r108_21,19,2618472153,850000,850080,105,78,2140818.043009,,13.0,1520.4766,0.0,5,885.553,2026-04-24T10:26:39,2026-04-24T10:41:25,ok,pickles/moead_ws/r108_21/run19.pkl,unknown,4
nsga2,c205_21,3,2078657356,850000,850080,105,105,60552926.351894,,5.0,1088.1864,0.0,3,1169.175,2026-04-24T10:24:35,2026-04-24T10:44:04,ok,pickles/nsga2/c205_21/run03.pkl,unknown,4
moead_ws,r210_21,17,1803372374,850000,850080,105,91,9745575.647304,,4.0,991.7273,0.0,3,1526.161,2026-04-24T10:18:59,2026-04-24T10:44:25,ok,pickles/moead_ws/r210_21/run17.pkl,unknown,4
nsga2,c205_21,2,965169159,850000,850080,105,105,39813180.984278,,5.0,974.0209,1911.0005,3,1329.376,2026-04-24T10:23:09,2026-04-24T10:45:19,ok,pickles/nsga2/c205_21/run02.pkl,unknown,4
moead_ws,r106_21,29,2264031233,850000,850080,105,103,22066815.753901,,20.0,1909.2169,34.2686,11,758.967,2026-04-24T10:35:09,2026-04-24T10:47:48,ok,pickles/moead_ws/r106_21/run29.pkl,unknown,4
nsga2,c204_21,20,1229271528,850000,850080,105,92,4593742.195666,,4.0,864.8629,0.0,4,1483.093,2026-04-24T10:23:11,2026-04-24T10:47:54,ok,pickles/nsga2/c204_21/run20.pkl,unknown,4
moead_ws,c105_21,15,177237107,850000,850080,105,103,118703839.637091,,16.0,1754.4028,618.0464,7,814.044,2026-04-24T10:34:39,2026-04-24T10:48:13,ok,pickles/moead_ws/c105_21/run15.pkl,unknown,4
nsga2,r111_21,5,1615677079,850000,850080,105,105,4400960.539528,,15.0,1577.0494,0.0,7,685.324,2026-04-24T10:37:02,2026-04-24T10:48:27,ok,pickles/nsga2/r111_21/run05.pkl,unknown,4
smsemoa,r111_21,10,3750262271,850000,850080,105,101,1181018.137978,,15.0,1502.3653,0.0,7,721.296,2026-04-24T10:36:55,2026-04-24T10:48:56,ok,pickles/smsemoa/r111_21/run10.pkl,unknown,4
moead_ws,r104_21,27,2397433112,850000,850080,105,98,3221564.428403,,16.0,1663.6463,0.0,7,812.907,2026-04-24T10:36:48,2026-04-24T10:50:21,ok,pickles/moead_ws/r104_21/run27.pkl,unknown,4
smsemoa,r106_21,23,1914186936,850000,850080,105,105,11341425.882836,,19.0,1808.5749,0.1868,9,674.696,2026-04-24T10:39:36,2026-04-24T10:50:51,ok,pickles/smsemoa/r106_21/run23.pkl,unknown,4
nsga2,r108_21,16,3864859647,850000,850080,105,105,1437523.37872,,13.0,1395.9502,0.0,5,770.886,2026-04-24T10:41:11,2026-04-24T10:54:02,ok,pickles/nsga2/r108_21/run16.pkl,unknown,4
moead_ws,c205_21,27,2191783066,850000,850080,105,104,125251096.63482,,5.0,1146.6954,5985.237,3,1338.161,2026-04-24T10:32:34,2026-04-24T10:54:52,ok,pickles/moead_ws/c205_21/run27.pkl,unknown,4
moead_ws,rc207_21,21,2003106226,850000,850080,105,102,28976646.769846,,5.0,1081.9159,0.0,4,1433.207,2026-04-24T10:32:00,2026-04-24T10:55:54,ok,pickles/moead_ws/rc207_21/run21.pkl,unknown,4
nsga2,c205_21,21,265909781,850000,850080,105,105,267254025.506765,,4.0,1058.9086,0.0,7,1215.729,2026-04-24T10:36:30,2026-04-24T10:56:46,ok,pickles/nsga2/c205_21/run21.pkl,unknown,4
smsemoa,r110_21,1,2707137499,850000,850080,105,105,2027339.947593,,15.0,1540.0414,0.0,6,701.124,2026-04-24T10:45:19,2026-04-24T10:57:00,ok,pickles/smsemoa/r110_21/run01.pkl,unknown,4
moead_ws,r104_21,4,2572119514,850000,850080,105,95,7121472.797966,,14.0,1507.5979,8.7631,7,833.206,2026-04-24T10:44:05,2026-04-24T10:57:58,ok,pickles/moead_ws/r104_21/run04.pkl,unknown,4
moead_ws,rc105_21,29,532034327,850000,850080,105,100,29067386.584642,,21.0,2473.5267,26.5198,10,745.816,2026-04-24T10:48:57,2026-04-24T11:01:23,ok,pickles/moead_ws/rc105_21/run29.pkl,unknown,4
nsga2,r106_21,4,3355547741,850000,850080,105,105,9869596.70317,,17.0,1751.0148,0.0,9,652.326,2026-04-24T10:50:51,2026-04-24T11:01:43,ok,pickles/nsga2/r106_21/run04.pkl,unknown,4
smsemoa,rc207_21,29,1493709998,850000,850080,105,105,9255821.32998,,4.0,1039.2491,0.0,4,1330.005,2026-04-24T10:41:22,2026-04-24T11:03:32,ok,pickles/smsemoa/rc207_21/run29.pkl,unknown,4
nsga2,r206_21,9,691769139,850000,850080,105,105,6780091.54993,,4.0,1021.1022,0.0,3,1421.849,2026-04-24T10:41:25,2026-04-24T11:05:07,ok,pickles/nsga2/r206_21/run09.pkl,unknown,4
nsga2,r110_21,9,3441239690,850000,850080,105,105,731259.504437,,16.0,1552.3479,0.0,4,654.194,2026-04-24T10:57:00,2026-04-24T11:07:54,ok,pickles/nsga2/r110_21/run09.pkl,unknown,4
moead_ws,r104_21,2,157393085,850000,850080,105,100,4117131.262103,,14.0,1372.0207,0.0,7,846.163,2026-04-24T10:54:02,2026-04-24T11:08:08,ok,pickles/moead_ws/r104_21/run02.pkl,unknown,4
nsga2,r111_21,3,1085414175,850000,850080,105,105,4452721.718921,,15.0,1607.5418,0.0,8,683.225,2026-04-24T10:57:58,2026-04-24T11:09:21,ok,pickles/nsga2/r111_21/run03.pkl,unknown,4
nsga2,c204_21,13,1709524619,850000,850080,105,105,6885101.722534,,4.0,1148.1026,0.0,3,1296.669,2026-04-24T10:47:48,2026-04-24T11:09:25,ok,pickles/nsga2/c204_21/run13.pkl,unknown,4
smsemoa,c204_21,2,1034726393,850000,850080,105,55,2047985.36916,,4.0,1029.825,0.0,2,1530.751,2026-04-24T10:44:25,2026-04-24T11:09:56,ok,pickles/smsemoa/c204_21/run02.pkl,unknown,4
nsga2,c203_21,3,2307783145,850000,850080,105,105,35108099.425085,,4.0,914.9958,0.0,4,1328.458,2026-04-24T10:48:27,2026-04-24T11:10:36,ok,pickles/nsga2/c203_21/run03.pkl,unknown,4
nsga2,r106_21,5,2609402000,850000,850080,105,105,14529326.988901,,18.0,1808.5528,0.0,10,660.825,2026-04-24T11:01:23,2026-04-24T11:12:24,ok,pickles/nsga2/r106_21/run05.pkl,unknown,4
smsemoa,c204_21,7,3929346897,850000,850080,105,105,3255324.011755,,4.0,918.3324,0.0,3,1463.34,2026-04-24T10:48:13,2026-04-24T11:12:37,ok,pickles/smsemoa/c204_21/run07.pkl,unknown,4
nsga2,r106_21,23,2547677400,850000,850080,105,105,15270761.84272,,17.0,1705.5565,0.0,11,655.583,2026-04-24T11:01:43,2026-04-24T11:12:39,ok,pickles/nsga2/r106_21/run23.pkl,unknown,4
nsga2,r210_21,26,2088744674,850000,850080,105,105,1993017.613982,,4.0,1012.6425,0.0,2,1493.257,2026-04-24T10:47:54,2026-04-24T11:12:47,ok,pickles/nsga2/r210_21/run26.pkl,unknown,4
moead_ws,rc207_21,26,512994537,850000,850080,105,100,18089320.41723,,5.0,1231.5935,0.0,4,1352.701,2026-04-24T10:50:21,2026-04-24T11:12:54,ok,pickles/moead_ws/rc207_21/run26.pkl,unknown,4
smsemoa,r106_21,19,1420521250,850000,850080,105,105,8154716.621623,,16.0,1772.8793,12.7149,9,666.926,2026-04-24T11:03:32,2026-04-24T11:14:39,ok,pickles/smsemoa/r106_21/run19.pkl,unknown,4
smsemoa,r111_21,24,1826376249,850000,850080,105,105,1204116.321456,,15.0,1595.3129,0.0,6,711.137,2026-04-24T11:05:07,2026-04-24T11:16:58,ok,pickles/smsemoa/r111_21/run24.pkl,unknown,4
moead_ws,c203_21,20,1151213803,850000,850080,105,87,137636144.686332,,4.0,1282.1843,72.067,5,1284.372,2026-04-24T10:55:54,2026-04-24T11:17:18,ok,pickles/moead_ws/c203_21/run20.pkl,unknown,4
nsga2,r111_21,8,2818930713,850000,850080,105,105,2855821.502841,,15.0,1556.631,0.0,6,673.199,2026-04-24T11:07:54,2026-04-24T11:19:07,ok,pickles/nsga2/r111_21/run08.pkl,unknown,4
moead_ws,r210_21,4,3473474509,850000,850080,105,102,15243876.477876,,4.0,1084.0546,0.0,4,1540.755,2026-04-24T10:54:53,2026-04-24T11:20:34,ok,pickles/moead_ws/r210_21/run04.pkl,unknown,4
nsga2,r209_21,29,114740939,850000,850080,105,105,1566437.796807,,4.0,1085.1423,0.0,2,1443.433,2026-04-24T10:56:46,2026-04-24T11:20:49,ok,pickles/nsga2/r209_21/run29.pkl,unknown,4
smsemoa,r111_21,26,280422641,850000,850080,105,105,1455445.099412,,14.0,1412.6313,0.0,5,690.503,2026-04-24T11:09:21,2026-04-24T11:20:52,ok,pickles/smsemoa/r111_21/run26.pkl,unknown,4
moead_ws,r108_21,7,379374319,850000,850080,105,89,1029934.720812,,14.0,1467.9569,0.0,4,869.623,2026-04-24T11:08:09,2026-04-24T11:22:39,ok,pickles/moead_ws/r108_21/run07.pkl,unknown,4
smsemoa,rc105_21,3,174745905,850000,850080,105,105,21776475.121183,,19.0,2169.2663,5.6525,11,670.18,2026-04-24T11:12:39,2026-04-24T11:23:49,ok,pickles/smsemoa/rc105_21/run03.pkl,unknown,4
smsemoa,rc105_21,6,2556390344,850000,850080,105,105,15833524.856414,,18.0,2082.5164,0.0,12,663.347,2026-04-24T11:12:54,2026-04-24T11:23:57,ok,pickles/smsemoa/rc105_21/run06.pkl,unknown,4
moead_ws,r106_21,6,3320395598,850000,850080,105,102,12632151.434331,,19.0,1663.4043,42.4995,8,830.277,2026-04-24T11:10:36,2026-04-24T11:24:26,ok,pickles/moead_ws/r106_21/run06.pkl,unknown,4
smsemoa,c203_21,2,2807450057,850000,850080,105,105,38400912.039673,,4.0,878.0014,0.0,3,1228.417,2026-04-24T11:09:56,2026-04-24T11:30:25,ok,pickles/smsemoa/c203_21/run02.pkl,unknown,4
moead_ws,rc207_21,22,2639698030,850000,850080,105,99,28845935.129485,,4.0,906.6966,0.0,4,1391.446,2026-04-24T11:09:25,2026-04-24T11:32:37,ok,pickles/moead_ws/rc207_21/run22.pkl,unknown,4
nsga2,rc103_21,4,3824418448,850000,850080,105,105,9850844.887557,,16.0,2055.3876,1.376,10,668.0,2026-04-24T11:22:39,2026-04-24T11:33:47,ok,pickles/nsga2/rc103_21/run04.pkl,unknown,4
smsemoa,r210_21,7,2131347766,850000,850080,105,105,14635159.286367,,4.0,966.0485,0.0,4,1407.858,2026-04-24T11:12:47,2026-04-24T11:36:15,ok,pickles/smsemoa/r210_21/run07.pkl,unknown,4
nsga2,r209_21,28,823100960,850000,850080,105,105,4474436.451251,,4.0,1037.4057,0.0,3,1442.976,2026-04-24T11:12:24,2026-04-24T11:36:27,ok,pickles/nsga2/r209_21/run28.pkl,unknown,4
moead_ws,c205_21,22,1359884081,850000,850080,105,104,688049344.108397,,6.0,1117.4635,1828.3103,4,1178.322,2026-04-24T11:17:19,2026-04-24T11:36:57,ok,pickles/moead_ws/c205_21/run22.pkl,unknown,4
smsemoa,c204_21,26,3827863092,850000,850080,105,105,5962391.017983,,4.0,926.2616,0.0,3,1515.772,2026-04-24T11:12:37,2026-04-24T11:37:53,ok,pickles/smsemoa/c204_21/run26.pkl,unknown,4
nsga2,r204_21,9,1108245614,850000,850080,105,105,207970.566611,,3.0,952.3207,0.0,2,1514.999,2026-04-24T11:14:39,2026-04-24T11:39:54,ok,pickles/nsga2/r204_21/run09.pkl,unknown,4
nsga2,r206_21,17,2139946534,850000,850080,105,105,3585899.60896,,4.0,1047.8756,0.0,3,1377.054,2026-04-24T11:19:07,2026-04-24T11:42:05,ok,pickles/nsga2/r206_21/run17.pkl,unknown,4
nsga2,r111_21,23,2001730644,850000,850080,105,105,3008658.442555,,16.0,1606.8687,0.0,7,681.521,2026-04-24T11:32:37,2026-04-24T11:43:58,ok,pickles/nsga2/r111_21/run23.pkl,unknown,4
moead_ws,c204_21,11,2260106400,850000,850080,105,97,276242694.985406,,5.0,1047.4575,0.0,3,1635.027,2026-04-24T11:16:58,2026-04-24T11:44:13,ok,pickles/moead_ws/c204_21/run11.pkl,unknown,4
nsga2,r210_21,10,189542688,850000,850080,105,105,2129475.062467,,4.0,1031.1528,0.0,3,1452.299,2026-04-24T11:20:34,2026-04-24T11:44:46,ok,pickles/nsga2/r210_21/run10.pkl,unknown,4
moead_ws,r209_21,7,3104083301,850000,850080,105,102,93052403.116422,,4.0,971.117,0.0,5,1439.856,2026-04-24T11:20:52,2026-04-24T11:44:52,ok,pickles/moead_ws/r209_21/run07.pkl,unknown,4
moead_ws,r206_21,30,3196222601,850000,850080,105,97,35890652.87255,,4.0,855.3696,0.0,5,1473.104,2026-04-24T11:20:50,2026-04-24T11:45:23,ok,pickles/moead_ws/r206_21/run30.pkl,unknown,4
moead_ws,r210_21,18,2089854038,850000,850080,105,101,12805836.413846,,5.0,936.389,0.0,5,1317.582,2026-04-24T11:23:58,2026-04-24T11:45:55,ok,pickles/moead_ws/r210_21/run18.pkl,unknown,4
nsga2,r209_21,20,1215093605,850000,850080,105,105,11258331.305005,,4.0,991.751,0.0,3,1428.265,2026-04-24T11:24:26,2026-04-24T11:48:15,ok,pickles/nsga2/r209_21/run20.pkl,unknown,4
smsemoa,r111_21,1,3111173971,850000,850080,105,105,2919839.609217,,14.0,1547.322,0.0,7,717.754,2026-04-24T11:36:27,2026-04-24T11:48:24,ok,pickles/smsemoa/r111_21/run01.pkl,unknown,4
nsga2,r110_21,14,445951654,850000,850080,105,105,1654537.697658,,15.0,1557.3644,0.0,5,678.819,2026-04-24T11:37:53,2026-04-24T11:49:11,ok,pickles/nsga2/r110_21/run14.pkl,unknown,4
moead_ws,c204_21,3,3411994849,850000,850080,105,85,32525537.5411,,4.0,1078.1466,0.0,4,1527.393,2026-04-24T11:23:49,2026-04-24T11:49:17,ok,pickles/moead_ws/c204_21/run03.pkl,unknown,4
nsga2,r106_21,28,3343246823,850000,850080,105,105,10690273.108672,,19.0,1792.8977,0.6015,9,637.325,2026-04-24T11:39:54,2026-04-24T11:50:31,ok,pickles/nsga2/r106_21/run28.pkl,unknown,4
moead_ws,r210_21,10,1302431803,850000,850080,105,102,12683128.735697,,4.0,946.5864,0.0,2,1494.614,2026-04-24T11:30:25,2026-04-24T11:55:20,ok,pickles/moead_ws/r210_21/run10.pkl,unknown,4
nsga2,rc103_21,17,1563563562,850000,850080,105,105,11280938.247011,,16.0,2035.8637,0.0,9,682.831,2026-04-24T11:44:46,2026-04-24T11:56:09,ok,pickles/nsga2/rc103_21/run17.pkl,unknown,4
smsemoa,r108_21,4,3873891842,850000,850080,105,105,1471570.145004,,12.0,1301.4882,0.0,5,791.543,2026-04-24T11:44:13,2026-04-24T11:57:25,ok,pickles/smsemoa/r108_21/run04.pkl,unknown,4
nsga2,r209_21,17,1003856460,850000,850080,105,105,4172584.429124,,3.0,982.0736,0.0,3,1508.635,2026-04-24T11:33:47,2026-04-24T11:58:55,ok,pickles/nsga2/r209_21/run17.pkl,unknown,4
nsga2,rc207_21,25,733606008,850000,850080,105,105,11023509.748706,,4.0,1015.1962,0.0,4,1378.159,2026-04-24T11:36:15,2026-04-24T11:59:13,ok,pickles/nsga2/rc207_21/run25.pkl,unknown,4
nsga2,r111_21,22,1381036903,850000,850080,105,105,992448.910855,,14.0,1394.5571,0.0,5,693.983,2026-04-24T11:48:15,2026-04-24T11:59:49,ok,pickles/nsga2/r111_21/run22.pkl,unknown,4
nsga2,c105_21,20,2108793693,850000,850080,105,105,151356121.771433,,15.0,1954.8995,1115.9603,12,663.017,2026-04-24T11:49:11,2026-04-24T12:00:14,ok,pickles/nsga2/c105_21/run20.pkl,unknown,4
nsga2,c204_21,2,238438465,850000,850080,105,105,2532708.195696,,4.0,936.6064,0.0,2,1447.365,2026-04-24T11:36:57,2026-04-24T12:01:05,ok,pickles/nsga2/c204_21/run02.pkl,unknown,4
smsemoa,c205_21,3,2306325788,850000,850080,105,104,69310640.271478,,4.0,916.161,1085.1154,4,1288.545,2026-04-24T11:42:05,2026-04-24T12:03:33,ok,pickles/smsemoa/c205_21/run03.pkl,unknown,4
smsemoa,c205_21,13,1077031463,850000,850080,105,105,41624211.877292,,4.0,1022.4937,174.0,4,1260.465,2026-04-24T11:45:23,2026-04-24T12:06:24,ok,pickles/smsemoa/c205_21/run13.pkl,unknown,4
moead_ws,r204_21,18,2425973263,850000,850080,105,92,1518452.280297,,4.0,1122.3009,0.0,4,1376.261,2026-04-24T11:43:59,2026-04-24T12:06:55,ok,pickles/moead_ws/r204_21/run18.pkl,unknown,4
nsga2,r206_21,12,1301021896,850000,850080,105,105,1601883.488454,,4.0,937.9803,0.0,2,1427.458,2026-04-24T11:44:52,2026-04-24T12:08:40,ok,pickles/nsga2/r206_21/run12.pkl,unknown,4
smsemoa,r110_21,26,4050562148,850000,850080,105,105,1375332.443038,,15.0,1523.3231,0.0,4,718.258,2026-04-24T11:57:25,2026-04-24T12:09:23,ok,pickles/smsemoa/r110_21/run26.pkl,unknown,4
nsga2,rc105_21,30,762466029,850000,850080,105,105,20591358.405283,,18.0,2086.5603,0.0,13,639.607,2026-04-24T11:58:55,2026-04-24T12:09:35,ok,pickles/nsga2/rc105_21/run30.pkl,unknown,4
smsemoa,c105_21,21,693680798,850000,850080,105,105,144769537.318212,,13.0,1696.8656,760.5983,11,697.7,2026-04-24T11:59:13,2026-04-24T12:10:51,ok,pickles/smsemoa/c105_21/run21.pkl,unknown,4
smsemoa,r210_21,2,1195223640,850000,850080,105,105,3216237.39218,,4.0,1019.1995,0.0,2,1318.315,2026-04-24T11:49:17,2026-04-24T12:11:15,ok,pickles/smsemoa/r210_21/run02.pkl,unknown,4
nsga2,r111_21,26,3201902257,850000,850080,105,105,1416110.460079,,16.0,1528.8706,0.0,4,679.19,2026-04-24T12:00:14,2026-04-24T12:11:34,ok,pickles/nsga2/r111_21/run26.pkl,unknown,4
smsemoa,r210_21,12,2301197362,850000,850080,105,105,4211209.558293,,4.0,900.3161,0.0,2,1391.818,2026-04-24T11:50:31,2026-04-24T12:13:43,ok,pickles/smsemoa/r210_21/run12.pkl,unknown,4
smsemoa,r204_21,10,4264631601,850000,850080,105,72,394269.7623,,3.0,850.0276,0.0,2,1678.094,2026-04-24T11:45:55,2026-04-24T12:13:53,ok,pickles/smsemoa/r204_21/run10.pkl,unknown,4
nsga2,c205_21,25,2116695735,850000,850080,105,105,89796932.814409,,5.0,1053.2205,9.2938,5,1138.382,2026-04-24T11:55:20,2026-04-24T12:14:18,ok,pickles/nsga2/c205_21/run25.pkl,unknown,4
moead_ws,r111_21,13,3594082750,850000,850080,105,94,1595276.519063,,18.0,1717.5821,0.0,4,813.961,2026-04-24T12:01:05,2026-04-24T12:14:39,ok,pickles/moead_ws/r111_21/run13.pkl,unknown,4
moead_ws,r204_21,24,2660671839,850000,850080,105,87,274227.205172,,3.0,825.8718,0.0,2,1673.191,2026-04-24T11:48:25,2026-04-24T12:16:18,ok,pickles/moead_ws/r204_21/run24.pkl,unknown,4
smsemoa,rc105_21,28,4077993228,850000,850080,105,105,14023311.352724,,17.0,2183.5816,2.7945,12,665.321,2026-04-24T12:09:23,2026-04-24T12:20:29,ok,pickles/smsemoa/rc105_21/run28.pkl,unknown,4
moead_ws,rc207_21,28,1541672946,850000,850080,105,100,13124126.890426,,5.0,999.4666,0.0,3,1488.224,2026-04-24T11:56:09,2026-04-24T12:20:57,ok,pickles/moead_ws/rc207_21/run28.pkl,unknown,4
nsga2,r110_21,29,3865250396,850000,850080,105,105,5455132.517454,,16.0,1642.6591,0.0,7,668.599,2026-04-24T12:11:15,2026-04-24T12:22:24,ok,pickles/nsga2/r110_21/run29.pkl,unknown,4
smsemoa,rc207_21,9,3879127297,850000,850080,105,105,6989277.228705,,4.0,863.4066,0.0,3,1390.013,2026-04-24T11:59:49,2026-04-24T12:22:59,ok,pickles/smsemoa/rc207_21/run09.pkl,unknown,4
smsemoa,r108_21,25,132993307,850000,850080,105,105,746394.535037,,14.0,1410.1841,0.0,5,753.363,2026-04-24T12:11:34,2026-04-24T12:24:07,ok,pickles/smsemoa/r108_21/run25.pkl,unknown,4
nsga2,rc207_21,12,2984909110,850000,850080,105,105,12681511.106245,,4.0,1057.6544,0.0,4,1300.477,2026-04-24T12:03:33,2026-04-24T12:25:14,ok,pickles/nsga2/rc207_21/run12.pkl,unknown,4
moead_ws,r108_21,10,2704596380,850000,850080,105,96,3148553.259216,,15.0,1683.8974,0.0,5,837.201,2026-04-24T12:13:44,2026-04-24T12:27:41,ok,pickles/moead_ws/r108_21/run10.pkl,unknown,4
smsemoa,r209_21,29,386733205,850000,850080,105,104,9208539.596241,,4.0,932.7792,0.0,3,1418.49,2026-04-24T12:06:55,2026-04-24T12:30:33,ok,pickles/smsemoa/r209_21/run29.pkl,unknown,4
smsemoa,rc207_21,7,3714815522,850000,850080,105,105,14153030.18536,,4.0,972.2599,0.0,3,1454.673,2026-04-24T12:06:24,2026-04-24T12:30:38,ok,pickles/smsemoa/rc207_21/run07.pkl,unknown,4
smsemoa,rc207_21,17,2814729164,850000,850080,105,105,6475762.306113,,4.0,1072.1128,0.0,3,1320.363,2026-04-24T12:08:40,2026-04-24T12:30:40,ok,pickles/smsemoa/rc207_21/run17.pkl,unknown,4
nsga2,c203_21,26,3800212403,850000,850080,105,95,3870047.021222,,5.0,1047.9172,0.0,2,1298.437,2026-04-24T12:10:51,2026-04-24T12:32:30,ok,pickles/nsga2/c203_21/run26.pkl,unknown,4
smsemoa,r206_21,19,379938513,850000,850080,105,105,14861558.027294,,4.0,954.9264,0.0,3,1403.747,2026-04-24T12:09:35,2026-04-24T12:32:59,ok,pickles/smsemoa/r206_21/run19.pkl,unknown,4
nsga2,r108_21,25,468587173,850000,850080,105,105,4540771.610353,,11.0,1329.5035,0.0,8,768.403,2026-04-24T12:20:57,2026-04-24T12:33:46,ok,pickles/nsga2/r108_21/run25.pkl,unknown,4
moead_ws,r106_21,8,3293111283,850000,850080,105,103,11287767.095856,,19.0,1882.7653,33.8293,8,778.533,2026-04-24T12:22:24,2026-04-24T12:35:23,ok,pickles/moead_ws/r106_21/run08.pkl,unknown,4
nsga2,rc207_21,15,88911887,850000,850080,105,105,3546543.862415,,4.0,994.0226,0.0,3,1350.814,2026-04-24T12:14:18,2026-04-24T12:36:49,ok,pickles/nsga2/rc207_21/run15.pkl,unknown,4
moead_ws,rc207_21,18,3465347540,850000,850080,105,102,31412192.638298,,5.0,898.7249,0.0,4,1383.875,2026-04-24T12:13:54,2026-04-24T12:36:58,ok,pickles/moead_ws/rc207_21/run18.pkl,unknown,4
moead_ws,c204_21,23,2442942279,850000,850080,105,102,67703109.663761,,5.0,1172.0577,0.0,4,1385.288,2026-04-24T12:14:40,2026-04-24T12:37:45,ok,pickles/moead_ws/c204_21/run23.pkl,unknown,4
moead_ws,c105_21,29,642223532,850000,850080,105,104,150270915.387079,,16.0,1948.4289,2688.1169,7,801.796,2026-04-24T12:25:14,2026-04-24T12:38:36,ok,pickles/moead_ws/c105_21/run29.pkl,unknown,4
nsga2,r204_21,21,3474178736,850000,850080,105,30,163399.397519,,4.0,892.8476,0.0,2,1342.883,2026-04-24T12:16:18,2026-04-24T12:38:41,ok,pickles/nsga2/r204_21/run21.pkl,unknown,4
nsga2,rc105_21,21,4199170339,850000,850080,105,105,14777984.469157,,17.0,1984.0511,0.0,11,645.696,2026-04-24T12:30:38,2026-04-24T12:41:24,ok,pickles/nsga2/rc105_21/run21.pkl,unknown,4
moead_ws,r104_21,25,2453155647,850000,850080,105,87,2970491.271463,,14.0,1496.9061,0.0,7,837.012,2026-04-24T12:27:41,2026-04-24T12:41:38,ok,pickles/moead_ws/r104_21/run25.pkl,unknown,4
smsemoa,c105_21,3,2255466182,850000,850080,105,105,70184140.43082,,14.0,1586.3785,1002.4897,9,669.655,2026-04-24T12:30:40,2026-04-24T12:41:50,ok,pickles/smsemoa/c105_21/run03.pkl,unknown,4
nsga2,c204_21,25,388200864,850000,850080,105,103,3696387.730724,,4.0,997.6229,0.0,2,1471.505,2026-04-24T12:20:29,2026-04-24T12:45:00,ok,pickles/nsga2/c204_21/run25.pkl,unknown,4
nsga2,rc105_21,3,3612902279,850000,850080,105,105,10158894.754382,,19.0,2022.6661,1.8885,9,596.037,2026-04-24T12:35:23,2026-04-24T12:45:19,ok,pickles/nsga2/rc105_21/run03.pkl,unknown,4
moead_ws,rc105_21,27,4021544144,850000,850080,105,101,32082292.357874,,21.0,2230.0681,21.8583,10,748.336,2026-04-24T12:32:59,2026-04-24T12:45:27,ok,pickles/moead_ws/rc105_21/run27.pkl,unknown,4
moead_ws,r210_21,6,2901893775,850000,850080,105,97,39452966.205177,,4.0,924.4952,0.0,5,1360.995,2026-04-24T12:24:07,2026-04-24T12:46:48,ok,pickles/moead_ws/r210_21/run06.pkl,unknown,4
moead_ws,c204_21,1,2330494034,850000,850080,105,96,36317147.206505,,4.0,1019.482,0.0,3,1477.704,2026-04-24T12:22:59,2026-04-24T12:47:37,ok,pickles/moead_ws/c204_21/run01.pkl,unknown,4
nsga2,r106_21,30,139704366,850000,850080,105,105,10317499.011165,,16.0,1638.5456,0.0,9,647.326,2026-04-24T12:37:45,2026-04-24T12:48:32,ok,pickles/nsga2/r106_21/run30.pkl,unknown,4
smsemoa,c105_21,30,634742668,850000,850080,105,105,134041828.235043,,13.0,1510.2932,594.5856,10,689.463,2026-04-24T12:38:36,2026-04-24T12:50:05,ok,pickles/smsemoa/c105_21/run30.pkl,unknown,4
smsemoa,rc103_21,8,339732654,850000,850080,105,105,7851104.137633,,16.0,1943.2411,0.0,10,683.796,2026-04-24T12:41:38,2026-04-24T12:53:02,ok,pickles/smsemoa/rc103_21/run08.pkl,unknown,4
smsemoa,r206_21,26,1965533772,850000,850080,105,105,13070043.25263,,4.0,928.0461,0.0,3,1357.026,2026-04-24T12:30:33,2026-04-24T12:53:10,ok,pickles/smsemoa/r206_21/run26.pkl,unknown,4
moead_ws,rc105_21,5,1753268578,850000,850080,105,100,20801311.105785,,21.0,2380.0371,28.5226,10,783.325,2026-04-24T12:41:24,2026-04-24T12:54:28,ok,pickles/moead_ws/rc105_21/run05.pkl,unknown,4
nsga2,c105_21,27,1746154246,850000,850080,105,105,83105708.611933,,14.0,1706.9173,577.3838,10,661.691,2026-04-24T12:45:19,2026-04-24T12:56:20,ok,pickles/nsga2/c105_21/run27.pkl,unknown,4
moead_ws,c203_21,19,786787446,850000,850080,105,102,87492102.689158,,5.0,1317.747,0.0,3,1202.953,2026-04-24T12:36:49,2026-04-24T12:56:52,ok,pickles/moead_ws/c203_21/run19.pkl,unknown,4
smsemoa,c203_21,16,3767781099,850000,850080,105,105,47900764.044685,,4.0,882.1039,0.0,5,1204.877,2026-04-24T12:36:58,2026-04-24T12:57:03,ok,pickles/smsemoa/c203_21/run16.pkl,unknown,4
moead_ws,c205_21,23,2652629002,850000,850080,105,102,1018881587.395357,,5.0,1057.3033,10079.7252,4,1492.421,2026-04-24T12:32:30,2026-04-24T12:57:22,ok,pickles/moead_ws/c205_21/run23.pkl,unknown,4
moead_ws,c205_21,8,4165390097,850000,850080,105,103,155919167.539551,,5.0,1242.7896,13164.6063,4,1440.468,2026-04-24T12:33:46,2026-04-24T12:57:47,ok,pickles/moead_ws/c205_21/run08.pkl,unknown,4
moead_ws,r111_21,20,2093890984,850000,850080,105,96,4621029.612124,,17.0,1771.7995,0.0,5,797.665,2026-04-24T12:45:01,2026-04-24T12:58:18,ok,pickles/moead_ws/r111_21/run20.pkl,unknown,4
nsga2,c105_21,1,2199038610,850000,850080,105,105,117024808.737144,,14.0,1896.0358,438.8293,9,696.769,2026-04-24T12:48:32,2026-04-24T13:00:09,ok,pickles/nsga2/c105_21/run01.pkl,unknown,4
moead_ws,r108_21,8,3312075081,850000,850080,105,92,1403829.965776,,15.0,1554.5778,0.0,4,838.283,2026-04-24T12:46:49,2026-04-24T13:00:47,ok,pickles/moead_ws/r108_21/run08.pkl,unknown,4
moead_ws,rc207_21,1,1253347638,850000,850080,105,96,6725172.979646,,5.0,945.7763,0.0,2,1521.302,2026-04-24T12:38:41,2026-04-24T13:04:03,ok,pickles/moead_ws/rc207_21/run01.pkl,unknown,4
nsga2,rc105_21,11,3748591604,850000,850080,105,105,10842472.039138,,19.0,2234.7015,0.0,9,616.948,2026-04-24T12:54:28,2026-04-24T13:04:45,ok,pickles/nsga2/rc105_21/run11.pkl,unknown,4
smsemoa,r206_21,14,506005433,850000,850080,105,105,7723654.777876,,4.0,937.6352,0.0,3,1389.779,2026-04-24T12:41:50,2026-04-24T13:04:59,ok,pickles/smsemoa/r206_21/run14.pkl,unknown,4
moead_ws,r111_21,10,3955187515,850000,850080,105,99,5304016.416202,,16.0,1632.9621,0.0,7,822.606,2026-04-24T12:53:11,2026-04-24T13:06:54,ok,pickles/moead_ws/r111_21/run10.pkl,unknown,4
nsga2,c105_21,9,1369600767,850000,850080,105,105,128139143.243962,,13.0,1636.3749,1196.2611,10,653.933,2026-04-24T12:57:03,2026-04-24T13:07:56,ok,pickles/nsga2/c105_21/run09.pkl,unknown,4
nsga2,c204_21,9,107765956,850000,850080,105,105,7765623.279298,,4.0,1218.5088,0.0,4,1359.239,2026-04-24T12:45:27,2026-04-24T13:08:07,ok,pickles/nsga2/c204_21/run09.pkl,unknown,4
smsemoa,c203_21,8,3242027094,850000,850080,105,105,17958537.450456,,4.0,1057.298,0.0,4,1284.748,2026-04-24T12:47:37,2026-04-24T13:09:02,ok,pickles/smsemoa/c203_21/run08.pkl,unknown,4
smsemoa,rc105_21,22,285687984,850000,850080,105,105,8838046.637777,,18.0,2073.4447,0.0,9,651.238,2026-04-24T12:58:18,2026-04-24T13:09:09,ok,pickles/smsemoa/rc105_21/run22.pkl,unknown,4
nsga2,c203_21,13,2615434905,850000,850080,105,105,35224593.512874,,4.0,1026.6669,0.0,4,1206.277,2026-04-24T12:50:05,2026-04-24T13:10:12,ok,pickles/nsga2/c203_21/run13.pkl,unknown,4
smsemoa,c105_21,26,2249720523,850000,850080,105,105,167978326.761596,,13.0,1696.4082,1209.2627,10,718.646,2026-04-24T13:00:09,2026-04-24T13:12:08,ok,pickles/smsemoa/c105_21/run26.pkl,unknown,4
nsga2,c105_21,30,2895975627,850000,850080,105,105,154851893.52621,,14.0,1637.3773,388.1077,10,661.613,2026-04-24T13:04:59,2026-04-24T13:16:01,ok,pickles/nsga2/c105_21/run30.pkl,unknown,4
smsemoa,r110_21,21,4272691042,850000,850080,105,105,1162193.661577,,15.0,1515.112,0.0,5,733.034,2026-04-24T13:04:03,2026-04-24T13:16:16,ok,pickles/smsemoa/r110_21/run21.pkl,unknown,4
nsga2,c205_21,4,3500334879,850000,850080,105,105,104250921.475184,,4.0,1052.4362,106.9677,6,1272.78,2026-04-24T12:57:22,2026-04-24T13:18:35,ok,pickles/nsga2/c205_21/run04.pkl,unknown,4
moead_ws,rc207_21,16,2350112384,850000,850080,105,99,15670199.014373,,4.0,858.8791,0.0,4,1555.235,2026-04-24T12:53:03,2026-04-24T13:18:58,ok,pickles/moead_ws/rc207_21/run16.pkl,unknown,4
smsemoa,r206_21,20,2325467378,850000,850080,105,105,10304483.651292,,4.0,895.1537,0.0,3,1350.91,2026-04-24T12:56:52,2026-04-24T13:19:23,ok,pickles/smsemoa/r206_21/run20.pkl,unknown,4
moead_ws,r206_21,23,894440102,850000,850080,105,104,34956964.551954,,5.0,964.2236,0.0,3,1394.12,2026-04-24T12:56:21,2026-04-24T13:19:35,ok,pickles/moead_ws/r206_21/run23.pkl,unknown,4
moead_ws,r106_21,17,960313853,850000,850080,105,101,22615674.225723,,20.0,1851.915,7.08,11,796.461,2026-04-24T13:06:54,2026-04-24T13:20:11,ok,pickles/moead_ws/r106_21/run17.pkl,unknown,4
nsga2,c203_21,27,1889391936,850000,850080,105,105,74891704.471563,,4.0,1056.8257,0.0,5,1194.374,2026-04-24T13:00:47,2026-04-24T13:20:42,ok,pickles/nsga2/c203_21/run27.pkl,unknown,4
moead_ws,rc103_21,18,3477425369,850000,850080,105,93,15308059.134383,,18.0,2305.4948,3.3549,10,794.529,2026-04-24T13:09:10,2026-04-24T13:22:24,ok,pickles/moead_ws/rc103_21/run18.pkl,unknown,4
smsemoa,rc103_21,17,3867769967,850000,850080,105,105,18526315.072337,,15.0,1754.3696,0.0,10,691.682,2026-04-24T13:12:08,2026-04-24T13:23:39,ok,pickles/smsemoa/rc103_21/run17.pkl,unknown,4
moead_ws,r209_21,12,311183174,850000,850080,105,89,13634822.741061,,5.0,870.4466,0.0,3,1567.139,2026-04-24T12:57:47,2026-04-24T13:23:54,ok,pickles/moead_ws/r209_21/run12.pkl,unknown,4
nsga2,r206_21,16,1167632193,850000,850080,105,105,8613696.886733,,4.0,1133.8905,0.0,4,1352.252,2026-04-24T13:04:45,2026-04-24T13:27:17,ok,pickles/nsga2/r206_21/run16.pkl,unknown,4
moead_ws,r206_21,27,4185780735,850000,850080,105,104,13958056.299838,,5.0,962.8841,0.0,3,1301.656,2026-04-24T13:08:07,2026-04-24T13:29:49,ok,pickles/moead_ws/r206_21/run27.pkl,unknown,4
nsga2,r111_21,4,2893595530,850000,850080,105,105,1764684.520273,,15.0,1479.1925,0.0,6,679.029,2026-04-24T13:18:35,2026-04-24T13:29:54,ok,pickles/nsga2/r111_21/run04.pkl,unknown,4
smsemoa,r106_21,18,1003706945,850000,850080,105,105,5586892.326513,,19.0,1859.852,3.2259,9,638.54,2026-04-24T13:19:35,2026-04-24T13:30:14,ok,pickles/smsemoa/r106_21/run18.pkl,unknown,4
nsga2,r210_21,29,435652103,850000,850080,105,105,9274549.890734,,4.0,1043.8344,0.0,3,1366.947,2026-04-24T13:09:02,2026-04-24T13:31:49,ok,pickles/nsga2/r210_21/run29.pkl,unknown,4
moead_ws,r110_21,5,272768380,850000,850080,105,103,4251447.001814,,17.0,1762.7991,0.0,6,776.013,2026-04-24T13:18:58,2026-04-24T13:31:54,ok,pickles/moead_ws/r110_21/run05.pkl,unknown,4
moead_ws,r209_21,3,1639794776,850000,850080,105,100,9603434.301736,,4.0,861.35,0.0,3,1450.109,2026-04-24T13:07:57,2026-04-24T13:32:07,ok,pickles/moead_ws/r209_21/run03.pkl,unknown,4
moead_ws,rc105_21,1,157161399,850000,850080,105,102,20640733.998873,,20.0,2288.8041,24.2668,10,737.708,2026-04-24T13:20:42,2026-04-24T13:33:00,ok,pickles/moead_ws/rc105_21/run01.pkl,unknown,4
smsemoa,r108_21,8,2961476516,850000,850080,105,105,3623625.775852,,13.0,1439.9048,0.0,6,781.793,2026-04-24T13:20:11,2026-04-24T13:33:12,ok,pickles/smsemoa/r108_21/run08.pkl,unknown,4
nsga2,c204_21,6,1610992655,850000,850080,105,105,6594799.833068,,4.0,1024.8982,0.0,3,1446.367,2026-04-24T13:10:12,2026-04-24T13:34:18,ok,pickles/nsga2/c204_21/run06.pkl,unknown,4
smsemoa,rc105_21,13,2387040026,850000,850080,105,105,15239957.473587,,20.0,2254.5912,2.6559,11,652.5,2026-04-24T13:23:54,2026-04-24T13:34:47,ok,pickles/smsemoa/rc105_21/run13.pkl,unknown,4
nsga2,r110_21,3,4176564161,850000,850080,105,105,2166432.233739,,17.0,1642.4052,0.0,5,706.79,2026-04-24T13:23:39,2026-04-24T13:35:26,ok,pickles/nsga2/r110_21/run03.pkl,unknown,4
moead_ws,c203_21,14,2660972919,850000,850080,105,96,100397009.902956,,5.0,1090.9458,0.0,3,1197.513,2026-04-24T13:16:01,2026-04-24T13:35:59,ok,pickles/moead_ws/c203_21/run14.pkl,unknown,4
smsemoa,c204_21,8,3863804883,850000,850080,105,105,4679909.847801,,4.0,885.8958,0.0,2,1653.265,2026-04-24T13:16:16,2026-04-24T13:43:49,ok,pickles/smsemoa/c204_21/run08.pkl,unknown,4
nsga2,rc105_21,25,1862606179,850000,850080,105,105,9779295.849824,,17.0,2005.0155,0.0,9,598.187,2026-04-24T13:34:18,2026-04-24T13:44:16,ok,pickles/nsga2/rc105_21/run25.pkl,unknown,4
nsga2,r110_21,6,1681916140,850000,850080,105,105,2740131.704288,,15.0,1544.7386,0.0,6,692.166,2026-04-24T13:33:12,2026-04-24T13:44:45,ok,pickles/nsga2/r110_21/run06.pkl,unknown,4
moead_ws,r206_21,11,1543055090,850000,850080,105,99,29004136.103617,,4.0,812.9781,0.0,3,1646.501,2026-04-24T13:19:24,2026-04-24T13:46:50,ok,pickles/moead_ws/r206_21/run11.pkl,unknown,4
moead_ws,rc105_21,9,486803260,850000,850080,105,102,35631366.627496,,19.0,2197.1638,0.0,10,750.155,2026-04-24T13:34:47,2026-04-24T13:47:18,ok,pickles/moead_ws/rc105_21/run09.pkl,unknown,4
moead_ws,r108_21,27,1492962495,850000,850080,105,97,20775098.272834,,13.0,1433.0073,0.0,8,911.059,2026-04-24T13:32:07,2026-04-24T13:47:19,ok,pickles/moead_ws/r108_21/run27.pkl,unknown,4
moead_ws,rc207_21,20,1319787127,850000,850080,105,93,54085735.564729,,5.0,864.0724,0.0,5,1555.926,2026-04-24T13:22:25,2026-04-24T13:48:21,ok,pickles/moead_ws/rc207_21/run20.pkl,unknown,4
smsemoa,r108_21,20,2026498674,850000,850080,105,105,2328684.302135,,12.0,1379.25,0.0,7,790.961,2026-04-24T13:35:26,2026-04-24T13:48:37,ok,pickles/smsemoa/r108_21/run20.pkl,unknown,4
nsga2,c203_21,21,1603680893,850000,850080,105,105,35875726.008059,,5.0,1101.2707,0.0,5,1178.229,2026-04-24T13:30:14,2026-04-24T13:49:52,ok,pickles/nsga2/c203_21/run21.pkl,unknown,4
nsga2,c203_21,23,3700308465,850000,850080,105,105,84357381.367258,,4.0,1050.5771,0.0,5,1250.27,2026-04-24T13:29:54,2026-04-24T13:50:45,ok,pickles/nsga2/c203_21/run23.pkl,unknown,4
smsemoa,c205_21,7,3577287037,850000,850080,105,105,6709629.408608,,5.0,1060.2387,417.8854,2,1226.883,2026-04-24T13:31:54,2026-04-24T13:52:21,ok,pickles/smsemoa/c205_21/run07.pkl,unknown,4
nsga2,rc207_21,28,3921166328,850000,850080,105,105,19220275.400792,,4.0,1115.3045,0.0,4,1477.404,2026-04-24T13:29:49,2026-04-24T13:54:26,ok,pickles/nsga2/rc207_21/run28.pkl,unknown,4
moead_ws,r210_21,9,3571060076,850000,850080,105,102,4559574.270781,,4.0,986.5111,0.0,3,1671.091,2026-04-24T13:27:17,2026-04-24T13:55:09,ok,pickles/moead_ws/r210_21/run09.pkl,unknown,4
moead_ws,r210_21,28,138146637,850000,850080,105,101,64516626.618976,,5.0,1027.3378,0.0,4,1362.401,2026-04-24T13:33:00,2026-04-24T13:55:43,ok,pickles/moead_ws/r210_21/run28.pkl,unknown,4
nsga2,r209_21,19,3512106709,850000,850080,105,105,3185309.369713,,4.0,909.3362,0.0,2,1576.213,2026-04-24T13:31:49,2026-04-24T13:58:05,ok,pickles/nsga2/r209_21/run19.pkl,unknown,4
moead_ws,rc207_21,9,2616258260,850000,850080,105,97,31469821.94376,,5.0,847.984,0.0,5,1326.694,2026-04-24T13:35:59,2026-04-24T13:58:06,ok,pickles/moead_ws/rc207_21/run09.pkl,unknown,4
moead_ws,r111_21,9,2541286406,850000,850080,105,98,6506911.606211,,15.0,1542.5147,0.0,7,766.981,2026-04-24T13:47:19,2026-04-24T14:00:06,ok,pickles/moead_ws/r111_21/run09.pkl,unknown,4
smsemoa,rc103_21,3,3505542888,850000,850080,105,105,6064199.222938,,17.0,1893.3622,0.0,7,744.449,2026-04-24T13:48:37,2026-04-24T14:01:02,ok,pickles/smsemoa/rc103_21/run03.pkl,unknown,4
smsemoa,r111_21,4,2845496821,850000,850080,105,105,1550380.624651,,15.0,1496.6015,0.0,5,715.178,2026-04-24T13:50:45,2026-04-24T14:02:40,ok,pickles/smsemoa/r111_21/run04.pkl,unknown,4
smsemoa,rc105_21,1,909223801,850000,850080,105,105,10378770.737935,,20.0,2413.012,26.0116,11,658.209,2026-04-24T13:54:26,2026-04-24T14:05:24,ok,pickles/smsemoa/rc105_21/run01.pkl,unknown,4
smsemoa,r206_21,8,2221456773,850000,850080,105,105,25949754.124252,,4.0,907.5935,0.0,4,1340.524,2026-04-24T13:43:49,2026-04-24T14:06:10,ok,pickles/smsemoa/r206_21/run08.pkl,unknown,4
smsemoa,r204_21,23,25057265,850000,850080,105,81,421020.764565,,4.0,852.6661,0.0,2,1347.743,2026-04-24T13:44:16,2026-04-24T14:06:44,ok,pickles/smsemoa/r204_21/run23.pkl,unknown,4
moead_ws,c203_21,9,972373304,850000,850080,105,102,443363215.784442,,5.0,1246.486,0.0,6,1244.487,2026-04-24T13:46:51,2026-04-24T14:07:35,ok,pickles/moead_ws/c203_21/run09.pkl,unknown,4
moead_ws,r106_21,27,2563287452,850000,850080,105,93,16907282.107071,,17.0,1766.6268,0.0,9,758.316,2026-04-24T13:55:43,2026-04-24T14:08:21,ok,pickles/moead_ws/r106_21/run27.pkl,unknown,4
smsemoa,c204_21,4,1669784690,850000,850080,105,105,3835280.222136,,4.0,1040.1154,0.0,3,1512.326,2026-04-24T13:44:45,2026-04-24T14:09:57,ok,pickles/smsemoa/c204_21/run04.pkl,unknown,4
nsga2,c205_21,11,3230335614,850000,850080,105,105,96731422.151907,,5.0,978.592,82.5407,5,1214.904,2026-04-24T13:49:52,2026-04-24T14:10:07,ok,pickles/nsga2/c205_21/run11.pkl,unknown,4
smsemoa,r206_21,6,608632354,850000,850080,105,105,13374864.185632,,4.0,926.5408,0.0,3,1374.725,2026-04-24T13:47:18,2026-04-24T14:10:12,ok,pickles/smsemoa/r206_21/run06.pkl,unknown,4
moead_ws,r106_21,5,3572563685,850000,850080,105,97,9391181.245149,,21.0,1911.9541,23.105,9,782.583,2026-04-24T13:58:05,2026-04-24T14:11:08,ok,pickles/moead_ws/r106_21/run05.pkl,unknown,4
smsemoa,rc103_21,28,348460541,850000,850080,105,105,10997523.619339,,16.0,1919.4328,3.6491,9,673.15,2026-04-24T14:00:06,2026-04-24T14:11:19,ok,pickles/smsemoa/rc103_21/run28.pkl,unknown,4
nsga2,c203_21,10,1939290120,850000,850080,105,105,47152447.843404,,5.0,1303.5122,0.0,4,1166.265,2026-04-24T13:52:21,2026-04-24T14:11:47,ok,pickles/nsga2/c203_21/run10.pkl,unknown,4
moead_ws,r209_21,6,1937973571,850000,850080,105,93,17103840.262352,,5.0,1009.0096,0.0,3,1434.987,2026-04-24T13:48:21,2026-04-24T14:12:16,ok,pickles/moead_ws/r209_21/run06.pkl,unknown,4
smsemoa,r111_21,20,484589582,850000,850080,105,105,1026633.604972,,15.0,1503.6005,0.0,5,688.027,2026-04-24T14:01:02,2026-04-24T14:12:30,ok,pickles/smsemoa/r111_21/run20.pkl,unknown,4
smsemoa,r106_21,28,3794421616,850000,850080,105,105,6057079.737441,,17.0,1784.9919,1.7295,7,705.569,2026-04-24T14:05:24,2026-04-24T14:17:10,ok,pickles/smsemoa/r106_21/run28.pkl,unknown,4
nsga2,r108_21,2,1414860655,850000,850080,105,105,1058942.462207,,14.0,1435.7363,0.0,5,772.599,2026-04-24T14:06:10,2026-04-24T14:19:02,ok,pickles/nsga2/r108_21/run02.pkl,unknown,4
smsemoa,rc207_21,10,2763276391,850000,850080,105,105,5701920.983917,,4.0,953.1553,0.0,3,1458.263,2026-04-24T13:55:09,2026-04-24T14:19:27,ok,pickles/smsemoa/rc207_21/run10.pkl,unknown,4
nsga2,r106_21,26,37695555,850000,850080,105,105,10583517.955238,,17.0,1716.7307,1.1463,11,615.545,2026-04-24T14:10:07,2026-04-24T14:20:22,ok,pickles/nsga2/r106_21/run26.pkl,unknown,4
nsga2,r104_21,16,3559263543,850000,850080,105,105,3064433.127744,,13.0,1344.9422,0.0,7,727.46,2026-04-24T14:08:21,2026-04-24T14:20:29,ok,pickles/nsga2/r104_21/run16.pkl,unknown,4
moead_ws,r111_21,24,4202201116,850000,850080,105,101,20504930.211375,,16.0,1625.2733,0.0,7,800.348,2026-04-24T14:07:36,2026-04-24T14:20:56,ok,pickles/moead_ws/r111_21/run24.pkl,unknown,4
nsga2,rc207_21,20,685591711,850000,850080,105,105,5735252.556376,,4.0,1099.5372,0.0,3,1425.963,2026-04-24T13:58:06,2026-04-24T14:21:52,ok,pickles/nsga2/rc207_21/run20.pkl,unknown,4
nsga2,rc103_21,16,485073756,850000,850080,105,105,7866740.534015,,17.0,2067.1685,2.0162,11,644.925,2026-04-24T14:11:08,2026-04-24T14:21:53,ok,pickles/nsga2/rc103_21/run16.pkl,unknown,4
moead_ws,c203_21,18,1003870792,850000,850080,105,96,52166179.870447,,5.0,1108.3471,0.0,3,1195.57,2026-04-24T14:02:40,2026-04-24T14:22:36,ok,pickles/moead_ws/c203_21/run18.pkl,unknown,4
nsga2,r108_21,13,3651164858,850000,850080,105,105,2767998.506525,,12.0,1357.7686,0.0,6,752.666,2026-04-24T14:10:12,2026-04-24T14:22:45,ok,pickles/nsga2/r108_21/run13.pkl,unknown,4
smsemoa,rc103_21,27,2919308525,850000,850080,105,105,4175875.576814,,16.0,1810.0911,0.0,7,671.775,2026-04-24T14:11:47,2026-04-24T14:22:59,ok,pickles/smsemoa/rc103_21/run27.pkl,unknown,4
nsga2,r111_21,18,1854319709,850000,850080,105,105,3747785.243376,,15.0,1648.1605,0.0,6,662.522,2026-04-24T14:12:16,2026-04-24T14:23:19,ok,pickles/nsga2/r111_21/run18.pkl,unknown,4
smsemoa,r110_21,9,3007074473,850000,850080,105,105,1566761.700879,,16.0,1609.7528,0.0,7,696.882,2026-04-24T14:12:30,2026-04-24T14:24:07,ok,pickles/smsemoa/r110_21/run09.pkl,unknown,4
moead_ws,c203_21,11,1475853689,850000,850080,105,95,64753905.761913,,5.0,1056.6645,0.0,3,1213.936,2026-04-24T14:09:57,2026-04-24T14:30:11,ok,pickles/moead_ws/c203_21/run11.pkl,unknown,4
moead_ws,r110_21,12,1165721022,850000,850080,105,99,10710438.38458,,16.0,1569.2166,0.0,7,798.44,2026-04-24T14:17:10,2026-04-24T14:30:29,ok,pickles/moead_ws/r110_21/run12.pkl,unknown,4
moead_ws,c204_21,20,3319351794,850000,850080,105,85,2905437.646353,,4.0,905.4475,0.0,2,1468.646,2026-04-24T14:06:44,2026-04-24T14:31:13,ok,pickles/moead_ws/c204_21/run20.pkl,unknown,4
moead_ws,r106_21,19,2634350440,850000,850080,105,102,36510956.485776,,20.0,2117.9473,69.7368,14,798.01,2026-04-24T14:19:27,2026-04-24T14:32:45,ok,pickles/moead_ws/r106_21/run19.pkl,unknown,4
nsga2,r209_21,1,2699836571,850000,850080,105,105,7005842.78131,,4.0,957.0897,0.0,2,1363.069,2026-04-24T14:11:19,2026-04-24T14:34:02,ok,pickles/nsga2/r209_21/run01.pkl,unknown,4
moead_ws,rc105_21,22,502149258,850000,850080,105,104,36922555.12698,,19.0,2130.1317,1.8334,14,756.136,2026-04-24T14:21:53,2026-04-24T14:34:30,ok,pickles/moead_ws/rc105_21/run22.pkl,unknown,4
moead_ws,r106_21,11,2098047783,850000,850080,105,87,19619938.167082,,22.0,2005.954,12.6737,10,776.836,2026-04-24T14:21:53,2026-04-24T14:34:49,ok,pickles/moead_ws/r106_21/run11.pkl,unknown,4
smsemoa,r104_21,3,638551064,850000,850080,105,105,938930.899551,,14.0,1432.5052,0.0,4,740.501,2026-04-24T14:22:45,2026-04-24T14:35:06,ok,pickles/smsemoa/r104_21/run03.pkl,unknown,4
moead_ws,c105_21,1,3188436625,850000,850080,105,90,421301881.889791,,16.0,2057.7864,5655.7339,6,895.707,2026-04-24T14:20:29,2026-04-24T14:35:25,ok,pickles/moead_ws/c105_21/run01.pkl,unknown,4
smsemoa,c205_21,1,1826551115,850000,850080,105,105,134265777.522957,,5.0,1041.4103,233.7812,5,1328.982,2026-04-24T14:19:02,2026-04-24T14:41:11,ok,pickles/smsemoa/c205_21/run01.pkl,unknown,4
nsga2,rc207_21,27,2028188150,850000,850080,105,105,7098158.811778,,4.0,1029.0423,0.0,3,1308.874,2026-04-24T14:20:22,2026-04-24T14:42:11,ok,pickles/nsga2/rc207_21/run27.pkl,unknown,4
smsemoa,r210_21,6,2738256716,850000,850080,105,105,6296381.953679,,5.0,972.3946,0.0,3,1294.165,2026-04-24T14:20:56,2026-04-24T14:42:30,ok,pickles/smsemoa/r210_21/run06.pkl,unknown,4
nsga2,r110_21,27,54180649,850000,850080,105,105,1671554.398148,,16.0,1582.1676,0.0,6,683.067,2026-04-24T14:32:45,2026-04-24T14:44:08,ok,pickles/nsga2/r110_21/run27.pkl,unknown,4
nsga2,rc207_21,21,3486013780,850000,850080,101,101,13942585.630583,,4.0,1213.5315,0.0,4,1279.107,2026-04-24T14:22:59,2026-04-24T14:44:18,ok,pickles/nsga2/rc207_21/run21.pkl,unknown,4
smsemoa,r110_21,12,300614152,850000,850080,105,105,1709986.583333,,15.0,1512.5594,0.0,5,686.144,2026-04-24T14:34:02,2026-04-24T14:45:28,ok,pickles/smsemoa/r110_21/run12.pkl,unknown,4
smsemoa,rc207_21,21,167418573,850000,850080,105,105,9092325.99774,,4.0,967.7878,0.0,3,1300.804,2026-04-24T14:24:07,2026-04-24T14:45:47,ok,pickles/smsemoa/rc207_21/run21.pkl,unknown,4
moead_ws,c204_21,28,3721139502,850000,850080,105,98,42577108.422836,,4.0,1009.4448,0.0,4,1429.583,2026-04-24T14:23:19,2026-04-24T14:47:09,ok,pickles/moead_ws/c204_21/run28.pkl,unknown,4
nsga2,r204_21,1,4229876355,850000,850080,105,91,795367.874153,,3.0,929.6662,0.0,3,1481.314,2026-04-24T14:22:36,2026-04-24T14:47:17,ok,pickles/nsga2/r204_21/run01.pkl,unknown,4
moead_ws,rc105_21,8,2050897916,850000,850080,105,103,31694684.907894,,18.0,1961.6753,11.5057,10,744.769,2026-04-24T14:35:26,2026-04-24T14:47:50,ok,pickles/moead_ws/rc105_21/run08.pkl,unknown,4
moead_ws,rc103_21,7,181582529,850000,850080,105,101,18496448.828662,,18.0,2202.7423,0.0,13,822.129,2026-04-24T14:34:50,2026-04-24T14:48:32,ok,pickles/moead_ws/rc103_21/run07.pkl,unknown,4
nsga2,r206_21,22,3052862585,850000,850080,105,105,8314278.566105,,4.0,1009.5282,0.0,3,1355.297,2026-04-24T14:30:11,2026-04-24T14:52:47,ok,pickles/nsga2/r206_21/run22.pkl,unknown,4
nsga2,r209_21,13,1629947425,850000,850080,105,105,7631887.705438,,4.0,1029.5104,0.0,3,1363.76,2026-04-24T14:30:29,2026-04-24T14:53:13,ok,pickles/nsga2/r209_21/run13.pkl,unknown,4
nsga2,r111_21,13,3009301806,850000,850080,105,105,1437605.409879,,15.0,1552.8252,0.0,6,651.546,2026-04-24T14:42:30,2026-04-24T14:53:22,ok,pickles/nsga2/r111_21/run13.pkl,unknown,4
moead_ws,rc105_21,3,1043158272,850000,850080,105,102,32519517.559393,,22.0,2420.9938,4.305,11,786.24,2026-04-24T14:41:12,2026-04-24T14:54:18,ok,pickles/moead_ws/rc105_21/run03.pkl,unknown,4
moead_ws,r110_21,10,1053371727,850000,850080,105,101,4839078.860725,,16.0,1638.6716,0.0,7,751.374,2026-04-24T14:42:12,2026-04-24T14:54:43,ok,pickles/moead_ws/r110_21/run10.pkl,unknown,4
nsga2,c203_21,6,3054085299,850000,850080,105,105,30983159.707122,,5.0,1160.6079,0.0,4,1209.232,2026-04-24T14:35:06,2026-04-24T14:55:15,ok,pickles/nsga2/c203_21/run06.pkl,unknown,4
nsga2,c105_21,15,611067378,850000,850080,105,105,101424678.400502,,14.0,1603.6162,557.9639,11,684.198,2026-04-24T14:44:08,2026-04-24T14:55:33,ok,pickles/nsga2/c105_21/run15.pkl,unknown,4
nsga2,r209_21,3,1936027856,850000,850080,105,105,1737271.081651,,4.0,989.0762,0.0,2,1460.037,2026-04-24T14:31:13,2026-04-24T14:55:33,ok,pickles/nsga2/r209_21/run03.pkl,unknown,4
smsemoa,rc207_21,18,424913400,850000,850080,105,105,13838889.500626,,4.0,1018.0477,0.0,4,1337.275,2026-04-24T14:34:30,2026-04-24T14:56:47,ok,pickles/smsemoa/rc207_21/run18.pkl,unknown,4
nsga2,rc103_21,10,3725052515,850000,850080,105,105,11509016.10991,,16.0,2034.7426,2.5655,10,650.37,2026-04-24T14:47:09,2026-04-24T14:57:59,ok,pickles/nsga2/rc103_21/run10.pkl,unknown,4
moead_ws,r108_21,26,1035645073,850000,850080,105,95,23120118.37758,,14.0,1452.1961,0.0,7,868.077,2026-04-24T14:44:19,2026-04-24T14:58:47,ok,pickles/moead_ws/r108_21/run26.pkl,unknown,4
moead_ws,c105_21,2,784835952,850000,850080,105,103,45633340.621163,,17.0,1881.9232,4173.6125,4,874.721,2026-04-24T14:45:48,2026-04-24T15:00:23,ok,pickles/moead_ws/c105_21/run02.pkl,unknown,4
smsemoa,c105_21,18,2912748874,850000,850080,105,105,108157325.357602,,15.0,1616.035,776.3539,9,710.682,2026-04-24T14:48:32,2026-04-24T15:00:23,ok,pickles/smsemoa/c105_21/run18.pkl,unknown,4
moead_ws,c205_21,5,1911828294,850000,850080,105,90,1202331751.050526,,7.0,1259.4188,1937.8185,3,1164.034,2026-04-24T14:45:29,2026-04-24T15:04:53,ok,pickles/moead_ws/c205_21/run05.pkl,unknown,4
smsemoa,r108_21,16,1352927338,850000,850080,105,105,697760.270929,,13.0,1442.3371,0.0,4,765.132,2026-04-24T14:53:22,2026-04-24T15:06:07,ok,pickles/smsemoa/r108_21/run16.pkl,unknown,4
nsga2,r111_21,21,2478607210,850000,850080,105,105,856606.485292,,15.0,1459.4835,0.0,5,656.018,2026-04-24T14:55:33,2026-04-24T15:06:29,ok,pickles/nsga2/r111_21/run21.pkl,unknown,4
smsemoa,r111_21,3,1293115535,850000,850080,105,105,1527210.977962,,16.0,1622.8925,0.0,7,710.753,2026-04-24T14:55:15,2026-04-24T15:07:06,ok,pickles/smsemoa/r111_21/run03.pkl,unknown,4
smsemoa,r106_21,13,4063108327,850000,850080,105,105,13301135.14484,,17.0,1767.5794,0.7752,10,693.056,2026-04-24T14:55:33,2026-04-24T15:07:06,ok,pickles/smsemoa/r106_21/run13.pkl,unknown,4
moead_ws,c105_21,17,3018708320,850000,850080,105,90,118421832.929963,,15.0,1642.2611,887.3044,6,837.957,2026-04-24T14:53:13,2026-04-24T15:07:11,ok,pickles/moead_ws/c105_21/run17.pkl,unknown,4
moead_ws,r108_21,2,4136656492,850000,850080,105,95,4359433.287164,,12.0,1402.9609,0.0,7,889.362,2026-04-24T14:54:18,2026-04-24T15:09:08,ok,pickles/moead_ws/r108_21/run02.pkl,unknown,4
smsemoa,r104_21,24,732384074,850000,850080,105,105,2298948.191895,,13.0,1352.8921,0.0,6,760.684,2026-04-24T14:56:47,2026-04-24T15:09:28,ok,pickles/smsemoa/r104_21/run24.pkl,unknown,4
moead_ws,rc207_21,25,4291051411,850000,850080,105,100,95826320.813418,,4.0,923.0305,0.0,7,1394.259,2026-04-24T14:47:18,2026-04-24T15:10:32,ok,pickles/moead_ws/rc207_21/run25.pkl,unknown,4
nsga2,rc207_21,24,53562054,850000,850080,105,105,9371297.981381,,4.0,929.6712,0.0,2,1386.895,2026-04-24T14:47:50,2026-04-24T15:10:57,ok,pickles/nsga2/rc207_21/run24.pkl,unknown,4
moead_ws,rc103_21,29,3949896260,850000,850080,105,96,19658624.414644,,19.0,2121.3376,1.0,9,782.559,2026-04-24T15:00:23,2026-04-24T15:13:26,ok,pickles/moead_ws/rc103_21/run29.pkl,unknown,4
nsga2,r204_21,12,1535003900,850000,850080,105,73,628810.946531,,4.0,944.3074,0.0,2,1352.379,2026-04-24T14:54:43,2026-04-24T15:17:16,ok,pickles/nsga2/r204_21/run12.pkl,unknown,4
smsemoa,c203_21,14,1153543790,850000,850080,105,105,52488814.459321,,5.0,1121.0806,0.0,5,1159.678,2026-04-24T14:57:59,2026-04-24T15:17:19,ok,pickles/smsemoa/c203_21/run14.pkl,unknown,4
smsemoa,r204_21,3,3707394915,850000,850080,105,60,800988.105417,,3.0,958.0022,0.0,3,1495.271,2026-04-24T14:52:47,2026-04-24T15:17:42,ok,pickles/smsemoa/r204_21/run03.pkl,unknown,4
nsga2,r104_21,3,1041603231,850000,850080,105,105,1973809.927614,,14.0,1487.1738,0.0,6,709.541,2026-04-24T15:06:07,2026-04-24T15:17:56,ok,pickles/nsga2/r104_21/run03.pkl,unknown,4
nsga2,rc103_21,22,3189950382,850000,850080,105,105,10405246.546332,,16.0,2110.5288,0.0,10,671.526,2026-04-24T15:07:06,2026-04-24T15:18:17,ok,pickles/nsga2/rc103_21/run22.pkl,unknown,4
moead_ws,rc105_21,15,243044241,850000,850080,105,98,53261919.502923,,21.0,2430.015,0.0261,14,791.153,2026-04-24T15:07:06,2026-04-24T15:20:17,ok,pickles/moead_ws/rc105_21/run15.pkl,unknown,4
moead_ws,r106_21,10,3742363793,850000,850080,105,99,23613071.748549,,20.0,1753.8051,21.5455,12,790.946,2026-04-24T15:07:12,2026-04-24T15:20:23,ok,pickles/moead_ws/r106_21/run10.pkl,unknown,4
smsemoa,c105_21,27,1435328934,850000,850080,105,105,84655388.325162,,13.0,1779.474,634.28,9,705.959,2026-04-24T15:09:28,2026-04-24T15:21:14,ok,pickles/smsemoa/c105_21/run27.pkl,unknown,4
nsga2,r210_21,30,48132955,850000,850080,105,105,217222.620371,,4.0,970.832,0.0,1,1443.303,2026-04-24T14:58:47,2026-04-24T15:22:50,ok,pickles/nsga2/r210_21/run30.pkl,unknown,4
moead_ws,c105_21,26,2537919002,850000,850080,105,102,152102885.458777,,17.0,2042.4253,210.871,8,825.668,2026-04-24T15:10:58,2026-04-24T15:24:43,ok,pickles/moead_ws/c105_21/run26.pkl,unknown,4
nsga2,rc103_21,30,2792143576,850000,850080,105,105,9343025.364027,,17.0,2162.8818,0.0,10,683.648,2026-04-24T15:13:26,2026-04-24T15:24:49,ok,pickles/nsga2/rc103_21/run30.pkl,unknown,4
nsga2,r209_21,24,401490731,850000,850080,105,105,3327672.32463,,4.0,948.7703,0.0,2,1527.628,2026-04-24T15:00:23,2026-04-24T15:25:50,ok,pickles/nsga2/r209_21/run24.pkl,unknown,4
smsemoa,rc207_21,19,2538901402,850000,850080,105,105,14041494.255987,,4.0,987.2238,0.0,4,1357.148,2026-04-24T15:04:53,2026-04-24T15:27:30,ok,pickles/smsemoa/rc207_21/run19.pkl,unknown,4
smsemoa,r111_21,14,2424032904,850000,850080,105,105,2497911.205759,,16.0,1605.4244,0.0,6,707.459,2026-04-24T15:17:42,2026-04-24T15:29:29,ok,pickles/smsemoa/r111_21/run14.pkl,unknown,4
nsga2,r104_21,22,1837780464,850000,850080,105,105,5103383.674065,,12.0,1411.2236,0.0,8,701.939,2026-04-24T15:17:56,2026-04-24T15:29:38,ok,pickles/nsga2/r104_21/run22.pkl,unknown,4
smsemoa,c203_21,28,1854414335,850000,850080,105,105,14720778.84753,,5.0,1148.3198,0.0,4,1210.613,2026-04-24T15:10:32,2026-04-24T15:30:43,ok,pickles/smsemoa/c203_21/run28.pkl,unknown,4
nsga2,r108_21,23,287054540,850000,850080,105,105,1310860.063847,,12.0,1398.9212,0.0,6,758.794,2026-04-24T15:18:17,2026-04-24T15:30:56,ok,pickles/nsga2/r108_21/run23.pkl,unknown,4
moead_ws,r210_21,15,2372648115,850000,850080,105,88,9986974.283093,,4.0,1012.7033,0.0,3,1490.039,2026-04-24T15:06:30,2026-04-24T15:31:20,ok,pickles/moead_ws/r210_21/run15.pkl,unknown,4
smsemoa,r111_21,25,383433843,850000,850080,105,105,848671.421978,,15.0,1487.6618,0.0,4,702.592,2026-04-24T15:20:17,2026-04-24T15:32:00,ok,pickles/smsemoa/r111_21/run25.pkl,unknown,4
smsemoa,r206_21,23,50134334,850000,850080,105,99,4207224.479155,,4.0,941.4268,0.0,2,1374.676,2026-04-24T15:09:08,2026-04-24T15:32:03,ok,pickles/smsemoa/r206_21/run23.pkl,unknown,4
moead_ws,c105_21,22,781406963,850000,850080,105,99,116591251.054688,,15.0,1770.2476,971.4692,7,832.158,2026-04-24T15:21:14,2026-04-24T15:35:06,ok,pickles/moead_ws/c105_21/run22.pkl,unknown,4
nsga2,rc105_21,26,3360543838,850000,850080,105,105,5590982.458211,,19.0,2119.7969,0.0,8,607.776,2026-04-24T15:25:50,2026-04-24T15:35:58,ok,pickles/nsga2/rc105_21/run26.pkl,unknown,4
moead_ws,rc103_21,4,2738969432,850000,850080,105,95,15674195.269514,,17.0,1935.7407,11.1001,10,774.381,2026-04-24T15:24:50,2026-04-24T15:37:44,ok,pickles/moead_ws/rc103_21/run04.pkl,unknown,4
nsga2,r206_21,5,3427461518,850000,850080,105,105,9974795.453191,,4.0,1107.8627,0.0,3,1311.558,2026-04-24T15:17:19,2026-04-24T15:39:11,ok,pickles/nsga2/r206_21/run05.pkl,unknown,4
smsemoa,r209_21,23,1417768855,850000,850080,105,105,2406438.977455,,4.0,926.6896,0.0,2,1363.614,2026-04-24T15:17:16,2026-04-24T15:39:59,ok,pickles/smsemoa/r209_21/run23.pkl,unknown,4
smsemoa,r110_21,30,877581464,850000,850080,105,105,1220051.11081,,15.0,1494.3336,0.0,4,712.937,2026-04-24T15:30:56,2026-04-24T15:42:49,ok,pickles/smsemoa/r110_21/run30.pkl,unknown,4
moead_ws,r111_21,2,2786435461,850000,850080,105,96,2869119.773736,,15.0,1496.6728,0.0,6,774.991,2026-04-24T15:31:20,2026-04-24T15:44:15,ok,pickles/moead_ws/r111_21/run02.pkl,unknown,4
moead_ws,r204_21,15,2958191804,850000,850080,105,91,112821.595919,,4.0,893.846,0.0,1,1437.296,2026-04-24T15:20:23,2026-04-24T15:44:20,ok,pickles/moead_ws/r204_21/run15.pkl,unknown,4
moead_ws,r108_21,5,970434248,850000,850080,105,95,3725477.17102,,13.0,1469.6267,0.0,6,883.161,2026-04-24T15:32:00,2026-04-24T15:46:44,ok,pickles/moead_ws/r108_21/run05.pkl,unknown,4
moead_ws,r210_21,11,2345240279,850000,850080,105,102,9480381.654254,,4.0,921.3715,0.0,3,1476.915,2026-04-24T15:24:44,2026-04-24T15:49:21,ok,pickles/moead_ws/r210_21/run11.pkl,unknown,4
moead_ws,c204_21,25,2594682585,850000,850080,105,92,154578763.815754,,4.0,1243.336,0.0,3,1592.258,2026-04-24T15:22:51,2026-04-24T15:49:23,ok,pickles/moead_ws/c204_21/run25.pkl,unknown,4
nsga2,r108_21,17,723601785,850000,850080,105,105,460699.810838,,14.0,1413.2731,0.0,3,718.582,2026-04-24T15:37:44,2026-04-24T15:49:43,ok,pickles/nsga2/r108_21/run17.pkl,unknown,4
nsga2,rc207_21,4,3016026022,850000,850080,105,103,9150234.374371,,4.0,1274.0481,0.0,3,1334.011,2026-04-24T15:27:30,2026-04-24T15:49:44,ok,pickles/nsga2/rc207_21/run04.pkl,unknown,4
moead_ws,c205_21,20,3163937495,850000,850080,105,104,189983821.885681,,5.0,1059.9895,1319.1442,3,1222.345,2026-04-24T15:29:39,2026-04-24T15:50:01,ok,pickles/moead_ws/c205_21/run20.pkl,unknown,4
smsemoa,r108_21,11,3389929587,850000,850080,105,103,1784544.94595,,13.0,1466.6413,0.0,5,754.132,2026-04-24T15:39:59,2026-04-24T15:52:33,ok,pickles/smsemoa/r108_21/run11.pkl,unknown,4
nsga2,r210_21,25,3875035652,850000,850080,105,105,3109851.569049,,4.0,969.6028,0.0,2,1450.267,2026-04-24T15:29:29,2026-04-24T15:53:40,ok,pickles/nsga2/r210_21/run25.pkl,unknown,4
smsemoa,rc207_21,8,2820686432,850000,850080,105,105,6132306.871224,,4.0,937.4807,0.0,3,1407.567,2026-04-24T15:30:43,2026-04-24T15:54:10,ok,pickles/smsemoa/rc207_21/run08.pkl,unknown,4
moead_ws,r106_21,22,2226611977,850000,850080,105,97,31210856.542725,,17.0,1751.8261,11.0667,14,822.288,2026-04-24T15:42:50,2026-04-24T15:56:32,ok,pickles/moead_ws/r106_21/run22.pkl,unknown,4
smsemoa,c205_21,24,3771587266,850000,850080,105,105,124890309.459226,,4.0,945.4221,290.2238,5,1290.081,2026-04-24T15:35:06,2026-04-24T15:56:36,ok,pickles/smsemoa/c205_21/run24.pkl,unknown,4
moead_ws,r209_21,11,3439537386,850000,850080,105,100,19791752.267832,,4.0,895.5978,0.0,3,1534.719,2026-04-24T15:32:03,2026-04-24T15:57:38,ok,pickles/moead_ws/r209_21/run11.pkl,unknown,4
smsemoa,c205_21,20,877030630,850000,850080,105,105,26315766.629881,,5.0,1133.9822,495.4197,3,1148.672,2026-04-24T15:39:11,2026-04-24T15:58:19,ok,pickles/smsemoa/c205_21/run20.pkl,unknown,4
smsemoa,rc103_21,7,1540890950,850000,850080,105,105,6984984.198189,,17.0,2061.4071,2.646,9,699.828,2026-04-24T15:46:44,2026-04-24T15:58:23,ok,pickles/smsemoa/rc103_21/run07.pkl,unknown,4
moead_ws,r108_21,16,1847632984,850000,850080,105,98,2521516.88409,,14.0,1457.4096,0.0,6,867.794,2026-04-24T15:44:16,2026-04-24T15:58:43,ok,pickles/moead_ws/r108_21/run16.pkl,unknown,4
moead_ws,r204_21,13,3699893889,850000,850080,105,89,1693734.119752,,3.0,844.2394,0.0,3,1542.837,2026-04-24T15:35:59,2026-04-24T16:01:41,ok,pickles/moead_ws/r204_21/run13.pkl,unknown,4
moead_ws,rc105_21,26,2178531232,850000,850080,105,96,33014435.343665,,20.0,2341.7606,19.1698,12,759.817,2026-04-24T15:49:45,2026-04-24T16:02:24,ok,pickles/moead_ws/rc105_21/run26.pkl,unknown,4
moead_ws,rc103_21,20,3274901861,850000,850080,105,99,18340570.293078,,20.0,2436.9507,0.0,9,830.162,2026-04-24T15:49:23,2026-04-24T16:03:14,ok,pickles/moead_ws/rc103_21/run20.pkl,unknown,4
nsga2,r110_21,24,2515903914,850000,850080,105,105,2388391.286221,,14.0,1516.0414,0.0,6,643.47,2026-04-24T15:52:33,2026-04-24T16:03:17,ok,pickles/nsga2/r110_21/run24.pkl,unknown,4
moead_ws,r108_21,17,3436457740,850000,850080,105,89,7970026.982154,,14.0,1489.2394,0.0,7,864.66,2026-04-24T15:49:21,2026-04-24T16:03:46,ok,pickles/moead_ws/r108_21/run17.pkl,unknown,4
nsga2,c203_21,5,1620695745,850000,850080,105,105,8274492.661778,,4.0,970.2902,0.0,3,1233.356,2026-04-24T15:44:20,2026-04-24T16:04:54,ok,pickles/nsga2/c203_21/run05.pkl,unknown,4
smsemoa,r104_21,4,3694271126,850000,850080,105,105,1230052.11896,,14.0,1488.4519,0.0,6,750.366,2026-04-24T15:54:10,2026-04-24T16:06:41,ok,pickles/smsemoa/r104_21/run04.pkl,unknown,4
smsemoa,r111_21,15,98995263,850000,850080,105,105,2651281.370921,,15.0,1489.8926,0.0,5,718.272,2026-04-24T15:56:36,2026-04-24T16:08:35,ok,pickles/smsemoa/r111_21/run15.pkl,unknown,4
smsemoa,r108_21,17,1354876514,850000,850080,105,105,338678.959611,,14.0,1466.2853,0.0,4,777.197,2026-04-24T15:56:32,2026-04-24T16:09:29,ok,pickles/smsemoa/r108_21/run17.pkl,unknown,4
nsga2,r106_21,8,616187733,850000,850080,105,105,12034274.639248,,17.0,1744.4001,0.0,11,671.578,2026-04-24T15:58:43,2026-04-24T16:09:55,ok,pickles/nsga2/r106_21/run08.pkl,unknown,4
moead_ws,r110_21,24,2961950312,850000,850080,105,104,7827583.432016,,16.0,1625.6452,0.0,8,788.26,2026-04-24T15:57:38,2026-04-24T16:10:47,ok,pickles/moead_ws/r110_21/run24.pkl,unknown,4
smsemoa,r108_21,27,2342543037,850000,850080,105,105,655923.035649,,14.0,1473.6049,0.0,5,754.814,2026-04-24T15:58:19,2026-04-24T16:10:54,ok,pickles/smsemoa/r108_21/run27.pkl,unknown,4
nsga2,r108_21,26,509063854,850000,850080,105,105,356451.658779,,14.0,1529.8355,0.0,4,769.875,2026-04-24T15:58:23,2026-04-24T16:11:13,ok,pickles/nsga2/r108_21/run26.pkl,unknown,4
nsga2,r210_21,18,4251839888,850000,850080,105,105,1942863.444511,,4.0,932.5817,0.0,2,1367.138,2026-04-24T15:50:01,2026-04-24T16:12:48,ok,pickles/nsga2/r210_21/run18.pkl,unknown,4
moead_ws,r209_21,14,2759227929,850000,850080,105,103,15656728.232282,,5.0,999.7041,0.0,3,1393.324,2026-04-24T15:49:43,2026-04-24T16:12:57,ok,pickles/moead_ws/r209_21/run14.pkl,unknown,4
nsga2,rc103_21,12,3081509088,850000,850080,105,105,10253326.329946,,17.0,2018.5797,0.0,10,641.993,2026-04-24T16:03:46,2026-04-24T16:14:28,ok,pickles/nsga2/rc103_21/run12.pkl,unknown,4
moead_ws,r108_21,3,4041857512,850000,850080,105,102,8919646.537442,,14.0,1519.1115,0.0,6,844.744,2026-04-24T16:01:42,2026-04-24T16:15:47,ok,pickles/moead_ws/r108_21/run03.pkl,unknown,4
smsemoa,r210_21,4,632131,850000,850080,105,105,10938939.521268,,4.0,964.4679,0.0,3,1356.396,2026-04-24T15:53:40,2026-04-24T16:16:16,ok,pickles/smsemoa/r210_21/run04.pkl,unknown,4
nsga2,r104_21,21,4096119653,850000,850080,105,105,2924381.000194,,14.0,1417.2444,0.0,6,707.6,2026-04-24T16:04:54,2026-04-24T16:16:41,ok,pickles/nsga2/r104_21/run21.pkl,unknown,4
moead_ws,rc103_21,2,1402627961,850000,850080,105,100,9890327.580715,,18.0,2176.1898,0.0,9,789.644,2026-04-24T16:06:41,2026-04-24T16:19:51,ok,pickles/moead_ws/rc103_21/run02.pkl,unknown,4
smsemoa,r104_21,15,1269326313,850000,850080,105,105,1809737.867301,,12.0,1316.9911,0.0,7,737.95,2026-04-24T16:09:55,2026-04-24T16:22:13,ok,pickles/smsemoa/r104_21/run15.pkl,unknown,4
smsemoa,r106_21,10,2762014875,850000,850080,105,105,6774482.48325,,18.0,1714.7923,3.7009,8,702.721,2026-04-24T16:10:47,2026-04-24T16:22:29,ok,pickles/smsemoa/r106_21/run10.pkl,unknown,4
nsga2,rc105_21,29,65972206,850000,850080,105,105,14617572.389609,,18.0,2026.8412,0.0,9,592.089,2026-04-24T16:12:48,2026-04-24T16:22:40,ok,pickles/nsga2/rc105_21/run29.pkl,unknown,4
moead_ws,r104_21,17,1569942274,850000,850080,105,103,10119101.145261,,13.0,1392.2697,0.0,9,856.135,2026-04-24T16:08:35,2026-04-24T16:22:51,ok,pickles/moead_ws/r104_21/run17.pkl,unknown,4
nsga2,rc207_21,18,1470398793,850000,850080,105,105,15427745.413668,,4.0,1042.4524,0.0,4,1295.545,2026-04-24T16:03:14,2026-04-24T16:24:49,ok,pickles/nsga2/rc207_21/run18.pkl,unknown,4
moead_ws,r204_21,1,1617762757,850000,850080,105,88,3238275.333248,,4.0,941.9211,0.0,3,1327.845,2026-04-24T16:03:17,2026-04-24T16:25:25,ok,pickles/moead_ws/r204_21/run01.pkl,unknown,4
moead_ws,r206_21,20,2729920012,850000,850080,105,103,34059917.053759,,5.0,927.2567,0.0,5,1415.754,2026-04-24T16:02:25,2026-04-24T16:26:01,ok,pickles/moead_ws/r206_21/run20.pkl,unknown,4
moead_ws,r111_21,17,2145294584,850000,850080,105,99,5507845.186544,,17.0,1586.0143,0.0,7,750.832,2026-04-24T16:14:28,2026-04-24T16:26:59,ok,pickles/moead_ws/r111_21/run17.pkl,unknown,4
moead_ws,r104_21,28,1041312114,850000,850080,105,100,2805290.481862,,14.0,1489.4337,0.0,6,807.645,2026-04-24T16:15:47,2026-04-24T16:29:15,ok,pickles/moead_ws/r104_21/run28.pkl,unknown,4
smsemoa,r210_21,11,3347162106,850000,850080,105,105,5369825.15392,,4.0,1019.8891,0.0,2,1350.211,2026-04-24T16:09:29,2026-04-24T16:31:59,ok,pickles/smsemoa/r210_21/run11.pkl,unknown,4
moead_ws,r204_21,4,1974401198,850000,850080,105,95,1026174.75599,,4.0,1026.579,0.0,3,1302.474,2026-04-24T16:10:55,2026-04-24T16:32:37,ok,pickles/moead_ws/r204_21/run04.pkl,unknown,4
smsemoa,c205_21,15,3622089665,850000,850080,105,105,17150570.245124,,5.0,1004.9192,1443.8176,3,1310.545,2026-04-24T16:11:13,2026-04-24T16:33:04,ok,pickles/smsemoa/c205_21/run15.pkl,unknown,4
moead_ws,r108_21,11,1777003466,850000,850080,105,88,4797970.026321,,15.0,1631.1923,0.0,6,870.946,2026-04-24T16:19:51,2026-04-24T16:34:22,ok,pickles/moead_ws/r108_21/run11.pkl,unknown,4
smsemoa,r104_21,23,2012842224,850000,850080,105,105,4672068.763241,,14.0,1473.6779,0.0,7,717.128,2026-04-24T16:22:40,2026-04-24T16:34:38,ok,pickles/smsemoa/r104_21/run23.pkl,unknown,4
moead_ws,rc103_21,21,2415042010,850000,850080,105,99,9755260.888526,,18.0,1987.8933,4.5593,10,770.043,2026-04-24T16:22:30,2026-04-24T16:35:20,ok,pickles/moead_ws/rc103_21/run21.pkl,unknown,4
moead_ws,c203_21,28,3850597289,850000,850080,105,103,246452983.731589,,5.0,1240.2815,0.0,5,1193.321,2026-04-24T16:16:42,2026-04-24T16:36:35,ok,pickles/moead_ws/c203_21/run28.pkl,unknown,4
moead_ws,r210_21,22,2386009276,850000,850080,105,104,28692428.410137,,4.0,960.6709,0.0,4,1470.712,2026-04-24T16:12:57,2026-04-24T16:37:28,ok,pickles/moead_ws/r210_21/run22.pkl,unknown,4
smsemoa,r106_21,16,3267139174,850000,850080,105,105,14154223.516786,,17.0,1729.2165,4.965,11,704.363,2026-04-24T16:26:01,2026-04-24T16:37:45,ok,pickles/smsemoa/r106_21/run16.pkl,unknown,4
smsemoa,rc103_21,5,3740201781,850000,850080,105,105,9030776.356202,,18.0,2014.051,0.0,9,681.42,2026-04-24T16:29:15,2026-04-24T16:40:36,ok,pickles/smsemoa/rc103_21/run05.pkl,unknown,4
smsemoa,r204_21,6,2349368874,850000,850080,105,96,702479.697529,,3.0,867.8643,0.0,3,1490.257,2026-04-24T16:16:16,2026-04-24T16:41:06,ok,pickles/smsemoa/r204_21/run06.pkl,unknown,4
nsga2,r111_21,11,1284048901,850000,850080,105,105,1160163.663455,,16.0,1578.2365,0.0,4,652.208,2026-04-24T16:32:37,2026-04-24T16:43:29,ok,pickles/nsga2/r111_21/run11.pkl,unknown,4
nsga2,r210_21,11,115348704,850000,850080,105,105,6269986.671872,,5.0,1061.004,0.0,3,1316.951,2026-04-24T16:22:13,2026-04-24T16:44:10,ok,pickles/nsga2/r210_21/run11.pkl,unknown,4
nsga2,r110_21,13,776746899,850000,850080,105,105,786749.106216,,16.0,1615.6353,0.0,3,652.625,2026-04-24T16:34:38,2026-04-24T16:45:30,ok,pickles/nsga2/r110_21/run13.pkl,unknown,4
nsga2,r111_21,16,1994810632,850000,850080,105,105,987609.620968,,14.0,1487.5346,0.0,5,680.069,2026-04-24T16:34:22,2026-04-24T16:45:42,ok,pickles/nsga2/r111_21/run16.pkl,unknown,4
moead_ws,c105_21,16,573594260,850000,850080,105,100,143344471.172254,,16.0,1744.9806,1469.3462,6,858.007,2026-04-24T16:33:04,2026-04-24T16:47:22,ok,pickles/moead_ws/c105_21/run16.pkl,unknown,4
moead_ws,r206_21,7,930858900,850000,850080,105,99,38210307.48074,,5.0,980.136,0.0,4,1479.356,2026-04-24T16:22:52,2026-04-24T16:47:31,ok,pickles/moead_ws/r206_21/run07.pkl,unknown,4
smsemoa,c203_21,7,2841932556,850000,850080,105,105,41035155.420577,,4.0,1093.2151,0.0,4,1411.169,2026-04-24T16:24:49,2026-04-24T16:48:20,ok,pickles/smsemoa/c203_21/run07.pkl,unknown,4
smsemoa,r209_21,3,3352195642,850000,850080,105,105,1578442.755844,,4.0,903.6293,0.0,2,1395.438,2026-04-24T16:25:25,2026-04-24T16:48:41,ok,pickles/smsemoa/r209_21/run03.pkl,unknown,4
smsemoa,r106_21,9,3716569230,850000,850080,105,105,10031363.418686,,20.0,1853.2128,11.5742,11,686.11,2026-04-24T16:37:45,2026-04-24T16:49:11,ok,pickles/smsemoa/r106_21/run09.pkl,unknown,4
moead_ws,r111_21,7,3621097015,850000,850080,105,99,5457555.505062,,15.0,1559.6536,0.0,7,782.158,2026-04-24T16:37:28,2026-04-24T16:50:31,ok,pickles/moead_ws/r111_21/run07.pkl,unknown,4
moead_ws,c204_21,21,640427719,850000,850080,105,81,153554692.914597,,4.0,1123.7418,0.0,3,1434.151,2026-04-24T16:27:00,2026-04-24T16:50:54,ok,pickles/moead_ws/c204_21/run21.pkl,unknown,4
smsemoa,rc105_21,5,1087160768,850000,850080,105,105,25629318.693043,,18.0,2094.2892,11.0434,12,629.392,2026-04-24T16:43:29,2026-04-24T16:53:59,ok,pickles/smsemoa/rc105_21/run05.pkl,unknown,4
moead_ws,r204_21,7,761889033,850000,850080,105,94,1436448.267976,,4.0,997.913,0.0,3,1554.002,2026-04-24T16:32:00,2026-04-24T16:57:54,ok,pickles/moead_ws/r204_21/run07.pkl,unknown,4
smsemoa,r104_21,20,1748209076,850000,850080,105,105,3166374.991087,,14.0,1451.4333,0.0,8,753.265,2026-04-24T16:45:42,2026-04-24T16:58:15,ok,pickles/smsemoa/r104_21/run20.pkl,unknown,4
smsemoa,rc105_21,2,2929512517,850000,850080,105,105,21024827.469255,,19.0,2251.4436,9.5656,10,694.474,2026-04-24T16:48:20,2026-04-24T16:59:55,ok,pickles/smsemoa/rc105_21/run02.pkl,unknown,4
moead_ws,rc105_21,24,425141706,850000,850080,105,100,32291911.05394,,20.0,2115.7773,7.8973,13,757.898,2026-04-24T16:47:32,2026-04-24T17:00:09,ok,pickles/moead_ws/rc105_21/run24.pkl,unknown,4
nsga2,c204_21,7,2749310175,850000,850080,105,86,6434518.398148,,4.0,947.2192,0.0,3,1556.738,2026-04-24T16:35:20,2026-04-24T17:01:17,ok,pickles/nsga2/c204_21/run07.pkl,unknown,4
moead_ws,r111_21,28,1746536888,850000,850080,105,96,2247807.392978,,17.0,1741.6872,0.0,5,788.413,2026-04-24T16:48:41,2026-04-24T17:01:49,ok,pickles/moead_ws/r111_21/run28.pkl,unknown,4
smsemoa,rc207_21,25,1368176522,850000,850080,105,105,13293847.500726,,4.0,1025.06,0.0,3,1337.463,2026-04-24T16:40:36,2026-04-24T17:02:54,ok,pickles/smsemoa/rc207_21/run25.pkl,unknown,4
smsemoa,r210_21,13,74142240,850000,850080,105,105,8382987.729183,,4.0,926.3245,0.0,4,1317.21,2026-04-24T16:41:06,2026-04-24T17:03:04,ok,pickles/smsemoa/r210_21/run13.pkl,unknown,4
moead_ws,r210_21,19,2404654376,850000,850080,105,96,9187085.800841,,4.0,888.1421,0.0,3,1602.706,2026-04-24T16:36:36,2026-04-24T17:03:18,ok,pickles/moead_ws/r210_21/run19.pkl,unknown,4
moead_ws,r210_21,8,741388351,850000,850080,105,105,15142068.189841,,5.0,1016.8876,0.0,3,1356.55,2026-04-24T16:44:10,2026-04-24T17:06:47,ok,pickles/moead_ws/r210_21/run08.pkl,unknown,4
smsemoa,r111_21,11,2381724,850000,850080,105,105,2906661.552933,,15.0,1544.1453,0.0,8,713.347,2026-04-24T16:58:15,2026-04-24T17:10:09,ok,pickles/smsemoa/r111_21/run11.pkl,unknown,4
moead_ws,c205_21,12,779686909,850000,850080,105,92,212691829.591964,,6.0,1062.3515,8549.6235,5,1289.492,2026-04-24T16:49:12,2026-04-24T17:10:41,ok,pickles/moead_ws/c205_21/run12.pkl,unknown,4
moead_ws,c204_21,4,3448855517,850000,850080,105,85,51748940.690259,,4.0,1021.3748,0.0,3,1541.609,2026-04-24T16:45:31,2026-04-24T17:11:12,ok,pickles/moead_ws/c204_21/run04.pkl,unknown,4
smsemoa,c204_21,21,736809387,850000,850080,105,38,252046.617314,,4.0,753.5892,0.0,1,1443.655,2026-04-24T16:47:22,2026-04-24T17:11:26,ok,pickles/smsemoa/c204_21/run21.pkl,unknown,4
moead_ws,r108_21,25,2894599007,850000,850080,105,97,1015816.579011,,15.0,1577.624,0.0,4,882.424,2026-04-24T16:57:54,2026-04-24T17:12:37,ok,pickles/moead_ws/r108_21/run25.pkl,unknown,4
nsga2,r108_21,18,1829195973,850000,850080,105,105,754276.304059,,14.0,1526.0087,0.0,4,766.033,2026-04-24T16:59:55,2026-04-24T17:12:41,ok,pickles/nsga2/r108_21/run18.pkl,unknown,4
smsemoa,r210_21,18,2650460615,850000,850080,105,105,7977592.576421,,3.0,887.4251,0.0,3,1320.015,2026-04-24T16:50:54,2026-04-24T17:12:54,ok,pickles/smsemoa/r210_21/run18.pkl,unknown,4
smsemoa,c105_21,25,4266999614,850000,850080,105,105,117673313.917055,,15.0,1878.1884,1333.9323,9,705.411,2026-04-24T17:01:49,2026-04-24T17:13:35,ok,pickles/smsemoa/c105_21/run25.pkl,unknown,4
moead_ws,r210_21,26,2984730501,850000,850080,105,98,25298007.867405,,4.0,882.1195,0.0,4,1418.991,2026-04-24T16:50:31,2026-04-24T17:14:10,ok,pickles/moead_ws/r210_21/run26.pkl,unknown,4
smsemoa,r108_21,14,3139293463,850000,850080,105,105,675693.13728,,13.0,1399.8522,0.0,4,761.442,2026-04-24T17:02:54,2026-04-24T17:15:35,ok,pickles/smsemoa/r108_21/run14.pkl,unknown,4
smsemoa,r108_21,7,2392654725,850000,850080,105,105,671116.627655,,13.0,1337.7323,0.0,5,771.524,2026-04-24T17:03:18,2026-04-24T17:16:10,ok,pickles/smsemoa/r108_21/run07.pkl,unknown,4
moead_ws,r110_21,19,3467128611,850000,850080,105,95,11163643.403957,,15.0,1592.2562,0.0,9,797.978,2026-04-24T17:03:04,2026-04-24T17:16:22,ok,pickles/moead_ws/r110_21/run19.pkl,unknown,4
smsemoa,r204_21,21,1628578098,850000,850080,105,56,357549.044167,,3.0,903.2128,0.0,3,1531.05,2026-04-24T16:53:59,2026-04-24T17:19:30,ok,pickles/smsemoa/r204_21/run21.pkl,unknown,4
moead_ws,r106_21,23,1290697336,850000,850080,105,99,16233112.751056,,20.0,2028.844,28.5004,8,779.865,2026-04-24T17:06:47,2026-04-24T17:19:47,ok,pickles/moead_ws/r106_21/run23.pkl,unknown,4
smsemoa,c205_21,2,2421691598,850000,850080,105,104,39963909.817288,,4.0,995.6966,264.1916,4,1288.009,2026-04-24T17:00:09,2026-04-24T17:21:37,ok,pickles/smsemoa/c205_21/run02.pkl,unknown,4
smsemoa,c105_21,13,35850802,850000,850080,105,105,56272911.253795,,13.0,1618.0201,945.1557,8,693.025,2026-04-24T17:11:12,2026-04-24T17:22:45,ok,pickles/smsemoa/c105_21/run13.pkl,unknown,4
smsemoa,c105_21,20,365319826,850000,850080,105,105,122294031.628265,,15.0,1705.549,296.2244,8,681.544,2026-04-24T17:12:54,2026-04-24T17:24:15,ok,pickles/smsemoa/c105_21/run20.pkl,unknown,4
moead_ws,r110_21,7,4034256227,850000,850080,105,102,2862669.422849,,15.0,1515.3004,0.0,6,795.3,2026-04-24T17:11:26,2026-04-24T17:24:42,ok,pickles/moead_ws/r110_21/run07.pkl,unknown,4
smsemoa,r110_21,16,3277301189,850000,850080,105,105,1122744.012264,,15.0,1563.2893,0.0,5,748.875,2026-04-24T17:12:41,2026-04-24T17:25:10,ok,pickles/smsemoa/r110_21/run16.pkl,unknown,4
nsga2,rc105_21,7,3819287553,850000,850080,105,105,12399004.169261,,18.0,2052.0478,11.1038,10,595.542,2026-04-24T17:15:35,2026-04-24T17:25:31,ok,pickles/nsga2/rc105_21/run07.pkl,unknown,4
nsga2,r204_21,10,3929168179,850000,850080,105,100,1630638.436358,,3.0,956.6782,0.0,3,1508.712,2026-04-24T17:01:17,2026-04-24T17:26:25,ok,pickles/nsga2/r204_21/run10.pkl,unknown,4
nsga2,r104_21,27,3150409395,850000,850080,105,105,1872724.257339,,14.0,1488.7181,0.0,6,715.282,2026-04-24T17:16:10,2026-04-24T17:28:05,ok,pickles/nsga2/r104_21/run27.pkl,unknown,4
nsga2,rc105_21,28,2778828841,850000,850080,105,105,11688492.939167,,21.0,2247.7197,0.0,8,603.929,2026-04-24T17:19:47,2026-04-24T17:29:51,ok,pickles/nsga2/rc105_21/run28.pkl,unknown,4
moead_ws,r110_21,30,2200959663,850000,850080,105,99,2460418.180163,,17.0,1629.3873,0.0,5,771.568,2026-04-24T17:19:30,2026-04-24T17:32:22,ok,pickles/moead_ws/r110_21/run30.pkl,unknown,4
nsga2,r206_21,28,2138904012,850000,850080,105,105,5722282.251825,,4.0,986.9894,0.0,4,1410.615,2026-04-24T17:10:09,2026-04-24T17:33:39,ok,pickles/nsga2/r206_21/run28.pkl,unknown,4
nsga2,c203_21,14,788959210,850000,850080,105,105,16631144.093662,,5.0,1163.1198,0.0,2,1244.805,2026-04-24T17:14:10,2026-04-24T17:34:55,ok,pickles/nsga2/c203_21/run14.pkl,unknown,4
nsga2,r106_21,6,726931652,850000,850080,105,105,3576876.493048,,16.0,1500.2065,0.0,8,647.908,2026-04-24T17:24:15,2026-04-24T17:35:03,ok,pickles/nsga2/r106_21/run06.pkl,unknown,4
nsga2,rc207_21,16,2236594260,850000,850080,105,105,15077798.607651,,4.0,1180.5837,0.0,4,1292.988,2026-04-24T17:13:35,2026-04-24T17:35:08,ok,pickles/nsga2/rc207_21/run16.pkl,unknown,4
nsga2,r106_21,15,638941875,850000,850080,105,105,7605789.029602,,18.0,1753.1725,0.0,9,629.144,2026-04-24T17:25:31,2026-04-24T17:36:00,ok,pickles/nsga2/r106_21/run15.pkl,unknown,4
smsemoa,r204_21,11,2694611303,850000,850080,105,105,928575.085305,,3.0,851.8788,0.0,3,1530.503,2026-04-24T17:10:41,2026-04-24T17:36:12,ok,pickles/smsemoa/r204_21/run11.pkl,unknown,4
smsemoa,c203_21,9,1519614981,850000,850080,105,105,34135713.258936,,5.0,1173.3289,0.0,4,1226.677,2026-04-24T17:16:22,2026-04-24T17:36:49,ok,pickles/smsemoa/c203_21/run09.pkl,unknown,4
nsga2,c204_21,27,3008566172,850000,850080,105,77,2295566.190279,,4.0,1048.498,0.0,2,1544.484,2026-04-24T17:12:37,2026-04-24T17:38:21,ok,pickles/nsga2/c204_21/run27.pkl,unknown,4
moead_ws,r104_21,20,110212511,850000,850080,105,89,1596033.718026,,15.0,1503.2859,0.0,5,863.116,2026-04-24T17:24:42,2026-04-24T17:39:05,ok,pickles/moead_ws/r104_21/run20.pkl,unknown,4
smsemoa,rc105_21,15,2240066910,850000,850080,105,105,25945823.065211,,18.0,2066.9944,0.0,11,616.807,2026-04-24T17:29:51,2026-04-24T17:40:08,ok,pickles/smsemoa/rc105_21/run15.pkl,unknown,4
nsga2,r108_21,19,2054398469,850000,850080,105,105,668054.165074,,14.0,1531.3116,0.0,4,727.97,2026-04-24T17:34:55,2026-04-24T17:47:03,ok,pickles/nsga2/r108_21/run19.pkl,unknown,4
nsga2,rc207_21,13,312021590,850000,850080,105,105,10597226.258211,,4.0,975.8305,0.0,3,1366.383,2026-04-24T17:25:10,2026-04-24T17:47:56,ok,pickles/nsga2/rc207_21/run13.pkl,unknown,4
nsga2,r204_21,22,3578106787,850000,850080,105,100,174472.15039,,4.0,933.6265,0.0,2,1517.491,2026-04-24T17:22:45,2026-04-24T17:48:03,ok,pickles/nsga2/r204_21/run22.pkl,unknown,4
nsga2,r204_21,15,3689021604,850000,850080,105,105,566696.820328,,4.0,931.7857,0.0,2,1247.808,2026-04-24T17:28:05,2026-04-24T17:48:53,ok,pickles/nsga2/r204_21/run15.pkl,unknown,4
nsga2,c204_21,30,2316554071,850000,850080,105,105,4075008.655239,,4.0,992.6113,0.0,2,1640.834,2026-04-24T17:21:37,2026-04-24T17:48:58,ok,pickles/nsga2/c204_21/run30.pkl,unknown,4
smsemoa,rc105_21,30,120989176,850000,850080,105,105,14381029.94779,,20.0,2245.165,8.298,9,676.393,2026-04-24T17:38:21,2026-04-24T17:49:38,ok,pickles/smsemoa/rc105_21/run30.pkl,unknown,4
nsga2,c203_21,22,3929335595,850000,850080,105,105,67988694.3502,,5.0,1208.1645,0.0,4,1418.246,2026-04-24T17:26:25,2026-04-24T17:50:04,ok,pickles/nsga2/c203_21/run22.pkl,unknown,4
moead_ws,r108_21,29,2696543799,850000,850080,105,97,851062.998484,,13.0,1466.0166,0.0,4,886.71,2026-04-24T17:36:49,2026-04-24T17:51:36,ok,pickles/moead_ws/r108_21/run29.pkl,unknown,4
smsemoa,c205_21,17,1473898898,850000,850080,105,105,44668504.113766,,4.0,897.0193,0.0,5,1194.363,2026-04-24T17:35:03,2026-04-24T17:54:58,ok,pickles/smsemoa/c205_21/run17.pkl,unknown,4
smsemoa,c204_21,12,2304723433,850000,850080,105,105,5297505.683971,,4.0,1024.7958,0.0,3,1367.034,2026-04-24T17:32:22,2026-04-24T17:55:09,ok,pickles/smsemoa/c204_21/run12.pkl,unknown,4
nsga2,c205_21,23,3546135993,850000,850080,105,105,120327029.615596,,4.0,996.3128,375.3973,5,1306.785,2026-04-24T17:33:39,2026-04-24T17:55:26,ok,pickles/nsga2/c205_21/run23.pkl,unknown,4
moead_ws,c205_21,2,2184706497,850000,850080,105,96,283037530.90472,,6.0,1322.6922,3696.8343,4,1256.841,2026-04-24T17:35:08,2026-04-24T17:56:05,ok,pickles/moead_ws/c205_21/run02.pkl,unknown,4
nsga2,rc207_21,2,3469031243,850000,850080,105,105,3601572.929998,,5.0,1139.4837,0.0,2,1272.03,2026-04-24T17:36:00,2026-04-24T17:57:12,ok,pickles/nsga2/rc207_21/run02.pkl,unknown,4
smsemoa,r206_21,1,633872040,850000,850080,105,105,18643832.37398,,4.0,887.0267,0.0,4,1359.244,2026-04-24T17:36:12,2026-04-24T17:58:51,ok,pickles/smsemoa/r206_21/run01.pkl,unknown,4
smsemoa,rc103_21,15,247379421,850000,850080,105,105,7804382.931005,,16.0,1816.6407,3.7056,9,664.677,2026-04-24T17:48:03,2026-04-24T17:59:08,ok,pickles/smsemoa/rc103_21/run15.pkl,unknown,4
moead_ws,rc103_21,3,868138287,850000,850080,105,102,39413246.167477,,18.0,2231.3027,14.6008,10,774.116,2026-04-24T17:47:03,2026-04-24T17:59:57,ok,pickles/moead_ws/rc103_21/run03.pkl,unknown,4
moead_ws,rc105_21,17,4045881680,850000,850080,105,102,41577939.580306,,20.0,2195.5385,0.0,14,738.508,2026-04-24T17:48:53,2026-04-24T18:01:12,ok,pickles/moead_ws/rc105_21/run17.pkl,unknown,4
smsemoa,r206_21,15,1453301403,850000,850080,105,105,23990743.355176,,4.0,884.9764,0.0,4,1305.786,2026-04-24T17:40:08,2026-04-24T18:01:54,ok,pickles/smsemoa/r206_21/run15.pkl,unknown,4
smsemoa,r204_21,19,876332158,850000,850080,105,66,508905.708565,,4.0,904.3832,0.0,2,1474.089,2026-04-24T17:39:05,2026-04-24T18:03:39,ok,pickles/smsemoa/r204_21/run19.pkl,unknown,4
moead_ws,r106_21,26,1310666529,850000,850080,105,101,15713572.461561,,20.0,1863.0547,43.1686,9,772.348,2026-04-24T17:51:36,2026-04-24T18:04:29,ok,pickles/moead_ws/r106_21/run26.pkl,unknown,4
moead_ws,c205_21,11,3226852098,850000,850080,105,98,74794950.279241,,5.0,1124.4519,950.364,3,1180.09,2026-04-24T17:47:57,2026-04-24T18:07:37,ok,pickles/moead_ws/c205_21/run11.pkl,unknown,4
moead_ws,r111_21,23,2089972636,850000,850080,105,95,4981537.873339,,17.0,1765.9084,0.0,7,768.313,2026-04-24T17:54:58,2026-04-24T18:07:47,ok,pickles/moead_ws/r111_21/run23.pkl,unknown,4
moead_ws,rc103_21,1,531638002,850000,850080,105,101,37558942.952503,,18.0,2233.0541,0.0,11,758.306,2026-04-24T17:56:06,2026-04-24T18:08:44,ok,pickles/moead_ws/rc103_21/run01.pkl,unknown,4
smsemoa,c203_21,4,232391272,850000,850080,105,105,40259201.069895,,5.0,996.4931,0.0,4,1313.006,2026-04-24T17:49:38,2026-04-24T18:11:31,ok,pickles/smsemoa/c203_21/run04.pkl,unknown,4
moead_ws,r206_21,26,393089363,850000,850080,105,102,29521656.47888,,4.0,815.7487,0.0,4,1406.704,2026-04-24T17:48:59,2026-04-24T18:12:25,ok,pickles/moead_ws/r206_21/run26.pkl,unknown,4
smsemoa,r111_21,6,3683139540,850000,850080,105,105,913736.7442,,15.0,1536.8099,0.0,4,685.343,2026-04-24T18:01:12,2026-04-24T18:12:37,ok,pickles/smsemoa/r111_21/run06.pkl,unknown,4
nsga2,rc105_21,4,3701451457,850000,850080,105,105,12830061.247137,,19.0,2217.5514,11.7109,10,639.722,2026-04-24T18:03:39,2026-04-24T18:14:19,ok,pickles/nsga2/rc105_21/run04.pkl,unknown,4
moead_ws,r210_21,7,1154511635,850000,850080,105,97,28259644.480681,,5.0,1040.4923,0.0,4,1472.12,2026-04-24T17:50:04,2026-04-24T18:14:36,ok,pickles/moead_ws/r210_21/run07.pkl,unknown,4
moead_ws,rc103_21,16,582195586,850000,850080,105,104,146988291.707155,,15.0,1914.7801,1.6154,13,773.359,2026-04-24T18:01:54,2026-04-24T18:14:48,ok,pickles/moead_ws/rc103_21/run16.pkl,unknown,4
nsga2,rc207_21,6,3369607365,850000,850080,105,105,2274616.369015,,4.0,1006.9637,0.0,2,1381.036,2026-04-24T17:55:26,2026-04-24T18:18:27,ok,pickles/nsga2/rc207_21/run06.pkl,unknown,4
moead_ws,r206_21,10,218282124,850000,850080,105,101,55540736.101996,,5.0,856.8683,0.0,5,1297.486,2026-04-24T17:57:12,2026-04-24T18:18:50,ok,pickles/moead_ws/r206_21/run10.pkl,unknown,4
moead_ws,r204_21,3,1941200036,850000,850080,105,103,1831698.677184,,4.0,985.6449,0.0,3,1470.997,2026-04-24T17:55:09,2026-04-24T18:19:40,ok,pickles/moead_ws/r204_21/run03.pkl,unknown,4
moead_ws,r110_21,1,2964259929,850000,850080,105,99,4692130.494196,,17.0,1704.7541,0.0,8,772.385,2026-04-24T18:07:37,2026-04-24T18:20:30,ok,pickles/moead_ws/r110_21/run01.pkl,unknown,4
moead_ws,r111_21,26,3446405285,850000,850080,105,92,2485756.111836,,16.0,1573.4942,0.0,6,792.53,2026-04-24T18:07:47,2026-04-24T18:21:00,ok,pickles/moead_ws/r111_21/run26.pkl,unknown,4
nsga2,r210_21,19,1573283214,850000,850080,105,105,3356133.829597,,4.0,975.1858,0.0,2,1362.279,2026-04-24T17:59:08,2026-04-24T18:21:50,ok,pickles/nsga2/r210_21/run19.pkl,unknown,4
moead_ws,r206_21,5,778051037,850000,850080,105,81,43024080.266243,,5.0,918.0045,0.0,5,1444.066,2026-04-24T17:59:58,2026-04-24T18:24:02,ok,pickles/moead_ws/r206_21/run05.pkl,unknown,4
moead_ws,r210_21,14,3077171009,850000,850080,105,96,10132043.978236,,4.0,922.8348,0.0,2,1534.211,2026-04-24T17:58:51,2026-04-24T18:24:26,ok,pickles/moead_ws/r210_21/run14.pkl,unknown,4
nsga2,r111_21,10,1331167365,850000,850080,105,105,1581601.265445,,17.0,1688.971,0.0,5,676.63,2026-04-24T18:14:19,2026-04-24T18:25:36,ok,pickles/nsga2/r111_21/run10.pkl,unknown,4
moead_ws,r110_21,9,2212814897,850000,850080,105,103,3094097.494089,,16.0,1655.0662,0.0,4,832.612,2026-04-24T18:14:37,2026-04-24T18:28:29,ok,pickles/moead_ws/r110_21/run09.pkl,unknown,4
smsemoa,rc103_21,10,3704245970,850000,850080,105,105,6323260.886347,,16.0,1892.2434,0.0,8,693.981,2026-04-24T18:18:50,2026-04-24T18:30:24,ok,pickles/smsemoa/rc103_21/run10.pkl,unknown,4
nsga2,r204_21,25,1023849626,850000,850080,105,103,1669710.141259,,3.0,896.0581,0.0,3,1556.121,2026-04-24T18:04:29,2026-04-24T18:30:25,ok,pickles/nsga2/r204_21/run25.pkl,unknown,4
nsga2,r209_21,15,1928217471,850000,850080,105,105,8933339.326243,,4.0,1006.6273,0.0,4,1332.187,2026-04-24T18:08:44,2026-04-24T18:30:56,ok,pickles/nsga2/r209_21/run15.pkl,unknown,4
smsemoa,r108_21,24,3358551842,850000,850080,105,105,1350935.512603,,13.0,1440.752,0.0,6,783.283,2026-04-24T18:21:00,2026-04-24T18:34:03,ok,pickles/smsemoa/r108_21/run24.pkl,unknown,4
moead_ws,r206_21,29,3743819334,850000,850080,105,102,50293655.808987,,5.0,906.4779,0.0,4,1353.573,2026-04-24T18:11:31,2026-04-24T18:34:05,ok,pickles/moead_ws/r206_21/run29.pkl,unknown,4
moead_ws,c105_21,10,2269185182,850000,850080,105,98,105151162.943015,,16.0,1945.7417,1586.5057,7,873.253,2026-04-24T18:19:41,2026-04-24T18:34:14,ok,pickles/moead_ws/c105_21/run10.pkl,unknown,4
smsemoa,r108_21,29,205811117,850000,850080,105,105,660561.686669,,13.0,1389.1404,0.0,5,767.305,2026-04-24T18:21:50,2026-04-24T18:34:37,ok,pickles/smsemoa/r108_21/run29.pkl,unknown,4
nsga2,r206_21,30,1075503112,850000,850080,105,105,12480524.668245,,4.0,916.6308,0.0,3,1370.863,2026-04-24T18:12:25,2026-04-24T18:35:16,ok,pickles/nsga2/r206_21/run30.pkl,unknown,4
nsga2,c204_21,14,385167492,850000,850080,105,105,11118991.306541,,4.0,1153.7149,0.0,4,1363.392,2026-04-24T18:12:37,2026-04-24T18:35:21,ok,pickles/nsga2/c204_21/run14.pkl,unknown,4
nsga2,r110_21,2,553599350,850000,850080,105,105,3524925.931144,,15.0,1621.4058,0.0,8,705.411,2026-04-24T18:24:26,2026-04-24T18:36:11,ok,pickles/nsga2/r110_21/run02.pkl,unknown,4
smsemoa,r206_21,22,3506997489,850000,850080,105,92,13577808.590223,,5.0,929.7607,0.0,3,1283.751,2026-04-24T18:14:48,2026-04-24T18:36:11,ok,pickles/smsemoa/r206_21/run22.pkl,unknown,4
smsemoa,r110_21,7,3942710819,850000,850080,104,104,1807688.976415,,15.0,1550.1756,0.0,6,721.811,2026-04-24T18:28:29,2026-04-24T18:40:31,ok,pickles/smsemoa/r110_21/run07.pkl,unknown,4
nsga2,r210_21,2,2271754507,850000,850080,105,101,4685455.512988,,4.0,1007.1141,0.0,3,1402.441,2026-04-24T18:18:27,2026-04-24T18:41:50,ok,pickles/nsga2/r210_21/run02.pkl,unknown,4
smsemoa,c105_21,4,2078314845,850000,850080,105,105,113035230.109158,,14.0,1649.783,1354.2486,9,724.158,2026-04-24T18:30:25,2026-04-24T18:42:29,ok,pickles/smsemoa/c105_21/run04.pkl,unknown,4
moead_ws,rc207_21,12,2118244139,850000,850080,105,98,14008595.351137,,4.0,931.3505,0.0,4,1431.509,2026-04-24T18:20:30,2026-04-24T18:44:22,ok,pickles/moead_ws/rc207_21/run12.pkl,unknown,4
moead_ws,c105_21,11,927701264,850000,850080,105,100,149590696.419551,,16.0,1949.8977,1482.0755,7,822.512,2026-04-24T18:30:57,2026-04-24T18:44:39,ok,pickles/moead_ws/c105_21/run11.pkl,unknown,4
nsga2,r111_21,12,3392119007,850000,850080,105,105,2441062.612065,,15.0,1634.8255,0.0,7,648.729,2026-04-24T18:34:37,2026-04-24T18:45:26,ok,pickles/nsga2/r111_21/run12.pkl,unknown,4
smsemoa,r210_21,1,2678855142,850000,850080,105,101,1995634.796806,,4.0,887.5951,0.0,2,1322.133,2026-04-24T18:24:02,2026-04-24T18:46:04,ok,pickles/smsemoa/r210_21/run01.pkl,unknown,4
nsga2,r204_21,23,3524532277,850000,850080,105,63,773672.49255,,3.0,916.3804,0.0,2,1490.703,2026-04-24T18:25:36,2026-04-24T18:50:27,ok,pickles/nsga2/r204_21/run23.pkl,unknown,4
smsemoa,c205_21,19,3780204390,850000,850080,105,105,62407572.802577,,4.0,1024.6301,63.6301,5,1164.029,2026-04-24T18:34:03,2026-04-24T18:53:27,ok,pickles/smsemoa/c205_21/run19.pkl,unknown,4
nsga2,r104_21,1,587164056,850000,850080,105,105,1332014.719926,,15.0,1554.6036,0.0,5,707.107,2026-04-24T18:41:50,2026-04-24T18:53:37,ok,pickles/nsga2/r104_21/run01.pkl,unknown,4
nsga2,r110_21,17,2041799519,850000,850080,105,105,2629259.43822,,15.0,1462.9759,0.0,7,668.514,2026-04-24T18:42:29,2026-04-24T18:53:38,ok,pickles/nsga2/r110_21/run17.pkl,unknown,4
smsemoa,c203_21,29,4024085771,850000,850080,105,105,9007469.985751,,5.0,1000.3588,0.0,3,1170.78,2026-04-24T18:34:14,2026-04-24T18:53:45,ok,pickles/smsemoa/c203_21/run29.pkl,unknown,4
moead_ws,r204_21,29,865322907,850000,850080,105,88,1112035.230714,,3.0,911.5363,0.0,4,1459.235,2026-04-24T18:30:24,2026-04-24T18:54:44,ok,pickles/moead_ws/r204_21/run29.pkl,unknown,4
moead_ws,r204_21,22,3385406584,850000,850080,105,86,81533.800284,,4.0,944.9007,0.0,3,1413.773,2026-04-24T18:34:05,2026-04-24T18:57:39,ok,pickles/moead_ws/r204_21/run22.pkl,unknown,4
moead_ws,c105_21,30,1750558523,850000,850080,105,97,30607246.975359,,16.0,1814.4119,1978.8534,4,842.531,2026-04-24T18:44:22,2026-04-24T18:58:25,ok,pickles/moead_ws/c105_21/run30.pkl,unknown,4
moead_ws,r204_21,17,2695762493,850000,850080,105,83,231568.754102,,5.0,1051.807,0.0,1,1460.394,2026-04-24T18:35:17,2026-04-24T18:59:37,ok,pickles/moead_ws/r204_21/run17.pkl,unknown,4
nsga2,rc105_21,23,1584515308,850000,850080,105,105,15870945.714176,,18.0,2075.9549,0.0,10,591.3,2026-04-24T18:50:27,2026-04-24T19:00:18,ok,pickles/nsga2/rc105_21/run23.pkl,unknown,4
smsemoa,r206_21,10,4145846169,850000,850080,105,105,2753365.914265,,4.0,889.9069,0.0,2,1455.458,2026-04-24T18:36:11,2026-04-24T19:00:27,ok,pickles/smsemoa/r206_21/run10.pkl,unknown,4
smsemoa,rc207_21,20,2864847589,850000,850080,105,105,25602065.084427,,4.0,1031.7185,0.0,4,1459.745,2026-04-24T18:36:11,2026-04-24T19:00:31,ok,pickles/smsemoa/rc207_21/run20.pkl,unknown,4
moead_ws,r206_21,22,1872158633,850000,850080,105,104,18197319.576274,,4.0,968.0878,0.0,4,1690.738,2026-04-24T18:35:21,2026-04-24T19:03:32,ok,pickles/moead_ws/r206_21/run22.pkl,unknown,4
moead_ws,r210_21,2,1489684213,850000,850080,105,85,16872000.212258,,5.0,1036.3608,0.0,4,1389.112,2026-04-24T18:40:32,2026-04-24T19:03:41,ok,pickles/moead_ws/r210_21/run02.pkl,unknown,4
smsemoa,r106_21,14,571985056,850000,850080,105,105,6601668.118853,,19.0,1838.8295,3.7839,10,691.115,2026-04-24T18:53:45,2026-04-24T19:05:16,ok,pickles/smsemoa/r106_21/run14.pkl,unknown,4
nsga2,r108_21,28,1362971760,850000,850080,105,105,947786.874199,,14.0,1502.181,0.0,5,742.912,2026-04-24T18:53:27,2026-04-24T19:05:50,ok,pickles/nsga2/r108_21/run28.pkl,unknown,4
nsga2,r104_21,14,4127896663,850000,850080,105,105,2120735.107816,,12.0,1359.3018,0.0,7,715.667,2026-04-24T18:54:44,2026-04-24T19:06:39,ok,pickles/nsga2/r104_21/run14.pkl,unknown,4
smsemoa,c203_21,18,30333139,850000,850080,105,105,118359620.329101,,4.0,1120.6733,33.498,5,1235.715,2026-04-24T18:46:04,2026-04-24T19:06:40,ok,pickles/smsemoa/c203_21/run18.pkl,unknown,4
smsemoa,r209_21,24,615709625,850000,850080,105,103,9293138.423494,,4.0,967.3815,0.0,3,1354.549,2026-04-24T18:44:39,2026-04-24T19:07:14,ok,pickles/smsemoa/r209_21/run24.pkl,unknown,4
moead_ws,r206_21,3,2091149276,850000,850080,105,95,20579870.47979,,5.0,926.4864,0.0,3,1376.336,2026-04-24T18:45:26,2026-04-24T19:08:23,ok,pickles/moead_ws/r206_21/run03.pkl,unknown,4
nsga2,r111_21,25,2140197272,850000,850080,105,105,1069791.953714,,16.0,1549.0154,0.0,4,697.044,2026-04-24T18:57:39,2026-04-24T19:09:16,ok,pickles/nsga2/r111_21/run25.pkl,unknown,4
nsga2,rc103_21,1,2787433412,850000,850080,105,105,13428387.222428,,17.0,2027.7035,0.0,9,647.084,2026-04-24T19:00:27,2026-04-24T19:11:14,ok,pickles/nsga2/rc103_21/run01.pkl,unknown,4
smsemoa,r110_21,13,242431923,850000,850080,105,105,1777492.1103,,15.0,1558.2544,0.0,6,711.233,2026-04-24T18:59:37,2026-04-24T19:11:29,ok,pickles/smsemoa/r110_21/run13.pkl,unknown,4
smsemoa,r110_21,25,379994368,850000,850080,105,105,2666833.591028,,15.0,1504.3103,0.0,7,692.382,2026-04-24T19:00:18,2026-04-24T19:11:50,ok,pickles/smsemoa/r110_21/run25.pkl,unknown,4
nsga2,r104_21,17,132565192,850000,850080,105,105,1033800.695816,,15.0,1493.5281,0.0,6,698.22,2026-04-24T19:03:32,2026-04-24T19:15:10,ok,pickles/nsga2/r104_21/run17.pkl,unknown,4
nsga2,r209_21,10,4132722866,850000,850080,105,105,8192886.333078,,4.0,1024.7205,0.0,3,1302.378,2026-04-24T18:53:37,2026-04-24T19:15:19,ok,pickles/nsga2/r209_21/run10.pkl,unknown,4
nsga2,r206_21,26,2253903486,850000,850080,105,105,6377020.416284,,4.0,1002.9192,0.0,3,1347.851,2026-04-24T18:53:38,2026-04-24T19:16:05,ok,pickles/nsga2/r206_21/run26.pkl,unknown,4
smsemoa,rc105_21,25,1891837735,850000,850080,105,105,46162417.303636,,18.0,2030.6411,0.0,10,644.006,2026-04-24T19:06:40,2026-04-24T19:17:24,ok,pickles/smsemoa/rc105_21/run25.pkl,unknown,4
nsga2,r108_21,22,168120240,850000,850080,105,105,632675.701163,,14.0,1386.9719,0.0,5,747.327,2026-04-24T19:05:16,2026-04-24T19:17:43,ok,pickles/nsga2/r108_21/run22.pkl,unknown,4
nsga2,r210_21,13,2271473144,850000,850080,105,105,2497588.565104,,4.0,969.6629,0.0,2,1354.078,2026-04-24T18:58:25,2026-04-24T19:20:59,ok,pickles/nsga2/r210_21/run13.pkl,unknown,4
nsga2,c203_21,25,3945455411,850000,850080,105,105,9973286.578226,,5.0,1163.8231,0.0,4,1225.177,2026-04-24T19:03:41,2026-04-24T19:24:06,ok,pickles/nsga2/c203_21/run25.pkl,unknown,4
smsemoa,rc207_21,26,2932211513,850000,850080,105,104,14271186.052344,,4.0,875.5978,0.0,3,1463.208,2026-04-24T19:00:31,2026-04-24T19:24:54,ok,pickles/smsemoa/rc207_21/run26.pkl,unknown,4
nsga2,r110_21,8,1731397523,850000,850080,105,105,2913298.657614,,15.0,1638.6406,0.0,7,651.966,2026-04-24T19:15:10,2026-04-24T19:26:02,ok,pickles/nsga2/r110_21/run08.pkl,unknown,4
nsga2,c205_21,12,902357950,850000,850080,105,105,67838744.93302,,5.0,1101.9438,678.8466,4,1181.445,2026-04-24T19:06:39,2026-04-24T19:26:21,ok,pickles/nsga2/c205_21/run12.pkl,unknown,4
moead_ws,r108_21,9,3648496018,850000,850080,105,97,1869562.460847,,12.0,1330.2533,0.0,5,913.082,2026-04-24T19:11:51,2026-04-24T19:27:04,ok,pickles/moead_ws/r108_21/run09.pkl,unknown,4
nsga2,r111_21,24,4259035869,850000,850080,105,105,2921576.553755,,15.0,1561.042,0.0,6,676.377,2026-04-24T19:16:05,2026-04-24T19:27:22,ok,pickles/nsga2/r111_21/run24.pkl,unknown,4
nsga2,rc105_21,1,2128028146,850000,850080,105,105,14450903.626336,,16.0,1867.8405,4.9842,9,619.052,2026-04-24T19:17:43,2026-04-24T19:28:02,ok,pickles/nsga2/rc105_21/run01.pkl,unknown,4
smsemoa,r209_21,16,1155309726,850000,850080,105,105,5040138.489271,,4.0,878.8289,0.0,3,1405.974,2026-04-24T19:05:50,2026-04-24T19:29:16,ok,pickles/smsemoa/r209_21/run16.pkl,unknown,4
smsemoa,c204_21,18,3651164968,850000,850080,105,105,25806376.300733,,4.0,924.59,0.0,4,1452.315,2026-04-24T19:07:14,2026-04-24T19:31:26,ok,pickles/smsemoa/c204_21/run18.pkl,unknown,4
smsemoa,r209_21,1,3911606084,850000,850080,105,105,6597386.368464,,4.0,952.9994,0.0,3,1406.385,2026-04-24T19:08:23,2026-04-24T19:31:49,ok,pickles/smsemoa/r209_21/run01.pkl,unknown,4
nsga2,c204_21,12,2384456914,850000,850080,105,105,6486524.119136,,4.0,1115.5657,0.0,3,1376.529,2026-04-24T19:09:16,2026-04-24T19:32:13,ok,pickles/nsga2/c204_21/run12.pkl,unknown,4
nsga2,r204_21,6,4288332161,850000,850080,105,45,119616.021291,,4.0,973.2902,0.0,1,1335.929,2026-04-24T19:11:14,2026-04-24T19:33:30,ok,pickles/nsga2/r204_21/run06.pkl,unknown,4
nsga2,c105_21,2,2472797121,850000,850080,105,105,208458593.04248,,14.0,1605.5061,287.3083,12,682.862,2026-04-24T19:24:06,2026-04-24T19:35:29,ok,pickles/nsga2/c105_21/run02.pkl,unknown,4
nsga2,rc103_21,14,772435975,850000,850080,105,105,19185107.583122,,16.0,2005.678,0.0,11,676.2,2026-04-24T19:24:54,2026-04-24T19:36:10,ok,pickles/nsga2/rc103_21/run14.pkl,unknown,4
moead_ws,c205_21,1,3235089139,850000,850080,105,103,97003800.381405,,5.0,1043.6098,6793.653,3,1489.517,2026-04-24T19:11:29,2026-04-24T19:36:19,ok,pickles/moead_ws/c205_21/run01.pkl,unknown,4
nsga2,rc103_21,3,2958179545,850000,850080,105,105,3526930.434427,,17.0,2061.0483,0.0,8,642.307,2026-04-24T19:26:02,2026-04-24T19:36:45,ok,pickles/nsga2/rc103_21/run03.pkl,unknown,4
nsga2,r204_21,26,685938555,850000,850080,105,105,785375.539994,,3.0,873.3502,0.0,2,1428.75,2026-04-24T19:15:19,2026-04-24T19:39:08,ok,pickles/nsga2/r204_21/run26.pkl,unknown,4
nsga2,rc105_21,12,1891659815,850000,850080,105,105,21865051.226222,,18.0,2120.3325,0.0,12,621.569,2026-04-24T19:31:49,2026-04-24T19:42:11,ok,pickles/nsga2/rc105_21/run12.pkl,unknown,4
smsemoa,c204_21,24,2004199954,850000,850080,105,43,192288.468814,,4.0,883.3991,0.0,1,1507.306,2026-04-24T19:17:24,2026-04-24T19:42:31,ok,pickles/smsemoa/c204_21/run24.pkl,unknown,4
nsga2,r206_21,2,2470172441,850000,850080,105,105,6705632.938946,,4.0,999.6536,0.0,3,1303.214,2026-04-24T19:20:59,2026-04-24T19:42:42,ok,pickles/nsga2/r206_21/run02.pkl,unknown,4
nsga2,r110_21,12,359665714,850000,850080,105,105,1054032.894337,,16.0,1627.4422,0.0,4,673.056,2026-04-24T19:36:19,2026-04-24T19:47:32,ok,pickles/nsga2/r110_21/run12.pkl,unknown,4
smsemoa,rc105_21,12,418585688,850000,850080,105,105,12003363.045753,,18.0,1995.1162,31.3938,9,685.709,2026-04-24T19:36:10,2026-04-24T19:47:36,ok,pickles/smsemoa/rc105_21/run12.pkl,unknown,4
nsga2,r104_21,28,3157549124,850000,850080,105,105,864684.221328,,14.0,1458.9172,0.0,6,746.845,2026-04-24T19:35:29,2026-04-24T19:47:56,ok,pickles/nsga2/r104_21/run28.pkl,unknown,4
smsemoa,r209_21,25,1668516092,850000,850080,105,105,15186090.943794,,4.0,933.6344,0.0,3,1387.665,2026-04-24T19:26:21,2026-04-24T19:49:28,ok,pickles/smsemoa/r209_21/run25.pkl,unknown,4
moead_ws,r204_21,8,2198714497,850000,850080,105,86,1935276.190807,,4.0,1079.288,0.0,3,1409.079,2026-04-24T19:27:04,2026-04-24T19:50:33,ok,pickles/moead_ws/r204_21/run08.pkl,unknown,4
nsga2,c203_21,15,4034906061,850000,850080,105,105,114327825.701297,,4.0,1206.5498,44.4131,6,1155.432,2026-04-24T19:31:26,2026-04-24T19:50:42,ok,pickles/nsga2/c203_21/run15.pkl,unknown,4
nsga2,r209_21,2,2897761620,850000,850080,105,105,4517485.037796,,4.0,1013.9572,0.0,2,1381.383,2026-04-24T19:28:02,2026-04-24T19:51:04,ok,pickles/nsga2/r209_21/run02.pkl,unknown,4
moead_ws,rc207_21,30,1031739185,850000,850080,105,98,20728158.24822,,5.0,927.008,0.0,4,1372.751,2026-04-24T19:29:16,2026-04-24T19:52:09,ok,pickles/moead_ws/rc207_21/run30.pkl,unknown,4
smsemoa,c203_21,6,3374940846,850000,850080,105,105,23818654.216187,,5.0,1080.7869,0.0,3,1133.432,2026-04-24T19:33:30,2026-04-24T19:52:23,ok,pickles/smsemoa/c203_21/run06.pkl,unknown,4
nsga2,r106_21,16,2963509369,850000,850080,105,105,11215062.808164,,17.0,1639.4472,0.0,10,648.832,2026-04-24T19:42:11,2026-04-24T19:53:00,ok,pickles/nsga2/r106_21/run16.pkl,unknown,4
moead_ws,c205_21,6,1554099451,850000,850080,105,104,418436212.191778,,6.0,1214.7271,16522.2333,4,1541.703,2026-04-24T19:27:22,2026-04-24T19:53:04,ok,pickles/moead_ws/c205_21/run06.pkl,unknown,4
nsga2,r209_21,6,2901029411,850000,850080,105,105,4862300.230209,,4.0,934.0235,0.0,3,1448.186,2026-04-24T19:32:13,2026-04-24T19:56:21,ok,pickles/nsga2/r209_21/run06.pkl,unknown,4
moead_ws,c203_21,23,3964719669,850000,850080,105,102,23374463.542701,,4.0,1033.8096,0.0,2,1182.105,2026-04-24T19:36:45,2026-04-24T19:56:27,ok,pickles/moead_ws/c203_21/run23.pkl,unknown,4
smsemoa,c205_21,9,2394403751,850000,850080,105,105,47791069.229192,,5.0,1138.0465,1380.4625,4,1198.905,2026-04-24T19:39:08,2026-04-24T19:59:07,ok,pickles/smsemoa/c205_21/run09.pkl,unknown,4
nsga2,c105_21,6,342621963,850000,850080,105,105,56119594.221323,,15.0,1702.3857,530.1791,8,700.154,2026-04-24T19:47:36,2026-04-24T19:59:16,ok,pickles/nsga2/c105_21/run06.pkl,unknown,4
nsga2,rc103_21,28,977381548,850000,850080,105,105,7770292.413391,,16.0,2017.4966,0.0,6,644.875,2026-04-24T19:49:28,2026-04-24T20:00:13,ok,pickles/nsga2/rc103_21/run28.pkl,unknown,4
moead_ws,c205_21,24,664114881,850000,850080,105,102,425066565.036089,,5.0,1241.173,14.9459,3,1106.607,2026-04-24T19:42:42,2026-04-24T20:01:09,ok,pickles/moead_ws/c205_21/run24.pkl,unknown,4
smsemoa,r104_21,26,1325899331,850000,850080,105,105,3322058.310494,,13.0,1416.7875,0.0,7,731.348,2026-04-24T19:50:42,2026-04-24T20:02:53,ok,pickles/smsemoa/r104_21/run26.pkl,unknown,4
nsga2,r104_21,20,3862826359,850000,850080,105,105,1814493.775493,,14.0,1605.7033,0.0,6,714.354,2026-04-24T19:51:04,2026-04-24T20:02:58,ok,pickles/nsga2/r104_21/run20.pkl,unknown,4
nsga2,r210_21,27,900922936,850000,850080,105,105,2148694.739882,,4.0,978.116,0.0,2,1334.655,2026-04-24T19:42:31,2026-04-24T20:04:46,ok,pickles/nsga2/r210_21/run27.pkl,unknown,4
smsemoa,r104_21,25,2974900472,850000,850080,105,105,1387447.246431,,13.0,1379.7944,0.0,5,737.715,2026-04-24T19:53:00,2026-04-24T20:05:17,ok,pickles/smsemoa/r104_21/run25.pkl,unknown,4
smsemoa,c203_21,15,441360713,850000,850080,105,105,57723978.369579,,4.0,987.8393,0.0,5,1313.58,2026-04-24T19:47:56,2026-04-24T20:09:49,ok,pickles/smsemoa/c203_21/run15.pkl,unknown,4
moead_ws,r104_21,22,1011394588,850000,850080,105,88,3911261.463755,,15.0,1629.2528,0.0,6,843.725,2026-04-24T19:56:28,2026-04-24T20:10:31,ok,pickles/moead_ws/r104_21/run22.pkl,unknown,4
nsga2,r210_21,9,2785702880,850000,850080,105,105,2792525.867237,,4.0,1135.7626,0.0,3,1432.1,2026-04-24T19:47:32,2026-04-24T20:11:24,ok,pickles/nsga2/r210_21/run09.pkl,unknown,4
moead_ws,c203_21,7,17483261,850000,850080,105,92,40240136.178026,,5.0,1081.0639,0.0,5,1184.984,2026-04-24T19:52:24,2026-04-24T20:12:09,ok,pickles/moead_ws/c203_21/run07.pkl,unknown,4
nsga2,r111_21,29,1183779334,850000,850080,105,105,3397223.518746,,15.0,1575.7656,0.0,6,672.958,2026-04-24T20:02:53,2026-04-24T20:14:06,ok,pickles/nsga2/r111_21/run29.pkl,unknown,4
smsemoa,r106_21,8,1925766798,850000,850080,105,105,11380964.864949,,18.0,1722.1765,12.8737,9,658.052,2026-04-24T20:04:46,2026-04-24T20:15:44,ok,pickles/smsemoa/r106_21/run08.pkl,unknown,4
moead_ws,r209_21,25,3781981265,850000,850080,105,101,17571042.408991,,4.0,935.2211,0.0,4,1539.103,2026-04-24T19:50:34,2026-04-24T20:16:13,ok,pickles/moead_ws/r209_21/run25.pkl,unknown,4
moead_ws,r204_21,9,917475217,850000,850080,105,102,2857941.842566,,3.0,929.8877,0.0,3,1566.935,2026-04-24T19:52:09,2026-04-24T20:18:16,ok,pickles/moead_ws/r204_21/run09.pkl,unknown,4
smsemoa,r209_21,20,1943562416,850000,850080,105,105,6993238.946891,,3.0,901.0595,0.0,3,1554.211,2026-04-24T19:53:04,2026-04-24T20:18:58,ok,pickles/smsemoa/r209_21/run20.pkl,unknown,4
smsemoa,r204_21,5,1071083131,850000,850080,105,65,617592.66981,,4.0,880.2534,0.0,2,1344.145,2026-04-24T19:59:16,2026-04-24T20:21:40,ok,pickles/smsemoa/r204_21/run05.pkl,unknown,4
smsemoa,r111_21,27,3508924357,850000,850080,105,105,1943537.856321,,15.0,1459.8964,0.0,5,730.065,2026-04-24T20:09:49,2026-04-24T20:21:59,ok,pickles/smsemoa/r111_21/run27.pkl,unknown,4
nsga2,c105_21,3,3758241619,850000,850080,105,105,145065247.808707,,13.0,1770.4874,488.79,11,695.521,2026-04-24T20:10:31,2026-04-24T20:22:07,ok,pickles/nsga2/c105_21/run03.pkl,unknown,4
nsga2,r204_21,7,2669832139,850000,850080,105,69,168084.496205,,3.0,960.1719,0.0,2,1562.411,2026-04-24T19:56:21,2026-04-24T20:22:23,ok,pickles/nsga2/r204_21/run07.pkl,unknown,4
nsga2,r209_21,26,3171627206,850000,850080,105,105,3000965.141618,,4.0,895.1993,0.0,2,1414.019,2026-04-24T19:59:07,2026-04-24T20:22:41,ok,pickles/nsga2/r209_21/run26.pkl,unknown,4
nsga2,c204_21,23,3422459887,850000,850080,105,105,2887781.395622,,4.0,886.4627,0.0,2,1383.136,2026-04-24T20:00:13,2026-04-24T20:23:16,ok,pickles/nsga2/c204_21/run23.pkl,unknown,4
moead_ws,c203_21,25,3132258959,850000,850080,105,93,85145857.541658,,6.0,1159.0266,0.0,4,1175.188,2026-04-24T20:05:18,2026-04-24T20:24:53,ok,pickles/moead_ws/c203_21/run25.pkl,unknown,4
nsga2,rc207_21,8,3163731863,850000,850080,105,105,9081513.728958,,4.0,1079.5185,0.0,3,1363.284,2026-04-24T20:02:58,2026-04-24T20:25:42,ok,pickles/nsga2/rc207_21/run08.pkl,unknown,4
smsemoa,c204_21,3,3694074193,850000,850080,105,66,12610901.149704,,4.0,847.1175,0.0,2,1475.935,2026-04-24T20:01:09,2026-04-24T20:25:45,ok,pickles/smsemoa/c204_21/run03.pkl,unknown,4
nsga2,rc103_21,2,2624485598,850000,850080,105,105,7408053.084505,,17.0,2022.8324,0.0,9,644.726,2026-04-24T20:16:13,2026-04-24T20:26:58,ok,pickles/nsga2/rc103_21/run02.pkl,unknown,4
nsga2,c105_21,22,1633509464,850000,850080,105,105,120092469.058697,,14.0,1870.0141,1386.7241,10,701.574,2026-04-24T20:15:44,2026-04-24T20:27:26,ok,pickles/nsga2/c105_21/run22.pkl,unknown,4
moead_ws,rc103_21,19,1995105046,850000,850080,105,102,19764643.367163,,17.0,2047.9617,0.0,10,772.488,2026-04-24T20:18:17,2026-04-24T20:31:09,ok,pickles/moead_ws/rc103_21/run19.pkl,unknown,4
smsemoa,c203_21,13,91191519,850000,850080,105,105,19962163.84221,,4.0,1034.3503,0.0,4,1331.959,2026-04-24T20:11:24,2026-04-24T20:33:36,ok,pickles/smsemoa/c203_21/run13.pkl,unknown,4
moead_ws,rc103_21,17,96109592,850000,850080,105,94,27191864.42482,,19.0,2062.8551,0.7056,11,809.671,2026-04-24T20:21:41,2026-04-24T20:35:11,ok,pickles/moead_ws/rc103_21/run17.pkl,unknown,4
smsemoa,r210_21,28,3744742188,850000,850080,105,105,16314122.968868,,4.0,899.1522,0.0,4,1422.017,2026-04-24T20:12:09,2026-04-24T20:35:51,ok,pickles/smsemoa/r210_21/run28.pkl,unknown,4
moead_ws,r104_21,1,1480143359,850000,850080,105,91,14875971.444133,,15.0,1573.9626,0.0,7,826.071,2026-04-24T20:22:42,2026-04-24T20:36:28,ok,pickles/moead_ws/r104_21/run01.pkl,unknown,4
nsga2,r108_21,11,3726153656,850000,850080,105,105,1096458.853387,,13.0,1419.9217,0.0,5,721.317,2026-04-24T20:24:53,2026-04-24T20:36:54,ok,pickles/nsga2/r108_21/run11.pkl,unknown,4
moead_ws,r108_21,22,3948592661,850000,850080,105,92,6754920.942402,,14.0,1519.1043,0.0,7,872.095,2026-04-24T20:23:17,2026-04-24T20:37:49,ok,pickles/moead_ws/r108_21/run22.pkl,unknown,4
moead_ws,rc105_21,6,4183481941,850000,850080,105,98,39260385.378514,,21.0,2359.3583,0.2163,11,728.942,2026-04-24T20:25:45,2026-04-24T20:37:54,ok,pickles/moead_ws/rc105_21/run06.pkl,unknown,4
moead_ws,r210_21,21,3073811783,850000,850080,105,96,20598661.26837,,5.0,937.3546,0.0,4,1491.149,2026-04-24T20:14:06,2026-04-24T20:38:57,ok,pickles/moead_ws/r210_21/run21.pkl,unknown,4
moead_ws,r104_21,11,4135685128,850000,850080,105,85,14829226.791261,,14.0,1519.4235,0.0,8,838.615,2026-04-24T20:25:42,2026-04-24T20:39:41,ok,pickles/moead_ws/r104_21/run11.pkl,unknown,4
nsga2,c203_21,11,2943157803,850000,850080,105,105,16853041.003304,,5.0,1244.5702,0.0,4,1164.309,2026-04-24T20:22:23,2026-04-24T20:41:48,ok,pickles/nsga2/c203_21/run11.pkl,unknown,4
moead_ws,rc105_21,4,3866446463,850000,850080,105,104,31175822.422013,,18.0,2243.8478,17.8211,12,723.955,2026-04-24T20:31:10,2026-04-24T20:43:14,ok,pickles/moead_ws/rc105_21/run04.pkl,unknown,4
moead_ws,rc207_21,23,645827172,850000,850080,105,100,29313702.679513,,5.0,880.8396,0.0,4,1469.53,2026-04-24T20:18:59,2026-04-24T20:43:28,ok,pickles/moead_ws/rc207_21/run23.pkl,unknown,4
smsemoa,c203_21,11,1567340727,850000,850080,105,105,12795423.540243,,5.0,1016.9118,0.0,3,1317.461,2026-04-24T20:21:59,2026-04-24T20:43:57,ok,pickles/smsemoa/c203_21/run11.pkl,unknown,4
moead_ws,r206_21,28,4002894164,850000,850080,105,95,35570994.917026,,5.0,926.9957,0.0,4,1348.663,2026-04-24T20:22:07,2026-04-24T20:44:36,ok,pickles/moead_ws/r206_21/run28.pkl,unknown,4
smsemoa,r110_21,6,2412601056,850000,850080,105,105,732417.187861,,16.0,1533.7755,0.0,4,709.547,2026-04-24T20:33:36,2026-04-24T20:45:25,ok,pickles/smsemoa/r110_21/run06.pkl,unknown,4
smsemoa,c105_21,24,4128837635,850000,850080,105,105,134763823.02782,,14.0,1672.1594,1187.9666,10,677.885,2026-04-24T20:35:51,2026-04-24T20:47:09,ok,pickles/smsemoa/c105_21/run24.pkl,unknown,4
nsga2,r106_21,3,2678062321,850000,850080,105,105,9509098.814861,,17.0,1865.9122,0.6645,13,662.059,2026-04-24T20:36:28,2026-04-24T20:47:30,ok,pickles/nsga2/r106_21/run03.pkl,unknown,4
nsga2,rc105_21,16,929970431,850000,850080,105,105,17077751.140127,,18.0,2159.3254,4.3872,11,606.989,2026-04-24T20:37:49,2026-04-24T20:47:56,ok,pickles/nsga2/rc105_21/run16.pkl,unknown,4
moead_ws,r104_21,23,282584096,850000,850080,105,82,8634954.982653,,15.0,1616.6925,0.0,8,842.46,2026-04-24T20:35:11,2026-04-24T20:49:13,ok,pickles/moead_ws/r104_21/run23.pkl,unknown,4
moead_ws,r206_21,13,4150676192,850000,850080,105,96,12680217.941092,,5.0,861.4407,0.0,3,1380.257,2026-04-24T20:27:26,2026-04-24T20:50:26,ok,pickles/moead_ws/r206_21/run13.pkl,unknown,4
nsga2,c204_21,18,927910101,850000,850080,105,32,1248104.86368,,4.0,941.499,0.0,2,1476.049,2026-04-24T20:26:58,2026-04-24T20:51:34,ok,pickles/nsga2/c204_21/run18.pkl,unknown,4
moead_ws,r111_21,21,643209177,850000,850080,105,94,6318960.563037,,17.0,1621.2348,0.0,5,784.067,2026-04-24T20:38:58,2026-04-24T20:52:02,ok,pickles/moead_ws/r111_21/run21.pkl,unknown,4
moead_ws,rc105_21,20,2529110810,850000,850080,105,102,24940660.607426,,20.0,2193.3132,0.0,12,762.684,2026-04-24T20:39:41,2026-04-24T20:52:24,ok,pickles/moead_ws/rc105_21/run20.pkl,unknown,4
moead_ws,r111_21,12,3155659369,850000,850080,105,103,3796972.929841,,17.0,1645.7736,0.0,5,792.913,2026-04-24T20:45:26,2026-04-24T20:58:39,ok,pickles/moead_ws/r111_21/run12.pkl,unknown,4
smsemoa,r110_21,23,1148040713,850000,850080,105,105,1857483.631272,,15.0,1423.4016,0.0,6,710.378,2026-04-24T20:47:30,2026-04-24T20:59:20,ok,pickles/smsemoa/r110_21/run23.pkl,unknown,4
moead_ws,r206_21,4,2805279548,850000,850080,105,100,16432676.824874,,5.0,935.3138,0.0,3,1399.976,2026-04-24T20:36:55,2026-04-24T21:00:15,ok,pickles/moead_ws/r206_21/run04.pkl,unknown,4
nsga2,c203_21,16,822839110,850000,850080,105,105,27803525.545306,,5.0,1212.7716,0.0,5,1185.511,2026-04-24T20:41:48,2026-04-24T21:01:33,ok,pickles/nsga2/c203_21/run16.pkl,unknown,4
nsga2,c204_21,29,3427543805,850000,850080,105,97,14084350.64804,,4.0,1059.578,0.0,3,1422.955,2026-04-24T20:37:54,2026-04-24T21:01:37,ok,pickles/nsga2/c204_21/run29.pkl,unknown,4
nsga2,r104_21,4,705953461,850000,850080,105,105,3923371.062205,,14.0,1570.4868,0.0,8,714.784,2026-04-24T20:50:26,2026-04-24T21:02:21,ok,pickles/nsga2/r104_21/run04.pkl,unknown,4
moead_ws,c203_21,24,3658415756,850000,850080,105,87,24627807.229232,,5.0,1205.9907,0.0,4,1162.381,2026-04-24T20:43:14,2026-04-24T21:02:37,ok,pickles/moead_ws/c203_21/run24.pkl,unknown,4
moead_ws,rc105_21,12,952632555,850000,850080,105,98,32863471.77371,,19.0,2055.4553,2.2326,11,765.376,2026-04-24T20:52:24,2026-04-24T21:05:10,ok,pickles/moead_ws/rc105_21/run12.pkl,unknown,4
smsemoa,r209_21,26,3312453659,850000,850080,105,105,15987563.190351,,4.0,977.0427,0.0,3,1397.343,2026-04-24T20:43:57,2026-04-24T21:07:14,ok,pickles/smsemoa/r209_21/run26.pkl,unknown,4
smsemoa,r206_21,2,2720347019,850000,850080,105,105,4991480.684349,,3.0,876.8473,0.0,3,1402.465,2026-04-24T20:44:36,2026-04-24T21:07:58,ok,pickles/smsemoa/r206_21/run02.pkl,unknown,4
smsemoa,r210_21,25,2131278102,850000,850080,105,105,12486869.428854,,3.0,926.8873,0.0,5,1479.648,2026-04-24T20:43:28,2026-04-24T21:08:08,ok,pickles/smsemoa/r210_21/run25.pkl,unknown,4
smsemoa,r209_21,9,2387700328,850000,850080,105,105,11148226.288825,,4.0,876.1176,0.0,3,1436.372,2026-04-24T20:47:09,2026-04-24T21:11:05,ok,pickles/smsemoa/r209_21/run09.pkl,unknown,4
smsemoa,c205_21,10,1087446925,850000,850080,105,105,34357889.118084,,5.0,956.1256,108.8351,3,1327.247,2026-04-24T20:49:13,2026-04-24T21:11:21,ok,pickles/smsemoa/c205_21/run10.pkl,unknown,4
smsemoa,r108_21,21,3617970164,850000,850080,105,105,1064292.374725,,12.0,1323.8187,0.0,5,776.975,2026-04-24T20:58:39,2026-04-24T21:11:36,ok,pickles/smsemoa/r108_21/run21.pkl,unknown,4
smsemoa,r104_21,7,3143737844,850000,850080,105,105,2381965.541171,,13.0,1342.5714,0.0,6,729.731,2026-04-24T21:00:15,2026-04-24T21:12:24,ok,pickles/smsemoa/r104_21/run07.pkl,unknown,4
moead_ws,r104_21,26,4213202513,850000,850080,105,95,4012094.706665,,16.0,1573.65,0.0,6,835.835,2026-04-24T20:59:21,2026-04-24T21:13:16,ok,pickles/moead_ws/r104_21/run26.pkl,unknown,4
nsga2,r206_21,1,2193267176,850000,850080,105,105,5446019.002119,,5.0,1056.8376,0.0,3,1292.614,2026-04-24T20:52:02,2026-04-24T21:13:35,ok,pickles/nsga2/r206_21/run01.pkl,unknown,4
moead_ws,r206_21,14,3871167244,850000,850080,105,100,20561675.235059,,5.0,913.9114,0.0,3,1542.473,2026-04-24T20:47:56,2026-04-24T21:13:39,ok,pickles/moead_ws/r206_21/run14.pkl,unknown,4
nsga2,r108_21,12,2083693725,850000,850080,105,105,2483876.893373,,12.0,1375.1669,0.0,7,763.045,2026-04-24T21:01:33,2026-04-24T21:14:16,ok,pickles/nsga2/r108_21/run12.pkl,unknown,4
nsga2,r210_21,1,641860176,850000,850080,105,105,2400067.688841,,4.0,1064.1466,0.0,2,1389.817,2026-04-24T20:51:34,2026-04-24T21:14:44,ok,pickles/nsga2/r210_21/run01.pkl,unknown,4
moead_ws,r106_21,20,3135648598,850000,850080,105,101,15484159.833024,,20.0,1843.5997,6.0144,9,772.677,2026-04-24T21:05:10,2026-04-24T21:18:03,ok,pickles/moead_ws/r106_21/run20.pkl,unknown,4
smsemoa,rc105_21,23,4255960084,850000,850080,105,105,17162029.208909,,19.0,2071.3103,0.0,10,617.273,2026-04-24T21:11:05,2026-04-24T21:21:23,ok,pickles/smsemoa/rc105_21/run23.pkl,unknown,4
smsemoa,r106_21,21,2065452804,850000,850080,105,105,5350301.638956,,18.0,1786.1549,0.0,9,679.764,2026-04-24T21:11:21,2026-04-24T21:22:41,ok,pickles/smsemoa/r106_21/run21.pkl,unknown,4
nsga2,rc103_21,9,339530072,850000,850080,105,105,3078492.443745,,17.0,1984.4955,0.0,7,642.21,2026-04-24T21:12:24,2026-04-24T21:23:07,ok,pickles/nsga2/rc103_21/run09.pkl,unknown,4
nsga2,c105_21,29,2094452883,850000,850080,105,105,36134626.383404,,14.0,1712.106,947.7513,7,683.373,2026-04-24T21:13:39,2026-04-24T21:25:02,ok,pickles/nsga2/c105_21/run29.pkl,unknown,4
moead_ws,rc207_21,15,3942415371,850000,850080,105,102,13408224.366826,,5.0,963.582,0.0,4,1473.97,2026-04-24T21:01:38,2026-04-24T21:26:12,ok,pickles/moead_ws/rc207_21/run15.pkl,unknown,4
moead_ws,r209_21,18,3295697251,850000,850080,105,99,5869074.40201,,4.0,891.9879,0.0,3,1446.464,2026-04-24T21:02:21,2026-04-24T21:26:28,ok,pickles/moead_ws/r209_21/run18.pkl,unknown,4
smsemoa,r209_21,19,1409109066,850000,850080,105,105,492865.33868,,4.0,893.1777,0.0,1,1530.896,2026-04-24T21:02:37,2026-04-24T21:28:08,ok,pickles/smsemoa/r209_21/run19.pkl,unknown,4
smsemoa,c203_21,5,2175688767,850000,850080,105,105,17454816.235212,,4.0,983.3898,0.0,4,1260.867,2026-04-24T21:08:08,2026-04-24T21:29:09,ok,pickles/smsemoa/c203_21/run05.pkl,unknown,4
nsga2,r111_21,6,2178811794,850000,850080,105,105,1301221.333191,,16.0,1501.6653,0.0,4,686.803,2026-04-24T21:18:03,2026-04-24T21:29:30,ok,pickles/nsga2/r111_21/run06.pkl,unknown,4
nsga2,r204_21,29,3338674868,850000,850080,105,46,756024.149882,,4.0,924.7019,0.0,2,1314.198,2026-04-24T21:07:58,2026-04-24T21:29:53,ok,pickles/nsga2/r204_21/run29.pkl,unknown,4
nsga2,r209_21,27,2273859676,850000,850080,105,105,4048419.840497,,4.0,1024.1173,0.0,2,1410.175,2026-04-24T21:07:14,2026-04-24T21:30:44,ok,pickles/nsga2/r209_21/run27.pkl,unknown,4
moead_ws,c205_21,14,935778015,850000,850080,105,104,192732896.224222,,6.0,973.1372,4821.8694,4,1287.71,2026-04-24T21:13:17,2026-04-24T21:34:45,ok,pickles/moead_ws/c205_21/run14.pkl,unknown,4
smsemoa,c205_21,18,3471369571,850000,850080,105,102,50049560.447724,,4.0,976.2977,396.4998,5,1314.715,2026-04-24T21:13:35,2026-04-24T21:35:29,ok,pickles/smsemoa/c205_21/run18.pkl,unknown,4
smsemoa,rc103_21,19,783105660,850000,850080,105,105,3069766.560022,,16.0,1847.0146,0.0,6,675.29,2026-04-24T21:25:02,2026-04-24T21:36:18,ok,pickles/smsemoa/rc103_21/run19.pkl,unknown,4
moead_ws,r210_21,12,3610460322,850000,850080,105,103,14548513.573264,,4.0,989.1708,0.0,4,1487.15,2026-04-24T21:11:36,2026-04-24T21:36:23,ok,pickles/moead_ws/r210_21/run12.pkl,unknown,4
nsga2,c203_21,7,265825846,850000,850080,105,105,62951744.639199,,4.0,1113.4374,0.0,5,1305.355,2026-04-24T21:14:44,2026-04-24T21:36:29,ok,pickles/nsga2/c203_21/run07.pkl,unknown,4
nsga2,r108_21,30,30373024,850000,850080,105,105,939073.896865,,13.0,1366.2849,0.0,4,699.351,2026-04-24T21:26:12,2026-04-24T21:37:51,ok,pickles/nsga2/r108_21/run30.pkl,unknown,4
nsga2,r209_21,16,3659952812,850000,850080,105,105,5335119.603812,,3.0,901.7957,0.0,3,1427.511,2026-04-24T21:14:16,2026-04-24T21:38:04,ok,pickles/nsga2/r209_21/run16.pkl,unknown,4
smsemoa,r111_21,7,566138688,850000,850080,105,105,3397286.033599,,14.0,1540.8335,0.0,8,724.009,2026-04-24T21:26:28,2026-04-24T21:38:32,ok,pickles/smsemoa/r111_21/run07.pkl,unknown,4
smsemoa,c205_21,29,689404112,850000,850080,105,105,43866623.256239,,5.0,1004.2642,0.0,4,1152.53,2026-04-24T21:21:23,2026-04-24T21:40:35,ok,pickles/smsemoa/c205_21/run29.pkl,unknown,4
nsga2,r111_21,14,1927464614,850000,850080,105,105,813160.828866,,15.0,1512.8314,0.0,5,685.377,2026-04-24T21:30:44,2026-04-24T21:42:10,ok,pickles/nsga2/r111_21/run14.pkl,unknown,4
moead_ws,c205_21,29,3857110040,850000,850080,105,88,447012482.811976,,5.0,1097.4176,2152.4449,5,1196.247,2026-04-24T21:22:41,2026-04-24T21:42:37,ok,pickles/moead_ws/c205_21/run29.pkl,unknown,4
moead_ws,c105_21,6,2741904280,850000,850080,105,101,212966641.610149,,16.0,1743.0653,1804.7876,8,885.654,2026-04-24T21:29:30,2026-04-24T21:44:16,ok,pickles/moead_ws/c105_21/run06.pkl,unknown,4
nsga2,r206_21,23,1291387848,850000,850080,105,105,2901432.25009,,5.0,977.9732,0.0,2,1304.179,2026-04-24T21:23:07,2026-04-24T21:44:51,ok,pickles/nsga2/r206_21/run23.pkl,unknown,4
smsemoa,r108_21,10,1603795141,850000,850080,105,105,818498.828224,,14.0,1525.1063,0.0,5,760.214,2026-04-24T21:34:45,2026-04-24T21:47:25,ok,pickles/smsemoa/r108_21/run10.pkl,unknown,4
moead_ws,rc105_21,18,3403120299,850000,850080,105,89,56924262.136303,,18.0,2170.2257,57.4807,14,740.488,2026-04-24T21:37:52,2026-04-24T21:50:12,ok,pickles/moead_ws/rc105_21/run18.pkl,unknown,4
nsga2,c204_21,8,3952085016,850000,850080,105,79,8337077.658188,,4.0,923.1481,0.0,2,1359.946,2026-04-24T21:28:08,2026-04-24T21:50:48,ok,pickles/nsga2/c204_21/run08.pkl,unknown,4
moead_ws,r206_21,24,3565062512,850000,850080,105,88,28862572.130495,,5.0,918.5337,0.0,5,1400.136,2026-04-24T21:29:09,2026-04-24T21:52:30,ok,pickles/moead_ws/r206_21/run24.pkl,unknown,4
smsemoa,r106_21,22,1122896792,850000,850080,105,105,7711233.984338,,18.0,1819.4239,0.0,9,696.763,2026-04-24T21:42:10,2026-04-24T21:53:47,ok,pickles/smsemoa/r106_21/run22.pkl,unknown,4
moead_ws,r209_21,10,3941666745,850000,850080,105,95,89193344.881467,,4.0,811.0427,0.0,6,1522.265,2026-04-24T21:29:53,2026-04-24T21:55:15,ok,pickles/moead_ws/r209_21/run10.pkl,unknown,4
moead_ws,r111_21,1,2164282676,850000,850080,105,101,2171336.422428,,15.0,1502.4216,0.0,6,798.845,2026-04-24T21:44:16,2026-04-24T21:57:35,ok,pickles/moead_ws/r111_21/run01.pkl,unknown,4
nsga2,rc207_21,19,698146907,850000,850080,105,105,7604776.642764,,4.0,999.204,0.0,3,1435.848,2026-04-24T21:36:18,2026-04-24T22:00:14,ok,pickles/nsga2/rc207_21/run19.pkl,unknown,4
smsemoa,r209_21,8,743133802,850000,850080,105,104,8142998.414339,,4.0,1021.8122,0.0,3,1382.948,2026-04-24T21:38:04,2026-04-24T22:01:07,ok,pickles/smsemoa/r209_21/run08.pkl,unknown,4
nsga2,r111_21,2,337052189,850000,850080,105,105,3125207.404956,,16.0,1606.0088,0.0,7,655.217,2026-04-24T21:50:12,2026-04-24T22:01:07,ok,pickles/nsga2/r111_21/run02.pkl,unknown,4
moead_ws,c204_21,19,2590260207,850000,850080,105,95,25443079.26046,,4.0,1043.6159,0.0,3,1383.9,2026-04-24T21:38:32,2026-04-24T22:01:36,ok,pickles/moead_ws/c204_21/run19.pkl,unknown,4
moead_ws,r209_21,21,3968338096,850000,850080,105,100,15919745.576072,,4.0,849.5397,0.0,4,1571.787,2026-04-24T21:35:30,2026-04-24T22:01:42,ok,pickles/moead_ws/r209_21/run21.pkl,unknown,4
moead_ws,c204_21,2,3464656111,850000,850080,105,88,36196550.594085,,4.0,944.5188,0.0,3,1518.05,2026-04-24T21:36:30,2026-04-24T22:01:48,ok,pickles/moead_ws/c204_21/run02.pkl,unknown,4
smsemoa,rc207_21,2,3684864141,850000,850080,105,105,19934813.521966,,4.0,1019.0089,0.0,3,1329.599,2026-04-24T21:40:35,2026-04-24T22:02:45,ok,pickles/smsemoa/rc207_21/run02.pkl,unknown,4
smsemoa,r204_21,20,2165507471,850000,850080,105,105,661946.386501,,3.0,914.1846,0.0,3,1584.458,2026-04-24T21:36:23,2026-04-24T22:02:48,ok,pickles/smsemoa/r204_21/run20.pkl,unknown,4
smsemoa,c204_21,15,3276745715,850000,850080,105,105,4384646.84118,,4.0,872.7748,0.0,2,1384.636,2026-04-24T21:42:37,2026-04-24T22:05:42,ok,pickles/smsemoa/c204_21/run15.pkl,unknown,4
nsga2,r206_21,7,77311604,850000,850080,105,105,4138007.071864,,4.0,891.0682,0.0,2,1346.214,2026-04-24T21:44:51,2026-04-24T22:07:17,ok,pickles/nsga2/r206_21/run07.pkl,unknown,4
nsga2,r108_21,10,3234706012,850000,850080,105,105,1542752.951973,,14.0,1591.0253,0.0,6,761.424,2026-04-24T21:55:15,2026-04-24T22:07:57,ok,pickles/nsga2/r108_21/run10.pkl,unknown,4
moead_ws,c105_21,3,3470652251,850000,850080,105,103,85308691.746749,,17.0,1863.1949,1926.0646,6,878.828,2026-04-24T21:53:47,2026-04-24T22:08:26,ok,pickles/moead_ws/c105_21/run03.pkl,unknown,4
moead_ws,c205_21,26,3943771075,850000,850080,105,96,181700667.018733,,5.0,1196.9531,8024.1177,4,1276.471,2026-04-24T21:47:25,2026-04-24T22:08:42,ok,pickles/moead_ws/c205_21/run26.pkl,unknown,4
nsga2,r108_21,1,3343605689,850000,850080,105,105,469198.029139,,13.0,1359.1494,0.0,4,753.525,2026-04-24T21:57:35,2026-04-24T22:10:09,ok,pickles/nsga2/r108_21/run01.pkl,unknown,4
nsga2,rc103_21,11,4154913776,850000,850080,105,105,11297866.948903,,17.0,2070.4267,0.0,9,688.608,2026-04-24T22:00:14,2026-04-24T22:11:42,ok,pickles/nsga2/rc103_21/run11.pkl,unknown,4
smsemoa,rc103_21,29,3444372268,850000,850080,105,105,15297438.026408,,17.0,1847.4975,9.2144,12,673.805,2026-04-24T22:01:07,2026-04-24T22:12:21,ok,pickles/smsemoa/rc103_21/run29.pkl,unknown,4
smsemoa,r106_21,12,3916358682,850000,850080,105,105,12007489.879855,,17.0,1706.542,10.4657,9,694.668,2026-04-24T22:01:07,2026-04-24T22:12:41,ok,pickles/smsemoa/r106_21/run12.pkl,unknown,4
moead_ws,rc105_21,25,889736268,850000,850080,105,104,31528876.948005,,21.0,2365.1183,8.0186,11,781.087,2026-04-24T22:01:48,2026-04-24T22:14:49,ok,pickles/moead_ws/rc105_21/run25.pkl,unknown,4
moead_ws,r104_21,29,1211926421,850000,850080,105,95,3024790.696936,,15.0,1682.9066,0.0,5,837.724,2026-04-24T22:01:42,2026-04-24T22:15:40,ok,pickles/moead_ws/r104_21/run29.pkl,unknown,4
moead_ws,rc207_21,24,1036793048,850000,850080,105,99,20399839.114317,,4.0,919.9703,0.0,4,1414.498,2026-04-24T21:52:30,2026-04-24T22:16:04,ok,pickles/moead_ws/rc207_21/run24.pkl,unknown,4
smsemoa,c204_21,17,826227097,850000,850080,105,97,3607128.564825,,4.0,1105.8693,0.0,2,1518.324,2026-04-24T21:50:48,2026-04-24T22:16:06,ok,pickles/smsemoa/c204_21/run17.pkl,unknown,4
moead_ws,r106_21,16,15992532,850000,850080,105,101,15443870.431004,,18.0,1822.0851,10.6475,9,778.91,2026-04-24T22:10:09,2026-04-24T22:23:08,ok,pickles/moead_ws/r106_21/run16.pkl,unknown,4
smsemoa,r204_21,14,4022772421,850000,850080,105,105,1028790.290157,,4.0,896.6133,0.0,3,1304.16,2026-04-24T22:01:36,2026-04-24T22:23:21,ok,pickles/smsemoa/r204_21/run14.pkl,unknown,4
nsga2,r104_21,29,3113560371,850000,850080,105,105,1352511.123833,,14.0,1470.5625,0.0,5,706.246,2026-04-24T22:12:41,2026-04-24T22:24:28,ok,pickles/nsga2/r104_21/run29.pkl,unknown,4
moead_ws,r210_21,30,408261705,850000,850080,105,103,38195937.913731,,5.0,1007.066,0.0,4,1421.522,2026-04-24T22:02:45,2026-04-24T22:26:27,ok,pickles/moead_ws/r210_21/run30.pkl,unknown,4
moead_ws,c204_21,13,2392865991,850000,850080,105,83,9007204.00039,,4.0,1161.2828,0.0,3,1452.805,2026-04-24T22:02:48,2026-04-24T22:27:01,ok,pickles/moead_ws/c204_21/run13.pkl,unknown,4
nsga2,r104_21,15,1274683896,850000,850080,105,105,1141169.829956,,14.0,1512.1379,0.0,6,738.223,2026-04-24T22:14:49,2026-04-24T22:27:07,ok,pickles/nsga2/r104_21/run15.pkl,unknown,4
moead_ws,c204_21,12,852486272,850000,850080,105,103,29628103.141155,,4.0,902.0694,0.0,4,1301.348,2026-04-24T22:05:42,2026-04-24T22:27:24,ok,pickles/moead_ws/c204_21/run12.pkl,unknown,4
nsga2,c105_21,19,4140631547,850000,850080,105,105,59225044.707224,,15.0,1680.3321,1086.0562,7,706.787,2026-04-24T22:16:04,2026-04-24T22:27:51,ok,pickles/nsga2/c105_21/run19.pkl,unknown,4
nsga2,c204_21,19,2989275232,850000,850080,105,105,11851152.93281,,4.0,1126.5721,0.0,3,1312.187,2026-04-24T22:07:17,2026-04-24T22:29:09,ok,pickles/nsga2/c204_21/run19.pkl,unknown,4
nsga2,c203_21,19,1678150480,850000,850080,105,105,30052374.517415,,5.0,1097.835,0.0,4,1312.07,2026-04-24T22:08:26,2026-04-24T22:30:18,ok,pickles/nsga2/c203_21/run19.pkl,unknown,4
smsemoa,r206_21,29,470320412,850000,850080,105,105,6643613.087105,,4.0,1020.7193,0.0,3,1358.374,2026-04-24T22:07:57,2026-04-24T22:30:35,ok,pickles/smsemoa/r206_21/run29.pkl,unknown,4
nsga2,r204_21,19,2922370200,850000,850080,105,49,67989.160586,,4.0,904.7792,0.0,1,1394.015,2026-04-24T22:08:42,2026-04-24T22:31:56,ok,pickles/nsga2/r204_21/run19.pkl,unknown,4
smsemoa,rc103_21,11,3506969967,850000,850080,105,105,11041121.195912,,16.0,2047.0689,0.0,11,674.414,2026-04-24T22:23:21,2026-04-24T22:34:35,ok,pickles/smsemoa/rc103_21/run11.pkl,unknown,4
moead_ws,c204_21,29,3901481603,850000,850080,105,101,477576311.42945,,5.0,1118.4974,0.0,4,1426.907,2026-04-24T22:12:22,2026-04-24T22:36:09,ok,pickles/moead_ws/c204_21/run29.pkl,unknown,4
smsemoa,rc105_21,26,3894552429,850000,850080,105,105,15213211.065957,,17.0,2008.2086,6.575,11,628.79,2026-04-24T22:27:24,2026-04-24T22:37:53,ok,pickles/smsemoa/rc105_21/run26.pkl,unknown,4
nsga2,r210_21,28,4209019119,850000,850080,105,105,10654518.7171,,4.0,1006.8617,0.0,3,1334.901,2026-04-24T22:15:40,2026-04-24T22:37:55,ok,pickles/nsga2/r210_21/run28.pkl,unknown,4
moead_ws,r209_21,24,3729943124,850000,850080,105,97,20757183.003791,,5.0,937.4032,0.0,3,1573.321,2026-04-24T22:11:43,2026-04-24T22:37:56,ok,pickles/moead_ws/r209_21/run24.pkl,unknown,4
moead_ws,r204_21,10,1087020754,850000,850080,105,87,1015960.488531,,4.0,834.3267,0.0,2,1402.624,2026-04-24T22:16:06,2026-04-24T22:39:29,ok,pickles/moead_ws/r204_21/run10.pkl,unknown,4
nsga2,rc105_21,22,3906217226,850000,850080,105,105,14946604.65338,,18.0,2106.8787,1.105,11,620.943,2026-04-24T22:30:35,2026-04-24T22:40:56,ok,pickles/nsga2/rc105_21/run22.pkl,unknown,4
moead_ws,c105_21,28,378114441,850000,850080,105,103,71994756.1111,,17.0,1952.1455,1116.3329,5,833.538,2026-04-24T22:27:08,2026-04-24T22:41:01,ok,pickles/moead_ws/c105_21/run28.pkl,unknown,4
nsga2,r110_21,7,3959028,850000,850080,105,105,791039.71008,,16.0,1553.7027,0.0,4,637.106,2026-04-24T22:31:56,2026-04-24T22:42:33,ok,pickles/nsga2/r110_21/run07.pkl,unknown,4
smsemoa,c105_21,22,1469700251,850000,850080,105,105,114665047.90099,,15.0,1781.837,1279.661,11,701.995,2026-04-24T22:34:35,2026-04-24T22:46:17,ok,pickles/smsemoa/c105_21/run22.pkl,unknown,4
nsga2,r204_21,27,964307973,850000,850080,105,51,434344.011631,,4.0,1095.8674,0.0,2,1431.331,2026-04-24T22:23:08,2026-04-24T22:46:59,ok,pickles/nsga2/r204_21/run27.pkl,unknown,4
moead_ws,rc103_21,26,1720285914,850000,850080,105,100,32607704.470371,,18.0,2033.2883,0.0,12,767.087,2026-04-24T22:36:09,2026-04-24T22:48:56,ok,pickles/moead_ws/rc103_21/run26.pkl,unknown,4
smsemoa,rc105_21,4,722864823,850000,850080,105,105,7025695.121827,,19.0,2118.0606,0.0,10,619.215,2026-04-24T22:39:29,2026-04-24T22:49:48,ok,pickles/smsemoa/rc105_21/run04.pkl,unknown,4
nsga2,r209_21,18,3057998909,850000,850080,105,105,3636945.693805,,4.0,998.1904,0.0,2,1411.39,2026-04-24T22:26:27,2026-04-24T22:49:58,ok,pickles/nsga2/r209_21/run18.pkl,unknown,4
smsemoa,r206_21,5,1997031088,850000,850080,105,105,19496039.762768,,4.0,918.9124,0.0,4,1369.048,2026-04-24T22:29:09,2026-04-24T22:51:58,ok,pickles/smsemoa/r206_21/run05.pkl,unknown,4
smsemoa,c204_21,28,4054075024,850000,850080,105,83,1956604.18942,,4.0,887.0935,0.0,2,1681.639,2026-04-24T22:24:28,2026-04-24T22:52:29,ok,pickles/smsemoa/c204_21/run28.pkl,unknown,4
moead_ws,r209_21,22,2568123773,850000,850080,105,84,10089054.040191,,5.0,928.3928,0.0,2,1553.421,2026-04-24T22:27:52,2026-04-24T22:53:45,ok,pickles/moead_ws/r209_21/run22.pkl,unknown,4
moead_ws,c204_21,27,1897185192,850000,850080,105,87,6850541.612387,,4.0,992.078,0.0,2,1410.326,2026-04-24T22:30:18,2026-04-24T22:53:49,ok,pickles/moead_ws/c204_21/run27.pkl,unknown,4
smsemoa,c204_21,16,2313492569,850000,850080,105,105,6205315.83123,,4.0,923.9061,0.0,2,1622.656,2026-04-24T22:27:01,2026-04-24T22:54:04,ok,pickles/smsemoa/c204_21/run16.pkl,unknown,4
nsga2,r108_21,24,2109116279,850000,850080,105,88,465913.938884,,14.0,1447.6198,0.0,3,754.71,2026-04-24T22:42:33,2026-04-24T22:55:08,ok,pickles/nsga2/r108_21/run24.pkl,unknown,4
smsemoa,c203_21,10,761883046,850000,850080,105,105,49535834.840761,,5.0,1200.6726,0.0,4,1160.794,2026-04-24T22:37:53,2026-04-24T22:57:13,ok,pickles/smsemoa/c203_21/run10.pkl,unknown,4
nsga2,c205_21,14,3668351529,850000,850080,105,105,48338493.774961,,5.0,1042.689,70.3431,4,1162.943,2026-04-24T22:37:56,2026-04-24T22:57:19,ok,pickles/nsga2/c205_21/run14.pkl,unknown,4
smsemoa,rc105_21,17,1314270510,850000,850080,105,104,12104658.692527,,20.0,2268.6682,19.545,11,669.345,2026-04-24T22:46:59,2026-04-24T22:58:09,ok,pickles/smsemoa/rc105_21/run17.pkl,unknown,4
nsga2,r108_21,6,2547209719,850000,850080,105,105,1393763.941864,,14.0,1507.8504,0.0,5,733.998,2026-04-24T22:48:56,2026-04-24T23:01:10,ok,pickles/nsga2/r108_21/run06.pkl,unknown,4
smsemoa,rc103_21,9,291059790,850000,850080,105,105,6952703.292923,,15.0,1819.9203,0.7056,8,682.797,2026-04-24T22:49:48,2026-04-24T23:01:11,ok,pickles/smsemoa/rc103_21/run09.pkl,unknown,4
moead_ws,r206_21,21,712966241,850000,850080,105,104,19018700.1364,,5.0,907.3841,1.7976,3,1424.303,2026-04-24T22:37:55,2026-04-24T23:01:40,ok,pickles/moead_ws/r206_21/run21.pkl,unknown,4
nsga2,r204_21,3,690367329,850000,850080,105,54,481204.977074,,4.0,920.0023,0.0,3,1362.158,2026-04-24T22:41:01,2026-04-24T23:03:44,ok,pickles/nsga2/r204_21/run03.pkl,unknown,4
nsga2,rc105_21,20,603831354,850000,850080,105,105,14762785.008143,,18.0,2163.8528,33.3553,9,629.459,2026-04-24T22:53:49,2026-04-24T23:04:18,ok,pickles/nsga2/rc105_21/run20.pkl,unknown,4
smsemoa,r204_21,18,2432954112,850000,850080,105,48,420672.490888,,4.0,911.4664,0.0,2,1448.548,2026-04-24T22:40:56,2026-04-24T23:05:05,ok,pickles/smsemoa/r204_21/run18.pkl,unknown,4
smsemoa,rc207_21,5,3126533363,850000,850080,105,105,16989431.29245,,4.0,973.4944,0.0,4,1315.075,2026-04-24T22:46:17,2026-04-24T23:08:12,ok,pickles/smsemoa/rc207_21/run05.pkl,unknown,4
moead_ws,rc105_21,7,4062048890,850000,850080,105,95,17062322.073677,,21.0,2262.7589,16.8648,9,753.82,2026-04-24T22:57:19,2026-04-24T23:09:53,ok,pickles/moead_ws/rc105_21/run07.pkl,unknown,4
smsemoa,c105_21,6,2585743675,850000,850080,105,105,99017754.865128,,14.0,1756.8083,555.012,8,714.488,2026-04-24T22:58:09,2026-04-24T23:10:03,ok,pickles/smsemoa/c105_21/run06.pkl,unknown,4
smsemoa,r104_21,18,3347522836,850000,850080,105,104,1545509.406415,,14.0,1422.7738,0.0,5,721.022,2026-04-24T23:01:11,2026-04-24T23:13:12,ok,pickles/smsemoa/r104_21/run18.pkl,unknown,4
nsga2,rc207_21,30,14639963,850000,850080,105,105,5707134.657532,,5.0,1061.4682,0.0,2,1343.704,2026-04-24T22:51:58,2026-04-24T23:14:22,ok,pickles/nsga2/rc207_21/run30.pkl,unknown,4
nsga2,rc105_21,17,147934882,850000,850080,105,105,14297201.760727,,19.0,2078.6716,0.0,10,613.54,2026-04-24T23:05:05,2026-04-24T23:15:18,ok,pickles/nsga2/rc105_21/run17.pkl,unknown,4
smsemoa,c205_21,27,399144430,850000,850080,105,105,22164939.726194,,5.0,1075.8632,1188.5552,3,1287.824,2026-04-24T22:54:04,2026-04-24T23:15:32,ok,pickles/smsemoa/c205_21/run27.pkl,unknown,4
smsemoa,c204_21,29,3923103225,850000,850080,105,105,1913185.885271,,4.0,924.2848,0.0,2,1570.869,2026-04-24T22:49:58,2026-04-24T23:16:09,ok,pickles/smsemoa/c204_21/run29.pkl,unknown,4
moead_ws,c204_21,17,3403865563,850000,850080,105,92,24760301.94487,,4.0,1056.0801,0.0,3,1439.422,2026-04-24T22:53:46,2026-04-24T23:17:45,ok,pickles/moead_ws/c204_21/run17.pkl,unknown,4
nsga2,r209_21,21,3380355387,850000,850080,105,105,11683611.87412,,4.0,1001.8228,0.0,4,1535.926,2026-04-24T22:52:29,2026-04-24T23:18:05,ok,pickles/nsga2/r209_21/run21.pkl,unknown,4
moead_ws,r206_21,2,54024537,850000,850080,105,102,58252015.947784,,5.0,921.0477,0.0,4,1288.374,2026-04-24T22:57:14,2026-04-24T23:18:42,ok,pickles/moead_ws/r206_21/run02.pkl,unknown,4
moead_ws,r206_21,16,1556057638,850000,850080,105,103,46702793.189435,,5.0,1041.7579,0.0,4,1434.766,2026-04-24T22:55:08,2026-04-24T23:19:03,ok,pickles/moead_ws/r206_21/run16.pkl,unknown,4
smsemoa,c203_21,26,3236112698,850000,850080,105,105,41301493.091125,,4.0,942.4072,0.0,4,1338.016,2026-04-24T23:01:40,2026-04-24T23:23:58,ok,pickles/smsemoa/c203_21/run26.pkl,unknown,4
moead_ws,r108_21,28,2748482993,850000,850080,105,93,13305705.828184,,14.0,1512.9886,0.0,8,875.744,2026-04-24T23:10:04,2026-04-24T23:24:40,ok,pickles/moead_ws/r108_21/run28.pkl,unknown,4
nsga2,r204_21,2,2216497897,850000,850080,105,47,467100.381594,,4.0,938.281,0.0,2,1481.143,2026-04-24T23:01:10,2026-04-24T23:25:51,ok,pickles/nsga2/r204_21/run02.pkl,unknown,4
nsga2,r210_21,7,1581098832,850000,850080,105,105,8307375.33432,,4.0,1045.2706,0.0,3,1375.716,2026-04-24T23:04:18,2026-04-24T23:27:14,ok,pickles/nsga2/r210_21/run07.pkl,unknown,4
moead_ws,rc207_21,29,838525522,850000,850080,105,103,18434511.058805,,5.0,982.4214,0.0,3,1436.037,2026-04-24T23:03:44,2026-04-24T23:27:40,ok,pickles/moead_ws/rc207_21/run29.pkl,unknown,4
nsga2,r110_21,4,2461018281,850000,850080,105,105,2679863.144159,,15.0,1622.1097,0.0,7,640.399,2026-04-24T23:19:03,2026-04-24T23:29:43,ok,pickles/nsga2/r110_21/run04.pkl,unknown,4
moead_ws,r104_21,9,798878496,850000,850080,105,97,7439406.792704,,15.0,1628.3561,3.5181,10,880.635,2026-04-24T23:15:32,2026-04-24T23:30:13,ok,pickles/moead_ws/r104_21/run09.pkl,unknown,4
moead_ws,c105_21,4,2851815209,850000,850080,105,95,278293151.255241,,15.0,1948.542,1282.63,8,841.987,2026-04-24T23:17:46,2026-04-24T23:31:48,ok,pickles/moead_ws/c105_21/run04.pkl,unknown,4
nsga2,rc207_21,14,959395492,850000,850080,105,105,6971217.581805,,4.0,1009.6186,0.0,3,1343.573,2026-04-24T23:09:53,2026-04-24T23:32:17,ok,pickles/nsga2/rc207_21/run14.pkl,unknown,4
moead_ws,r209_21,1,1793538327,850000,850080,105,99,33502596.335446,,4.0,984.7226,0.0,4,1471.617,2026-04-24T23:08:13,2026-04-24T23:32:44,ok,pickles/moead_ws/r209_21/run01.pkl,unknown,4
moead_ws,r108_21,15,1719244534,850000,850080,105,91,1918303.774088,,15.0,1559.2555,0.0,5,859.203,2026-04-24T23:18:43,2026-04-24T23:33:02,ok,pickles/moead_ws/r108_21/run15.pkl,unknown,4
smsemoa,c205_21,6,422009836,850000,850080,105,64,12442536.265337,,5.0,930.2819,200.6482,4,1182.048,2026-04-24T23:14:22,2026-04-24T23:34:04,ok,pickles/smsemoa/c205_21/run06.pkl,unknown,4
moead_ws,r110_21,2,2676921984,850000,850080,105,97,3716097.871247,,16.0,1558.0467,0.0,7,772.743,2026-04-24T23:23:58,2026-04-24T23:36:51,ok,pickles/moead_ws/r110_21/run02.pkl,unknown,4
smsemoa,r111_21,17,607573123,850000,850080,105,105,2597427.213819,,15.0,1592.2515,0.0,6,734.758,2026-04-24T23:24:40,2026-04-24T23:36:54,ok,pickles/smsemoa/r111_21/run17.pkl,unknown,4
moead_ws,rc207_21,5,3113382547,850000,850080,105,101,93193370.302668,,5.0,1023.2933,0.0,4,1434.055,2026-04-24T23:13:13,2026-04-24T23:37:07,ok,pickles/moead_ws/rc207_21/run05.pkl,unknown,4
smsemoa,r209_21,17,2692957928,850000,850080,105,105,14083590.705061,,4.0,829.9171,0.0,3,1430.428,2026-04-24T23:15:18,2026-04-24T23:39:09,ok,pickles/smsemoa/r209_21/run17.pkl,unknown,4
smsemoa,r210_21,15,2238711101,850000,850080,105,105,2199642.074954,,4.0,966.1111,0.0,2,1281.12,2026-04-24T23:18:05,2026-04-24T23:39:26,ok,pickles/smsemoa/r210_21/run15.pkl,unknown,4
smsemoa,r210_21,23,1103585640,850000,850080,105,105,5463391.250518,,3.0,890.6994,0.0,3,1479.616,2026-04-24T23:16:09,2026-04-24T23:40:49,ok,pickles/smsemoa/r210_21/run23.pkl,unknown,4
smsemoa,r110_21,27,1877741985,850000,850080,105,105,1421105.562519,,15.0,1397.2121,0.0,4,700.647,2026-04-24T23:30:13,2026-04-24T23:41:53,ok,pickles/smsemoa/r110_21/run27.pkl,unknown,4
moead_ws,r108_21,18,1704547590,850000,850080,105,94,1335781.105712,,15.0,1536.5912,0.0,5,869.868,2026-04-24T23:27:41,2026-04-24T23:42:11,ok,pickles/moead_ws/r108_21/run18.pkl,unknown,4
smsemoa,r108_21,1,1321943779,850000,850080,105,105,641845.000539,,13.0,1335.7157,0.0,3,763.117,2026-04-24T23:29:43,2026-04-24T23:42:26,ok,pickles/smsemoa/r108_21/run01.pkl,unknown,4
smsemoa,r111_21,30,612289686,850000,850080,105,105,693201.21462,,16.0,1556.1586,0.0,4,674.167,2026-04-24T23:32:17,2026-04-24T23:43:31,ok,pickles/smsemoa/r111_21/run30.pkl,unknown,4
nsga2,r104_21,26,2169957009,850000,850080,105,105,2615616.345102,,13.0,1471.3714,0.0,7,716.06,2026-04-24T23:33:02,2026-04-24T23:44:58,ok,pickles/nsga2/r104_21/run26.pkl,unknown,4
smsemoa,c203_21,3,3180478903,850000,850080,105,105,35663320.726713,,4.0,1003.599,25.1949,4,1163.458,2026-04-24T23:25:51,2026-04-24T23:45:15,ok,pickles/smsemoa/c203_21/run03.pkl,unknown,4
nsga2,r110_21,30,2898808524,850000,850080,105,105,1204838.632299,,16.0,1617.7533,0.0,6,647.751,2026-04-24T23:37:07,2026-04-24T23:47:54,ok,pickles/nsga2/r110_21/run30.pkl,unknown,4
smsemoa,r104_21,11,2267462222,850000,850080,105,105,2421833.468145,,13.0,1435.4587,0.0,7,741.021,2026-04-24T23:36:51,2026-04-24T23:49:12,ok,pickles/smsemoa/r104_21/run11.pkl,unknown,4
nsga2,rc105_21,14,100614830,850000,850080,105,105,35691095.69715,,17.0,1935.2967,6.5091,12,634.415,2026-04-24T23:39:09,2026-04-24T23:49:43,ok,pickles/nsga2/rc105_21/run14.pkl,unknown,4
smsemoa,rc105_21,9,2785960904,850000,850080,105,105,17173644.687535,,18.0,2128.5011,20.897,10,666.117,2026-04-24T23:39:26,2026-04-24T23:50:32,ok,pickles/smsemoa/rc105_21/run09.pkl,unknown,4
moead_ws,r104_21,14,1219163780,850000,850080,105,96,8597125.857276,,15.0,1615.1904,0.0,9,860.312,2026-04-24T23:36:55,2026-04-24T23:51:15,ok,pickles/moead_ws/r104_21/run14.pkl,unknown,4
nsga2,rc105_21,2,2357798851,850000,850080,105,105,8411755.322056,,16.0,1881.9354,0.0,10,613.898,2026-04-24T23:42:11,2026-04-24T23:52:24,ok,pickles/nsga2/rc105_21/run02.pkl,unknown,4
smsemoa,c204_21,20,914951225,850000,850080,105,105,3386616.434548,,4.0,940.839,0.0,3,1512.365,2026-04-24T23:27:14,2026-04-24T23:52:26,ok,pickles/smsemoa/c204_21/run20.pkl,unknown,4
nsga2,r108_21,15,520264476,850000,850080,105,105,2388261.254662,,14.0,1459.7105,0.0,6,756.363,2026-04-24T23:41:53,2026-04-24T23:54:30,ok,pickles/nsga2/r108_21/run15.pkl,unknown,4
nsga2,rc105_21,8,2405077236,850000,850080,105,105,14403295.094722,,19.0,2161.3965,20.7076,9,593.308,2026-04-24T23:44:58,2026-04-24T23:54:51,ok,pickles/nsga2/rc105_21/run08.pkl,unknown,4
nsga2,c203_21,18,3912714824,850000,850080,105,105,36311769.178039,,4.0,1099.2184,0.0,4,1286.498,2026-04-24T23:34:04,2026-04-24T23:55:31,ok,pickles/nsga2/c203_21/run18.pkl,unknown,4
nsga2,r210_21,4,1161136107,850000,850080,105,105,9825916.44355,,4.0,981.4211,0.0,3,1434.994,2026-04-24T23:31:48,2026-04-24T23:55:43,ok,pickles/nsga2/r210_21/run04.pkl,unknown,4
moead_ws,r209_21,28,2700014014,850000,850080,105,100,11179234.638687,,4.0,879.3549,0.0,3,1541.63,2026-04-24T23:32:45,2026-04-24T23:58:26,ok,pickles/moead_ws/r209_21/run28.pkl,unknown,4
moead_ws,r111_21,27,672852201,850000,850080,105,96,5284479.606611,,15.0,1501.9693,0.0,7,768.601,2026-04-24T23:49:44,2026-04-25T00:02:32,ok,pickles/moead_ws/r111_21/run27.pkl,unknown,4
nsga2,c105_21,26,3664220984,850000,850080,105,105,50833064.612931,,13.0,1516.3977,919.3083,8,673.403,2026-04-24T23:52:26,2026-04-25T00:03:40,ok,pickles/nsga2/c105_21/run26.pkl,unknown,4
moead_ws,r106_21,3,4216644801,850000,850080,105,97,25814087.737114,,19.0,1893.9958,12.1469,12,787.34,2026-04-24T23:51:16,2026-04-25T00:04:23,ok,pickles/moead_ws/r106_21/run03.pkl,unknown,4
smsemoa,rc207_21,27,858724866,850000,850080,105,105,3066705.812874,,4.0,1014.6732,0.0,2,1444.922,2026-04-24T23:40:49,2026-04-25T00:04:54,ok,pickles/smsemoa/rc207_21/run27.pkl,unknown,4
nsga2,r110_21,21,367885432,850000,850080,105,105,2846025.256101,,15.0,1542.5497,0.0,6,685.52,2026-04-24T23:54:30,2026-04-25T00:05:55,ok,pickles/nsga2/r110_21/run21.pkl,unknown,4
moead_ws,r210_21,3,1315093917,850000,850080,105,97,27213266.727149,,4.0,939.5491,0.0,5,1424.12,2026-04-24T23:42:27,2026-04-25T00:06:11,ok,pickles/moead_ws/r210_21/run03.pkl,unknown,4
smsemoa,r204_21,17,700139940,850000,850080,105,64,25995.792955,,4.0,937.7315,0.0,1,1426.019,2026-04-24T23:43:31,2026-04-25T00:07:17,ok,pickles/smsemoa/r204_21/run17.pkl,unknown,4
moead_ws,r111_21,25,344318472,850000,850080,105,92,3951359.13645,,16.0,1672.0821,0.0,7,800.633,2026-04-24T23:55:43,2026-04-25T00:09:04,ok,pickles/moead_ws/r111_21/run25.pkl,unknown,4
nsga2,r204_21,4,3747368838,850000,850080,105,105,277298.170549,,4.0,963.5606,0.0,2,1474.174,2026-04-24T23:45:15,2026-04-25T00:09:49,ok,pickles/nsga2/r204_21/run04.pkl,unknown,4
moead_ws,rc207_21,27,1875743268,850000,850080,105,95,30035816.043714,,5.0,935.9999,0.0,4,1388.312,2026-04-24T23:47:55,2026-04-25T00:11:03,ok,pickles/moead_ws/rc207_21/run27.pkl,unknown,4
nsga2,rc103_21,18,1036530897,850000,850080,105,105,4872801.670375,,16.0,1946.811,0.0,6,634.327,2026-04-25T00:02:32,2026-04-25T00:13:07,ok,pickles/nsga2/rc103_21/run18.pkl,unknown,4
nsga2,r210_21,24,1296258732,850000,850080,105,105,1660301.350849,,4.0,979.9738,0.0,2,1382.302,2026-04-24T23:50:32,2026-04-25T00:13:35,ok,pickles/nsga2/r210_21/run24.pkl,unknown,4
smsemoa,r210_21,3,3494412065,850000,850080,105,105,12570064.886975,,4.0,943.0026,0.0,4,1340.724,2026-04-24T23:52:24,2026-04-25T00:14:45,ok,pickles/smsemoa/r210_21/run03.pkl,unknown,4
nsga2,rc103_21,8,3902718431,850000,850080,105,105,9462374.885094,,16.0,2035.0705,0.0,9,697.634,2026-04-25T00:04:23,2026-04-25T00:16:01,ok,pickles/nsga2/rc103_21/run08.pkl,unknown,4
moead_ws,c204_21,26,827036281,850000,850080,105,89,3065975.354661,,4.0,990.8794,0.0,2,1640.125,2026-04-24T23:49:12,2026-04-25T00:16:32,ok,pickles/moead_ws/c204_21/run26.pkl,unknown,4
nsga2,r110_21,18,609078577,850000,850080,105,105,495883.713361,,16.0,1473.4518,0.0,3,668.814,2026-04-25T00:06:11,2026-04-25T00:17:20,ok,pickles/nsga2/r110_21/run18.pkl,unknown,4
nsga2,r206_21,21,2062573420,850000,850080,105,105,7772591.301563,,4.0,1031.0343,0.0,3,1374.698,2026-04-24T23:55:31,2026-04-25T00:18:25,ok,pickles/nsga2/r206_21/run21.pkl,unknown,4
smsemoa,r204_21,22,1074321182,850000,850080,105,50,561500.869284,,3.0,867.0338,0.0,2,1536.011,2026-04-24T23:54:51,2026-04-25T00:20:27,ok,pickles/smsemoa/r204_21/run22.pkl,unknown,4
smsemoa,r209_21,14,3276803284,850000,850080,105,105,17270023.344115,,4.0,923.432,0.0,3,1392.216,2026-04-24T23:58:26,2026-04-25T00:21:39,ok,pickles/smsemoa/r209_21/run14.pkl,unknown,4
nsga2,c105_21,25,2926388673,850000,850080,105,105,78808896.365773,,13.0,1571.5419,391.1021,8,678.441,2026-04-25T00:11:03,2026-04-25T00:22:22,ok,pickles/nsga2/c105_21/run25.pkl,unknown,4
nsga2,r206_21,15,1899821461,850000,850080,105,105,7839263.80165,,4.0,976.1108,0.0,3,1331.114,2026-04-25T00:03:40,2026-04-25T00:25:51,ok,pickles/nsga2/r206_21/run15.pkl,unknown,4
nsga2,rc103_21,15,530683150,850000,850080,105,105,6167778.240657,,17.0,1970.7076,0.0,7,635.325,2026-04-25T00:16:01,2026-04-25T00:26:36,ok,pickles/nsga2/rc103_21/run15.pkl,unknown,4
moead_ws,rc103_21,27,4191936156,850000,850080,105,98,16472095.155194,,17.0,2061.4721,0.0,9,800.714,2026-04-25T00:13:35,2026-04-25T00:26:56,ok,pickles/moead_ws/rc103_21/run27.pkl,unknown,4
smsemoa,c205_21,25,1511802895,850000,850080,105,105,58857935.400591,,5.0,1012.4643,167.8918,4,1195.884,2026-04-25T00:09:49,2026-04-25T00:29:45,ok,pickles/smsemoa/c205_21/run25.pkl,unknown,4
nsga2,c205_21,5,3593571707,850000,850080,105,105,70656435.640193,,4.0,873.9994,0.0,4,1250.08,2026-04-25T00:09:04,2026-04-25T00:29:54,ok,pickles/nsga2/c205_21/run05.pkl,unknown,4
smsemoa,r204_21,30,4195176779,850000,850080,105,32,568028.693391,,4.0,922.2421,0.0,2,1364.094,2026-04-25T00:07:17,2026-04-25T00:30:01,ok,pickles/smsemoa/r204_21/run30.pkl,unknown,4
smsemoa,r210_21,16,3280460161,850000,850080,105,96,1761484.628996,,3.0,919.1053,0.0,2,1609.711,2026-04-25T00:04:54,2026-04-25T00:31:43,ok,pickles/smsemoa/r210_21/run16.pkl,unknown,4
smsemoa,c204_21,14,1837207263,850000,850080,105,88,5313979.213087,,4.0,924.0343,0.0,2,1567.435,2026-04-25T00:05:55,2026-04-25T00:32:03,ok,pickles/smsemoa/c204_21/run14.pkl,unknown,4
moead_ws,c203_21,26,2012499314,850000,850080,105,100,120361910.188964,,5.0,1168.7473,17.7094,5,1290.262,2026-04-25T00:13:07,2026-04-25T00:34:37,ok,pickles/moead_ws/c203_21/run26.pkl,unknown,4
moead_ws,r210_21,20,1363126091,850000,850080,105,100,5533275.831817,,4.0,943.2874,0.0,3,1338.158,2026-04-25T00:14:46,2026-04-25T00:37:04,ok,pickles/moead_ws/r210_21/run20.pkl,unknown,4
moead_ws,r210_21,13,4024223586,850000,850080,105,102,17689171.382863,,4.0,918.3855,0.0,4,1335.993,2026-04-25T00:16:33,2026-04-25T00:38:49,ok,pickles/moead_ws/r210_21/run13.pkl,unknown,4
nsga2,r106_21,10,4139091805,850000,850080,105,105,31482373.798005,,17.0,1799.4675,13.749,14,1776.965,2026-04-25T13:40:49,2026-04-25T14:10:26,ok,pickles/nsga2/r106_21/run10.pkl,18d5139,4
nsga2,c108_21,18,4038600212,850000,850080,105,105,37459894.872811,,13.0,1625.8394,488.4555,6,1791.465,2026-04-23T22:32:02,2026-04-23T23:01:54,ok,pickles\nsga2\c108_21\run18.pkl,ee61198,5
nsga2,c108_21,7,987210054,850000,850080,105,105,35193866.940061,,13.0,1569.8724,334.6133,6,1799.676,2026-04-23T22:32:02,2026-04-23T23:02:02,ok,pickles\nsga2\c108_21\run07.pkl,ee61198,5
nsga2,c109_21,8,4237404381,850000,850080,105,105,62561573.055163,,13.0,1547.1346,45.0425,7,1900.179,2026-04-23T22:32:02,2026-04-23T23:03:43,ok,pickles\nsga2\c109_21\run08.pkl,ee61198,5
moead_ws,c108_21,30,1495793595,850000,850080,105,105,301107098.092966,,16.0,1677.5635,1616.8676,8,2158.623,2026-04-23T22:32:05,2026-04-23T23:08:04,ok,pickles\moead_ws\c108_21\run30.pkl,ee61198,5
moead_ws,c108_21,23,1871803177,850000,850080,105,105,134025856.824946,,15.0,1665.6684,5.7886,5,2158.694,2026-04-23T22:32:06,2026-04-23T23:08:04,ok,pickles\moead_ws\c108_21\run23.pkl,ee61198,5
moead_ws,c109_21,6,2273912548,850000,850080,105,103,233864694.924778,,14.0,1672.7151,102.0929,6,2247.166,2026-04-23T22:32:05,2026-04-23T23:09:33,ok,pickles\moead_ws\c109_21\run06.pkl,ee61198,5
nsga2,c208_21,12,4196272467,850000,850080,105,105,30373279.468221,,4.0,1070.2078,0.0,4,3152.753,2026-04-23T22:32:02,2026-04-23T23:24:35,ok,pickles\nsga2\c208_21\run12.pkl,ee61198,5
smsemoa,c208_21,19,86102164,850000,850080,105,40,2763496.078246,,4.0,833.37,0.0,2,3362.427,2026-04-23T22:32:02,2026-04-23T23:28:05,ok,pickles\smsemoa\c208_21\run19.pkl,ee61198,5
smsemoa,c108_21,19,3301886053,850000,850080,105,105,65009370.747781,,13.0,1657.2528,175.8837,9,1839.873,2026-04-23T23:08:04,2026-04-23T23:38:44,ok,pickles\smsemoa\c108_21\run19.pkl,ee61198,5
moead_ws,c108_21,13,3619284909,850000,850080,105,100,89312216.17507,,13.0,1777.5991,938.1172,6,2211.986,2026-04-23T23:02:04,2026-04-23T23:38:56,ok,pickles\moead_ws\c108_21\run13.pkl,ee61198,5
nsga2,c109_21,10,1302853696,850000,850080,105,105,75696538.222164,,12.0,1699.3535,112.7383,8,1914.279,2026-04-23T23:09:33,2026-04-23T23:41:27,ok,pickles\nsga2\c109_21\run10.pkl,ee61198,5
smsemoa,c208_21,29,4278035430,850000,850080,105,105,31913693.174352,,4.0,918.9056,0.0,4,3181.852,2026-04-23T23:03:43,2026-04-23T23:56:45,ok,pickles\smsemoa\c208_21\run29.pkl,ee61198,5
moead_ws,c208_21,28,1288965157,850000,850080,105,105,307276487.233334,,5.0,1228.0581,1697.7144,4,3322.696,2026-04-23T23:01:56,2026-04-23T23:57:19,ok,pickles\moead_ws\c208_21\run28.pkl,ee61198,5
smsemoa,c208_21,10,3800093358,850000,850080,105,105,32407419.366075,,4.0,982.2704,0.0,4,3092.844,2026-04-23T23:08:04,2026-04-23T23:59:37,ok,pickles\smsemoa\c208_21\run10.pkl,ee61198,5
moead_ws,c108_21,16,1816280476,850000,850080,105,90,97518654.193647,,15.0,1641.915,215.8842,5,2198.05,2026-04-23T23:24:37,2026-04-24T00:01:15,ok,pickles\moead_ws\c108_21\run16.pkl,ee61198,5
moead_ws,c108_21,3,304681499,850000,850080,105,98,123324180.055874,,14.0,1541.376,839.4138,6,2203.826,2026-04-23T23:28:07,2026-04-24T00:04:51,ok,pickles\moead_ws\c108_21\run03.pkl,ee61198,5
nsga2,c108_21,13,3750429224,850000,850080,105,105,121754944.853855,,13.0,1722.2666,82.5075,10,1785.656,2026-04-23T23:38:56,2026-04-24T00:08:42,ok,pickles\nsga2\c108_21\run13.pkl,ee61198,5
smsemoa,c109_21,19,2036485252,850000,850080,105,105,27585939.752196,,12.0,1527.8746,91.4419,7,1905.46,2026-04-23T23:41:27,2026-04-24T00:13:13,ok,pickles\smsemoa\c109_21\run19.pkl,ee61198,5
moead_ws,c208_21,19,2926173857,850000,850080,105,94,259884788.457585,,5.0,1029.926,805.2193,3,3470.517,2026-04-23T23:38:46,2026-04-24T00:36:37,ok,pickles\moead_ws\c208_21\run19.pkl,ee61198,5
smsemoa,c109_21,14,3207583705,850000,850080,105,105,27882222.515223,,12.0,1586.45,231.3012,7,1918.372,2026-04-24T00:04:51,2026-04-24T00:36:50,ok,pickles\smsemoa\c109_21\run14.pkl,ee61198,5
moead_ws,c109_21,8,3170939237,850000,850080,105,95,68393711.97818,,13.0,1567.651,1117.8531,5,2326.791,2026-04-23T23:59:39,2026-04-24T00:38:26,ok,pickles\moead_ws\c109_21\run08.pkl,ee61198,5
moead_ws,c109_21,19,4226573563,850000,850080,105,91,164127041.572432,,14.0,1712.9883,181.5376,7,2253.426,2026-04-24T00:01:17,2026-04-24T00:38:50,ok,pickles\moead_ws\c109_21\run19.pkl,ee61198,5
smsemoa,c108_21,9,2257643132,850000,850080,105,105,77463114.438447,,13.0,1588.054,186.8882,9,1856.954,2026-04-24T00:13:13,2026-04-24T00:44:10,ok,pickles\smsemoa\c108_21\run09.pkl,ee61198,5
smsemoa,c208_21,8,4262243057,850000,850080,105,105,26774100.778732,,4.0,1100.688,794.8444,4,3201.032,2026-04-23T23:56:45,2026-04-24T00:50:06,ok,pickles\smsemoa\c208_21\run08.pkl,ee61198,5
smsemoa,c208_21,14,1184336611,850000,850080,105,105,23061666.979562,,4.0,960.4373,0.0,4,3325.924,2026-04-23T23:57:19,2026-04-24T00:52:45,ok,pickles\smsemoa\c208_21\run14.pkl,ee61198,5
smsemoa,c208_21,15,2485674771,850000,850080,105,105,65643483.528247,,4.0,1087.934,0.0,4,3066.476,2026-04-24T00:08:42,2026-04-24T00:59:49,ok,pickles\smsemoa\c208_21\run15.pkl,ee61198,5
smsemoa,c108_21,18,3673720113,850000,850080,105,105,71879543.576621,,12.0,1658.1098,235.211,8,1845.394,2026-04-24T00:36:37,2026-04-24T01:07:22,ok,pickles\smsemoa\c108_21\run18.pkl,ee61198,5
smsemoa,c108_21,27,643030665,850000,850080,105,105,46809087.903128,,12.0,1592.0753,64.7536,8,1837.3,2026-04-24T00:44:10,2026-04-24T01:14:48,ok,pickles\smsemoa\c108_21\run27.pkl,ee61198,5
moead_ws,c108_21,28,3502070128,850000,850080,105,97,132366012.441798,,14.0,1790.9481,189.014,6,2207.634,2026-04-24T00:38:52,2026-04-24T01:15:40,ok,pickles\moead_ws\c108_21\run28.pkl,ee61198,5
smsemoa,c109_21,26,1449965316,850000,850080,105,105,38153529.573608,,13.0,1509.293,430.4371,6,1967.472,2026-04-24T00:50:06,2026-04-24T01:22:54,ok,pickles\smsemoa\c109_21\run26.pkl,ee61198,5
smsemoa,c109_21,11,3633814982,850000,850080,105,105,16989250.449662,,12.0,1398.8106,26.784,5,1944.112,2026-04-24T00:52:45,2026-04-24T01:25:09,ok,pickles\smsemoa\c109_21\run11.pkl,ee61198,5
nsga2,c108_21,10,572295729,850000,850080,105,105,69610227.89531,,13.0,1591.5984,78.2374,7,1772.986,2026-04-24T00:59:49,2026-04-24T01:29:22,ok,pickles\nsga2\c108_21\run10.pkl,ee61198,5
nsga2,c208_21,6,3665364821,850000,850080,105,105,58481132.20244,,4.0,1124.9642,2.8936,4,3250.779,2026-04-24T00:38:26,2026-04-24T01:32:37,ok,pickles\nsga2\c208_21\run06.pkl,ee61198,5
moead_ws,c208_21,26,1428736958,850000,850080,105,97,75416057.31457,,5.0,989.3211,2242.0417,4,3711.581,2026-04-24T00:36:51,2026-04-24T01:38:43,ok,pickles\moead_ws\c208_21\run26.pkl,ee61198,5
nsga2,c109_21,24,1664756499,850000,850080,105,105,58196097.499933,,12.0,1634.9132,201.6867,7,1887.16,2026-04-24T01:07:22,2026-04-24T01:38:50,ok,pickles\nsga2\c109_21\run24.pkl,ee61198,5
moead_ws,c108_21,22,3809348478,850000,850080,105,99,244672670.339094,,13.0,1845.7688,550.654,7,2209.169,2026-04-24T01:15:42,2026-04-24T01:52:31,ok,pickles\moead_ws\c108_21\run22.pkl,ee61198,5
nsga2,c108_21,12,1646133776,850000,850080,105,105,89248707.30985,,13.0,1576.774,58.1788,9,1808.943,2026-04-24T01:22:54,2026-04-24T01:53:03,ok,pickles\nsga2\c108_21\run12.pkl,ee61198,5
smsemoa,c109_21,9,1691875827,850000,850080,105,105,35595178.985364,,12.0,1564.7204,63.9327,7,1928.382,2026-04-24T01:25:09,2026-04-24T01:57:18,ok,pickles\smsemoa\c109_21\run09.pkl,ee61198,5
moead_ws,c108_21,7,3272204666,850000,850080,105,88,222041959.117864,,14.0,1814.425,710.7468,7,2170.604,2026-04-24T01:29:23,2026-04-24T02:05:34,ok,pickles\moead_ws\c108_21\run07.pkl,ee61198,5
nsga2,c208_21,18,2712448014,850000,850080,105,105,29834752.26775,,4.0,924.2634,0.0,4,3413.768,2026-04-24T01:14:48,2026-04-24T02:11:41,ok,pickles\nsga2\c208_21\run18.pkl,ee61198,5
nsga2,c109_21,11,502328214,850000,850080,105,105,86869001.270801,,13.0,1730.0513,442.74,8,1856.646,2026-04-24T01:52:31,2026-04-24T02:23:28,ok,pickles\nsga2\c109_21\run11.pkl,ee61198,5
nsga2,c109_21,23,645958890,850000,850080,105,105,45698216.369881,,13.0,1531.7395,119.2596,6,1841.257,2026-04-24T01:53:03,2026-04-24T02:23:44,ok,pickles\nsga2\c109_21\run23.pkl,ee61198,5
moead_ws,c208_21,14,3577819045,850000,850080,105,104,72016183.271498,,5.0,1042.7748,524.4625,3,3524.081,2026-04-24T01:32:39,2026-04-24T02:31:23,ok,pickles\moead_ws\c208_21\run14.pkl,ee61198,5
moead_ws,c208_21,25,775659426,850000,850080,105,98,159977745.082938,,5.0,1175.1018,1506.5867,4,3248.562,2026-04-24T01:38:51,2026-04-24T02:33:00,ok,pickles\moead_ws\c208_21\run25.pkl,ee61198,5
moead_ws,c208_21,24,3100431329,850000,850080,105,99,68428438.32636,,6.0,1126.2768,138.3534,3,3456.202,2026-04-24T01:38:45,2026-04-24T02:36:21,ok,pickles\moead_ws\c208_21\run24.pkl,ee61198,5
nsga2,c108_21,8,717219475,850000,850080,105,105,97468362.355701,,12.0,1674.9219,261.0355,8,1848.748,2026-04-24T02:11:41,2026-04-24T02:42:30,ok,pickles\nsga2\c108_21\run08.pkl,ee61198,5
smsemoa,c108_21,20,2938004918,850000,850080,105,105,53034918.514755,,12.0,1603.707,257.3265,7,1852.26,2026-04-24T02:23:44,2026-04-24T02:54:37,ok,pickles\smsemoa\c108_21\run20.pkl,ee61198,5
nsga2,c208_21,20,3339229581,850000,850080,105,105,48603278.004135,,5.0,1015.5908,0.0,4,2950.519,2026-04-24T02:05:34,2026-04-24T02:54:45,ok,pickles\nsga2\c208_21\run20.pkl,ee61198,5
moead_ws,c208_21,6,509948147,850000,850080,105,89,99735522.04811,,5.0,1141.1796,1359.8546,4,3514.341,2026-04-24T01:57:19,2026-04-24T02:55:54,ok,pickles\moead_ws\c208_21\run06.pkl,ee61198,5
moead_ws,c108_21,19,2340139751,850000,850080,105,103,157318112.098389,,15.0,1772.1089,743.2725,7,2207.297,2026-04-24T02:23:29,2026-04-24T03:00:17,ok,pickles\moead_ws\c108_21\run19.pkl,ee61198,5
smsemoa,c109_21,16,1688832449,850000,850080,105,105,24203730.081857,,13.0,1426.7581,418.9206,6,1900.467,2026-04-24T02:31:23,2026-04-24T03:03:04,ok,pickles\smsemoa\c109_21\run16.pkl,ee61198,5
smsemoa,c108_21,2,2581171862,850000,850080,105,105,16068764.857804,,13.0,1516.6925,0.1763,4,1847.355,2026-04-24T02:54:37,2026-04-24T03:25:24,ok,pickles\smsemoa\c108_21\run02.pkl,ee61198,5
nsga2,c208_21,23,2283199305,850000,850080,105,105,67815574.054858,,4.0,907.3453,0.0,5,3262.3,2026-04-24T02:33:00,2026-04-24T03:27:22,ok,pickles\nsga2\c208_21\run23.pkl,ee61198,5
smsemoa,c109_21,23,1696118193,850000,850080,105,105,34366859.517034,,11.0,1328.0472,3.198,7,1932.769,2026-04-24T02:55:54,2026-04-24T03:28:07,ok,pickles\smsemoa\c109_21\run23.pkl,ee61198,5
nsga2,c208_21,3,1778264890,850000,850080,105,105,23548465.77389,,5.0,1012.4173,10.6977,2,3206.608,2026-04-24T02:36:21,2026-04-24T03:29:48,ok,pickles\nsga2\c208_21\run03.pkl,ee61198,5
smsemoa,c108_21,29,134399928,850000,850080,105,105,88447684.243017,,13.0,1556.0463,0.0,9,1871.622,2026-04-24T03:03:04,2026-04-24T03:34:16,ok,pickles\smsemoa\c108_21\run29.pkl,ee61198,5
moead_ws,c208_21,15,2978359199,850000,850080,105,103,70960350.151059,,5.0,1054.2058,665.2611,3,3276.674,2026-04-24T02:42:32,2026-04-24T03:37:09,ok,pickles\moead_ws\c208_21\run15.pkl,ee61198,5
smsemoa,c208_21,23,2554715924,850000,850080,105,105,89197597.025895,,4.0,1096.125,17.0272,4,3208.024,2026-04-24T02:54:45,2026-04-24T03:48:13,ok,pickles\smsemoa\c208_21\run23.pkl,ee61198,5
smsemoa,c208_21,28,397987787,850000,850080,105,105,41712181.653061,,5.0,1079.8807,502.1413,3,2971.035,2026-04-24T03:00:17,2026-04-24T03:49:48,ok,pickles\smsemoa\c208_21\run28.pkl,ee61198,5
moead_ws,c109_21,30,1044651031,850000,850080,105,95,73180529.476531,,13.0,1739.3596,664.5897,5,2268.596,2026-04-24T03:27:24,2026-04-24T04:05:13,ok,pickles\moead_ws\c109_21\run30.pkl,ee61198,5
moead_ws,c109_21,27,2697697183,850000,850080,105,91,68702638.015311,,14.0,1613.8783,0.0,4,2235.091,2026-04-24T03:28:08,2026-04-24T04:05:23,ok,pickles\moead_ws\c109_21\run27.pkl,ee61198,5
smsemoa,c109_21,7,3380462473,850000,850080,105,105,17409581.048552,,13.0,1494.7261,172.1764,6,1931.625,2026-04-24T03:37:09,2026-04-24T04:09:21,ok,pickles\smsemoa\c109_21\run07.pkl,ee61198,5
nsga2,c109_21,25,3498857942,850000,850080,105,105,35887430.415614,,12.0,1579.2865,311.0188,7,1871.769,2026-04-24T03:49:48,2026-04-24T04:21:00,ok,pickles\nsga2\c109_21\run25.pkl,ee61198,5
smsemoa,c109_21,25,4071678338,850000,850080,105,105,37178308.311487,,12.0,1612.5321,81.1205,6,1974.98,2026-04-24T03:48:13,2026-04-24T04:21:08,ok,pickles\smsemoa\c109_21\run25.pkl,ee61198,5
nsga2,c208_21,28,293093520,850000,850080,105,105,35235326.265378,,4.0,1010.7593,0.0,4,3120.57,2026-04-24T03:29:48,2026-04-24T04:21:49,ok,pickles\nsga2\c208_21\run28.pkl,ee61198,5
moead_ws,c208_21,10,3578794121,850000,850080,105,99,61890278.643326,,5.0,1200.7199,7616.2797,3,3634.872,2026-04-24T03:25:26,2026-04-24T04:26:01,ok,pickles\moead_ws\c208_21\run10.pkl,ee61198,5
moead_ws,c208_21,11,1734828115,850000,850080,105,96,145246574.126054,,6.0,1430.3483,2382.0258,3,3327.222,2026-04-24T03:34:17,2026-04-24T04:29:45,ok,pickles\moead_ws\c208_21\run11.pkl,ee61198,5
moead_ws,c108_21,10,2446787552,850000,850080,105,92,220061519.481447,,13.0,1810.5557,1114.8536,8,2295.145,2026-04-24T04:05:14,2026-04-24T04:43:30,ok,pickles\moead_ws\c108_21\run10.pkl,ee61198,5
moead_ws,c109_21,18,3143781069,850000,850080,105,102,254041459.793061,,13.0,1609.6421,282.9397,6,2297.904,2026-04-24T04:05:25,2026-04-24T04:43:43,ok,pickles\moead_ws\c109_21\run18.pkl,ee61198,5
nsga2,c109_21,14,3298164210,850000,850080,105,105,38807313.74773,,13.0,1751.8029,342.1906,5,1852.785,2026-04-24T04:21:49,2026-04-24T04:52:42,ok,pickles\nsga2\c109_21\run14.pkl,ee61198,5
moead_ws,c109_21,2,4073838761,850000,850080,105,100,54115832.75005,,14.0,1621.0348,85.7607,3,2244.249,2026-04-24T04:21:02,2026-04-24T04:58:26,ok,pickles\moead_ws\c109_21\run02.pkl,ee61198,5
nsga2,c208_21,17,4059436825,850000,850080,105,105,32635331.033431,,5.0,1096.6177,0.0,3,3028.539,2026-04-24T04:09:21,2026-04-24T04:59:49,ok,pickles\nsga2\c208_21\run17.pkl,ee61198,5
smsemoa,c109_21,17,631238249,850000,850080,105,105,25235193.078062,,13.0,1487.271,154.2119,7,1957.592,2026-04-24T04:29:45,2026-04-24T05:02:22,ok,pickles\smsemoa\c109_21\run17.pkl,ee61198,5
moead_ws,c108_21,9,597441577,850000,850080,105,99,241225114.508845,,13.0,1678.474,2118.2859,8,2243.174,2026-04-24T04:26:02,2026-04-24T05:03:26,ok,pickles\moead_ws\c108_21\run09.pkl,ee61198,5
nsga2,c109_21,5,1516325434,850000,850080,105,105,69226557.889713,,12.0,1577.0776,81.7148,7,1860.95,2026-04-24T04:43:43,2026-04-24T05:14:44,ok,pickles\nsga2\c109_21\run05.pkl,ee61198,5
moead_ws,c208_21,13,3947745251,850000,850080,105,99,129388989.246094,,5.0,1182.6937,87.9344,3,3293.973,2026-04-24T04:21:10,2026-04-24T05:16:04,ok,pickles\moead_ws\c208_21\run13.pkl,ee61198,5
nsga2,c208_21,1,3742214799,850000,850080,105,105,14825033.838629,,4.0,875.964,0.0,3,3262.843,2026-04-24T04:43:30,2026-04-24T05:37:53,ok,pickles\nsga2\c208_21\run01.pkl,ee61198,5
nsga2,c108_21,29,3545735788,850000,850080,105,105,108180571.334704,,12.0,1556.0351,141.7721,10,1793.147,2026-04-24T05:14:44,2026-04-24T05:44:38,ok,pickles\nsga2\c108_21\run29.pkl,ee61198,5
moead_ws,c208_21,8,4167608844,850000,850080,105,93,182012807.673432,,6.0,1132.5323,516.6262,3,3143.149,2026-04-24T04:52:43,2026-04-24T05:45:06,ok,pickles\moead_ws\c208_21\run08.pkl,ee61198,5
nsga2,c109_21,17,1053744053,850000,850080,105,105,12147625.591812,,12.0,1277.633,0.0,5,1810.495,2026-04-24T05:16:04,2026-04-24T05:46:14,ok,pickles\nsga2\c109_21\run17.pkl,ee61198,5
nsga2,c208_21,19,3216053716,850000,850080,105,105,13828036.045906,,5.0,1048.2037,0.0,3,3014.416,2026-04-24T05:02:22,2026-04-24T05:52:37,ok,pickles\nsga2\c208_21\run19.pkl,ee61198,5
moead_ws,c208_21,12,3710096852,850000,850080,105,102,108859791.794075,,5.0,1163.5236,2675.037,3,3544.263,2026-04-24T04:58:28,2026-04-24T05:57:32,ok,pickles\moead_ws\c208_21\run12.pkl,ee61198,5
moead_ws,c208_21,27,1529470259,850000,850080,105,97,120190081.557848,,5.0,1260.8494,2414.7485,4,3499.073,2026-04-24T04:59:51,2026-04-24T05:58:10,ok,pickles\moead_ws\c208_21\run27.pkl,ee61198,5
moead_ws,c208_21,23,4158790342,850000,850080,105,104,159701401.252506,,5.0,936.4139,3261.4208,4,3418.545,2026-04-24T05:03:27,2026-04-24T06:00:26,ok,pickles\moead_ws\c208_21\run23.pkl,ee61198,5
smsemoa,c109_21,22,1692658693,850000,850080,102,102,35317988.245998,,12.0,1527.8263,147.3604,6,1990.543,2026-04-24T05:37:53,2026-04-24T06:11:03,ok,pickles\smsemoa\c109_21\run22.pkl,ee61198,5
smsemoa,c109_21,4,3381684330,850000,850080,105,105,29224457.870889,,12.0,1615.5454,599.0757,7,1959.521,2026-04-24T05:45:06,2026-04-24T06:17:46,ok,pickles\smsemoa\c109_21\run04.pkl,ee61198,5
nsga2,c109_21,19,2681475630,850000,850080,105,105,46907520.092979,,13.0,1724.5241,83.5742,6,1854.742,2026-04-24T05:52:37,2026-04-24T06:23:32,ok,pickles\nsga2\c109_21\run19.pkl,ee61198,5
nsga2,c108_21,30,760013075,850000,850080,105,105,102575741.318541,,13.0,1753.1559,719.3616,8,1831.018,2026-04-24T06:00:26,2026-04-24T06:30:57,ok,pickles\nsga2\c108_21\run30.pkl,ee61198,5
nsga2,c208_21,10,669003802,850000,850080,105,105,42649406.291906,,5.0,1076.9423,0.0,3,3048.912,2026-04-24T05:44:38,2026-04-24T06:35:27,ok,pickles\nsga2\c208_21\run10.pkl,ee61198,5
smsemoa,c208_21,13,1341148843,850000,850080,105,105,35842430.370035,,4.0,900.0245,0.0,4,3038.549,2026-04-24T05:57:32,2026-04-24T06:48:11,ok,pickles\smsemoa\c208_21\run13.pkl,ee61198,5
nsga2,c109_21,18,2394302273,850000,850080,105,105,39275691.611769,,12.0,1661.1988,310.1642,6,1868.001,2026-04-24T06:17:46,2026-04-24T06:48:54,ok,pickles\nsga2\c109_21\run18.pkl,ee61198,5
moead_ws,c208_21,7,943285859,850000,850080,105,102,220149294.251315,,5.0,979.4076,7493.5722,3,3877.697,2026-04-24T05:46:16,2026-04-24T06:50:54,ok,pickles\moead_ws\c208_21\run07.pkl,ee61198,5
smsemoa,c208_21,20,1121678884,850000,850080,105,105,19258013.475368,,4.0,1049.7759,0.0,3,3237.392,2026-04-24T05:58:10,2026-04-24T06:52:08,ok,pickles\smsemoa\c208_21\run20.pkl,ee61198,5
nsga2,c109_21,3,852809292,850000,850080,105,105,81566449.811716,,12.0,1745.3086,19.1521,9,1857.633,2026-04-24T06:23:32,2026-04-24T06:54:29,ok,pickles\nsga2\c109_21\run03.pkl,ee61198,5
nsga2,c208_21,9,4135660694,850000,850080,105,105,32015261.617788,,5.0,974.2592,0.0,3,3060.707,2026-04-24T06:11:03,2026-04-24T07:02:04,ok,pickles\nsga2\c208_21\run09.pkl,ee61198,5
nsga2,c109_21,4,3514467386,850000,850080,105,105,83360184.701965,,13.0,1714.7257,102.3805,6,1882.843,2026-04-24T06:30:57,2026-04-24T07:02:20,ok,pickles\nsga2\c109_21\run04.pkl,ee61198,5
smsemoa,c108_21,12,2665047416,850000,850080,105,105,81716433.394736,,13.0,1557.5821,381.538,8,1818.201,2026-04-24T06:35:27,2026-04-24T07:05:45,ok,pickles\smsemoa\c108_21\run12.pkl,ee61198,5
nsga2,c109_21,26,2030947780,850000,850080,105,105,28590762.551858,,13.0,1613.0908,30.1959,5,1877.137,2026-04-24T06:48:11,2026-04-24T07:19:28,ok,pickles\nsga2\c109_21\run26.pkl,ee61198,5
nsga2,c109_21,20,3642755524,850000,850080,105,105,37407376.483429,,13.0,1685.8399,13.9097,6,1914.707,2026-04-24T06:48:54,2026-04-24T07:20:49,ok,pickles\nsga2\c109_21\run20.pkl,ee61198,5
moead_ws,c108_21,4,2339232934,850000,850080,105,97,103246418.455037,,14.0,1556.9433,512.36,7,2159.215,2026-04-24T06:52:09,2026-04-24T07:28:09,ok,pickles\moead_ws\c108_21\run04.pkl,ee61198,5
smsemoa,c108_21,21,2527583185,850000,850080,105,105,96860062.303308,,13.0,1570.7155,528.7477,9,1901.562,2026-04-24T07:02:20,2026-04-24T07:34:02,ok,pickles\smsemoa\c108_21\run21.pkl,ee61198,5
moead_ws,c109_21,3,586746034,850000,850080,105,98,145730227.029314,,13.0,1654.6018,1207.0344,7,2344.761,2026-04-24T07:05:47,2026-04-24T07:44:52,ok,pickles\moead_ws\c109_21\run03.pkl,ee61198,5
moead_ws,c208_21,29,852672801,850000,850080,105,91,28402487.907488,,5.0,1068.6161,239.5303,3,3241.578,2026-04-24T06:50:55,2026-04-24T07:44:57,ok,pickles\moead_ws\c208_21\run29.pkl,ee61198,5
smsemoa,c208_21,6,2551822200,850000,850080,105,74,17964749.326053,,5.0,923.4824,0.0,3,3320.3,2026-04-24T06:54:29,2026-04-24T07:49:50,ok,pickles\smsemoa\c208_21\run06.pkl,ee61198,5
smsemoa,c108_21,15,1486204335,850000,850080,105,105,51977507.759573,,14.0,1680.6687,462.2738,6,1853.803,2026-04-24T07:20:49,2026-04-24T07:51:43,ok,pickles\smsemoa\c108_21\run15.pkl,ee61198,5
smsemoa,c109_21,15,3125293233,850000,850080,105,105,30855200.64181,,12.0,1648.2885,182.3417,7,1952.526,2026-04-24T07:19:28,2026-04-24T07:52:01,ok,pickles\smsemoa\c109_21\run15.pkl,ee61198,5
moead_ws,c208_21,21,259115683,850000,850080,105,105,151219529.883446,,5.0,1195.1644,4549.8671,2,3709.416,2026-04-24T07:02:06,2026-04-24T08:03:55,ok,pickles\moead_ws\c208_21\run21.pkl,ee61198,5
smsemoa,c108_21,26,626314207,850000,850080,105,105,154210986.433085,,12.0,1772.2296,402.9133,10,1875.633,2026-04-24T07:44:57,2026-04-24T08:16:13,ok,pickles\smsemoa\c108_21\run26.pkl,ee61198,5
nsga2,c109_21,16,918344446,850000,850080,105,105,35051505.321188,,12.0,1509.5448,60.154,7,1888.273,2026-04-24T07:44:52,2026-04-24T08:16:20,ok,pickles\nsga2\c109_21\run16.pkl,ee61198,5
smsemoa,c208_21,11,3899550427,850000,850080,105,99,28302814.900758,,5.0,959.1926,0.0,3,3075.774,2026-04-24T07:28:09,2026-04-24T08:19:25,ok,pickles\smsemoa\c208_21\run11.pkl,ee61198,5
smsemoa,c108_21,17,2566030424,850000,850080,105,105,29554169.223312,,13.0,1495.6586,465.2271,5,1828.61,2026-04-24T07:49:50,2026-04-24T08:20:19,ok,pickles\smsemoa\c108_21\run17.pkl,ee61198,5
smsemoa,c208_21,3,2352962900,850000,850080,105,105,59664117.085323,,5.0,1071.6633,0.0,4,3066.733,2026-04-24T07:34:02,2026-04-24T08:25:09,ok,pickles\smsemoa\c208_21\run03.pkl,ee61198,5
moead_ws,c109_21,28,3187291286,850000,850080,105,101,106150387.986144,,12.0,1523.2857,368.2055,7,2296.017,2026-04-24T07:51:45,2026-04-24T08:30:01,ok,pickles\moead_ws\c109_21\run28.pkl,ee61198,5
moead_ws,c109_21,21,1407488827,850000,850080,105,91,244415492.16722,,14.0,1687.8635,542.2385,5,2372.554,2026-04-24T07:52:02,2026-04-24T08:31:35,ok,pickles\moead_ws\c109_21\run21.pkl,ee61198,5
smsemoa,c109_21,28,4081502796,850000,850080,105,105,27494003.532927,,11.0,1433.0986,128.2153,6,1939.523,2026-04-24T08:16:13,2026-04-24T08:48:33,ok,pickles\smsemoa\c109_21\run28.pkl,ee61198,5
smsemoa,c108_21,6,1555481971,850000,850080,105,105,67643177.952294,,13.0,1646.0665,257.1486,7,1840.209,2026-04-24T08:19:25,2026-04-24T08:50:05,ok,pickles\smsemoa\c108_21\run06.pkl,ee61198,5
nsga2,c108_21,26,3011341610,850000,850080,105,105,72017663.11272,,13.0,1638.2066,123.2999,7,1788.902,2026-04-24T08:20:19,2026-04-24T08:50:08,ok,pickles\nsga2\c108_21\run26.pkl,ee61198,5
nsga2,c208_21,2,81212274,850000,850080,105,105,114467578.396266,,4.0,956.4754,0.0,6,3252.284,2026-04-24T08:03:55,2026-04-24T08:58:08,ok,pickles\nsga2\c208_21\run02.pkl,ee61198,5
moead_ws,c108_21,17,169140387,850000,850080,105,95,392593180.720485,,15.0,1689.8582,456.5743,6,2139.165,2026-04-24T08:25:10,2026-04-24T09:00:50,ok,pickles\moead_ws\c108_21\run17.pkl,ee61198,5
moead_ws,c108_21,24,3493503682,850000,850080,105,100,67734045.635835,,14.0,1747.1689,433.7486,4,2210.936,2026-04-24T08:31:37,2026-04-24T09:08:28,ok,pickles\moead_ws\c108_21\run24.pkl,ee61198,5
moead_ws,c109_21,7,509318733,850000,850080,105,104,68275304.764481,,14.0,1657.9413,392.4328,4,2367.772,2026-04-24T08:30:02,2026-04-24T09:09:31,ok,pickles\moead_ws\c109_21\run07.pkl,ee61198,5
nsga2,c208_21,16,3320319106,850000,850080,105,105,25193387.418138,,4.0,1077.8577,103.1379,3,3329.692,2026-04-24T08:16:20,2026-04-24T09:11:50,ok,pickles\nsga2\c208_21\run16.pkl,ee61198,5
smsemoa,c109_21,1,2183978149,850000,850080,105,105,24611605.818217,,11.0,1466.5332,86.3391,6,1926.101,2026-04-24T08:48:33,2026-04-24T09:20:39,ok,pickles\smsemoa\c109_21\run01.pkl,ee61198,5
moead_ws,c108_21,1,375368232,850000,850080,105,101,381542417.607554,,14.0,1862.1208,827.9787,7,2219.011,2026-04-24T08:50:07,2026-04-24T09:27:06,ok,pickles\moead_ws\c108_21\run01.pkl,ee61198,5
smsemoa,c109_21,30,95960535,850000,850080,105,105,64832289.040153,,11.0,1421.4184,150.976,8,1978.999,2026-04-24T08:58:08,2026-04-24T09:31:07,ok,pickles\smsemoa\c109_21\run30.pkl,ee61198,5
moead_ws,c108_21,26,3114621032,850000,850080,105,101,296214031.927991,,14.0,1720.6167,431.7619,8,2128.069,2026-04-24T09:00:52,2026-04-24T09:36:20,ok,pickles\moead_ws\c108_21\run26.pkl,ee61198,5
moead_ws,c208_21,3,1178477124,850000,850080,105,99,84131884.150678,,4.0,1150.9177,0.0,4,3247.863,2026-04-24T08:50:10,2026-04-24T09:44:18,ok,pickles\moead_ws\c208_21\run03.pkl,ee61198,5
moead_ws,c109_21,15,504105847,850000,850080,105,100,63377029.274879,,12.0,1521.3295,161.5837,5,2232.568,2026-04-24T09:08:30,2026-04-24T09:45:43,ok,pickles\moead_ws\c109_21\run15.pkl,ee61198,5
moead_ws,c108_21,5,627282694,850000,850080,105,98,109982327.709558,,13.0,1625.0459,1108.5626,7,2203.41,2026-04-24T09:09:32,2026-04-24T09:46:16,ok,pickles\moead_ws\c108_21\run05.pkl,ee61198,5
smsemoa,c108_21,14,1367992622,850000,850080,105,105,73597105.843217,,12.0,1393.5803,136.0196,8,1876.078,2026-04-24T09:20:39,2026-04-24T09:51:55,ok,pickles\smsemoa\c108_21\run14.pkl,ee61198,5
smsemoa,c109_21,5,488903644,850000,850080,105,105,53538433.833002,,13.0,1614.0526,447.6706,7,1942.168,2026-04-24T09:27:06,2026-04-24T09:59:28,ok,pickles\smsemoa\c109_21\run05.pkl,ee61198,5
nsga2,c208_21,22,722659323,850000,850080,105,105,20650822.708214,,4.0,1020.027,428.9949,3,3300.915,2026-04-24T09:11:50,2026-04-24T10:06:51,ok,pickles\nsga2\c208_21\run22.pkl,ee61198,5
moead_ws,c108_21,14,2036579029,850000,850080,105,94,59664473.802689,,14.0,1741.4852,2802.9341,4,2250.403,2026-04-24T09:36:21,2026-04-24T10:13:52,ok,pickles\moead_ws\c108_21\run14.pkl,ee61198,5
smsemoa,c108_21,22,3991951397,850000,850080,105,105,73593293.925521,,13.0,1508.2107,279.2201,7,1840.099,2026-04-24T09:46:16,2026-04-24T10:16:56,ok,pickles\smsemoa\c108_21\run22.pkl,ee61198,5
moead_ws,c108_21,2,4113301600,850000,850080,105,101,89791290.110405,,14.0,1605.0875,2599.8188,7,2220.777,2026-04-24T09:44:20,2026-04-24T10:21:21,ok,pickles\moead_ws\c108_21\run02.pkl,ee61198,5
nsga2,c208_21,27,3467965229,850000,850080,105,105,21613167.675522,,5.0,1082.9897,0.0,3,3021.685,2026-04-24T09:31:07,2026-04-24T10:21:29,ok,pickles\nsga2\c208_21\run27.pkl,ee61198,5
moead_ws,c108_21,12,951728661,850000,850080,105,95,343679858.288081,,16.0,1722.4767,530.5856,6,2187.196,2026-04-24T09:45:44,2026-04-24T10:22:12,ok,pickles\moead_ws\c108_21\run12.pkl,ee61198,5
moead_ws,c108_21,18,3274032636,850000,850080,105,104,71255897.328156,,14.0,1760.1255,1380.9483,5,2221.271,2026-04-24T09:51:57,2026-04-24T10:28:58,ok,pickles\moead_ws\c108_21\run18.pkl,ee61198,5
moead_ws,c109_21,25,3800214549,850000,850080,105,100,189285591.362491,,14.0,1764.578,966.7792,6,2324.169,2026-04-24T09:59:30,2026-04-24T10:38:14,ok,pickles\moead_ws\c109_21\run25.pkl,ee61198,5
moead_ws,c109_21,1,559874602,850000,850080,105,104,121413946.378855,,15.0,1828.5291,736.9355,5,2268.254,2026-04-24T10:06:53,2026-04-24T10:44:41,ok,pickles\moead_ws\c109_21\run01.pkl,ee61198,5
smsemoa,c108_21,3,4095807010,850000,850080,105,105,55080426.861884,,13.0,1608.7064,170.2773,7,1840.355,2026-04-24T10:16:56,2026-04-24T10:47:36,ok,pickles\smsemoa\c108_21\run03.pkl,ee61198,5
nsga2,c108_21,21,2906337420,850000,850080,105,105,99236381.00438,,12.0,1568.4721,237.8319,9,1809.525,2026-04-24T10:21:21,2026-04-24T10:51:30,ok,pickles\nsga2\c108_21\run21.pkl,ee61198,5
smsemoa,c108_21,8,396808083,850000,850080,105,105,66093580.611036,,14.0,1671.8163,198.8171,7,1868.367,2026-04-24T10:22:12,2026-04-24T10:53:20,ok,pickles\smsemoa\c108_21\run08.pkl,ee61198,5
smsemoa,c109_21,20,2947064370,850000,850080,105,105,55289205.124217,,12.0,1423.7961,0.0,8,1931.13,2026-04-24T10:21:29,2026-04-24T10:53:40,ok,pickles\smsemoa\c109_21\run20.pkl,ee61198,5
smsemoa,c108_21,4,233171968,850000,850080,105,105,45092552.350482,,12.0,1439.4917,646.9025,6,1843.001,2026-04-24T10:28:58,2026-04-24T10:59:42,ok,pickles\smsemoa\c108_21\run04.pkl,ee61198,5
nsga2,c108_21,5,2625731707,850000,850080,105,105,29880084.112323,,14.0,1744.7209,908.5223,6,1819.076,2026-04-24T10:38:14,2026-04-24T11:08:34,ok,pickles\nsga2\c108_21\run05.pkl,ee61198,5
moead_ws,c208_21,9,2536822053,850000,850080,105,105,129068545.952103,,5.0,1198.2613,3972.4514,4,3471.206,2026-04-24T10:13:54,2026-04-24T11:11:45,ok,pickles\moead_ws\c208_21\run09.pkl,ee61198,5
smsemoa,c108_21,16,2028666940,850000,850080,105,105,40457501.92118,,13.0,1389.7927,300.4125,8,1843.571,2026-04-24T10:44:41,2026-04-24T11:15:25,ok,pickles\smsemoa\c108_21\run16.pkl,ee61198,5
nsga2,c109_21,6,2104864532,850000,850080,105,105,99526237.054515,,12.0,1647.2438,92.1119,8,1870.554,2026-04-24T10:47:36,2026-04-24T11:18:47,ok,pickles\nsga2\c109_21\run06.pkl,ee61198,5
nsga2,c109_21,27,1722891566,850000,850080,105,105,80224363.698455,,12.0,1725.9622,47.7875,8,1911.037,2026-04-24T10:53:20,2026-04-24T11:25:11,ok,pickles\nsga2\c109_21\run27.pkl,ee61198,5
smsemoa,c208_21,4,1950263495,850000,850080,105,105,60349243.619789,,4.0,919.0847,0.0,4,3153.124,2026-04-24T10:51:30,2026-04-24T11:44:03,ok,pickles\smsemoa\c208_21\run04.pkl,ee61198,5
nsga2,c208_21,26,4207203466,850000,850080,105,105,40435993.311806,,4.0,929.0054,0.0,4,3027.501,2026-04-24T10:53:40,2026-04-24T11:44:08,ok,pickles\nsga2\c208_21\run26.pkl,ee61198,5
moead_ws,c108_21,15,3445653873,850000,850080,105,104,111045179.6937,,14.0,1676.9778,1132.4529,7,2169.061,2026-04-24T11:08:35,2026-04-24T11:44:44,ok,pickles\moead_ws\c108_21\run15.pkl,ee61198,5
nsga2,c109_21,12,2713055599,850000,850080,105,105,20210957.160649,,12.0,1506.5013,240.3484,5,1807.976,2026-04-24T11:15:25,2026-04-24T11:45:33,ok,pickles\nsga2\c109_21\run12.pkl,ee61198,5
smsemoa,c109_21,10,1854770705,850000,850080,105,105,34824178.632063,,12.0,1571.2179,93.3384,6,1936.375,2026-04-24T11:18:47,2026-04-24T11:51:04,ok,pickles\smsemoa\c109_21\run10.pkl,ee61198,5
smsemoa,c109_21,3,1265797234,850000,850080,105,105,29026019.59436,,12.0,1416.51,31.2242,6,1919.979,2026-04-24T11:25:11,2026-04-24T11:57:11,ok,pickles\smsemoa\c109_21\run03.pkl,ee61198,5
moead_ws,c208_21,18,2324044004,850000,850080,105,96,67062132.555916,,5.0,1104.8825,8880.4208,3,3762.573,2026-04-24T10:59:43,2026-04-24T12:02:26,ok,pickles\moead_ws\c208_21\run18.pkl,ee61198,5
moead_ws,c208_21,16,3408449559,850000,850080,105,105,362667635.461805,,5.0,1135.4872,4295.5912,3,3491.288,2026-04-24T11:11:47,2026-04-24T12:09:58,ok,pickles\moead_ws\c208_21\run16.pkl,ee61198,5
nsga2,c108_21,11,1262250787,850000,850080,105,105,62855654.341984,,13.0,1606.9713,105.4577,8,1773.618,2026-04-24T11:44:08,2026-04-24T12:13:42,ok,pickles\nsga2\c108_21\run11.pkl,ee61198,5
nsga2,c109_21,21,23103443,850000,850080,105,105,37546219.510915,,13.0,1584.8825,0.0,7,1842.44,2026-04-24T11:44:44,2026-04-24T12:15:27,ok,pickles\nsga2\c109_21\run21.pkl,ee61198,5
nsga2,c108_21,15,3362288942,850000,850080,105,105,70348733.54766,,13.0,1622.1687,145.0401,7,1812.441,2026-04-24T11:51:04,2026-04-24T12:21:16,ok,pickles\nsga2\c108_21\run15.pkl,ee61198,5
moead_ws,c108_21,20,959749052,850000,850080,105,92,239487942.622386,,14.0,1729.2362,467.9102,8,2251.77,2026-04-24T11:44:05,2026-04-24T12:21:37,ok,pickles\moead_ws\c108_21\run20.pkl,ee61198,5
moead_ws,c109_21,14,2955101510,850000,850080,105,96,138761649.407318,,14.0,1615.5965,291.3669,6,2305.236,2026-04-24T11:45:35,2026-04-24T12:24:00,ok,pickles\moead_ws\c109_21\run14.pkl,ee61198,5
smsemoa,c109_21,27,3450948633,850000,850080,105,105,21583710.166793,,12.0,1512.2876,512.3266,5,1948.62,2026-04-24T12:09:58,2026-04-24T12:42:27,ok,pickles\smsemoa\c109_21\run27.pkl,ee61198,5
moead_ws,c208_21,20,1134048324,850000,850080,105,94,118542776.275148,,6.0,1065.2204,299.9138,3,3152.731,2026-04-24T11:57:13,2026-04-24T12:49:46,ok,pickles\moead_ws\c208_21\run20.pkl,ee61198,5
nsga2,c108_21,14,2915847552,850000,850080,105,105,92508797.777326,,13.0,1703.4434,215.2579,8,1788.347,2026-04-24T12:21:37,2026-04-24T12:51:26,ok,pickles\nsga2\c108_21\run14.pkl,ee61198,5
nsga2,c109_21,29,570603431,850000,850080,105,105,24940608.37755,,12.0,1451.9175,129.7745,5,1838.575,2026-04-24T12:21:16,2026-04-24T12:51:55,ok,pickles\nsga2\c109_21\run29.pkl,ee61198,5
nsga2,c108_21,20,4216870123,850000,850080,105,105,31261834.954485,,13.0,1400.4508,331.7114,6,1750.632,2026-04-24T12:24:00,2026-04-24T12:53:11,ok,pickles\nsga2\c108_21\run20.pkl,ee61198,5
nsga2,c208_21,11,1726983754,850000,850080,105,105,46616104.91677,,4.0,1031.9129,56.169,4,3262.668,2026-04-24T12:02:26,2026-04-24T12:56:49,ok,pickles\nsga2\c208_21\run11.pkl,ee61198,5
nsga2,c208_21,5,641669638,850000,850080,105,105,65323072.603966,,4.0,1112.6516,0.0,5,2973.272,2026-04-24T12:13:42,2026-04-24T13:03:15,ok,pickles\nsga2\c208_21\run05.pkl,ee61198,5
moead_ws,c208_21,4,234184648,850000,850080,105,100,184476194.653128,,5.0,1068.3585,81.4853,4,3066.718,2026-04-24T12:15:29,2026-04-24T13:06:35,ok,pickles\moead_ws\c208_21\run04.pkl,ee61198,5
nsga2,c108_21,27,617319198,850000,850080,105,105,87545869.232735,,14.0,1623.1039,141.8627,8,1821.416,2026-04-24T12:51:26,2026-04-24T13:21:47,ok,pickles\nsga2\c108_21\run27.pkl,ee61198,5
nsga2,c108_21,16,821834529,850000,850080,105,105,51930902.876442,,12.0,1517.7628,298.6576,7,1740.031,2026-04-24T12:53:11,2026-04-24T13:22:11,ok,pickles\nsga2\c108_21\run16.pkl,ee61198,5
moead_ws,c208_21,22,1262617529,850000,850080,105,101,139064050.368052,,5.0,1129.4887,1080.8316,4,3218.127,2026-04-24T12:42:29,2026-04-24T13:36:07,ok,pickles\moead_ws\c208_21\run22.pkl,ee61198,5
moead_ws,c109_21,16,905093459,850000,850080,105,103,35953443.917994,,14.0,1595.9127,418.4656,3,2226.421,2026-04-24T13:03:17,2026-04-24T13:40:23,ok,pickles\moead_ws\c109_21\run16.pkl,ee61198,5
smsemoa,c208_21,17,162511381,850000,850080,105,105,64496541.002326,,4.0,932.8546,118.8836,4,3168.015,2026-04-24T12:49:46,2026-04-24T13:42:34,ok,pickles\smsemoa\c208_21\run17.pkl,ee61198,5
nsga2,c208_21,15,87964607,850000,850080,105,105,14425316.743683,,5.0,1122.9257,98.3261,3,3250.923,2026-04-24T12:51:55,2026-04-24T13:46:06,ok,pickles\nsga2\c208_21\run15.pkl,ee61198,5
nsga2,c208_21,4,1665659567,850000,850080,105,105,73134297.680611,,4.0,1216.5323,0.0,5,3014.155,2026-04-24T12:56:49,2026-04-24T13:47:03,ok,pickles\nsga2\c208_21\run04.pkl,ee61198,5
smsemoa,c108_21,7,1738901372,850000,850080,105,105,49130905.651264,,14.0,1728.021,868.8993,6,1842.423,2026-04-24T13:22:11,2026-04-24T13:52:54,ok,pickles\smsemoa\c108_21\run07.pkl,ee61198,5
smsemoa,c208_21,1,2196663231,850000,850080,105,105,19237341.663265,,5.0,915.4674,0.0,3,2955.118,2026-04-24T13:06:35,2026-04-24T13:55:51,ok,pickles\smsemoa\c208_21\run01.pkl,ee61198,5
nsga2,c108_21,19,2368954530,850000,850080,105,105,39825471.749402,,13.0,1492.981,24.498,6,1732.963,2026-04-24T13:36:07,2026-04-24T14:05:00,ok,pickles\nsga2\c108_21\run19.pkl,ee61198,5
nsga2,c109_21,9,1292653312,850000,850080,105,105,39888843.978135,,13.0,1663.3943,190.2383,7,1847.932,2026-04-24T13:40:23,2026-04-24T14:11:12,ok,pickles\nsga2\c109_21\run09.pkl,ee61198,5
nsga2,c208_21,24,2421939226,850000,850080,105,62,6398540.815843,,4.0,935.2733,0.0,3,3274.571,2026-04-24T13:21:47,2026-04-24T14:16:22,ok,pickles\nsga2\c208_21\run24.pkl,ee61198,5
nsga2,c109_21,2,1872609208,850000,850080,105,105,48463645.803339,,12.0,1406.3947,174.0143,7,1848.356,2026-04-24T13:46:06,2026-04-24T14:16:54,ok,pickles\nsga2\c109_21\run02.pkl,ee61198,5
smsemoa,c108_21,10,3106128173,850000,850080,105,105,52927116.055874,,13.0,1676.9492,90.9059,7,1900.3,2026-04-24T13:55:51,2026-04-24T14:27:31,ok,pickles\smsemoa\c108_21\run10.pkl,ee61198,5
moead_ws,c109_21,10,3526140716,850000,850080,105,95,33836393.953584,,14.0,1534.2518,3.8483,3,2262.362,2026-04-24T13:52:55,2026-04-24T14:30:38,ok,pickles\moead_ws\c109_21\run10.pkl,ee61198,5
smsemoa,c208_21,12,207382699,850000,850080,105,72,20110860.231009,,4.0,891.8682,0.0,4,3314.592,2026-04-24T13:42:34,2026-04-24T14:37:49,ok,pickles\smsemoa\c208_21\run12.pkl,ee61198,5
smsemoa,c208_21,26,3202867703,850000,850080,105,105,44735577.04224,,4.0,1015.9041,40.6177,5,3187.81,2026-04-24T13:47:03,2026-04-24T14:40:11,ok,pickles\smsemoa\c208_21\run26.pkl,ee61198,5
moead_ws,c109_21,17,3141832364,850000,850080,105,95,45212610.863746,,13.0,1580.4073,938.0514,4,2284.306,2026-04-24T14:05:02,2026-04-24T14:43:06,ok,pickles\moead_ws\c109_21\run17.pkl,ee61198,5
nsga2,c108_21,22,3479255664,850000,850080,105,105,52157956.291875,,12.0,1506.52,119.7922,7,1785.276,2026-04-24T14:16:22,2026-04-24T14:46:07,ok,pickles\nsga2\c108_21\run22.pkl,ee61198,5
moead_ws,c109_21,12,477455007,850000,850080,105,103,35130540.178831,,13.0,1659.8781,1358.7901,3,2280.943,2026-04-24T14:11:13,2026-04-24T14:49:14,ok,pickles\moead_ws\c109_21\run12.pkl,ee61198,5
moead_ws,c108_21,25,3734256343,850000,850080,105,101,78852282.558715,,12.0,1534.4529,1168.7612,5,2274.141,2026-04-24T14:16:56,2026-04-24T14:54:50,ok,pickles\moead_ws\c108_21\run25.pkl,ee61198,5
moead_ws,c109_21,26,1615224896,850000,850080,105,97,91283566.56713,,13.0,1660.2703,491.7199,5,2261.657,2026-04-24T14:30:40,2026-04-24T15:08:21,ok,pickles\moead_ws\c109_21\run26.pkl,ee61198,5
moead_ws,c108_21,27,630474559,850000,850080,105,105,52019742.077411,,14.0,1743.2243,1260.8218,6,2238.119,2026-04-24T14:40:13,2026-04-24T15:17:31,ok,pickles\moead_ws\c108_21\run27.pkl,ee61198,5
moead_ws,c109_21,20,1001632726,850000,850080,105,97,113143287.550607,,14.0,1740.2339,417.6488,6,2240.51,2026-04-24T14:43:08,2026-04-24T15:20:29,ok,pickles\moead_ws\c109_21\run20.pkl,ee61198,5
smsemoa,c208_21,18,124569026,850000,850080,105,105,51626279.051981,,4.0,1023.5565,11.8869,4,3210.229,2026-04-24T14:27:31,2026-04-24T15:21:02,ok,pickles\smsemoa\c208_21\run18.pkl,ee61198,5
nsga2,c208_21,7,2860813179,850000,850080,105,105,9298290.102527,,5.0,1007.073,0.0,3,3040.709,2026-04-24T14:37:49,2026-04-24T15:28:30,ok,pickles\nsga2\c208_21\run07.pkl,ee61198,5
moead_ws,c108_21,29,3213154464,850000,850080,105,102,130905015.280741,,14.0,1660.2546,172.0615,7,2137.182,2026-04-24T14:54:52,2026-04-24T15:30:29,ok,pickles\moead_ws\c108_21\run29.pkl,ee61198,5
smsemoa,c208_21,2,281147627,850000,850080,105,105,20066485.49138,,4.0,845.4137,0.0,3,3170.063,2026-04-24T14:46:07,2026-04-24T15:38:57,ok,pickles\smsemoa\c208_21\run02.pkl,ee61198,5
moead_ws,c208_21,30,3763112993,850000,850080,105,95,48552827.796796,,4.0,1016.8119,5315.5839,3,3742.794,2026-04-24T14:49:16,2026-04-24T15:51:39,ok,pickles\moead_ws\c208_21\run30.pkl,ee61198,5
smsemoa,c109_21,8,1903318872,850000,850080,105,105,52660151.912144,,13.0,1589.5533,98.7832,6,1928.627,2026-04-24T15:20:29,2026-04-24T15:52:37,ok,pickles\smsemoa\c109_21\run08.pkl,ee61198,5
smsemoa,c108_21,24,3864845983,850000,850080,105,105,89890774.55855,,12.0,1591.0354,134.482,9,1818.857,2026-04-24T15:30:29,2026-04-24T16:00:48,ok,pickles\smsemoa\c108_21\run24.pkl,ee61198,5
moead_ws,c109_21,24,2889250732,850000,850080,105,101,124108462.967353,,14.0,1628.7846,402.1514,7,2308.248,2026-04-24T15:28:31,2026-04-24T16:07:00,ok,pickles\moead_ws\c109_21\run24.pkl,ee61198,5
moead_ws,c208_21,5,2191118658,850000,850080,105,102,24902864.94616,,5.0,1097.8008,1268.9301,3,3609.605,2026-04-24T15:08:23,2026-04-24T16:08:33,ok,pickles\moead_ws\c208_21\run05.pkl,ee61198,5
nsga2,c109_21,1,3963135518,850000,850080,105,105,96780579.600862,,12.0,1726.8361,29.4054,8,1896.588,2026-04-24T15:38:57,2026-04-24T16:10:34,ok,pickles\nsga2\c109_21\run01.pkl,ee61198,5
smsemoa,c208_21,9,576726692,850000,850080,105,105,81360014.864767,,4.0,1103.1257,555.7418,5,3004.078,2026-04-24T15:21:02,2026-04-24T16:11:06,ok,pickles\smsemoa\c208_21\run09.pkl,ee61198,5
nsga2,c208_21,8,1643399784,850000,850080,105,105,18158958.291331,,4.0,947.3614,1.8956,4,3288.919,2026-04-24T15:17:31,2026-04-24T16:12:20,ok,pickles\nsga2\c208_21\run08.pkl,ee61198,5
nsga2,c109_21,13,236798343,850000,850080,105,105,38710601.412181,,13.0,1483.2046,0.0,7,1824.478,2026-04-24T15:51:39,2026-04-24T16:22:03,ok,pickles\nsga2\c109_21\run13.pkl,ee61198,5
moead_ws,c109_21,13,125445606,850000,850080,105,90,108628432.000536,,13.0,1679.3664,148.7581,8,2213.768,2026-04-24T15:52:39,2026-04-24T16:29:33,ok,pickles\moead_ws\c109_21\run13.pkl,ee61198,5
nsga2,c109_21,22,2764291605,850000,850080,105,105,32820887.43194,,13.0,1600.9732,15.8727,6,1819.063,2026-04-24T16:10:34,2026-04-24T16:40:53,ok,pickles\nsga2\c109_21\run22.pkl,ee61198,5
nsga2,c108_21,2,2400152508,850000,850080,105,105,67371075.710434,,14.0,1718.7723,476.9809,7,1814.288,2026-04-24T16:12:20,2026-04-24T16:42:34,ok,pickles\nsga2\c108_21\run02.pkl,ee61198,5
moead_ws,c109_21,22,3962535734,850000,850080,105,87,97908669.758638,,13.0,1443.4822,101.3657,6,2280.982,2026-04-24T16:08:34,2026-04-24T16:46:36,ok,pickles\moead_ws\c109_21\run22.pkl,ee61198,5
nsga2,c208_21,13,184578452,850000,850080,105,105,30027948.58638,,5.0,1217.8015,1473.1931,3,3075.276,2026-04-24T16:00:48,2026-04-24T16:52:04,ok,pickles\nsga2\c208_21\run13.pkl,ee61198,5
moead_ws,c109_21,9,4058002837,850000,850080,105,84,41068767.866873,,14.0,1722.0198,270.8092,3,2325.884,2026-04-24T16:22:05,2026-04-24T17:00:51,ok,pickles\moead_ws\c109_21\run09.pkl,ee61198,5
smsemoa,c208_21,5,3333255981,850000,850080,105,105,69029922.657859,,4.0,1048.6354,0.0,5,3211.413,2026-04-24T16:11:06,2026-04-24T17:04:37,ok,pickles\smsemoa\c208_21\run05.pkl,ee61198,5
smsemoa,c208_21,24,276939653,850000,850080,105,105,30196003.468409,,4.0,809.8741,0.0,3,3570.216,2026-04-24T16:07:00,2026-04-24T17:06:30,ok,pickles\smsemoa\c208_21\run24.pkl,ee61198,5
nsga2,c108_21,6,3350932871,850000,850080,105,105,81524966.940547,,12.0,1629.731,1074.6268,9,1765.818,2026-04-24T16:40:53,2026-04-24T17:10:19,ok,pickles\nsga2\c108_21\run06.pkl,ee61198,5
nsga2,c108_21,3,2722999924,850000,850080,105,105,79488159.372147,,13.0,1717.9444,694.3602,8,1840.055,2026-04-24T16:42:34,2026-04-24T17:13:15,ok,pickles\nsga2\c108_21\run03.pkl,ee61198,5
smsemoa,c208_21,22,1020860520,850000,850080,105,105,23497480.865976,,5.0,992.3171,0.0,3,3188.151,2026-04-24T16:29:33,2026-04-24T17:22:41,ok,pickles\smsemoa\c208_21\run22.pkl,ee61198,5
moead_ws,c108_21,11,73111127,850000,850080,105,102,405337532.972486,,15.0,1767.1954,738.7747,5,2177.612,2026-04-24T16:46:37,2026-04-24T17:22:55,ok,pickles\moead_ws\c108_21\run11.pkl,ee61198,5
smsemoa,c109_21,6,1897688112,850000,850080,105,105,26310656.238424,,13.0,1592.5872,360.0221,6,1960.607,2026-04-24T16:52:04,2026-04-24T17:24:45,ok,pickles\smsemoa\c109_21\run06.pkl,ee61198,5
nsga2,c109_21,30,64672264,850000,850080,105,105,33794680.920911,,12.0,1540.8497,15.8706,7,1850.96,2026-04-24T17:06:30,2026-04-24T17:37:21,ok,pickles\nsga2\c109_21\run30.pkl,ee61198,5
moead_ws,c108_21,21,1961953287,850000,850080,105,104,91300358.606968,,14.0,1724.2638,1312.1598,5,2198.823,2026-04-24T17:00:53,2026-04-24T17:37:32,ok,pickles\moead_ws\c108_21\run21.pkl,ee61198,5
smsemoa,c109_21,21,2252760575,850000,850080,105,105,37731781.855088,,12.0,1578.2681,243.7909,6,1982.414,2026-04-24T17:04:37,2026-04-24T17:37:40,ok,pickles\smsemoa\c109_21\run21.pkl,ee61198,5
nsga2,c109_21,7,3704798606,850000,850080,105,105,25272976.488584,,12.0,1531.6302,97.3545,7,1819.95,2026-04-24T17:10:19,2026-04-24T17:40:39,ok,pickles\nsga2\c109_21\run07.pkl,ee61198,5
smsemoa,c108_21,30,2809977880,850000,850080,105,105,54688369.749026,,13.0,1621.538,456.095,7,1880.043,2026-04-24T17:13:15,2026-04-24T17:44:35,ok,pickles\smsemoa\c108_21\run30.pkl,ee61198,5
smsemoa,c108_21,28,3375223758,850000,850080,105,105,71925644.377977,,12.0,1478.3862,431.196,8,1866.278,2026-04-24T17:22:41,2026-04-24T17:53:48,ok,pickles\smsemoa\c108_21\run28.pkl,ee61198,5
smsemoa,c109_21,18,3422426609,850000,850080,105,105,54854979.182974,,13.0,1596.9641,192.6568,6,1940.613,2026-04-24T17:22:55,2026-04-24T17:55:16,ok,pickles\smsemoa\c109_21\run18.pkl,ee61198,5
nsga2,c108_21,24,2990226500,850000,850080,105,105,121877214.240604,,13.0,1697.6849,434.5251,9,1757.391,2026-04-24T17:37:21,2026-04-24T18:06:39,ok,pickles\nsga2\c108_21\run24.pkl,ee61198,5
nsga2,c108_21,1,4248970313,850000,850080,105,105,70674043.097067,,12.0,1398.3585,0.0,9,1771.078,2026-04-24T17:37:40,2026-04-24T18:07:11,ok,pickles\nsga2\c108_21\run01.pkl,ee61198,5
nsga2,c109_21,15,1992354107,850000,850080,105,105,64303769.99233,,13.0,1545.5572,405.195,7,1861.591,2026-04-24T17:44:35,2026-04-24T18:15:37,ok,pickles\nsga2\c109_21\run15.pkl,ee61198,5
smsemoa,c208_21,27,2911563887,850000,850080,105,105,82535082.496898,,4.0,1008.8906,119.3834,4,3101.518,2026-04-24T17:24:45,2026-04-24T18:16:27,ok,pickles\smsemoa\c208_21\run27.pkl,ee61198,5
smsemoa,c109_21,24,4059349042,850000,850080,105,105,37768566.463188,,12.0,1392.9931,0.0,7,1946.884,2026-04-24T17:55:16,2026-04-24T18:27:43,ok,pickles\smsemoa\c109_21\run24.pkl,ee61198,5
smsemoa,c208_21,7,3147531773,850000,850080,105,105,58493387.760016,,5.0,1107.9188,251.5341,4,3019.135,2026-04-24T17:37:32,2026-04-24T18:27:51,ok,pickles\smsemoa\c208_21\run07.pkl,ee61198,5
smsemoa,c208_21,16,2309097324,850000,850080,105,105,73434669.435919,,4.0,1040.1174,0.0,4,3087.86,2026-04-24T17:40:39,2026-04-24T18:32:08,ok,pickles\smsemoa\c208_21\run16.pkl,ee61198,5
smsemoa,c108_21,11,3262420253,850000,850080,105,105,60715483.131094,,13.0,1547.7924,906.7512,7,1905.52,2026-04-24T18:06:39,2026-04-24T18:38:25,ok,pickles\smsemoa\c108_21\run11.pkl,ee61198,5
moead_ws,c108_21,8,2161412885,850000,850080,105,101,105059549.024413,,15.0,1753.4517,692.417,5,2163.27,2026-04-24T18:07:13,2026-04-24T18:43:16,ok,pickles\moead_ws\c108_21\run08.pkl,ee61198,5
nsga2,c208_21,14,3125308208,850000,850080,105,105,12605746.017802,,5.0,1048.1116,360.0291,3,3004.608,2026-04-24T17:53:48,2026-04-24T18:43:52,ok,pickles\nsga2\c208_21\run14.pkl,ee61198,5
nsga2,c108_21,4,3077484252,850000,850080,105,105,88098947.916985,,13.0,1694.9549,565.9185,8,1813.742,2026-04-24T18:15:37,2026-04-24T18:45:50,ok,pickles\nsga2\c108_21\run04.pkl,ee61198,5
smsemoa,c108_21,5,3646597278,850000,850080,105,105,73335082.892061,,13.0,1557.5291,156.0326,8,1817.545,2026-04-24T18:16:27,2026-04-24T18:46:44,ok,pickles\smsemoa\c108_21\run05.pkl,ee61198,5
smsemoa,c108_21,25,3163250701,850000,850080,105,105,68796644.341134,,13.0,1439.2722,211.4593,9,1796.009,2026-04-24T18:38:25,2026-04-24T19:08:21,ok,pickles\smsemoa\c108_21\run25.pkl,ee61198,5
moead_ws,c109_21,5,2271618743,850000,850080,105,100,90481311.176906,,13.0,1461.1902,232.8482,5,2284.715,2026-04-24T18:32:09,2026-04-24T19:10:14,ok,pickles\moead_ws\c109_21\run05.pkl,ee61198,5
smsemoa,c109_21,29,3644688981,850000,850080,105,105,24934966.784965,,13.0,1498.07,121.5706,6,1902.609,2026-04-24T18:43:52,2026-04-24T19:15:35,ok,pickles\smsemoa\c109_21\run29.pkl,ee61198,5
nsga2,c208_21,25,1758283416,850000,850080,105,105,116833705.902134,,4.0,1095.1797,0.0,5,3060.796,2026-04-24T18:27:43,2026-04-24T19:18:44,ok,pickles\nsga2\c208_21\run25.pkl,ee61198,5
nsga2,c208_21,30,2786139817,850000,850080,105,105,84387131.856799,,4.0,943.6347,0.0,4,3220.272,2026-04-24T18:27:51,2026-04-24T19:21:32,ok,pickles\nsga2\c208_21\run30.pkl,ee61198,5
moead_ws,c109_21,4,1340011248,850000,850080,105,102,66887737.248535,,13.0,1676.1203,107.1054,4,2286.36,2026-04-24T18:45:52,2026-04-24T19:23:59,ok,pickles\moead_ws\c109_21\run04.pkl,ee61198,5
smsemoa,c208_21,25,3748944276,850000,850080,105,105,53329508.800412,,4.0,1031.1551,498.3168,4,3352.485,2026-04-24T18:43:16,2026-04-24T19:39:09,ok,pickles\smsemoa\c208_21\run25.pkl,ee61198,5
moead_ws,c208_21,1,1965292200,850000,850080,105,103,259148070.301452,,5.0,1089.6195,1386.3494,3,3373.909,2026-04-24T18:46:46,2026-04-24T19:43:00,ok,pickles\moead_ws\c208_21\run01.pkl,ee61198,5
smsemoa,c109_21,12,2054678466,850000,850080,105,105,26332753.804689,,12.0,1540.2489,23.1863,6,1944.285,2026-04-24T19:15:35,2026-04-24T19:48:00,ok,pickles\smsemoa\c109_21\run12.pkl,ee61198,5
smsemoa,c108_21,13,4071132814,850000,850080,105,105,42542118.738179,,12.0,1455.2313,369.9631,6,1842.759,2026-04-24T19:21:32,2026-04-24T19:52:15,ok,pickles\smsemoa\c108_21\run13.pkl,ee61198,5
moead_ws,c108_21,6,2335997751,850000,850080,105,103,116986362.639087,,14.0,1785.4697,327.2628,6,2179.249,2026-04-24T19:18:46,2026-04-24T19:55:05,ok,pickles\moead_ws\c108_21\run06.pkl,ee61198,5
smsemoa,c109_21,13,155300788,850000,850080,105,105,33380132.002906,,12.0,1487.6804,399.4443,6,1931.523,2026-04-24T19:23:59,2026-04-24T19:56:10,ok,pickles\smsemoa\c109_21\run13.pkl,ee61198,5
nsga2,c208_21,29,3430246696,850000,850080,105,105,57759052.091731,,5.0,1098.9695,98.5685,3,3080.671,2026-04-24T19:08:21,2026-04-24T19:59:42,ok,pickles\nsga2\c208_21\run29.pkl,ee61198,5
moead_ws,c208_21,17,4032542832,850000,850080,105,89,174551916.331619,,5.0,1141.6183,304.8508,4,3271.494,2026-04-24T19:10:16,2026-04-24T20:04:48,ok,pickles\moead_ws\c208_21\run17.pkl,ee61198,5
smsemoa,c108_21,1,3100151506,850000,850080,105,105,86702430.99905,,13.0,1647.5935,626.4578,8,1884.724,2026-04-24T19:43:00,2026-04-24T20:14:25,ok,pickles\smsemoa\c108_21\run01.pkl,ee61198,5
moead_ws,c109_21,29,3109440186,850000,850080,105,95,38765917.433043,,12.0,1457.6791,268.9801,4,2274.861,2026-04-24T19:39:11,2026-04-24T20:17:06,ok,pickles\moead_ws\c109_21\run29.pkl,ee61198,5
nsga2,c109_21,28,2084425917,850000,850080,105,105,94106696.087205,,12.0,1571.9599,68.9992,6,1861.085,2026-04-24T19:48:00,2026-04-24T20:19:01,ok,pickles\nsga2\c109_21\run28.pkl,ee61198,5
nsga2,c108_21,23,188921393,850000,850080,105,105,46538812.709985,,13.0,1583.9919,216.039,7,1751.627,2026-04-24T19:56:10,2026-04-24T20:25:22,ok,pickles\nsga2\c108_21\run23.pkl,ee61198,5
nsga2,c108_21,25,3397246313,850000,850080,105,105,85155269.569063,,12.0,1719.2923,130.7019,9,1770.046,2026-04-24T19:59:42,2026-04-24T20:29:12,ok,pickles\nsga2\c108_21\run25.pkl,ee61198,5
smsemoa,c208_21,21,3243444358,850000,850080,105,105,25477552.117747,,5.0,960.9535,0.0,3,3121.992,2026-04-24T19:52:15,2026-04-24T20:44:17,ok,pickles\smsemoa\c208_21\run21.pkl,ee61198,5
smsemoa,c108_21,23,1448424625,850000,850080,105,105,72387736.060625,,13.0,1673.0789,710.2371,7,1827.454,2026-04-24T20:14:25,2026-04-24T20:44:53,ok,pickles\smsemoa\c108_21\run23.pkl,ee61198,5
nsga2,c208_21,21,1234927893,850000,850080,105,68,35679976.734912,,5.0,1010.2386,0.0,4,3154.284,2026-04-24T19:55:05,2026-04-24T20:47:39,ok,pickles\nsga2\c208_21\run21.pkl,ee61198,5
smsemoa,c109_21,2,3834994448,850000,850080,105,105,14712119.959937,,12.0,1366.0427,42.2735,4,1882.89,2026-04-24T20:17:06,2026-04-24T20:48:29,ok,pickles\smsemoa\c109_21\run02.pkl,ee61198,5
nsga2,c108_21,9,1442860222,850000,850080,105,105,41541617.412728,,13.0,1704.4034,100.6525,8,1777.644,2026-04-24T20:19:01,2026-04-24T20:48:39,ok,pickles\nsga2\c108_21\run09.pkl,ee61198,5
smsemoa,c208_21,30,3686379708,850000,850080,105,105,19639611.066883,,5.0,1204.6306,0.0,4,3020.873,2026-04-24T20:04:48,2026-04-24T20:55:09,ok,pickles\smsemoa\c208_21\run30.pkl,ee61198,5
nsga2,c108_21,28,2783735132,850000,850080,105,105,65579703.648386,,13.0,1664.648,282.2759,7,1700.086,2026-04-24T20:29:12,2026-04-24T20:57:32,ok,pickles\nsga2\c108_21\run28.pkl,ee61198,5
moead_ws,c109_21,11,1358666090,850000,850080,105,92,46861581.260719,,13.0,1545.7888,490.4182,4,2151.875,2026-04-24T20:25:24,2026-04-24T21:01:16,ok,pickles\moead_ws\c109_21\run11.pkl,ee61198,5
nsga2,c108_21,17,1144604142,850000,850080,105,105,89941565.892154,,14.0,1681.1385,467.6515,8,1640.2,2026-04-24T20:44:53,2026-04-24T21:12:13,ok,pickles\nsga2\c108_21\run17.pkl,ee61198,5
moead_ws,c109_21,23,1742866617,850000,850080,105,100,151935182.085605,,13.0,1612.1631,153.4136,8,2156.083,2026-04-24T20:44:19,2026-04-24T21:20:15,ok,pickles\moead_ws\c109_21\run23.pkl,ee61198,5
moead_ws,c208_21,2,3965537421,850000,850080,105,104,118279746.943637,,5.0,1101.0379,1131.4839,3,3562.646,2026-04-25T13:40:08,2026-04-25T14:39:31,ok,pickles/moead_ws/c208_21/run02.pkl,18d5139,5
