algorithm_id,instance,run_idx,hv,igd_plus,spacing,spread,n_pareto,n_f1_layers,status
moead_ws,c102_21,1,704991993.73115,922.495251,2.868983,21028.1453,100,6,ok
moead_ws,c102_21,2,893347018.595158,638.170063,9.156038,32624.1456,97,7,ok
moead_ws,c102_21,3,904068219.645386,619.763586,3.837171,15771.8618,104,7,ok
moead_ws,c102_21,4,945697912.334206,800.523471,4.407017,15087.2572,101,9,ok
moead_ws,c102_21,5,764894901.703008,872.03654,2.728193,18822.4054,99,5,ok
moead_ws,c102_21,6,889658476.26326,1176.728403,3.865731,20697.5043,95,7,ok
moead_ws,c102_21,7,754021847.126678,821.828672,8.872822,26635.9288,97,6,ok
moead_ws,c102_21,8,900634062.367409,995.498378,4.767411,20546.4063,103,8,ok
moead_ws,c102_21,9,879132921.113043,1046.010241,6.090525,23595.5427,93,7,ok
moead_ws,c102_21,10,842798643.07734,1030.512441,7.915842,25110.3188,99,8,ok
moead_ws,c102_21,11,888411216.511511,705.299016,3.3649,21146.079,90,10,ok
moead_ws,c102_21,12,860201511.116053,719.904644,8.415143,29161.6001,102,6,ok
moead_ws,c102_21,13,863020713.850017,814.48978,9.294991,31826.6287,101,7,ok
moead_ws,c102_21,14,948987192.310022,556.147533,6.439711,21489.6459,100,6,ok
moead_ws,c102_21,15,923352649.066941,842.824598,2.822772,19052.6358,102,6,ok
moead_ws,c102_21,16,924564705.454163,720.91588,3.374689,18887.4655,100,8,ok
moead_ws,c102_21,17,666092022.884043,968.002713,2.982056,23194.2004,100,6,ok
moead_ws,c102_21,18,884819123.077175,772.291632,5.121915,22433.2395,100,8,ok
moead_ws,c102_21,19,895582700.285308,623.455106,6.531857,20358.0904,101,4,ok
moead_ws,c102_21,20,739957590.89593,826.105347,4.553998,20829.7579,88,10,ok
moead_ws,c102_21,21,1132214192.754386,430.150929,6.989006,15849.1475,94,5,ok
moead_ws,c102_21,22,722811224.958786,1044.645849,6.626573,26168.1519,103,10,ok
moead_ws,c102_21,23,877707940.407856,704.459012,7.220102,18863.2871,97,5,ok
moead_ws,c102_21,24,730097641.569854,848.839805,5.42009,23466.9846,101,10,ok
moead_ws,c102_21,25,914939178.206102,759.167399,6.647901,23468.6592,98,7,ok
moead_ws,c102_21,26,703155593.252335,977.390624,8.776086,36152.992,91,8,ok
moead_ws,c102_21,27,822023275.008288,649.618708,2.68705,23807.0452,100,6,ok
moead_ws,c102_21,28,1015482361.177667,544.395359,3.14874,16132.1857,98,6,ok
moead_ws,c102_21,29,840565873.229395,760.407613,5.030477,20580.3716,93,9,ok
moead_ws,c102_21,30,807999735.709491,727.95661,3.556726,19250.907,91,5,ok
nsga2,c102_21,1,1321473408.571907,386.184744,0.557235,10296.5967,105,6,ok
nsga2,c102_21,2,1565505523.188002,134.617886,0.699026,12550.0613,105,9,ok
nsga2,c102_21,3,1370637673.563673,412.543681,0.6515,18498.2164,105,10,ok
nsga2,c102_21,4,1271157136.672018,375.542015,0.687592,12764.971,105,10,ok
nsga2,c102_21,5,1441498142.617266,275.437675,0.879743,14381.1613,105,9,ok
nsga2,c102_21,6,1432554167.453975,250.986125,0.654319,12392.8162,105,11,ok
nsga2,c102_21,7,1267494732.639088,519.264128,0.592109,12459.419,105,10,ok
nsga2,c102_21,8,1338230132.087684,397.269235,0.669043,16976.7261,105,9,ok
nsga2,c102_21,9,1311629376.922149,363.283222,0.593803,10264.334,105,10,ok
nsga2,c102_21,10,1421481761.011054,344.283037,0.610073,15173.9681,105,11,ok
nsga2,c102_21,11,1380425717.87519,391.373147,0.736549,14252.9204,105,13,ok
nsga2,c102_21,12,1349486124.365081,332.508642,0.918615,12226.124,105,11,ok
nsga2,c102_21,13,1334725923.884066,300.250421,0.586516,7984.2277,105,10,ok
nsga2,c102_21,14,1333802552.928988,326.60281,1.066657,10722.8488,105,8,ok
nsga2,c102_21,15,1463604218.496922,229.211662,0.528455,10513.6662,105,9,ok
nsga2,c102_21,16,1457703419.106822,302.670613,0.604038,12391.9478,105,11,ok
nsga2,c102_21,17,1345073708.557024,353.054952,0.649479,10664.2608,105,10,ok
nsga2,c102_21,18,1123524409.402901,529.151275,0.712214,17229.6032,105,13,ok
nsga2,c102_21,19,1314888634.010787,613.249669,0.702083,16025.6477,105,11,ok
nsga2,c102_21,20,1118965163.425558,526.041699,0.63085,12248.857,105,11,ok
nsga2,c102_21,21,1155544523.815334,475.497538,0.524053,9289.6242,105,8,ok
nsga2,c102_21,22,1555400993.407292,114.268705,0.64293,11048.426,105,9,ok
nsga2,c102_21,23,1248806074.665302,678.23056,0.743335,16818.4322,105,10,ok
nsga2,c102_21,24,1566011854.052785,252.155414,0.789312,21491.3864,105,12,ok
nsga2,c102_21,25,1146553587.894237,472.876191,0.566104,8137.3226,105,7,ok
nsga2,c102_21,26,1418310600.299519,188.702518,0.652949,11790.8758,105,10,ok
nsga2,c102_21,27,1441653665.657351,288.813673,0.781123,13904.6747,105,10,ok
nsga2,c102_21,28,1279430117.992739,513.992408,0.6736,15975.3623,105,12,ok
nsga2,c102_21,29,1729659207.949667,0.543957,0.67296,11258.9757,105,8,ok
nsga2,c102_21,30,1515199462.19689,217.256474,0.685125,12088.9286,105,10,ok
smsemoa,c102_21,1,1387578702.518778,343.83194,1.508489,14210.0332,105,10,ok
smsemoa,c102_21,2,1437751798.681106,248.331001,1.133433,15381.5746,105,10,ok
smsemoa,c102_21,3,1286831911.729478,507.697009,1.845981,17152.3462,105,10,ok
smsemoa,c102_21,4,1286995358.184111,439.111079,1.221907,13477.9249,105,8,ok
smsemoa,c102_21,5,1440164065.982714,302.506643,1.909091,14960.554,105,12,ok
smsemoa,c102_21,6,1311594647.650023,390.996297,0.884315,16051.0617,105,10,ok
smsemoa,c102_21,7,1226454979.735363,338.077242,2.126134,14318.3461,105,9,ok
smsemoa,c102_21,8,1480172930.806571,230.195654,1.487492,14897.3793,105,9,ok
smsemoa,c102_21,9,1215883173.00994,367.882568,1.221382,12168.1298,105,9,ok
smsemoa,c102_21,10,1360265691.024296,427.333506,1.879499,13696.3582,105,11,ok
smsemoa,c102_21,11,1255282082.389593,498.833998,1.17918,11193.4537,105,9,ok
smsemoa,c102_21,12,1443920250.735669,303.473345,0.821317,12924.8387,105,10,ok
smsemoa,c102_21,13,1467944614.57781,272.633655,0.838573,11486.9292,105,8,ok
smsemoa,c102_21,14,1396804141.64318,218.660281,1.015171,10012.231,105,9,ok
smsemoa,c102_21,15,1302134299.227083,350.146583,2.333183,12824.1566,105,9,ok
smsemoa,c102_21,16,1278339720.693881,385.497991,1.710089,11068.3619,105,11,ok
smsemoa,c102_21,17,1159703852.844805,667.470777,0.782342,13686.2743,105,10,ok
smsemoa,c102_21,18,1444824168.807242,263.584594,1.616111,13771.2761,105,10,ok
smsemoa,c102_21,19,1285619233.687503,405.876129,1.073346,13825.5177,105,10,ok
smsemoa,c102_21,20,1372987230.200598,175.220953,0.815648,9040.0477,105,6,ok
smsemoa,c102_21,21,1402056824.247685,289.888705,1.262729,12352.9792,105,11,ok
smsemoa,c102_21,22,1271223613.276685,331.274837,0.686967,6414.4648,105,8,ok
smsemoa,c102_21,23,1252931100.774741,340.03099,0.631565,9331.6417,105,8,ok
smsemoa,c102_21,24,1306775420.462523,431.897906,1.327379,10554.122,105,9,ok
smsemoa,c102_21,25,1431416871.284541,205.169782,1.108526,10220.1082,105,11,ok
smsemoa,c102_21,26,1428995678.24809,272.124199,1.477791,15629.8248,105,10,ok
smsemoa,c102_21,27,1286752955.209937,461.085202,1.471218,16883.1239,105,10,ok
smsemoa,c102_21,28,1369572879.611169,324.732571,2.358523,26223.6841,105,12,ok
smsemoa,c102_21,29,1622393420.790063,70.624724,2.710077,9089.5638,105,9,ok
smsemoa,c102_21,30,1255757131.092272,454.524154,2.053172,17349.441,105,8,ok
moead_ws,c103_21,1,348553655.894801,881.63552,6.04663,22249.5815,88,9,ok
moead_ws,c103_21,2,471260227.121124,628.442098,7.838924,16534.6745,90,6,ok
moead_ws,c103_21,3,398204035.395337,742.876298,5.412987,14444.2816,93,5,ok
moead_ws,c103_21,4,633611868.900619,352.881994,3.397674,10879.5979,101,7,ok
moead_ws,c103_21,5,385603703.928107,705.261578,3.392783,15663.8248,98,5,ok
moead_ws,c103_21,6,432007311.063495,740.07247,2.810163,14765.6445,91,8,ok
moead_ws,c103_21,7,517390773.540394,416.36475,9.532301,14122.2833,98,6,ok
moead_ws,c103_21,8,530984127.094694,416.616592,2.728978,9279.7284,103,6,ok
moead_ws,c103_21,9,433875454.668008,741.071075,5.978224,17474.5092,96,7,ok
moead_ws,c103_21,10,384510538.685484,675.086151,6.878009,17095.3696,99,5,ok
moead_ws,c103_21,11,439947503.838451,634.520391,4.844719,15446.4082,102,6,ok
moead_ws,c103_21,12,399335153.525711,757.857694,8.492046,21543.7153,93,7,ok
moead_ws,c103_21,13,469687160.432225,688.55154,6.813564,15469.8506,95,9,ok
moead_ws,c103_21,14,332906958.03078,1038.486469,8.923506,24938.3294,98,8,ok
moead_ws,c103_21,15,477057758.190665,659.653798,8.006374,19278.106,99,8,ok
moead_ws,c103_21,16,454023008.140286,639.373967,8.762094,20756.9498,100,8,ok
moead_ws,c103_21,17,385738645.688448,640.57814,3.042053,16893.2139,101,6,ok
moead_ws,c103_21,18,443706564.37754,651.698535,8.450702,20110.8919,95,5,ok
moead_ws,c103_21,19,358649583.880746,892.673943,7.303826,18155.7015,104,7,ok
moead_ws,c103_21,20,287987202.810174,1065.44326,3.995544,19136.054,97,6,ok
moead_ws,c103_21,21,520713219.214305,520.140004,8.190045,16251.0705,96,9,ok
moead_ws,c103_21,22,481255289.697711,603.29384,6.393193,14002.951,93,7,ok
moead_ws,c103_21,23,435698116.170933,656.873449,6.515882,14144.1919,101,8,ok
moead_ws,c103_21,24,513257298.093796,595.263799,7.339469,14912.1178,93,6,ok
moead_ws,c103_21,25,411208496.464597,797.935597,7.369441,19718.7556,102,8,ok
moead_ws,c103_21,26,422025979.040602,718.590939,3.059264,15324.8191,100,7,ok
moead_ws,c103_21,27,471436963.4648,854.994694,6.529129,15576.0494,99,9,ok
moead_ws,c103_21,28,451032697.404323,558.258778,8.990128,19318.7699,88,6,ok
moead_ws,c103_21,29,384191758.119627,811.817355,8.983997,23274.8215,104,8,ok
moead_ws,c103_21,30,429390722.149534,731.071817,2.867702,10052.8927,102,7,ok
nsga2,c103_21,1,638876590.887203,401.913215,0.466165,9547.4451,105,9,ok
nsga2,c103_21,2,604616028.88328,531.660525,1.177215,8149.4913,105,9,ok
nsga2,c103_21,3,773225691.003407,157.273214,0.798349,9743.8285,105,5,ok
nsga2,c103_21,4,613346387.354749,468.756367,0.6943,10988.3164,105,9,ok
nsga2,c103_21,5,566593219.978642,559.007245,0.664981,9974.374,105,9,ok
nsga2,c103_21,6,679627066.162984,349.202169,0.716625,9733.4211,105,8,ok
nsga2,c103_21,7,533674687.137728,743.999107,0.697556,13247.7038,105,9,ok
nsga2,c103_21,8,710188793.090674,253.866875,1.485308,10747.4959,105,9,ok
nsga2,c103_21,9,674829171.942439,361.705153,0.63785,9825.4495,105,8,ok
nsga2,c103_21,10,554534994.965826,618.282827,0.588872,13639.1168,105,9,ok
nsga2,c103_21,11,624290325.8907,400.110145,0.611507,10847.0701,105,10,ok
nsga2,c103_21,12,801952508.90533,45.518737,0.500028,2436.1544,105,5,ok
nsga2,c103_21,13,511009512.097816,652.647307,1.180314,9605.0634,105,7,ok
nsga2,c103_21,14,697852730.275587,326.698678,0.811485,8898.754,105,8,ok
nsga2,c103_21,15,665629630.501292,415.345082,0.696013,10046.4326,105,6,ok
nsga2,c103_21,16,680783847.84675,239.71725,0.560285,6814.7387,105,7,ok
nsga2,c103_21,17,580215375.80932,433.518891,0.546418,8922.0285,105,9,ok
nsga2,c103_21,18,574964426.71322,558.678495,0.894397,12718.4132,105,9,ok
nsga2,c103_21,19,555151671.736991,611.281478,0.712855,9060.9082,105,8,ok
nsga2,c103_21,20,671634102.399876,374.576162,0.637509,9656.1374,105,10,ok
nsga2,c103_21,21,688858007.266038,301.527242,0.883761,9213.3052,105,10,ok
nsga2,c103_21,22,676872493.474727,390.650866,0.496882,8074.4762,105,8,ok
nsga2,c103_21,23,529918451.131668,749.168041,0.68307,10716.6843,105,10,ok
nsga2,c103_21,24,686440655.12387,396.410743,0.587024,9866.4055,105,8,ok
nsga2,c103_21,25,652642035.841379,485.065955,0.630567,11595.4453,105,9,ok
nsga2,c103_21,26,591560852.672146,523.738399,0.51973,7245.3864,105,8,ok
nsga2,c103_21,27,560774454.93409,536.875588,0.583662,13346.2792,105,8,ok
nsga2,c103_21,28,609452597.552386,450.452641,0.764218,10245.1869,105,6,ok
nsga2,c103_21,29,632872825.602719,332.327567,0.633008,8212.0437,105,8,ok
nsga2,c103_21,30,576859391.199035,559.382583,0.803972,8608.9035,105,9,ok
smsemoa,c103_21,1,612242681.973337,418.787348,2.561699,8880.2738,105,9,ok
smsemoa,c103_21,2,600750050.085005,548.372739,1.491404,12780.6346,105,11,ok
smsemoa,c103_21,3,646278620.053152,362.704504,1.324886,6029.8013,105,8,ok
smsemoa,c103_21,4,659935677.277955,463.917226,1.093462,9575.0787,105,10,ok
smsemoa,c103_21,5,824397643.550545,0.250305,2.136869,3834.4509,104,8,ok
smsemoa,c103_21,6,725642739.339626,123.069621,1.8287,7522.433,105,8,ok
smsemoa,c103_21,7,732493323.333468,247.695835,1.44391,8252.3876,105,9,ok
smsemoa,c103_21,8,675167621.022123,378.320449,2.184397,11070.52,105,8,ok
smsemoa,c103_21,9,622210261.201485,392.119624,1.482451,7036.842,105,7,ok
smsemoa,c103_21,10,703213771.912361,387.071475,1.305064,8297.9868,105,8,ok
smsemoa,c103_21,11,632583518.699314,423.708287,1.416735,9069.2856,105,8,ok
smsemoa,c103_21,12,689841995.032529,338.428517,0.804832,8189.6533,105,9,ok
smsemoa,c103_21,13,613892280.036386,424.451062,1.474006,11415.8576,105,8,ok
smsemoa,c103_21,14,692930657.410923,252.452855,1.403144,14855.3219,105,8,ok
smsemoa,c103_21,15,705702057.3295,310.526791,1.51278,9956.8363,105,8,ok
smsemoa,c103_21,16,642837190.022501,376.937363,1.012153,7881.2608,105,7,ok
smsemoa,c103_21,17,682030489.879344,300.89955,1.228374,10228.223,105,7,ok
smsemoa,c103_21,18,599798055.574991,557.154027,1.117545,11010.6723,105,8,ok
smsemoa,c103_21,19,623927173.725004,332.348108,1.18298,5672.436,105,6,ok
smsemoa,c103_21,20,613636765.36118,489.706556,0.699882,7245.0163,105,7,ok
smsemoa,c103_21,21,663527687.737802,413.696518,3.235997,13316.8425,105,11,ok
smsemoa,c103_21,22,718189630.15273,265.055426,1.756246,8327.548,105,9,ok
smsemoa,c103_21,23,568918637.643355,581.880622,1.331636,7768.3617,105,12,ok
smsemoa,c103_21,24,581899428.102505,489.315676,1.102464,6698.8305,105,6,ok
smsemoa,c103_21,25,729413857.742903,289.591933,2.192104,9430.1631,105,10,ok
smsemoa,c103_21,26,601800287.291288,490.610543,0.824031,11819.9763,105,9,ok
smsemoa,c103_21,27,651369173.772725,308.040655,1.053969,11648.4126,105,8,ok
smsemoa,c103_21,28,674345095.781263,419.188444,1.799742,7311.9452,105,8,ok
smsemoa,c103_21,29,628643351.034365,426.154038,1.374923,7073.2064,105,11,ok
smsemoa,c103_21,30,681082201.053651,368.066884,1.593194,8371.8685,105,8,ok
moead_ws,c104_21,1,415026896.770647,284.104686,8.816668,22090.0563,92,6,ok
moead_ws,c104_21,2,328857368.07341,714.791112,8.308014,17279.0119,90,6,ok
moead_ws,c104_21,3,365730871.433726,520.550459,8.515049,15171.7875,85,6,ok
moead_ws,c104_21,4,402642949.773721,468.966642,7.979733,11662.567,96,4,ok
moead_ws,c104_21,5,492493289.119367,156.363348,8.752159,14567.8301,85,5,ok
moead_ws,c104_21,6,421535696.287486,254.044281,9.479361,26150.0815,94,6,ok
moead_ws,c104_21,7,386331264.282855,440.968157,9.321677,11791.1912,93,4,ok
moead_ws,c104_21,8,460210050.999839,341.54155,8.337935,8951.5857,93,4,ok
moead_ws,c104_21,9,318992658.818475,736.888914,2.7505,9376.3377,99,5,ok
moead_ws,c104_21,10,416433941.532892,395.959336,8.943417,9201.4801,97,4,ok
moead_ws,c104_21,11,422593444.814441,366.550256,7.126188,11800.5375,99,5,ok
moead_ws,c104_21,12,407581063.606444,448.713286,9.310214,15476.7484,96,4,ok
moead_ws,c104_21,13,484006789.16542,289.554327,8.292787,9434.5656,91,4,ok
moead_ws,c104_21,14,524925552.630237,220.024294,9.186321,7538.0926,92,5,ok
moead_ws,c104_21,15,404936204.625017,523.930744,8.839163,14812.557,89,4,ok
moead_ws,c104_21,16,424312502.985389,374.766717,8.458965,13187.3884,94,5,ok
moead_ws,c104_21,17,368203833.977272,340.393905,8.656395,17832.9664,78,3,ok
moead_ws,c104_21,18,370335263.124309,451.909731,7.630468,10979.4433,73,4,ok
moead_ws,c104_21,19,412231739.531093,244.390924,8.417309,14330.8826,77,4,ok
moead_ws,c104_21,20,438168295.844865,341.661353,8.734874,11422.9162,94,5,ok
moead_ws,c104_21,21,394284965.958776,442.977892,7.668289,9838.6505,88,3,ok
moead_ws,c104_21,22,411230191.575576,415.47566,9.281358,14318.0924,90,4,ok
moead_ws,c104_21,23,436771082.464875,340.328557,7.657648,14643.0013,94,5,ok
moead_ws,c104_21,24,416765894.380003,372.33686,9.374663,12179.034,95,4,ok
moead_ws,c104_21,25,400240984.795851,393.012009,9.705737,13371.6432,99,5,ok
moead_ws,c104_21,26,410290889.774253,452.332756,0.0,7883.4102,103,3,ok
moead_ws,c104_21,27,374814063.209269,474.706229,3.196215,9937.5453,94,4,ok
moead_ws,c104_21,28,380583304.613207,425.991218,9.4101,26579.1783,91,4,ok
moead_ws,c104_21,29,386132834.388338,424.262037,6.448912,12980.2562,96,6,ok
moead_ws,c104_21,30,413098417.959462,362.282965,8.886405,10064.9066,90,3,ok
nsga2,c104_21,1,524146068.349819,263.847814,0.701023,6673.9477,105,5,ok
nsga2,c104_21,2,557202096.945494,126.899802,0.505961,7362.1203,105,4,ok
nsga2,c104_21,3,536446712.542496,244.419797,0.74979,5194.9004,105,6,ok
nsga2,c104_21,4,465627166.148243,301.364075,0.910958,3705.7406,105,5,ok
nsga2,c104_21,5,574952207.024886,220.286203,0.621377,7392.8896,105,7,ok
nsga2,c104_21,6,530560542.556122,227.91548,1.021129,7093.5966,105,6,ok
nsga2,c104_21,7,524287092.667842,182.738971,2.083352,8769.8535,105,4,ok
nsga2,c104_21,8,552522883.382262,185.907613,0.484823,5152.9081,105,6,ok
nsga2,c104_21,9,576099035.723456,79.262001,1.464823,3067.0904,105,4,ok
nsga2,c104_21,10,564404906.915211,115.049638,1.257952,3841.3246,105,4,ok
nsga2,c104_21,11,559390461.940349,184.706644,0.647022,3819.7276,105,7,ok
nsga2,c104_21,12,523244349.828488,272.203644,0.680263,6260.5733,105,7,ok
nsga2,c104_21,13,472566731.941337,434.581301,0.500329,6830.5658,105,7,ok
nsga2,c104_21,14,508508068.623825,320.926833,0.800023,7892.97,105,5,ok
nsga2,c104_21,15,538220893.78602,248.375057,0.845378,6258.7799,105,6,ok
nsga2,c104_21,16,453665441.769984,396.685416,0.582061,5542.8942,105,6,ok
nsga2,c104_21,17,507939314.89527,180.732138,0.727261,4081.4287,105,4,ok
nsga2,c104_21,18,544222849.499852,194.918812,0.55272,5973.3902,105,4,ok
nsga2,c104_21,19,543417901.650211,188.507335,0.840827,7197.6145,105,4,ok
nsga2,c104_21,20,524328053.617757,266.999198,0.520743,7825.4652,105,6,ok
nsga2,c104_21,21,494540499.436039,354.314535,0.666415,7097.4989,105,6,ok
nsga2,c104_21,22,448148240.327697,409.250558,0.488631,4035.8918,105,6,ok
nsga2,c104_21,23,548493595.216855,186.786376,0.624056,4412.7306,105,6,ok
nsga2,c104_21,24,537884000.106994,224.686875,0.502522,6772.4725,105,6,ok
nsga2,c104_21,25,535392762.673936,188.686995,0.791844,5239.6955,105,6,ok
nsga2,c104_21,26,519541627.19419,258.956184,0.797024,6472.2164,105,7,ok
nsga2,c104_21,27,549538995.86912,179.413042,0.741044,6865.9131,105,6,ok
nsga2,c104_21,28,535876357.552673,365.970855,0.896236,11602.6554,105,8,ok
nsga2,c104_21,29,515456244.107312,263.990206,0.788074,6028.0823,105,6,ok
nsga2,c104_21,30,526151479.938848,264.334965,0.715085,7406.1023,105,5,ok
smsemoa,c104_21,1,581071250.748676,98.493111,1.297388,4125.659,105,5,ok
smsemoa,c104_21,2,537364261.722832,180.244192,1.265956,6924.996,105,5,ok
smsemoa,c104_21,3,581048427.649009,79.432992,0.887549,5177.5403,105,4,ok
smsemoa,c104_21,4,569711590.40512,100.824324,0.823673,5300.4109,105,5,ok
smsemoa,c104_21,5,523193601.211183,144.617462,1.956385,3993.8886,105,5,ok
smsemoa,c104_21,6,568287466.358404,125.568193,1.035135,4882.421,105,5,ok
smsemoa,c104_21,7,560613550.541353,229.262067,1.165036,10025.033,105,8,ok
smsemoa,c104_21,8,544633164.759969,225.804323,0.918412,4073.4779,105,6,ok
smsemoa,c104_21,9,474094178.612951,256.218349,1.470887,3392.2675,103,5,ok
smsemoa,c104_21,10,570592072.444791,104.393999,1.014956,5086.1449,105,4,ok
smsemoa,c104_21,11,616233959.926482,2.329038,1.354614,4073.4917,105,5,ok
smsemoa,c104_21,12,572472158.231739,133.192114,0.872,5509.658,105,6,ok
smsemoa,c104_21,13,562785886.138642,140.829273,1.323927,5382.6207,105,5,ok
smsemoa,c104_21,14,496992273.976959,336.972289,1.557263,9138.1644,105,7,ok
smsemoa,c104_21,15,512733421.826731,280.509579,2.359454,6105.578,105,8,ok
smsemoa,c104_21,16,566025957.095335,160.848215,0.996603,3980.783,105,7,ok
smsemoa,c104_21,17,527249281.474482,260.709437,0.91581,6101.14,105,6,ok
smsemoa,c104_21,18,537679134.100945,200.734756,1.447692,5590.2647,105,6,ok
smsemoa,c104_21,19,532690271.250438,236.205164,0.747676,7883.8648,105,6,ok
smsemoa,c104_21,20,501581715.209015,191.622252,1.051009,4651.8302,100,5,ok
smsemoa,c104_21,21,545246973.230895,173.718664,1.210371,5748.9746,105,6,ok
smsemoa,c104_21,22,550133766.316452,174.451724,0.80397,5236.4848,98,5,ok
smsemoa,c104_21,23,548505253.64664,168.811984,1.277961,4426.0996,105,5,ok
smsemoa,c104_21,24,614481539.954,5.096092,1.441974,4570.0604,105,5,ok
smsemoa,c104_21,25,484983383.08632,285.303111,2.547112,4914.7556,105,6,ok
smsemoa,c104_21,26,604589904.685391,34.834381,0.995394,3093.6808,105,4,ok
smsemoa,c104_21,27,586614073.808704,202.945149,1.152396,11487.505,100,7,ok
smsemoa,c104_21,28,543836503.554867,189.88448,1.884364,5522.7188,105,5,ok
smsemoa,c104_21,29,574142698.036393,92.724514,1.611624,3457.0426,105,4,ok
smsemoa,c104_21,30,529790254.873435,229.763853,1.546341,5424.2647,105,5,ok
moead_ws,c105_21,1,593269352.54749,2596.019596,9.227818,36802.3601,90,6,ok
moead_ws,c105_21,2,748688294.522473,1633.252369,6.738219,16877.9167,103,4,ok
moead_ws,c105_21,3,795743458.141979,847.330533,2.771839,19710.8941,103,6,ok
moead_ws,c105_21,4,710816291.766586,927.432119,7.379657,29669.4179,95,8,ok
moead_ws,c105_21,5,870104898.229597,687.478663,7.923316,23847.6673,98,5,ok
moead_ws,c105_21,6,839069987.297788,1078.410894,3.224308,22779.3894,101,8,ok
moead_ws,c105_21,7,600750813.694913,928.385291,3.137763,27487.8877,100,8,ok
moead_ws,c105_21,8,687815206.090541,1153.780609,7.658479,33558.4204,103,8,ok
moead_ws,c105_21,9,698802820.374784,871.430352,3.673665,21522.5414,105,6,ok
moead_ws,c105_21,10,799936957.827551,908.570784,3.276419,17011.3392,98,7,ok
moead_ws,c105_21,11,724172964.443864,1013.488388,3.527767,21973.6693,100,7,ok
moead_ws,c105_21,12,943169526.780591,1102.336615,3.291353,14963.112,103,5,ok
moead_ws,c105_21,13,960064904.655861,628.537859,4.64999,18447.7758,101,7,ok
moead_ws,c105_21,14,837549496.204169,736.46551,8.571025,29845.5913,105,5,ok
moead_ws,c105_21,15,870740744.076937,632.423061,2.869689,19220.3175,103,7,ok
moead_ws,c105_21,16,769890863.888017,728.377379,2.907523,24272.5539,100,6,ok
moead_ws,c105_21,17,984662975.591448,656.780978,4.68351,22283.4964,90,6,ok
moead_ws,c105_21,18,808641469.428701,733.465231,7.486205,25200.5676,92,7,ok
moead_ws,c105_21,19,774179376.483329,609.878474,5.902923,22798.7327,102,7,ok
moead_ws,c105_21,20,795444890.135035,940.382688,6.805834,25315.6165,91,6,ok
moead_ws,c105_21,21,934887253.301991,453.345387,9.303088,29645.9839,105,7,ok
moead_ws,c105_21,22,894337751.949969,681.237481,2.149376,23271.6399,99,7,ok
moead_ws,c105_21,23,655140501.97614,1035.685709,2.225059,24510.3857,90,6,ok
moead_ws,c105_21,24,752979127.302145,2756.327563,4.870792,19247.6832,92,5,ok
moead_ws,c105_21,25,765778652.026921,1049.45338,7.712595,28889.9532,105,7,ok
moead_ws,c105_21,26,660768732.895545,859.281485,3.899261,28425.156,102,8,ok
moead_ws,c105_21,27,624008124.35996,1320.455983,3.643894,20928.9206,102,7,ok
moead_ws,c105_21,28,658160454.359825,852.549957,2.777126,21681.037,103,5,ok
moead_ws,c105_21,29,680558683.030629,1310.947335,3.447832,24058.0493,104,7,ok
moead_ws,c105_21,30,900330235.053099,738.859609,3.972679,16496.0492,97,4,ok
nsga2,c105_21,1,1134673711.145964,468.762626,0.577301,15775.4743,105,9,ok
nsga2,c105_21,2,1375938011.725326,122.07735,0.771014,18556.1433,105,12,ok
nsga2,c105_21,3,1307883521.42742,310.70752,0.531442,16477.944,105,11,ok
nsga2,c105_21,4,1132870725.326638,401.458809,0.46845,11463.0316,105,7,ok
nsga2,c105_21,5,1210072498.900949,460.347374,0.547562,15741.9976,105,11,ok
nsga2,c105_21,6,1253164347.311057,202.951775,0.661205,9065.5507,105,8,ok
nsga2,c105_21,7,1459316812.440275,224.388478,0.756063,17436.9945,105,12,ok
nsga2,c105_21,8,1336531198.358283,247.276561,0.686449,17455.9916,105,10,ok
nsga2,c105_21,9,1368946227.993221,375.587767,0.629257,17936.6276,105,10,ok
nsga2,c105_21,10,1240249608.984731,407.277234,0.989896,18762.724,105,11,ok
nsga2,c105_21,11,1409014545.834682,204.134724,0.703126,13778.3402,105,11,ok
nsga2,c105_21,12,1193345783.195515,268.352471,0.766442,12862.1047,105,10,ok
nsga2,c105_21,13,1297070865.492363,121.297776,0.701505,12792.8071,105,8,ok
nsga2,c105_21,14,1173006297.373942,301.204185,0.643658,13191.2127,105,6,ok
nsga2,c105_21,15,1393286764.10071,131.603792,1.245002,11208.4184,105,11,ok
nsga2,c105_21,16,1397296671.689745,225.150923,0.776854,14032.1832,105,11,ok
nsga2,c105_21,17,1244696685.31298,490.851562,0.582376,16779.9482,105,9,ok
nsga2,c105_21,18,1366525424.061562,174.392031,0.58692,14102.2416,105,9,ok
nsga2,c105_21,19,1234639688.757766,358.513393,0.591442,10521.2878,105,7,ok
nsga2,c105_21,20,1030908334.37967,610.544073,0.697219,13096.7257,105,12,ok
nsga2,c105_21,21,1357314717.702831,91.787715,0.623052,8347.3478,105,8,ok
nsga2,c105_21,22,1128365890.808635,623.16797,0.537945,15428.624,105,10,ok
nsga2,c105_21,23,1267403429.994777,294.040742,0.71681,10024.6762,105,9,ok
nsga2,c105_21,24,1241908057.119184,463.562391,0.622931,17590.5241,105,10,ok
nsga2,c105_21,25,1487320044.124953,92.469257,0.533085,13624.1,105,8,ok
nsga2,c105_21,26,1539870372.381377,116.969743,0.680312,9082.1768,105,8,ok
nsga2,c105_21,27,1303651694.017679,258.568924,0.540013,11039.9604,105,10,ok
nsga2,c105_21,28,1124449736.775353,476.339247,0.609061,18336.2664,105,12,ok
nsga2,c105_21,29,1308263087.00064,251.407473,0.548099,10099.6776,105,7,ok
nsga2,c105_21,30,1344825531.792794,162.406542,0.698565,18817.9233,105,10,ok
smsemoa,c105_21,1,1016419782.417659,771.280737,1.184448,12148.1018,105,8,ok
smsemoa,c105_21,2,1363476847.110365,125.850088,1.696749,13142.0773,105,8,ok
smsemoa,c105_21,3,1393783098.780909,222.205189,0.985651,10633.7478,105,9,ok
smsemoa,c105_21,4,1312406537.712954,379.944746,1.387638,16046.1845,105,9,ok
smsemoa,c105_21,5,1381281247.956984,217.558627,1.729957,15411.6913,105,6,ok
smsemoa,c105_21,6,1263372109.552904,264.665773,1.139889,17109.7701,105,8,ok
smsemoa,c105_21,7,1313151167.515956,311.98429,0.725032,11178.7773,105,9,ok
smsemoa,c105_21,8,1330846989.4034,262.663688,1.085937,11406.1998,105,9,ok
smsemoa,c105_21,9,1316006429.187042,93.507259,1.478235,9271.4533,105,7,ok
smsemoa,c105_21,10,1183476237.904001,296.939579,1.390769,7250.2741,105,6,ok
smsemoa,c105_21,11,1252170810.133124,199.5055,3.614818,13184.5485,105,8,ok
smsemoa,c105_21,12,1339038747.524373,229.450424,0.707866,15179.1576,105,8,ok
smsemoa,c105_21,13,1435689628.808023,210.776338,0.535583,11797.3626,105,8,ok
smsemoa,c105_21,14,1081988470.775115,583.385794,0.663123,13394.5228,105,11,ok
smsemoa,c105_21,15,1136352750.205124,600.422654,1.427105,12884.354,105,7,ok
smsemoa,c105_21,16,1193760419.319217,619.280525,0.681423,14767.9264,105,10,ok
smsemoa,c105_21,17,1417673841.780324,254.153599,1.856346,16686.2761,105,12,ok
smsemoa,c105_21,18,1287677574.503147,271.751061,0.558253,12859.6869,105,9,ok
smsemoa,c105_21,19,1253432654.322068,442.861909,0.809321,14717.8083,105,8,ok
smsemoa,c105_21,20,1236674832.570793,167.621054,1.683542,17539.5049,105,8,ok
smsemoa,c105_21,21,1356385073.860068,218.768082,1.676317,18941.1087,105,11,ok
smsemoa,c105_21,22,1157035745.407037,451.644771,1.301467,12047.6354,105,11,ok
smsemoa,c105_21,23,1419130002.33198,121.81303,1.049464,11645.0806,105,10,ok
smsemoa,c105_21,24,1304881007.091284,361.833167,1.465386,15340.7073,105,10,ok
smsemoa,c105_21,25,1065292991.83742,616.828369,1.104845,15158.4154,105,9,ok
smsemoa,c105_21,26,1325915864.896858,345.938055,1.791153,21137.0621,105,10,ok
smsemoa,c105_21,27,1308074773.945944,258.828274,0.944711,17001.7474,105,9,ok
smsemoa,c105_21,28,1486086853.809712,36.91708,1.901806,9782.2927,105,6,ok
smsemoa,c105_21,29,1430583926.425335,72.362498,1.279951,21051.5401,105,8,ok
smsemoa,c105_21,30,1544851674.617846,67.479691,1.201528,12014.3094,105,10,ok
moead_ws,c106_21,1,763521311.783072,476.649531,8.190081,21781.6902,102,9,ok
moead_ws,c106_21,2,557165318.309903,1121.301857,5.808174,24774.3103,104,6,ok
moead_ws,c106_21,3,617377452.310168,468.927958,8.515375,29366.0325,95,4,ok
moead_ws,c106_21,4,668309721.175446,543.232073,3.613216,20107.0385,101,7,ok
moead_ws,c106_21,5,386392995.775715,871.879014,6.31681,27771.4806,103,6,ok
moead_ws,c106_21,6,676268297.202938,634.794901,7.639393,16259.4483,102,7,ok
moead_ws,c106_21,7,662202071.753302,1195.813289,2.611203,18163.4396,104,7,ok
moead_ws,c106_21,8,579674703.842206,785.186623,7.764157,26196.451,86,6,ok
moead_ws,c106_21,9,502350774.355948,580.15282,4.327914,22626.8763,101,2,ok
moead_ws,c106_21,10,539067355.960384,914.235688,4.726982,21429.4095,102,6,ok
moead_ws,c106_21,11,546278156.535947,885.625398,3.053345,21501.3284,104,7,ok
moead_ws,c106_21,12,743952409.592026,669.279499,6.547803,23815.3625,100,7,ok
moead_ws,c106_21,13,550790339.42113,927.270216,7.688586,22964.7837,99,6,ok
moead_ws,c106_21,14,717125681.168221,752.313281,4.509966,19131.5986,101,4,ok
moead_ws,c106_21,15,660555677.554397,419.329488,8.274747,26818.0851,95,3,ok
moead_ws,c106_21,16,522940279.628882,567.317288,7.865274,28581.6715,104,6,ok
moead_ws,c106_21,17,704380765.246458,1005.008464,9.128661,23490.2892,99,6,ok
moead_ws,c106_21,18,478666002.72918,801.072343,8.277826,34840.4255,98,6,ok
moead_ws,c106_21,19,624528948.633636,882.169558,4.786467,23027.0409,104,5,ok
moead_ws,c106_21,20,694267756.157797,514.820448,3.103566,16148.1202,103,4,ok
moead_ws,c106_21,21,552679377.767707,800.678105,2.799769,20013.0375,96,5,ok
moead_ws,c106_21,22,505045684.720647,893.621831,3.05402,23005.7169,103,5,ok
moead_ws,c106_21,23,695954292.64064,471.973858,9.340199,28893.773,104,9,ok
moead_ws,c106_21,24,661121838.500731,702.779183,7.133183,25007.119,104,10,ok
moead_ws,c106_21,25,592779342.49918,550.786187,2.936121,18547.1526,102,3,ok
moead_ws,c106_21,26,586722458.440643,1036.077873,6.896482,21853.6516,100,7,ok
moead_ws,c106_21,27,561306599.210388,889.874216,6.670951,26742.8691,102,8,ok
moead_ws,c106_21,28,575251954.180918,1090.518906,3.097012,19884.7332,97,6,ok
moead_ws,c106_21,29,671136808.103131,600.241426,3.70603,18176.4538,92,8,ok
moead_ws,c106_21,30,655047202.956469,376.076762,9.010738,32318.8896,104,5,ok
nsga2,c106_21,1,959646895.247615,176.156319,0.504198,11155.5385,102,10,ok
nsga2,c106_21,2,1128716455.065247,109.615478,0.818437,16194.2136,105,12,ok
nsga2,c106_21,3,999872036.962836,179.788697,0.720649,11661.8138,105,6,ok
nsga2,c106_21,4,1045738271.324548,139.260608,0.804692,14100.4304,105,9,ok
nsga2,c106_21,5,892770936.14643,347.889821,0.790881,16430.7581,105,8,ok
nsga2,c106_21,6,995510320.374341,148.59109,0.661372,7723.3448,105,8,ok
nsga2,c106_21,7,908624109.729553,286.931536,0.604051,9452.3034,105,6,ok
nsga2,c106_21,8,892041586.561844,377.050246,0.755727,15950.5599,105,9,ok
nsga2,c106_21,9,848164444.102121,321.329572,0.618394,9433.8714,105,8,ok
nsga2,c106_21,10,1042790519.248706,182.190992,0.708255,16990.028,105,8,ok
nsga2,c106_21,11,959349072.17003,245.079676,0.78756,22253.6612,105,10,ok
nsga2,c106_21,12,927223534.627632,333.896659,0.666218,14064.4941,105,9,ok
nsga2,c106_21,13,1036021117.002759,114.511501,0.628167,11745.2601,105,7,ok
nsga2,c106_21,14,970297332.875996,296.664476,0.738366,12421.9793,105,8,ok
nsga2,c106_21,15,1033045321.520106,203.751083,0.99602,13343.0685,105,9,ok
nsga2,c106_21,16,1043943651.558672,133.529073,0.628063,12792.0133,105,9,ok
nsga2,c106_21,17,893882027.109509,244.847245,0.664375,11826.7362,105,7,ok
nsga2,c106_21,18,994059133.520362,254.333187,0.698451,13994.6543,105,9,ok
nsga2,c106_21,19,944393923.685288,269.62276,0.68182,15749.3876,105,9,ok
nsga2,c106_21,20,804193198.781664,822.368974,0.568879,13744.0549,105,9,ok
nsga2,c106_21,21,965430108.762595,364.873699,0.602288,14115.8608,105,9,ok
nsga2,c106_21,22,881443965.229013,346.554365,0.760952,9801.3446,105,8,ok
nsga2,c106_21,23,1119961795.515693,87.254821,0.559295,14912.4392,105,9,ok
nsga2,c106_21,24,931390595.439244,250.86139,0.68697,12421.6353,105,7,ok
nsga2,c106_21,25,971730613.329227,277.462505,0.540677,13952.5616,105,9,ok
nsga2,c106_21,26,928310586.982969,485.438831,0.796328,18236.8359,105,8,ok
nsga2,c106_21,27,938349477.777078,435.430452,0.644368,15470.3522,105,9,ok
nsga2,c106_21,28,1162036460.095881,12.345507,0.722095,14198.8114,105,9,ok
nsga2,c106_21,29,1047918756.363374,218.583766,1.076076,16725.917,105,11,ok
nsga2,c106_21,30,963724160.553045,327.012807,0.679958,13202.6364,105,10,ok
smsemoa,c106_21,1,967613544.157138,448.737064,0.696687,12861.8977,105,7,ok
smsemoa,c106_21,2,1011911350.775569,416.240099,1.839943,16551.4537,105,9,ok
smsemoa,c106_21,3,1073650264.926696,119.202404,0.887965,11767.5677,105,8,ok
smsemoa,c106_21,4,938060682.773748,274.541293,1.029194,12345.5525,105,7,ok
smsemoa,c106_21,5,1038295494.385019,149.897601,1.448835,12768.1513,105,6,ok
smsemoa,c106_21,6,1033294053.238817,204.889154,1.578586,17491.6286,105,10,ok
smsemoa,c106_21,7,989820499.417063,155.148201,0.731176,10017.5991,105,8,ok
smsemoa,c106_21,8,1068562839.961474,79.114351,1.682507,15874.1155,105,10,ok
smsemoa,c106_21,9,999096019.48932,163.295189,1.784221,9633.982,105,8,ok
smsemoa,c106_21,10,1027662568.970341,127.82985,1.063402,10535.4569,105,7,ok
smsemoa,c106_21,11,1072955944.644792,187.475971,1.496575,18000.76,105,9,ok
smsemoa,c106_21,12,1076216010.275244,123.847098,2.141319,17503.7213,105,8,ok
smsemoa,c106_21,13,996021920.492029,245.820797,2.052371,11711.0455,105,6,ok
smsemoa,c106_21,14,1098382911.340511,60.765872,1.39468,12655.0543,105,7,ok
smsemoa,c106_21,15,1038694593.431217,173.021419,1.955837,13609.3789,105,9,ok
smsemoa,c106_21,16,950978945.320154,487.19508,1.393051,11248.483,105,8,ok
smsemoa,c106_21,17,1044704557.764668,218.55093,1.639478,12697.963,105,7,ok
smsemoa,c106_21,18,1041552978.991181,215.924899,2.07969,15791.9334,105,10,ok
smsemoa,c106_21,19,824209393.302364,450.795458,0.567725,11369.6927,105,8,ok
smsemoa,c106_21,20,939968834.979353,260.247009,0.79105,11157.0391,105,10,ok
smsemoa,c106_21,21,1059460960.286203,82.866994,1.086091,14688.4966,105,7,ok
smsemoa,c106_21,22,1099664094.185606,103.222341,2.075198,9380.7273,105,9,ok
smsemoa,c106_21,23,1024124143.878792,202.43733,1.215546,14195.1797,105,9,ok
smsemoa,c106_21,24,990174567.865529,223.917929,1.444415,9612.9751,105,10,ok
smsemoa,c106_21,25,976107678.486477,260.846211,1.516525,11482.3795,105,7,ok
smsemoa,c106_21,26,990320107.690841,309.981225,1.023546,12215.2972,105,8,ok
smsemoa,c106_21,27,964518725.827724,283.203381,1.315585,16651.486,105,10,ok
smsemoa,c106_21,28,1043772354.339297,166.193171,0.799251,12898.8067,105,8,ok
smsemoa,c106_21,29,1051822042.256665,152.542256,1.674061,12910.2157,105,9,ok
smsemoa,c106_21,30,1116446865.010545,21.107572,1.074615,11069.6073,105,8,ok
moead_ws,c107_21,1,681575709.725131,887.586711,3.163954,13461.6422,103,5,ok
moead_ws,c107_21,2,724123170.23014,625.823167,3.146939,19104.2311,104,4,ok
moead_ws,c107_21,3,516630155.074614,943.395007,8.019151,25610.0265,103,4,ok
moead_ws,c107_21,4,646853264.67863,1143.390807,6.532649,19427.0458,94,5,ok
moead_ws,c107_21,5,606449451.817354,1090.527097,2.685653,22904.8842,101,8,ok
moead_ws,c107_21,6,600834032.25818,692.197099,8.247139,28887.4393,92,6,ok
moead_ws,c107_21,7,529454641.458067,851.846454,6.604927,31406.4253,93,8,ok
moead_ws,c107_21,8,783815885.044438,455.613868,2.482609,20593.5438,101,5,ok
moead_ws,c107_21,9,706099212.357072,2027.173205,3.780871,14042.1785,100,6,ok
moead_ws,c107_21,10,588591108.648984,911.546869,2.908816,18189.8805,104,5,ok
moead_ws,c107_21,11,605694855.402211,738.314037,7.581431,24384.8448,101,5,ok
moead_ws,c107_21,12,704229090.377105,870.858642,5.356512,22329.2399,104,8,ok
moead_ws,c107_21,13,773171633.334759,584.99912,2.242877,15285.0773,100,7,ok
moead_ws,c107_21,14,682386382.812991,724.334719,7.026324,21420.9714,104,9,ok
moead_ws,c107_21,15,689808755.527277,547.223797,8.971506,26670.9027,100,4,ok
moead_ws,c107_21,16,663826932.669782,1011.15363,7.113481,22649.6345,102,9,ok
moead_ws,c107_21,17,772212952.752432,874.394644,6.519491,18807.1553,101,9,ok
moead_ws,c107_21,18,507846428.685379,1162.655678,6.42824,25296.456,94,8,ok
moead_ws,c107_21,19,738967205.13644,625.215454,9.276071,27509.4432,104,5,ok
moead_ws,c107_21,20,769180627.681562,441.602083,9.14673,27651.9444,103,6,ok
moead_ws,c107_21,21,625604868.904265,1019.115034,5.728152,22542.9216,100,9,ok
moead_ws,c107_21,22,600322417.046065,687.195282,9.274574,31415.0851,102,7,ok
moead_ws,c107_21,23,601185711.417859,873.998347,8.311007,25942.7969,103,6,ok
moead_ws,c107_21,24,607411021.481162,1022.996931,3.271414,19780.2102,98,9,ok
moead_ws,c107_21,25,554496894.873845,691.004671,8.305375,27400.2408,99,5,ok
moead_ws,c107_21,26,813380070.760062,610.238338,8.502193,23485.6008,91,7,ok
moead_ws,c107_21,27,620348299.757156,1388.828029,5.047331,25556.4426,95,7,ok
moead_ws,c107_21,28,688183686.602732,871.811484,8.766715,30618.7806,104,6,ok
moead_ws,c107_21,29,930047483.388774,420.769182,8.980163,23091.4973,98,8,ok
moead_ws,c107_21,30,650047583.266752,945.565614,3.817186,20477.7917,99,9,ok
nsga2,c107_21,1,1050799792.472785,351.188491,0.663519,12267.3687,105,8,ok
nsga2,c107_21,2,1167431984.948198,100.44805,0.680535,7789.1415,105,6,ok
nsga2,c107_21,3,1080850175.877504,285.998153,0.553022,9689.038,105,6,ok
nsga2,c107_21,4,1267898311.213433,35.194041,0.817345,7237.9357,105,8,ok
nsga2,c107_21,5,1184011073.173114,209.62029,0.680648,10763.6524,105,8,ok
nsga2,c107_21,6,1047694861.24032,279.059233,0.722682,10523.1468,105,9,ok
nsga2,c107_21,7,1104361818.988055,227.163997,0.600656,10728.33,105,9,ok
nsga2,c107_21,8,1093140238.429684,251.185792,0.612508,11002.676,105,7,ok
nsga2,c107_21,9,1044669511.179458,443.414216,0.684851,17007.5058,105,8,ok
nsga2,c107_21,10,966434302.925749,580.896504,1.015038,17877.1705,105,9,ok
nsga2,c107_21,11,1123871339.774993,284.202336,0.760996,17116.6726,105,11,ok
nsga2,c107_21,12,1147086929.743022,156.594147,0.653824,12158.5913,105,7,ok
nsga2,c107_21,13,1295115763.428579,0.839705,0.778293,11978.8368,105,6,ok
nsga2,c107_21,14,1106742208.751622,319.054463,0.829617,13550.1579,105,8,ok
nsga2,c107_21,15,1208020189.838698,189.659309,1.093647,14380.5674,105,8,ok
nsga2,c107_21,16,920536844.867727,689.693068,0.853166,12822.5695,105,8,ok
nsga2,c107_21,17,1064055141.588439,363.942639,1.27798,14718.6373,105,9,ok
nsga2,c107_21,18,1156800420.540366,208.950082,0.568866,11077.4541,105,8,ok
nsga2,c107_21,19,1093608401.219347,205.568949,0.763266,11738.5327,105,8,ok
nsga2,c107_21,20,1274849967.251432,89.992198,0.69784,15212.9816,105,11,ok
nsga2,c107_21,21,1042712831.602226,327.913449,0.751674,16929.9428,105,9,ok
nsga2,c107_21,22,1070245286.736993,251.020363,0.632078,13872.8035,105,8,ok
nsga2,c107_21,23,1092007692.45111,254.470867,0.702631,11977.6891,105,7,ok
nsga2,c107_21,24,1123140669.06124,262.315331,0.6385,11448.0541,105,9,ok
nsga2,c107_21,25,892886088.969707,574.335771,0.896135,15538.1943,105,8,ok
nsga2,c107_21,26,1075941838.597034,436.188014,0.635032,13089.696,105,8,ok
nsga2,c107_21,27,1118100573.083176,193.309691,0.751771,11220.4008,105,10,ok
nsga2,c107_21,28,982012175.732958,510.865285,1.162317,12660.1127,105,8,ok
nsga2,c107_21,29,958117667.820437,454.30247,0.674793,16907.9697,105,8,ok
nsga2,c107_21,30,1069940905.902316,340.297651,0.523453,11471.0336,105,9,ok
smsemoa,c107_21,1,1117694599.767462,202.443994,0.810893,9238.403,105,7,ok
smsemoa,c107_21,2,1015851314.646997,298.017721,0.75544,13574.3037,105,8,ok
smsemoa,c107_21,3,1142560034.516011,314.770009,0.841363,13456.1824,105,8,ok
smsemoa,c107_21,4,1107705836.825738,287.736016,0.483071,10010.5361,105,7,ok
smsemoa,c107_21,5,1140901854.693392,299.389815,0.840233,15799.7826,105,8,ok
smsemoa,c107_21,6,1009588223.173209,480.875853,1.488062,14960.8004,105,9,ok
smsemoa,c107_21,7,1052738406.709303,374.274219,1.920156,11249.9167,105,9,ok
smsemoa,c107_21,8,1129844320.011987,269.624667,1.297778,17585.7351,105,9,ok
smsemoa,c107_21,9,1178890084.209974,97.097081,0.712179,10421.8357,105,8,ok
smsemoa,c107_21,10,1171866764.077958,259.159993,0.526746,10550.9881,105,9,ok
smsemoa,c107_21,11,1073014698.72812,312.887001,0.904707,12330.715,105,8,ok
smsemoa,c107_21,12,1129587906.825589,333.235907,1.508003,13315.9666,105,10,ok
smsemoa,c107_21,13,1160186176.922764,286.254203,1.271629,11599.1484,105,8,ok
smsemoa,c107_21,14,1178833414.438229,124.360392,2.515319,10525.2542,105,6,ok
smsemoa,c107_21,15,1181916365.033535,84.385983,0.644595,11665.3664,105,7,ok
smsemoa,c107_21,16,985826671.433978,560.472227,2.493982,15006.0398,105,7,ok
smsemoa,c107_21,17,1069408432.868761,439.55504,1.447757,11794.822,105,11,ok
smsemoa,c107_21,18,1082639495.537665,284.58278,1.971025,9269.4628,105,7,ok
smsemoa,c107_21,19,1139240442.208068,206.419854,0.631422,8726.3506,105,7,ok
smsemoa,c107_21,20,1287635086.218261,20.64202,1.113499,9244.5215,105,7,ok
smsemoa,c107_21,21,1033739557.289719,329.955372,0.879395,15611.0977,105,7,ok
smsemoa,c107_21,22,1065967696.424138,265.466959,0.834149,9312.8118,105,8,ok
smsemoa,c107_21,23,1013116203.368294,314.771163,2.408404,13826.7248,105,8,ok
smsemoa,c107_21,24,1094977782.728512,210.769067,0.696523,14153.6245,105,9,ok
smsemoa,c107_21,25,1170385380.5165,154.69681,1.279622,13128.382,105,8,ok
smsemoa,c107_21,26,1116189496.136677,117.595256,1.416366,11242.1815,105,8,ok
smsemoa,c107_21,27,1031548200.585941,490.005989,1.160529,12735.8375,105,7,ok
smsemoa,c107_21,28,1142573360.303938,205.742246,0.796165,12827.63,105,9,ok
smsemoa,c107_21,29,1123113083.464697,356.663821,0.909812,14799.5504,105,8,ok
smsemoa,c107_21,30,1191732532.336559,288.581426,2.101248,12419.4067,105,8,ok
moead_ws,c108_21,1,637823972.181064,818.313107,9.531115,35258.8176,101,7,ok
moead_ws,c108_21,2,793594982.11092,1173.513716,4.226563,17341.5721,101,7,ok
moead_ws,c108_21,3,834998419.722818,746.425814,5.36656,19678.0499,98,6,ok
moead_ws,c108_21,4,876915991.377782,550.483812,2.682526,16485.679,97,7,ok
moead_ws,c108_21,5,860454700.472505,822.034751,4.678777,17447.3752,98,7,ok
moead_ws,c108_21,6,781144806.221578,571.97769,8.655493,22126.6159,103,6,ok
moead_ws,c108_21,7,656997516.05962,743.460511,7.53744,24962.1514,88,7,ok
moead_ws,c108_21,8,671955955.313045,678.237752,7.989234,21399.2538,101,5,ok
moead_ws,c108_21,9,779365064.633276,1075.524739,7.230297,27436.0144,99,8,ok
moead_ws,c108_21,10,762755388.960202,887.117082,7.812762,22158.6778,92,8,ok
moead_ws,c108_21,11,586534857.43763,821.773326,9.091711,39506.9235,102,5,ok
moead_ws,c108_21,12,674553472.339399,502.649917,9.053244,31398.2788,95,6,ok
moead_ws,c108_21,13,826329206.900597,583.023053,7.478592,19884.2629,100,6,ok
moead_ws,c108_21,14,702537253.538901,1232.225533,6.838646,22303.575,94,4,ok
moead_ws,c108_21,15,768652905.366753,917.873845,2.973381,18598.064,104,7,ok
moead_ws,c108_21,16,763096087.771134,625.84233,2.249649,19078.7456,90,5,ok
moead_ws,c108_21,17,674539926.684749,668.546396,8.532661,33673.1999,95,6,ok
moead_ws,c108_21,18,671119598.92883,796.770202,5.480137,23976.2747,104,5,ok
moead_ws,c108_21,19,683464244.552184,897.582863,4.140599,19967.8432,103,7,ok
moead_ws,c108_21,20,806937746.291916,752.13066,7.302601,21930.729,92,8,ok
moead_ws,c108_21,21,753572724.371971,819.548143,6.046729,21197.6332,104,5,ok
moead_ws,c108_21,22,629820062.096676,1055.99205,5.621562,25922.4738,99,7,ok
moead_ws,c108_21,23,773233360.686627,448.33055,9.078356,26930.1909,105,5,ok
moead_ws,c108_21,24,697550576.844895,766.289989,4.436178,21016.731,100,4,ok
moead_ws,c108_21,25,918260264.739926,589.849377,2.876833,19669.9046,101,5,ok
moead_ws,c108_21,26,703898267.79916,694.77,8.144614,28458.9463,101,8,ok
moead_ws,c108_21,27,764845162.1873,833.417663,4.020023,16527.4022,105,6,ok
moead_ws,c108_21,28,728046482.440658,600.613561,6.843494,23086.194,97,6,ok
moead_ws,c108_21,29,832529330.14459,563.681259,4.709554,18722.902,102,7,ok
moead_ws,c108_21,30,621657832.396521,959.230408,7.676414,27466.5524,105,8,ok
nsga2,c108_21,1,1321120955.640384,2.69765,0.722897,11459.2407,105,9,ok
nsga2,c108_21,2,945989705.815866,465.595082,0.635315,12489.967,105,7,ok
nsga2,c108_21,3,1003044234.9374,481.584672,0.643111,13726.7424,105,8,ok
nsga2,c108_21,4,1013586684.182617,369.012148,0.552215,18156.6516,105,8,ok
nsga2,c108_21,5,937637535.995371,483.192083,0.563665,8283.281,105,6,ok
nsga2,c108_21,6,1107125000.034358,403.002125,0.655441,15765.3254,105,9,ok
nsga2,c108_21,7,1120350364.673357,185.205455,0.739398,11293.8757,105,6,ok
nsga2,c108_21,8,1116685450.312059,333.022466,1.095699,16565.01,105,8,ok
nsga2,c108_21,9,1033437895.420665,356.035664,0.444625,9714.2195,105,8,ok
nsga2,c108_21,10,1111179857.684476,223.711062,0.682242,13178.8845,105,7,ok
nsga2,c108_21,11,1107649810.090643,175.767393,0.926176,11539.0059,105,8,ok
nsga2,c108_21,12,1111594384.102222,305.259782,0.483243,10823.5431,105,9,ok
nsga2,c108_21,13,1030982561.128643,387.383994,0.607746,13127.6111,105,10,ok
nsga2,c108_21,14,1033249666.724274,399.725543,0.713167,13039.2212,105,8,ok
nsga2,c108_21,15,1091275328.213192,256.195053,0.699263,11960.0585,105,7,ok
nsga2,c108_21,16,1224928506.655767,146.538446,0.662931,14721.0153,105,7,ok
nsga2,c108_21,17,969215545.236591,434.259597,0.5169,13785.684,105,8,ok
nsga2,c108_21,18,1093444236.59691,298.544429,0.527794,9507.4343,105,6,ok
nsga2,c108_21,19,1168692452.030785,103.494952,0.507038,12137.5227,105,6,ok
nsga2,c108_21,20,1238688240.265213,59.502133,0.816962,8411.9876,105,6,ok
nsga2,c108_21,21,1174457116.118861,221.02421,0.694526,16582.4393,105,9,ok
nsga2,c108_21,22,1231037594.077185,209.368164,0.582619,11273.0158,105,7,ok
nsga2,c108_21,23,1123957537.866213,192.928824,0.700667,10840.4441,105,7,ok
nsga2,c108_21,24,1031624969.76169,341.978975,1.095713,17898.1792,105,9,ok
nsga2,c108_21,25,1076810800.618146,373.546691,0.619431,14201.4336,105,9,ok
nsga2,c108_21,26,1077190130.686142,263.619567,0.674385,16937.7597,105,7,ok
nsga2,c108_21,27,1025195114.946544,251.613536,0.848503,13476.6486,105,8,ok
nsga2,c108_21,28,1055866223.546147,305.053269,0.478941,16445.5586,105,7,ok
nsga2,c108_21,29,1185762111.08139,209.140401,0.64327,13003.2413,105,10,ok
nsga2,c108_21,30,960568943.241457,528.214332,0.643346,17769.1095,105,8,ok
smsemoa,c108_21,1,1066431918.51403,344.333443,1.296042,12448.9902,105,8,ok
smsemoa,c108_21,2,1188622198.601027,36.066728,1.124755,8309.1238,105,4,ok
smsemoa,c108_21,3,1107173292.01109,196.361128,1.286953,11306.9677,105,7,ok
smsemoa,c108_21,4,1250900778.907399,118.132603,1.56268,13534.7359,105,6,ok
smsemoa,c108_21,5,1135410003.819514,186.699901,1.348394,12947.5651,105,8,ok
smsemoa,c108_21,6,1083067315.450735,271.637069,1.276726,12265.2654,105,7,ok
smsemoa,c108_21,7,950555830.075348,438.367663,0.947605,12697.9931,105,6,ok
smsemoa,c108_21,8,987401453.671779,285.646455,1.639805,13941.9314,105,7,ok
smsemoa,c108_21,9,1116298882.333759,227.642798,0.84572,10799.4996,105,9,ok
smsemoa,c108_21,10,1065374190.480829,274.190012,0.806698,9690.0227,105,7,ok
smsemoa,c108_21,11,1125644227.215704,269.497012,0.89128,10287.8593,105,7,ok
smsemoa,c108_21,12,1142509924.210181,201.264458,0.669592,11326.0119,105,8,ok
smsemoa,c108_21,13,1277545874.291317,84.735952,1.329874,10966.4682,105,6,ok
smsemoa,c108_21,14,1318933743.559735,64.716862,1.023197,11658.0258,105,8,ok
smsemoa,c108_21,15,976957586.06404,339.050554,1.350303,14599.8145,105,6,ok
smsemoa,c108_21,16,1232028219.950288,97.776389,0.67837,8337.1033,105,8,ok
smsemoa,c108_21,17,1174730074.718674,138.746072,1.317306,11601.791,105,5,ok
smsemoa,c108_21,18,1137443943.122416,283.397383,1.093612,13701.6893,105,8,ok
smsemoa,c108_21,19,1065708931.692247,301.441115,1.124932,9536.7192,105,9,ok
smsemoa,c108_21,20,1178326140.986554,204.012062,0.902957,11918.9358,105,7,ok
smsemoa,c108_21,21,1125777401.532176,278.990592,1.630036,10902.6049,105,9,ok
smsemoa,c108_21,22,1164071872.407329,162.712133,2.293345,14590.7687,105,7,ok
smsemoa,c108_21,23,1050977620.735767,363.840851,0.92197,13241.7253,105,7,ok
smsemoa,c108_21,24,1176272232.405758,132.586756,1.343162,16760.421,105,9,ok
smsemoa,c108_21,25,1194515172.328432,63.118487,0.993287,12260.2668,105,9,ok
smsemoa,c108_21,26,1032969280.252845,491.345026,1.571325,17108.5057,105,10,ok
smsemoa,c108_21,27,1194265914.116242,155.699831,1.309288,11055.8112,105,8,ok
smsemoa,c108_21,28,1240055294.32312,106.180594,1.53157,15067.8905,105,8,ok
smsemoa,c108_21,29,1127602835.552608,250.115983,1.128057,11449.7048,105,9,ok
smsemoa,c108_21,30,1082030371.67507,294.133584,0.645672,12060.1394,105,7,ok
moead_ws,c109_21,1,286797959.620948,956.681303,8.344067,24025.64,104,5,ok
moead_ws,c109_21,2,390518130.581985,640.086341,6.41195,16762.1916,100,3,ok
moead_ws,c109_21,3,383735739.532027,1076.576623,7.053278,20291.9632,98,7,ok
moead_ws,c109_21,4,347468671.987753,764.456496,2.955797,19613.9707,102,4,ok
moead_ws,c109_21,5,479038129.750864,580.346936,7.994683,19735.4408,100,5,ok
moead_ws,c109_21,6,376284307.526385,713.224361,9.523804,29657.7288,103,6,ok
moead_ws,c109_21,7,363184918.514838,679.921941,3.409146,17650.2744,104,4,ok
moead_ws,c109_21,8,444928131.953454,767.342388,3.274729,14691.7114,95,5,ok
moead_ws,c109_21,9,377740029.912603,676.129118,6.186743,18103.3332,84,3,ok
moead_ws,c109_21,10,429336100.402225,451.356523,9.292105,21596.3755,95,3,ok
moead_ws,c109_21,11,492893013.866114,479.324279,7.552476,16358.7036,92,4,ok
moead_ws,c109_21,12,395199826.932799,794.374048,5.191378,19269.309,103,3,ok
moead_ws,c109_21,13,410930583.763795,664.427096,5.88096,20885.8708,90,8,ok
moead_ws,c109_21,14,405479779.526937,748.86393,7.699268,23873.9237,96,6,ok
moead_ws,c109_21,15,514804930.737938,417.159858,9.051073,17364.4343,100,5,ok
moead_ws,c109_21,16,418879329.674164,567.419504,7.780855,19184.3545,103,3,ok
moead_ws,c109_21,17,482380740.383911,650.31031,7.132758,13962.1264,95,4,ok
moead_ws,c109_21,18,443747552.942619,611.092083,9.393025,27778.9182,102,6,ok
moead_ws,c109_21,19,362187316.232075,774.982186,6.524616,22752.5309,91,7,ok
moead_ws,c109_21,20,378183759.452201,709.595015,8.909653,24443.5078,97,6,ok
moead_ws,c109_21,21,299729741.940611,1003.944566,7.269711,28446.9413,91,5,ok
moead_ws,c109_21,22,520770481.940625,455.766799,7.451285,17592.3709,87,6,ok
moead_ws,c109_21,23,345884818.910053,978.377179,3.496825,21275.3737,100,8,ok
moead_ws,c109_21,24,429341833.103731,670.437815,7.90905,18235.5008,101,7,ok
moead_ws,c109_21,25,299376388.164949,1137.053985,8.295846,23572.3696,100,6,ok
moead_ws,c109_21,26,411089350.741411,600.103116,8.272055,22668.7722,97,5,ok
moead_ws,c109_21,27,417797656.12051,441.746536,8.712063,21573.7586,91,4,ok
moead_ws,c109_21,28,474086531.927049,646.516825,3.307731,17946.9815,101,7,ok
moead_ws,c109_21,29,505574595.482342,504.366434,3.066066,15892.1569,95,4,ok
moead_ws,c109_21,30,343242104.712642,818.254871,6.450061,20408.7534,95,5,ok
nsga2,c109_21,1,549478350.780413,606.11032,0.783627,14958.5057,105,8,ok
nsga2,c109_21,2,695558033.281295,183.780154,0.605971,11032.3275,105,7,ok
nsga2,c109_21,3,540044759.247198,590.151082,0.500508,13117.4345,105,9,ok
nsga2,c109_21,4,517373149.570411,601.523086,0.776838,15274.2336,105,6,ok
nsga2,c109_21,5,620265528.118971,408.255641,0.797215,12522.5776,105,7,ok
nsga2,c109_21,6,578981431.724176,530.366379,0.711996,15292.0869,105,8,ok
nsga2,c109_21,7,649172913.940755,272.524374,0.577322,7553.6319,105,7,ok
nsga2,c109_21,8,593869717.91842,360.732291,0.447773,11827.3463,105,7,ok
nsga2,c109_21,9,544573320.650228,475.76803,0.568976,8884.9483,105,7,ok
nsga2,c109_21,10,565659454.061247,515.41903,0.682757,11548.146,105,8,ok
nsga2,c109_21,11,507682340.781826,598.078123,0.682206,15139.7883,105,8,ok
nsga2,c109_21,12,664264207.65128,243.451968,0.703789,9638.1053,105,5,ok
nsga2,c109_21,13,631349436.447725,203.615885,1.320494,8555.6658,105,7,ok
nsga2,c109_21,14,507854587.955331,575.5242,2.020478,13423.0242,105,5,ok
nsga2,c109_21,15,588862036.520754,372.701317,2.445055,13256.1845,105,7,ok
nsga2,c109_21,16,667828004.933962,253.182846,0.981661,7392.4094,105,7,ok
nsga2,c109_21,17,774069412.125649,0.102564,0.572905,4915.3623,105,5,ok
nsga2,c109_21,18,592300243.430564,435.416438,0.541408,10870.0694,105,6,ok
nsga2,c109_21,19,524939402.990169,455.176687,0.698841,13258.3594,105,6,ok
nsga2,c109_21,20,543786973.416161,441.319138,0.572474,9909.5132,105,6,ok
nsga2,c109_21,21,578219896.03551,361.067522,0.583024,8490.8519,105,7,ok
nsga2,c109_21,22,568546284.96611,403.075117,0.561749,10062.6337,105,6,ok
nsga2,c109_21,23,594430185.19823,315.26377,0.618838,13395.7139,105,6,ok
nsga2,c109_21,24,597214906.485518,427.482954,0.717955,12447.6921,105,7,ok
nsga2,c109_21,25,621977281.831513,355.140062,0.637801,8269.5111,105,7,ok
nsga2,c109_21,26,573478891.023597,377.104996,0.97528,9700.838,105,5,ok
nsga2,c109_21,27,559674415.393011,549.271902,0.690479,13030.7628,105,8,ok
nsga2,c109_21,28,634722083.304053,322.008293,0.494735,14985.1515,105,6,ok
nsga2,c109_21,29,687881963.136946,193.4065,0.624922,9905.9303,105,5,ok
nsga2,c109_21,30,643023652.026776,306.526512,0.616306,10029.2478,105,7,ok
smsemoa,c109_21,1,733404590.718105,207.834717,1.251265,8521.6166,105,6,ok
smsemoa,c109_21,2,729175380.246069,96.050441,2.478942,7807.3553,105,4,ok
smsemoa,c109_21,3,704386097.993232,157.292335,0.674664,10206.7557,105,6,ok
smsemoa,c109_21,4,599629503.314743,437.925362,0.653117,8921.3064,105,7,ok
smsemoa,c109_21,5,557794882.27087,470.600639,1.069228,12580.3412,105,7,ok
smsemoa,c109_21,6,584012355.241539,360.31235,1.568975,7207.9651,105,6,ok
smsemoa,c109_21,7,625284497.704955,208.626358,2.369525,5434.4867,105,6,ok
smsemoa,c109_21,8,581423328.615706,376.91703,1.580744,12678.7889,105,6,ok
smsemoa,c109_21,9,638998500.454537,339.92964,0.879872,8359.9639,105,7,ok
smsemoa,c109_21,10,638729283.934101,281.517384,1.51324,10109.2299,105,6,ok
smsemoa,c109_21,11,711720357.060987,110.670391,0.778198,7368.0771,105,5,ok
smsemoa,c109_21,12,642953679.870444,323.236015,0.860597,8702.8252,105,6,ok
smsemoa,c109_21,13,660661549.759511,265.898046,1.257187,10829.0026,105,6,ok
smsemoa,c109_21,14,630007929.217172,296.058637,1.500113,7144.3193,105,7,ok
smsemoa,c109_21,15,594371347.601778,381.053317,1.226039,10312.6015,105,7,ok
smsemoa,c109_21,16,635647026.166127,235.416829,1.23511,7767.3241,105,6,ok
smsemoa,c109_21,17,625486500.963745,266.515659,0.87646,5326.0027,105,7,ok
smsemoa,c109_21,18,575299193.60225,423.40401,1.438605,11441.5054,105,6,ok
smsemoa,c109_21,19,649038790.821967,237.707674,1.289408,9060.7874,105,7,ok
smsemoa,c109_21,20,700157377.758076,213.266385,1.04721,9598.5802,105,8,ok
smsemoa,c109_21,21,620015322.693907,347.593917,2.404309,12151.6942,105,6,ok
smsemoa,c109_21,22,638507540.390665,315.157955,1.266986,10932.1637,102,6,ok
smsemoa,c109_21,23,793812233.122006,60.20529,0.852842,9610.7362,105,7,ok
smsemoa,c109_21,24,707639964.035748,172.996206,1.021897,10182.6694,105,7,ok
smsemoa,c109_21,25,611045243.329094,424.196343,0.575987,10840.4195,105,6,ok
smsemoa,c109_21,26,605886988.612392,289.329155,1.124603,9481.7553,105,6,ok
smsemoa,c109_21,27,653237196.609565,309.272963,1.2863,8642.4077,105,5,ok
smsemoa,c109_21,28,744452141.637078,128.703922,0.98424,9835.0968,105,6,ok
smsemoa,c109_21,29,619393103.783198,248.406824,1.20851,7180.8051,105,6,ok
smsemoa,c109_21,30,739981195.876943,194.943954,2.164286,11406.9175,105,8,ok
moead_ws,c202_21,1,2541077408.061365,837.408006,6.348423,69193.5639,86,7,ok
moead_ws,c202_21,2,2640267940.771384,995.63722,7.035425,66563.9122,102,5,ok
moead_ws,c202_21,3,2070320395.596957,1168.893833,9.25605,110908.9179,97,4,ok
moead_ws,c202_21,4,2052706579.125904,1471.390416,8.690085,96099.6205,89,7,ok
moead_ws,c202_21,5,2549735175.051139,906.958327,3.341579,42604.7898,100,3,ok
moead_ws,c202_21,6,2433124185.13978,960.064679,3.380872,40656.3,99,3,ok
moead_ws,c202_21,7,2599829672.562593,773.419844,9.332926,67226.067,104,3,ok
moead_ws,c202_21,8,2577045274.712903,785.067995,3.832216,52184.1712,89,5,ok
moead_ws,c202_21,9,2360398661.030475,981.503533,2.694511,47218.397,98,3,ok
moead_ws,c202_21,10,2598720080.756157,697.836505,5.939681,53335.249,101,4,ok
moead_ws,c202_21,11,2169656693.384601,1499.296054,9.191177,88944.1542,100,5,ok
moead_ws,c202_21,12,2405003648.339306,956.322414,7.543362,53795.3565,98,4,ok
moead_ws,c202_21,13,2231945474.812463,960.094859,6.482347,90303.069,90,5,ok
moead_ws,c202_21,14,2806077791.633047,2974.329405,9.563491,80835.1819,100,6,ok
moead_ws,c202_21,15,2161504398.080229,1227.693658,5.811671,62540.5587,100,4,ok
moead_ws,c202_21,16,2640212181.350112,597.239485,5.171666,38775.0219,102,3,ok
moead_ws,c202_21,17,2198852093.484668,924.779641,9.193784,86081.5716,89,4,ok
moead_ws,c202_21,18,2830044166.075651,845.931662,8.44874,60360.9099,94,4,ok
moead_ws,c202_21,19,2193350080.430123,858.533994,4.082003,71331.1919,92,3,ok
moead_ws,c202_21,20,2219046100.5811,1052.548126,8.43547,58208.0594,93,5,ok
moead_ws,c202_21,21,2803774785.489731,844.739738,7.896406,49157.722,92,5,ok
moead_ws,c202_21,22,2242845767.669066,1053.374853,9.382858,82016.1469,102,4,ok
moead_ws,c202_21,23,2422305271.709403,955.187979,2.296504,45429.6955,101,6,ok
moead_ws,c202_21,24,2156269616.671202,718.482962,9.821458,80099.995,104,3,ok
moead_ws,c202_21,25,2243261788.79185,2058.69671,7.189132,61392.7951,95,4,ok
moead_ws,c202_21,26,1915276423.593655,1299.733495,8.829983,97546.5967,103,5,ok
moead_ws,c202_21,27,2648263235.754477,879.255337,7.60252,71581.8138,99,5,ok
moead_ws,c202_21,28,3027609241.470359,443.252435,9.768102,50770.898,98,4,ok
moead_ws,c202_21,29,2695390342.723708,665.128322,7.593176,50784.1847,102,4,ok
moead_ws,c202_21,30,2606127776.254349,540.771079,4.426568,54803.7025,103,4,ok
nsga2,c202_21,1,3420934424.140047,298.443838,1.73323,34362.7312,105,4,ok
nsga2,c202_21,2,3254368781.39873,396.342379,0.467101,28559.3194,105,6,ok
nsga2,c202_21,3,3761917883.08989,274.089013,0.823497,28948.143,105,5,ok
nsga2,c202_21,4,3313291297.78414,282.730682,0.711139,28471.8688,105,4,ok
nsga2,c202_21,5,3844265237.316928,214.611726,1.308183,27377.4097,105,6,ok
nsga2,c202_21,6,3622866628.124452,274.379082,0.824939,30184.5003,105,5,ok
nsga2,c202_21,7,3486668484.800831,194.790695,0.572356,13770.4537,105,4,ok
nsga2,c202_21,8,3972256695.678065,87.020003,0.822554,32482.2851,105,5,ok
nsga2,c202_21,9,3742651140.324319,159.484691,0.783496,44449.3471,105,5,ok
nsga2,c202_21,10,3732741694.912964,210.929053,0.878745,45916.2886,105,6,ok
nsga2,c202_21,11,3206743344.915931,483.560255,0.665806,36099.0177,105,5,ok
nsga2,c202_21,12,3319057276.491057,311.632071,0.809494,36803.9229,105,4,ok
nsga2,c202_21,13,3649017079.880126,281.653545,0.904024,36341.9612,105,7,ok
nsga2,c202_21,14,3799053018.193163,200.454212,1.992397,35104.2257,105,6,ok
nsga2,c202_21,15,3405780788.277506,256.16889,0.802873,32298.3054,105,5,ok
nsga2,c202_21,16,3644213062.632241,292.785208,0.992596,41860.1065,105,5,ok
nsga2,c202_21,17,3991668609.911647,130.058603,0.978465,35009.6594,105,4,ok
nsga2,c202_21,18,3706483952.900731,257.185415,0.748455,45513.2253,105,6,ok
nsga2,c202_21,19,3242650429.851892,502.681078,0.713903,31877.091,105,3,ok
nsga2,c202_21,20,3884714297.500738,50.325312,0.791512,40195.9362,105,5,ok
nsga2,c202_21,21,3541794935.436063,143.292806,0.543512,27510.3185,105,5,ok
nsga2,c202_21,22,3725501916.63231,316.887794,0.826919,24661.634,105,4,ok
nsga2,c202_21,23,3537282458.205175,220.237581,0.812147,28173.7216,105,6,ok
nsga2,c202_21,24,3404943526.005015,333.920472,0.704659,21860.8858,105,6,ok
nsga2,c202_21,25,3556836350.29593,107.659928,1.30776,42562.6773,105,3,ok
nsga2,c202_21,26,3258712251.129264,491.481797,1.339185,33804.806,105,6,ok
nsga2,c202_21,27,3747183742.393717,212.249975,0.911995,36569.8025,105,6,ok
nsga2,c202_21,28,4035496695.343014,2.100962,3.029306,25365.0641,105,4,ok
nsga2,c202_21,29,3845892581.657473,177.867558,0.654769,40470.2528,105,5,ok
nsga2,c202_21,30,3960672542.959227,167.422595,0.571556,33151.3766,105,6,ok
smsemoa,c202_21,1,3957434929.565699,100.688409,0.948993,18457.0202,105,5,ok
smsemoa,c202_21,2,3514470743.974596,147.102277,1.197688,29068.7141,101,6,ok
smsemoa,c202_21,3,3513726606.048218,118.387131,1.69177,27122.146,105,5,ok
smsemoa,c202_21,4,3443653012.057201,216.370713,1.083011,17978.2879,105,3,ok
smsemoa,c202_21,5,3581575880.617769,106.177903,1.090519,28673.136,105,5,ok
smsemoa,c202_21,6,3985428973.16505,49.21284,3.109591,37980.3027,105,5,ok
smsemoa,c202_21,7,3926880052.783742,40.936817,1.565183,32526.5348,105,5,ok
smsemoa,c202_21,8,3420170027.75152,318.967672,0.965706,28852.5225,105,5,ok
smsemoa,c202_21,9,3428417185.19143,223.405063,0.679735,10878.8043,105,4,ok
smsemoa,c202_21,10,3387890123.422951,210.391348,2.561087,39900.1609,105,4,ok
smsemoa,c202_21,11,3585409971.018356,60.287605,1.092792,11361.954,105,5,ok
smsemoa,c202_21,12,3903152661.919313,102.457728,1.898625,32128.6343,105,5,ok
smsemoa,c202_21,13,3641676440.264284,309.188676,2.445837,37019.1737,105,5,ok
smsemoa,c202_21,14,3510946258.234828,187.833739,1.685997,28106.1231,105,4,ok
smsemoa,c202_21,15,3940759448.894865,106.896219,1.319243,34183.5382,105,5,ok
smsemoa,c202_21,16,3442335721.419817,255.394247,1.822312,24600.7538,105,5,ok
smsemoa,c202_21,17,3889824905.377449,82.059395,2.120241,34876.3917,105,5,ok
smsemoa,c202_21,18,3235779745.022709,506.329502,0.950078,27748.2123,105,5,ok
smsemoa,c202_21,19,3809255009.225936,198.587809,1.686013,31704.417,105,6,ok
smsemoa,c202_21,20,3471158345.509195,120.33298,3.587442,24093.4074,105,4,ok
smsemoa,c202_21,21,3591231502.985382,180.21486,0.857939,13628.7543,105,5,ok
smsemoa,c202_21,22,3432838813.916524,266.794033,1.820516,23347.001,105,3,ok
smsemoa,c202_21,23,3942943992.068264,21.526789,2.212897,41083.7483,105,5,ok
smsemoa,c202_21,24,3595036561.931591,62.23816,1.274426,18878.0035,105,4,ok
smsemoa,c202_21,25,3622013270.131009,65.902234,1.322622,29785.2367,105,5,ok
smsemoa,c202_21,26,3804127368.807962,144.136906,1.574723,43153.596,105,5,ok
smsemoa,c202_21,27,3986592653.76939,38.836696,1.825847,35723.7279,105,5,ok
smsemoa,c202_21,28,3505185323.460552,159.483901,2.120487,37153.1755,105,6,ok
smsemoa,c202_21,29,3873462207.268597,146.554157,2.749268,32237.6622,105,6,ok
smsemoa,c202_21,30,3290029602.284414,366.927412,1.189198,25547.15,105,6,ok
moead_ws,c203_21,1,564508921.942068,464.398629,9.153954,44171.9073,95,3,ok
moead_ws,c203_21,2,648739522.154158,699.129002,5.607655,31007.5369,82,4,ok
moead_ws,c203_21,3,609367520.779635,746.755554,7.888628,35194.2796,104,4,ok
moead_ws,c203_21,4,523211133.431895,635.991334,8.728658,48450.9656,83,4,ok
moead_ws,c203_21,5,894194159.795696,272.162436,8.442641,32556.4875,87,5,ok
moead_ws,c203_21,6,746702289.124023,526.224592,8.282354,43269.5885,91,4,ok
moead_ws,c203_21,7,793392674.403195,271.156678,8.687439,24386.4237,92,5,ok
moead_ws,c203_21,8,670251225.733083,469.026963,4.14596,35489.4771,94,3,ok
moead_ws,c203_21,9,588804672.630303,791.251644,8.696282,58044.3047,102,6,ok
moead_ws,c203_21,10,701747828.496869,424.773232,7.773268,31549.2127,102,4,ok
moead_ws,c203_21,11,645423414.247636,411.122162,9.655544,32485.5757,95,3,ok
moead_ws,c203_21,12,668139190.078128,694.283287,6.058553,28397.9224,100,5,ok
moead_ws,c203_21,13,642123111.252673,577.19925,6.752707,24606.1749,96,3,ok
moead_ws,c203_21,14,671658013.546112,466.028169,9.688728,40046.7616,96,3,ok
moead_ws,c203_21,15,606032318.421336,513.78302,9.864446,51055.609,101,3,ok
moead_ws,c203_21,16,635896147.003078,475.581845,5.068361,33092.0441,103,4,ok
moead_ws,c203_21,17,621867945.568516,348.299253,8.392092,38063.4192,89,3,ok
moead_ws,c203_21,18,597569716.42237,617.21169,6.874488,38089.1248,96,3,ok
moead_ws,c203_21,19,592364129.622481,644.512359,9.690499,34200.4277,102,3,ok
moead_ws,c203_21,20,615559309.204077,645.509115,8.842272,42956.128,87,5,ok
moead_ws,c203_21,21,753104436.973605,580.692734,4.666463,27845.8204,89,3,ok
moead_ws,c203_21,22,526906368.321665,860.142101,5.7441,32718.2107,101,4,ok
moead_ws,c203_21,23,740727204.985653,454.233809,4.916301,36091.6788,102,2,ok
moead_ws,c203_21,24,657790595.552244,414.197698,7.327111,34932.3934,87,4,ok
moead_ws,c203_21,25,606492684.834909,523.250267,8.494057,29812.9931,93,4,ok
moead_ws,c203_21,26,725661071.684512,444.952687,9.62392,43275.6165,100,5,ok
moead_ws,c203_21,27,532817083.558167,709.184488,5.316465,33598.6868,100,3,ok
moead_ws,c203_21,28,542764432.736024,592.084803,8.928409,44445.8988,103,5,ok
moead_ws,c203_21,29,663511295.303569,468.65971,4.606291,31530.7395,97,3,ok
moead_ws,c203_21,30,648349660.77054,461.884214,8.49162,43466.3992,93,5,ok
nsga2,c203_21,1,979273443.1305,302.438276,1.113626,28788.3214,105,4,ok
nsga2,c203_21,2,931518328.573068,162.31007,1.187961,14447.6624,105,4,ok
nsga2,c203_21,3,1159676738.13666,20.579247,1.253282,21374.711,105,4,ok
nsga2,c203_21,4,1025320294.950088,206.836173,1.594925,27370.7535,105,5,ok
nsga2,c203_21,5,1143930110.143909,26.762103,1.937876,8096.6888,105,3,ok
nsga2,c203_21,6,912563385.061188,225.770439,0.645057,14052.3782,105,4,ok
nsga2,c203_21,7,1025482255.457673,292.60595,0.688806,24009.3461,105,5,ok
nsga2,c203_21,8,1022720319.24664,239.933673,0.602336,32901.3513,105,5,ok
nsga2,c203_21,9,1038967424.741048,188.04653,1.07733,26051.3434,105,5,ok
nsga2,c203_21,10,844569905.689684,377.19375,4.671891,19753.1766,105,4,ok
nsga2,c203_21,11,878373410.344352,300.920397,3.343403,9670.318,105,4,ok
nsga2,c203_21,12,982581842.925099,71.799494,1.303858,15489.5369,105,3,ok
nsga2,c203_21,13,1093433301.347345,115.872753,0.663616,19539.1932,105,4,ok
nsga2,c203_21,14,910103876.469819,180.050097,0.69801,20103.5197,105,2,ok
nsga2,c203_21,15,977430230.451066,343.552947,0.784541,25278.5981,105,6,ok
nsga2,c203_21,16,888074260.522758,289.317046,0.546224,10572.9092,105,5,ok
nsga2,c203_21,17,986683919.999539,52.581063,4.94475,10513.7086,81,2,ok
nsga2,c203_21,18,1040600442.083148,235.505594,0.861597,24487.2819,105,4,ok
nsga2,c203_21,19,941552270.984739,196.126548,0.887635,14100.8977,105,4,ok
nsga2,c203_21,20,978094562.541735,332.489881,0.790767,25116.2514,105,5,ok
nsga2,c203_21,21,918808089.882295,228.346069,0.657518,18303.4806,105,5,ok
nsga2,c203_21,22,880726678.393593,366.349741,1.351637,28571.9067,105,4,ok
nsga2,c203_21,23,1074349978.286742,115.014874,1.424673,28987.9626,105,5,ok
nsga2,c203_21,24,889736611.172316,269.805694,0.443113,6839.3638,105,4,ok
nsga2,c203_21,25,915756289.193815,237.296868,0.483271,7064.6926,105,4,ok
nsga2,c203_21,26,969182010.920195,103.949859,0.788019,6433.5765,95,2,ok
nsga2,c203_21,27,1056042915.056804,160.395278,0.757561,23502.7242,105,5,ok
nsga2,c203_21,28,1024549139.315386,212.066771,0.825093,22081.8619,87,5,ok
nsga2,c203_21,29,1068120312.684196,175.480538,0.826947,13565.103,105,5,ok
nsga2,c203_21,30,876830749.780203,304.429391,0.432987,14939.0849,105,4,ok
smsemoa,c203_21,1,1082294243.614804,112.687733,1.112739,25146.3198,105,4,ok
smsemoa,c203_21,2,1155979278.881203,30.88412,1.152847,31475.0926,105,3,ok
smsemoa,c203_21,3,1071139005.292869,83.824153,1.363953,27900.0689,105,4,ok
smsemoa,c203_21,4,985551298.069865,79.907026,1.2634,15088.6016,105,4,ok
smsemoa,c203_21,5,1127858663.562341,48.205617,2.040639,14479.9334,105,4,ok
smsemoa,c203_21,6,948171580.922993,141.487066,1.554498,20472.3881,105,3,ok
smsemoa,c203_21,7,1044753716.274778,199.536184,1.702816,23400.6162,105,4,ok
smsemoa,c203_21,8,1089395239.856032,117.508935,0.692685,11692.0978,105,4,ok
smsemoa,c203_21,9,908220495.810225,254.805811,3.955393,17158.1778,105,4,ok
smsemoa,c203_21,10,892758532.184887,255.315356,1.396545,25709.7424,105,4,ok
smsemoa,c203_21,11,981087868.258279,77.676115,1.15582,10021.8489,105,3,ok
smsemoa,c203_21,12,944370323.989563,146.440206,1.370871,17721.8985,105,4,ok
smsemoa,c203_21,13,1091148557.504136,99.629535,0.822374,13334.7274,105,4,ok
smsemoa,c203_21,14,921714120.342626,197.266324,1.794355,18259.6576,105,5,ok
smsemoa,c203_21,15,1101031491.147209,103.039841,1.161103,26358.3362,105,5,ok
smsemoa,c203_21,16,1149837094.161533,0.861368,1.312558,17433.5867,105,5,ok
smsemoa,c203_21,17,932228231.845122,186.735139,1.469238,16692.7728,105,3,ok
smsemoa,c203_21,18,1033783456.298794,277.235766,3.940287,30155.5578,105,5,ok
smsemoa,c203_21,19,1109568655.404595,60.174217,1.365578,13334.3371,105,4,ok
smsemoa,c203_21,20,959239125.073219,115.576705,0.694836,9196.0989,105,3,ok
smsemoa,c203_21,21,1076489123.607285,90.140486,2.393369,27174.5872,105,4,ok
smsemoa,c203_21,22,974559801.385347,90.11603,1.074877,24072.9785,105,2,ok
smsemoa,c203_21,23,936603089.759165,173.333173,1.44095,31690.0211,104,5,ok
smsemoa,c203_21,24,1044703920.849698,204.081467,0.65441,14311.7768,102,5,ok
smsemoa,c203_21,25,1102785951.230811,106.055877,0.887023,20938.0593,105,4,ok
smsemoa,c203_21,26,1132577846.953127,37.861349,1.682837,22726.9825,105,4,ok
smsemoa,c203_21,27,953969307.612783,112.177938,0.796312,7920.67,105,3,ok
smsemoa,c203_21,28,918434385.346765,174.672548,1.781558,10887.0738,105,4,ok
smsemoa,c203_21,29,986767088.485852,61.169856,1.710026,13782.9812,105,3,ok
smsemoa,c203_21,30,1037652199.944408,177.728264,1.208284,27606.6843,105,5,ok
moead_ws,c204_21,1,1677240049.49184,311.584705,9.391338,22143.959,96,3,ok
moead_ws,c204_21,2,1682458769.098884,202.957187,9.247954,28587.9582,88,3,ok
moead_ws,c204_21,3,1579869039.241941,491.852277,7.506733,19977.5354,85,4,ok
moead_ws,c204_21,4,1666591653.166788,279.896847,9.165151,21797.2233,85,3,ok
moead_ws,c204_21,5,1396150599.378895,428.213818,9.694597,43102.7716,99,4,ok
moead_ws,c204_21,6,1638503918.924459,343.686797,9.042993,19676.8565,90,3,ok
moead_ws,c204_21,7,1582574215.840676,363.609688,9.502479,31282.1871,92,4,ok
moead_ws,c204_21,8,1690127566.649656,483.018123,3.901614,9643.7501,91,2,ok
moead_ws,c204_21,9,1645970924.025542,417.950335,7.811867,16081.293,96,3,ok
moead_ws,c204_21,10,1592590570.477375,527.194768,8.335681,28886.751,74,4,ok
moead_ws,c204_21,11,1317878863.020646,284.825624,8.126571,57504.0996,97,3,ok
moead_ws,c204_21,12,1809048706.75992,146.405074,0.0,15970.5188,103,4,ok
moead_ws,c204_21,13,1477234221.071836,588.657011,5.920971,23309.5145,83,3,ok
moead_ws,c204_21,14,1501992568.47351,453.870163,5.129369,12182.9788,103,4,ok
moead_ws,c204_21,15,1616238532.392461,377.545619,9.791086,26798.0871,102,4,ok
moead_ws,c204_21,16,1722731973.632711,281.58903,9.110434,20774.533,84,3,ok
moead_ws,c204_21,17,1518283794.448993,480.848519,8.298707,22393.2012,92,3,ok
moead_ws,c204_21,18,1511649055.904521,607.460358,9.752801,25700.9105,98,3,ok
moead_ws,c204_21,19,1591716986.125622,575.213368,4.606909,21654.8313,95,3,ok
moead_ws,c204_21,20,1793561712.94419,178.54216,9.165151,15162.6255,85,2,ok
moead_ws,c204_21,21,1511325581.722487,369.252357,8.944272,54109.2059,81,3,ok
moead_ws,c204_21,22,1194275625.346022,546.86967,9.0,74865.6299,82,3,ok
moead_ws,c204_21,23,1354048585.718198,473.564445,10.049876,29779.5236,102,4,ok
moead_ws,c204_21,24,1805307851.000002,141.992737,9.486833,14883.4783,91,2,ok
moead_ws,c204_21,25,1469482138.31611,536.149395,9.528952,39479.046,92,3,ok
moead_ws,c204_21,26,1722429330.384258,347.866599,9.380832,17828.562,89,2,ok
moead_ws,c204_21,27,1702497293.746118,536.038145,3.414417,18702.1956,87,2,ok
moead_ws,c204_21,28,1663542523.46101,370.824889,9.496885,22450.7331,98,4,ok
moead_ws,c204_21,29,1249477561.287038,355.568909,10.0,54524.3104,101,4,ok
moead_ws,c204_21,30,1672438396.449419,181.459568,9.327379,29075.2098,88,3,ok
nsga2,c204_21,1,1816461709.457371,253.222722,0.998227,5538.9341,105,2,ok
nsga2,c204_21,2,1883375279.882547,137.636095,1.630206,5716.2768,105,2,ok
nsga2,c204_21,3,1755229422.423216,378.488654,4.261976,9390.3088,105,3,ok
nsga2,c204_21,4,1819492599.845566,255.025655,0.890574,7595.8329,105,4,ok
nsga2,c204_21,5,1764369026.499583,353.592281,1.068177,16266.1593,105,4,ok
nsga2,c204_21,6,1826905962.727765,240.884044,0.66485,8435.6464,105,3,ok
nsga2,c204_21,7,1876775545.376471,147.461867,1.429684,7462.7927,86,3,ok
nsga2,c204_21,8,1890311857.048867,122.290065,1.611489,11683.0865,79,2,ok
nsga2,c204_21,9,1723280777.191286,421.836198,0.474928,6489.6682,105,4,ok
nsga2,c204_21,10,1777698403.378696,318.742062,1.221736,11337.0922,58,3,ok
nsga2,c204_21,11,1871259622.298689,151.814319,1.543269,1964.2501,88,3,ok
nsga2,c204_21,12,1781946297.29688,322.162105,0.90681,9233.9736,105,3,ok
nsga2,c204_21,13,1764666789.489429,347.247985,0.542143,7831.5742,105,3,ok
nsga2,c204_21,14,1759367849.090207,372.414283,0.666742,5523.7646,105,4,ok
nsga2,c204_21,15,1828231913.976592,233.002747,0.687384,8498.0167,105,3,ok
nsga2,c204_21,16,1817558071.184007,270.067691,0.92363,8874.3278,105,4,ok
nsga2,c204_21,17,1522626135.436258,330.576055,0.68006,5882.6943,105,3,ok
nsga2,c204_21,18,1881257630.756269,139.054905,0.969441,3644.3336,32,2,ok
nsga2,c204_21,19,1768247283.313127,368.809181,0.788052,11673.3715,105,3,ok
nsga2,c204_21,20,1923003130.974683,78.585895,1.520876,3560.322,92,4,ok
nsga2,c204_21,21,1812245939.433609,280.266782,0.685434,8489.0892,105,3,ok
nsga2,c204_21,22,1827495593.471355,227.485775,1.326828,9159.0736,99,3,ok
nsga2,c204_21,23,1911170000.610959,111.346004,0.79031,9385.8644,105,2,ok
nsga2,c204_21,24,1786674470.970643,297.492791,0.706725,13443.0592,105,3,ok
nsga2,c204_21,25,1848416320.772285,193.756648,1.309038,9964.4353,103,2,ok
nsga2,c204_21,26,1823201773.4557,242.947881,1.18543,12889.4295,105,3,ok
nsga2,c204_21,27,1820408513.528352,249.976943,1.574149,5180.499,77,2,ok
nsga2,c204_21,28,1774078795.095477,324.315468,2.163036,4817.758,103,3,ok
nsga2,c204_21,29,1808907620.42521,282.33721,1.067412,12246.0103,97,3,ok
nsga2,c204_21,30,1849733734.909334,209.051073,1.021999,8824.8914,105,2,ok
smsemoa,c204_21,1,1873798318.949607,156.653324,0.933572,6347.4288,105,3,ok
smsemoa,c204_21,2,1830700455.046995,221.426211,2.252572,4558.8661,55,2,ok
smsemoa,c204_21,3,1931817363.024148,72.412465,1.010067,10755.9514,66,2,ok
smsemoa,c204_21,4,1824765573.296652,248.263234,0.744859,4794.5591,105,3,ok
smsemoa,c204_21,5,1871537404.652064,183.866146,0.529852,9179.322,105,3,ok
smsemoa,c204_21,6,1831423168.111043,244.202098,1.201156,5461.5799,96,3,ok
smsemoa,c204_21,7,1894605904.356084,114.533157,5.65025,5484.5426,105,3,ok
smsemoa,c204_21,8,1910617631.462147,109.353276,0.644519,11521.7442,105,2,ok
smsemoa,c204_21,9,1846285353.06724,212.840744,0.625269,10096.9755,105,3,ok
smsemoa,c204_21,10,2153976371.685609,64.887025,1.09544,14929.9533,57,3,ok
smsemoa,c204_21,11,1884274151.587272,139.491183,1.341756,5163.6151,105,2,ok
smsemoa,c204_21,12,1833139634.80492,224.336683,0.823304,5111.5798,105,3,ok
smsemoa,c204_21,13,1922481804.723012,78.174792,1.056547,4606.8869,105,2,ok
smsemoa,c204_21,14,1889693896.901232,138.727475,2.034504,9148.9291,88,2,ok
smsemoa,c204_21,15,1919923437.287034,78.441593,2.076697,7277.3547,105,2,ok
smsemoa,c204_21,16,1888140501.719534,124.580168,1.248267,8539.9452,105,2,ok
smsemoa,c204_21,17,1784785414.914935,342.660803,1.29923,7151.8849,97,2,ok
smsemoa,c204_21,18,1885744001.48626,131.702439,2.481704,19633.6607,105,4,ok
smsemoa,c204_21,19,1850496844.7489,237.66813,0.808829,9831.4876,105,4,ok
smsemoa,c204_21,20,1881206500.9483,145.617535,0.927302,6039.0303,105,3,ok
smsemoa,c204_21,21,1986233846.634849,0.269231,1.419564,5143.3852,38,1,ok
smsemoa,c204_21,22,1905992469.422889,130.800624,0.944281,8988.4489,105,3,ok
smsemoa,c204_21,23,1885729992.63497,131.901883,1.490758,5826.4353,105,3,ok
smsemoa,c204_21,24,1914453145.896034,86.482643,1.104387,2635.8065,43,1,ok
smsemoa,c204_21,25,1881982127.372594,146.400825,1.095451,15565.5639,58,3,ok
smsemoa,c204_21,26,1882870231.206104,132.444478,1.467045,10721.5626,105,3,ok
smsemoa,c204_21,27,1902443867.431287,138.833453,0.558121,10301.7456,105,3,ok
smsemoa,c204_21,28,1909532016.462209,115.290633,0.681828,5545.4094,83,2,ok
smsemoa,c204_21,29,1889627527.479467,116.016026,2.076224,5541.7511,105,2,ok
smsemoa,c204_21,30,1766574388.543956,334.936957,5.929528,4439.0494,63,2,ok
moead_ws,c205_21,1,2886451522.593859,2184.489989,3.121016,39770.5593,103,3,ok
moead_ws,c205_21,2,1842474366.412506,1545.807525,3.623889,63624.5998,96,4,ok
moead_ws,c205_21,3,2659312725.018456,1035.465734,3.950489,62041.5738,100,4,ok
moead_ws,c205_21,4,2559599034.835763,1093.872848,4.742696,65285.1121,104,3,ok
moead_ws,c205_21,5,1506492410.378734,1216.604915,8.813453,112027.0876,90,3,ok
moead_ws,c205_21,6,2098626772.785024,8024.014808,9.493064,81147.3987,104,4,ok
moead_ws,c205_21,7,2938147072.381479,1379.164953,5.92463,46483.0516,104,3,ok
moead_ws,c205_21,8,2205795062.814024,5734.353921,6.039227,53937.1285,103,4,ok
moead_ws,c205_21,9,2213106221.598891,1127.410272,3.105752,65651.3556,102,3,ok
moead_ws,c205_21,10,2424975823.979215,895.478385,9.347907,80485.7769,96,4,ok
moead_ws,c205_21,11,2758306299.351398,892.19264,4.370023,45644.3556,98,3,ok
moead_ws,c205_21,12,2007361377.673185,3234.725406,7.207767,76783.1572,92,5,ok
moead_ws,c205_21,13,2710603648.202069,1030.964676,5.234879,40470.5511,99,3,ok
moead_ws,c205_21,14,2514375882.924704,1553.392321,2.64189,55236.9919,104,4,ok
moead_ws,c205_21,15,1775424209.131948,1273.606119,3.057222,66510.8798,103,3,ok
moead_ws,c205_21,16,1654998162.822037,1956.618186,2.679859,65555.4685,105,3,ok
moead_ws,c205_21,17,2541882394.211646,1187.62225,9.468832,84644.0795,103,3,ok
moead_ws,c205_21,18,2029311263.128565,926.21034,9.55378,86367.4907,100,3,ok
moead_ws,c205_21,19,2401929667.348265,915.060332,6.028068,57941.0357,100,2,ok
moead_ws,c205_21,20,2592358275.331499,834.471246,9.318341,73991.9924,104,3,ok
moead_ws,c205_21,21,2043370151.914157,1433.177356,3.637352,73166.6564,105,2,ok
moead_ws,c205_21,22,2477949778.504381,982.314196,9.239189,85219.4671,104,4,ok
moead_ws,c205_21,23,2376163683.493882,4052.512357,8.053189,101649.8069,102,4,ok
moead_ws,c205_21,24,1994867914.563018,845.590457,9.204613,89399.7418,102,3,ok
moead_ws,c205_21,25,2638467187.666819,673.945371,4.907571,65040.133,102,3,ok
moead_ws,c205_21,26,2073478641.903959,2947.823198,5.776151,70887.9699,96,4,ok
moead_ws,c205_21,27,2332793202.079299,1937.105738,3.299979,60353.5782,104,3,ok
moead_ws,c205_21,28,2763985771.309942,562.90044,9.516601,108720.9312,97,4,ok
moead_ws,c205_21,29,2334470531.576411,1098.601691,6.242573,84769.2623,88,5,ok
moead_ws,c205_21,30,2258787093.944757,1136.816431,6.397299,85727.4261,104,4,ok
nsga2,c205_21,1,3721876597.164471,298.236586,0.816187,46566.2568,105,5,ok
nsga2,c205_21,2,3671442650.124717,166.587889,1.468977,38454.6817,105,3,ok
nsga2,c205_21,3,3605332538.8244,175.244147,0.967486,53265.1274,105,3,ok
nsga2,c205_21,4,3869911920.28688,179.602193,0.94146,43750.5324,105,6,ok
nsga2,c205_21,5,4211294785.098478,12.223521,0.842876,48689.5924,105,4,ok
nsga2,c205_21,6,3705547298.142354,114.519886,2.494485,43494.5404,105,3,ok
nsga2,c205_21,7,4058907287.436977,55.873438,0.988652,30674.2264,105,6,ok
nsga2,c205_21,8,3562039116.836672,301.383408,0.58558,51860.9047,105,4,ok
nsga2,c205_21,9,3855037116.596289,202.001197,2.143107,47630.096,105,4,ok
nsga2,c205_21,10,3867915648.267222,207.935201,3.818325,47309.1337,105,5,ok
nsga2,c205_21,11,3716148455.194186,153.898192,0.724816,36728.2085,105,5,ok
nsga2,c205_21,12,3516335846.232009,282.112037,0.697358,44134.9077,105,4,ok
nsga2,c205_21,13,3538358554.051902,207.161576,0.851986,32955.7396,105,5,ok
nsga2,c205_21,14,3657969131.39157,139.126335,1.064537,31715.3338,105,4,ok
nsga2,c205_21,15,3652902359.145167,134.083835,1.854149,49025.2119,105,4,ok
nsga2,c205_21,16,3790134805.896761,58.447202,2.656763,30730.8652,105,3,ok
nsga2,c205_21,17,3575508756.438849,235.698508,1.083144,47611.6517,105,4,ok
nsga2,c205_21,18,3588500797.928578,187.509532,0.943444,32367.7124,105,4,ok
nsga2,c205_21,19,4145214617.352824,81.567098,2.529194,36706.4741,105,3,ok
nsga2,c205_21,20,3654322367.189243,184.776279,0.98851,40201.5706,105,5,ok
nsga2,c205_21,21,3768252476.638318,220.971581,0.834141,60184.3004,105,7,ok
nsga2,c205_21,22,3970785905.298977,141.292056,4.733566,35679.5984,105,5,ok
nsga2,c205_21,23,4012877423.100321,109.770503,1.220787,50443.8837,105,5,ok
nsga2,c205_21,24,4156705140.227717,7.404313,0.990472,39975.1938,105,3,ok
nsga2,c205_21,25,3563013200.344219,219.161753,3.75034,45382.7323,105,5,ok
nsga2,c205_21,26,3722566871.104705,139.808431,0.949217,40838.6086,105,3,ok
nsga2,c205_21,27,3976563562.799325,117.588044,0.693833,54737.7058,105,5,ok
nsga2,c205_21,28,3350037987.496767,408.852714,0.952891,37337.9586,105,5,ok
nsga2,c205_21,29,3818684079.603331,299.418597,0.704951,53254.7759,105,6,ok
nsga2,c205_21,30,3879499306.302134,179.07499,2.450964,43743.5684,105,3,ok
smsemoa,c205_21,1,3601718458.802974,155.289708,1.047845,51517.1112,105,5,ok
smsemoa,c205_21,2,4016832695.203156,61.668642,1.091879,30565.6757,104,4,ok
smsemoa,c205_21,3,4067301060.142719,109.374521,2.021809,45033.4924,104,4,ok
smsemoa,c205_21,4,4109083566.925498,16.746784,1.928085,46997.0144,105,5,ok
smsemoa,c205_21,5,3497001052.386765,400.136223,2.042074,43113.98,105,4,ok
smsemoa,c205_21,6,3807687063.149657,23.28169,1.59495,12364.5126,64,4,ok
smsemoa,c205_21,7,3651795093.969517,126.113102,0.78726,14872.2726,105,2,ok
smsemoa,c205_21,8,3912028909.391749,174.670757,3.909256,51678.041,105,5,ok
smsemoa,c205_21,9,3460939872.541689,273.871976,0.917812,38915.3313,105,4,ok
smsemoa,c205_21,10,3790336146.613739,33.889706,4.276176,34158.0304,105,3,ok
smsemoa,c205_21,11,3795308032.196671,372.226581,2.135336,38596.4759,105,4,ok
smsemoa,c205_21,12,3419184422.224548,637.126549,2.23762,38909.4284,105,4,ok
smsemoa,c205_21,13,3932851978.212252,99.130817,1.012189,38389.5605,105,4,ok
smsemoa,c205_21,14,4082403944.203735,63.842259,1.180864,44518.9518,105,4,ok
smsemoa,c205_21,15,3672253918.000144,175.713123,0.909803,16010.3202,105,3,ok
smsemoa,c205_21,16,3975043075.354339,160.10361,1.152899,31361.6837,105,5,ok
smsemoa,c205_21,17,4106376332.814183,6.228725,1.710803,35420.0458,105,5,ok
smsemoa,c205_21,18,4029763088.555457,72.85586,3.44258,31424.89,102,5,ok
smsemoa,c205_21,19,3957462182.886328,126.909529,1.19907,39720.3082,105,5,ok
smsemoa,c205_21,20,3508429915.80474,259.44641,1.237991,29315.9174,105,3,ok
smsemoa,c205_21,21,3590053671.187098,212.663801,3.226782,36571.2359,105,4,ok
smsemoa,c205_21,22,4101902880.96184,29.425544,1.220117,39196.5362,105,5,ok
smsemoa,c205_21,23,3475804401.13458,285.657936,1.822289,30975.8866,105,3,ok
smsemoa,c205_21,24,4095983458.194582,84.165793,2.61748,59795.6667,105,5,ok
smsemoa,c205_21,25,3669926144.363676,141.609085,1.98626,44077.3966,105,4,ok
smsemoa,c205_21,26,3487569365.02606,283.681915,2.068832,37116.6425,105,5,ok
smsemoa,c205_21,27,3580492378.550505,189.89058,1.430081,24960.679,105,3,ok
smsemoa,c205_21,28,3935504833.461571,145.253108,4.182831,32373.6939,105,4,ok
smsemoa,c205_21,29,3720886542.269963,104.394037,1.63889,21331.5587,105,4,ok
smsemoa,c205_21,30,3746000736.573382,59.880534,1.214937,31554.185,105,4,ok
moead_ws,c206_21,1,1211746253.153523,543.529437,9.754532,66921.6593,100,3,ok
moead_ws,c206_21,2,962444743.838298,1339.893663,4.191111,55354.0687,105,3,ok
moead_ws,c206_21,3,918204400.274191,1758.891201,3.11794,67768.5933,99,5,ok
moead_ws,c206_21,4,1110094153.499738,776.766114,5.061432,61123.073,105,3,ok
moead_ws,c206_21,5,868340158.95124,951.842457,4.206185,58200.7276,104,2,ok
moead_ws,c206_21,6,1098277022.496376,1280.284746,6.437179,55505.8531,99,4,ok
moead_ws,c206_21,7,1250317876.293045,923.826052,5.134575,49798.669,100,4,ok
moead_ws,c206_21,8,833808121.470004,1247.693546,8.764646,78702.3723,105,5,ok
moead_ws,c206_21,9,942453545.996258,1073.183765,8.373062,67598.1439,103,5,ok
moead_ws,c206_21,10,1290653915.453777,970.013168,3.634255,45435.3726,95,2,ok
moead_ws,c206_21,11,985516942.322064,1116.27824,7.606394,70726.1973,90,5,ok
moead_ws,c206_21,12,937774797.152313,1640.616192,8.648347,61982.4098,104,3,ok
moead_ws,c206_21,13,1352334843.61567,2625.972753,9.606349,62361.1539,98,3,ok
moead_ws,c206_21,14,1346783041.081457,741.436902,4.584511,37950.9045,84,3,ok
moead_ws,c206_21,15,509337404.373202,1010.906655,8.937548,80836.6843,105,4,ok
moead_ws,c206_21,16,1009625692.036812,910.038686,3.24368,55275.0153,96,5,ok
moead_ws,c206_21,17,1011590227.923866,866.71446,7.051773,60322.985,104,3,ok
moead_ws,c206_21,18,844116363.759108,1000.692616,3.809825,55350.0978,95,2,ok
moead_ws,c206_21,19,995374862.367094,643.474288,6.476021,40825.5495,103,2,ok
moead_ws,c206_21,20,536400873.715494,1250.64606,6.131664,76360.0884,93,4,ok
moead_ws,c206_21,21,746945387.074923,1148.594396,5.188178,67619.0779,104,5,ok
moead_ws,c206_21,22,821016886.719511,1070.850258,5.528363,55972.2016,89,2,ok
moead_ws,c206_21,23,1150770767.253927,1340.915829,3.121974,45836.2643,103,2,ok
moead_ws,c206_21,24,802874781.229996,1328.784725,3.071782,66070.594,102,2,ok
moead_ws,c206_21,25,976658989.349378,994.89002,9.795742,71947.3725,100,3,ok
moead_ws,c206_21,26,1094593053.837402,922.412184,3.169363,42994.8212,100,2,ok
moead_ws,c206_21,27,1378293892.228644,1387.35204,9.004182,58310.796,95,3,ok
moead_ws,c206_21,28,1395156476.803992,637.566847,3.517507,50150.2664,104,2,ok
moead_ws,c206_21,29,967656165.033214,6192.399789,6.22002,55109.1719,96,5,ok
moead_ws,c206_21,30,710501870.312432,2324.216469,2.095439,69974.755,105,5,ok
nsga2,c206_21,1,2074037810.211393,125.744568,0.963564,24422.3328,105,5,ok
nsga2,c206_21,2,1902797915.068985,404.221553,0.899788,48346.6313,105,4,ok
nsga2,c206_21,3,1745120779.955512,366.044505,0.683867,28689.4625,105,5,ok
nsga2,c206_21,4,2107022983.653297,115.569821,0.815562,24854.1321,105,3,ok
nsga2,c206_21,5,1739243551.618972,274.390109,0.914198,30516.5329,105,5,ok
nsga2,c206_21,6,1904159449.107691,358.383683,0.776804,56715.3545,105,6,ok
nsga2,c206_21,7,2008406913.370793,217.848913,1.85907,32885.2924,105,6,ok
nsga2,c206_21,8,1982005996.982792,286.160646,0.876103,30792.4916,105,4,ok
nsga2,c206_21,9,2080137243.145423,142.780283,2.327631,19089.0937,105,4,ok
nsga2,c206_21,10,2174205993.504223,36.878323,2.704652,18699.3446,36,2,ok
nsga2,c206_21,11,2036465707.144662,171.851021,4.498583,30975.4497,105,4,ok
nsga2,c206_21,12,1672664523.362091,528.283868,2.01409,29124.627,105,5,ok
nsga2,c206_21,13,2061606781.281883,169.61726,3.070333,37285.9789,105,4,ok
nsga2,c206_21,14,2048756498.032982,210.808725,0.696011,28130.7687,105,4,ok
nsga2,c206_21,15,1983230649.95145,371.423255,0.935891,49709.3316,105,4,ok
nsga2,c206_21,16,1859675867.91906,482.11234,0.775444,40465.3797,105,4,ok
nsga2,c206_21,17,1981790165.271381,315.230174,1.498849,44348.7055,105,3,ok
nsga2,c206_21,18,1969878493.409641,391.873431,0.916026,35089.2164,105,5,ok
nsga2,c206_21,19,2015294173.784276,212.501523,0.906207,44564.2402,105,4,ok
nsga2,c206_21,20,2098378566.327505,123.432013,1.773911,29877.7763,105,4,ok
nsga2,c206_21,21,1827029296.976227,554.881292,0.852028,36953.1655,105,5,ok
nsga2,c206_21,22,1723369844.510399,382.66575,1.025583,46479.4518,105,3,ok
nsga2,c206_21,23,2121734953.424791,61.23349,1.127377,19146.8511,105,4,ok
nsga2,c206_21,24,2027296469.862498,197.216487,1.740658,40022.5956,105,5,ok
nsga2,c206_21,25,2048233073.776759,214.827708,0.638359,27682.9229,105,4,ok
nsga2,c206_21,26,1720674490.713276,360.009037,0.79296,32856.0559,105,4,ok
nsga2,c206_21,27,1791919213.588397,353.814537,0.809498,30334.0804,105,2,ok
nsga2,c206_21,28,1691073555.415669,450.232638,0.901418,31784.5472,105,6,ok
nsga2,c206_21,29,1795057434.354305,231.108277,0.932291,27565.8359,105,3,ok
nsga2,c206_21,30,1846612264.723004,392.524706,3.374995,57569.3205,105,4,ok
smsemoa,c206_21,1,1837539426.915917,147.436799,1.742866,27903.4023,105,3,ok
smsemoa,c206_21,2,2010190546.289062,190.66952,1.694017,34146.9217,100,5,ok
smsemoa,c206_21,3,2126757708.091192,89.467632,0.612296,5586.6252,105,3,ok
smsemoa,c206_21,4,1697568301.987951,404.032227,1.111376,30760.3999,105,5,ok
smsemoa,c206_21,5,2113419004.180118,113.34088,3.139832,20303.5638,105,3,ok
smsemoa,c206_21,6,1940792511.847034,308.944913,1.887892,41768.1171,100,4,ok
smsemoa,c206_21,7,2060848434.973064,171.632822,1.020728,37041.8136,105,4,ok
smsemoa,c206_21,8,1970561687.221013,213.914361,1.073779,25173.7725,105,4,ok
smsemoa,c206_21,9,2194468706.347983,8.831339,1.324709,8277.0885,90,4,ok
smsemoa,c206_21,10,2003191062.051817,291.694314,1.152721,32638.9275,105,4,ok
smsemoa,c206_21,11,1864213270.098091,133.09473,1.399007,29337.7118,105,3,ok
smsemoa,c206_21,12,1989341677.497492,203.226682,1.426046,36857.4624,103,6,ok
smsemoa,c206_21,13,1732414943.46708,415.368608,1.248063,23705.2609,105,3,ok
smsemoa,c206_21,14,1925172151.224883,350.159887,0.713518,25870.8232,105,5,ok
smsemoa,c206_21,15,2002215309.59768,194.081628,3.899113,25718.6398,105,4,ok
smsemoa,c206_21,16,2023604253.044885,224.471659,1.302653,18091.1772,101,3,ok
smsemoa,c206_21,17,1902078275.655084,348.621113,1.886329,30327.1131,105,4,ok
smsemoa,c206_21,18,1892571207.773779,498.264565,1.222363,37277.2555,105,5,ok
smsemoa,c206_21,19,2029412147.782916,185.200505,1.926617,47272.8669,105,4,ok
smsemoa,c206_21,20,2193071637.114496,4.193521,1.289546,5867.6339,105,3,ok
smsemoa,c206_21,21,1635731714.687887,480.228727,2.411477,37806.8509,105,3,ok
smsemoa,c206_21,22,1779554837.679433,240.848299,2.289845,42095.3733,105,4,ok
smsemoa,c206_21,23,1743737146.32289,311.969274,1.288932,24910.8547,105,4,ok
smsemoa,c206_21,24,2027035002.144356,225.297975,0.99629,24819.0056,105,4,ok
smsemoa,c206_21,25,1763463672.691893,281.248579,4.246272,21012.4327,105,4,ok
smsemoa,c206_21,26,1735907998.85465,296.737921,0.855836,32835.4456,105,4,ok
smsemoa,c206_21,27,1899762156.805085,401.978162,1.526285,44048.1344,105,4,ok
smsemoa,c206_21,28,1928956264.097309,314.650912,1.933844,28309.6151,105,3,ok
smsemoa,c206_21,29,1800070927.122745,249.223568,2.420589,34096.8564,89,4,ok
smsemoa,c206_21,30,2038539701.448899,243.420885,1.280281,36967.5312,105,4,ok
moead_ws,c207_21,1,1089585246.851416,1373.283338,4.608903,57730.2478,104,3,ok
moead_ws,c207_21,2,1001414871.589033,3174.126901,7.332891,58807.0226,98,4,ok
moead_ws,c207_21,3,1129596676.549993,2376.93191,3.534245,46526.2233,104,3,ok
moead_ws,c207_21,4,1239267165.264175,995.812855,8.866348,49522.0968,102,4,ok
moead_ws,c207_21,5,1317992625.68417,770.54196,6.048118,40995.6312,98,2,ok
moead_ws,c207_21,6,1227365010.459735,614.972566,7.496032,66858.3076,104,3,ok
moead_ws,c207_21,7,826392239.389731,3069.308825,6.908813,58690.8261,99,3,ok
moead_ws,c207_21,8,1346287721.224395,964.111171,4.705272,37079.1092,102,2,ok
moead_ws,c207_21,9,900020307.693908,1132.471177,3.829733,66385.1168,98,3,ok
moead_ws,c207_21,10,1084912323.205395,1534.692266,8.26044,47322.4371,99,3,ok
moead_ws,c207_21,11,1418626808.131336,2078.423279,5.95312,50177.9896,92,3,ok
moead_ws,c207_21,12,1032946641.463445,3262.501678,7.602786,55172.3149,93,3,ok
moead_ws,c207_21,13,1226523276.099372,1011.062051,3.498606,47241.9724,103,2,ok
moead_ws,c207_21,14,1061898039.010763,1555.274906,4.67047,53786.9457,105,4,ok
moead_ws,c207_21,15,841877217.711383,1793.224119,8.564555,96671.9385,88,3,ok
moead_ws,c207_21,16,877855086.170445,5259.341056,5.521259,60776.7679,99,3,ok
moead_ws,c207_21,17,1091579038.538212,913.371779,9.013327,65753.7301,92,4,ok
moead_ws,c207_21,18,1393974661.788119,1224.51256,8.543325,46930.2417,101,3,ok
moead_ws,c207_21,19,924486288.633768,644.965302,8.446923,62607.12,102,3,ok
moead_ws,c207_21,20,977255916.715798,1577.714153,7.567649,75322.4746,101,4,ok
moead_ws,c207_21,21,1198851511.564536,1164.463151,3.112311,37538.9539,104,2,ok
moead_ws,c207_21,22,1243106844.295386,1839.573854,5.939322,65347.1997,86,6,ok
moead_ws,c207_21,23,998692045.664994,1358.47751,4.621846,56324.7856,88,3,ok
moead_ws,c207_21,24,1196860177.085535,1143.426821,8.564951,60085.8753,91,4,ok
moead_ws,c207_21,25,1235268469.504973,3842.577735,5.741856,35824.4043,104,2,ok
moead_ws,c207_21,26,1057827004.154533,825.245126,7.045575,47322.7913,91,3,ok
moead_ws,c207_21,27,1433545315.822562,664.806601,7.699274,52313.8342,98,3,ok
moead_ws,c207_21,28,831893320.72874,1565.341119,7.093764,70279.9462,98,3,ok
moead_ws,c207_21,29,1125652677.815174,1252.004469,4.381559,56091.9224,100,4,ok
moead_ws,c207_21,30,1277983323.436504,784.362698,9.618526,80211.8442,100,4,ok
nsga2,c207_21,1,1502412229.337318,722.378486,0.844964,26574.5789,105,5,ok
nsga2,c207_21,2,1982949026.447955,372.554137,0.643358,41749.2226,105,4,ok
nsga2,c207_21,3,1880089601.583636,442.384836,0.648657,35938.5222,105,6,ok
nsga2,c207_21,4,1708712429.254195,499.110945,0.703736,40574.9645,105,2,ok
nsga2,c207_21,5,2006065139.274881,287.795414,0.756427,19192.9836,105,3,ok
nsga2,c207_21,6,2066818762.381157,224.601573,0.715933,24891.8128,105,4,ok
nsga2,c207_21,7,2005495146.529221,311.10687,0.833219,26049.9879,105,5,ok
nsga2,c207_21,8,2027830175.608438,241.741181,3.036742,30638.1517,105,4,ok
nsga2,c207_21,9,2235557594.087604,0.0,1.870963,17213.0399,79,2,ok
nsga2,c207_21,10,2022606387.639266,337.607503,0.728389,28344.5864,105,3,ok
nsga2,c207_21,11,2016641927.902102,361.821009,1.280979,34201.3089,105,3,ok
nsga2,c207_21,12,1751139444.740383,265.05373,1.433332,20424.3657,105,2,ok
nsga2,c207_21,13,1858945580.972199,587.849594,0.696112,23454.6965,105,5,ok
nsga2,c207_21,14,2118379566.02007,127.39548,5.329182,14927.5329,92,4,ok
nsga2,c207_21,15,2005451515.15109,247.018582,0.875218,35992.166,105,4,ok
nsga2,c207_21,16,2156991142.516828,125.272481,0.939293,10696.2684,104,3,ok
nsga2,c207_21,17,2022992787.490074,320.259386,0.631838,30695.686,105,4,ok
nsga2,c207_21,18,1994437494.297328,337.673396,0.745623,41288.7285,105,5,ok
nsga2,c207_21,19,1698938078.706485,349.559871,1.636703,18454.1776,105,3,ok
nsga2,c207_21,20,1933735597.588171,386.173922,0.770934,29091.5943,105,4,ok
nsga2,c207_21,21,1774254338.467534,239.397067,0.768942,27275.5265,105,2,ok
nsga2,c207_21,22,1714811447.50566,380.167487,0.74032,17809.0838,105,5,ok
nsga2,c207_21,23,1652249509.068361,495.483433,0.649672,14323.2023,105,4,ok
nsga2,c207_21,24,1704397697.01031,461.140363,0.694766,36918.3771,105,5,ok
nsga2,c207_21,25,2018855260.358266,256.355905,1.577215,27647.7686,104,4,ok
nsga2,c207_21,26,1707346426.137561,351.460924,0.904842,23509.1483,105,3,ok
nsga2,c207_21,27,2012265710.758274,293.968244,1.285158,21007.6241,105,4,ok
nsga2,c207_21,28,1805054110.069469,165.688891,1.829043,2726.9831,27,2,ok
nsga2,c207_21,29,1909256616.887062,432.700363,0.927346,43627.2453,105,5,ok
nsga2,c207_21,30,1644997397.955781,456.570905,0.774694,28471.5115,105,4,ok
smsemoa,c207_21,1,2078208249.001892,162.028882,3.975773,35164.0173,99,3,ok
smsemoa,c207_21,2,1788012011.544874,199.358672,1.462239,22778.2267,105,3,ok
smsemoa,c207_21,3,1956429422.860087,346.302354,1.171902,36357.4377,105,5,ok
smsemoa,c207_21,4,2132212205.552391,111.460408,0.887155,23430.8651,105,2,ok
smsemoa,c207_21,5,2078148010.912675,196.953384,4.032219,23522.7505,105,3,ok
smsemoa,c207_21,6,2061085345.349665,244.535195,1.468137,26454.6794,105,4,ok
smsemoa,c207_21,7,1736514856.833028,308.599324,1.60563,25603.5105,105,4,ok
smsemoa,c207_21,8,2036155439.277349,244.989046,1.075735,13322.3915,105,3,ok
smsemoa,c207_21,9,1650638506.692152,480.862712,1.13832,19179.5691,105,4,ok
smsemoa,c207_21,10,2138623887.410657,135.121051,2.429131,9350.8713,105,3,ok
smsemoa,c207_21,11,2055322978.373788,217.708016,1.531578,36626.7669,105,4,ok
smsemoa,c207_21,12,2125386154.346493,134.571385,2.401677,23597.8201,105,4,ok
smsemoa,c207_21,13,2106566260.696454,166.425797,1.218752,21807.8938,105,4,ok
smsemoa,c207_21,14,1673324111.023609,399.592272,3.293486,15619.4351,105,4,ok
smsemoa,c207_21,15,1586357094.477472,532.247846,2.36279,37486.0361,105,5,ok
smsemoa,c207_21,16,2077275064.235586,189.575939,1.553467,30671.5774,105,4,ok
smsemoa,c207_21,17,1719421355.839393,328.561094,4.894932,20822.2389,105,3,ok
smsemoa,c207_21,18,1653890392.818066,451.507304,1.354152,19662.8314,105,3,ok
smsemoa,c207_21,19,1789369773.886574,260.741822,0.918988,10373.7921,105,2,ok
smsemoa,c207_21,20,2083803787.859748,187.074377,1.875657,20427.601,105,2,ok
smsemoa,c207_21,21,1981791071.508845,472.692077,2.254948,40078.9471,105,4,ok
smsemoa,c207_21,22,1712267882.98528,372.793095,3.803632,22595.6251,105,3,ok
smsemoa,c207_21,23,1773619043.26851,226.25308,1.172143,37754.8386,105,2,ok
smsemoa,c207_21,24,1653781793.619215,384.178639,3.635964,21135.4302,105,3,ok
smsemoa,c207_21,25,1882880422.735335,31.262971,6.78233,1873.1209,47,2,ok
smsemoa,c207_21,26,1793084372.170399,199.24583,1.509369,10504.1481,59,3,ok
smsemoa,c207_21,27,2038374932.454853,216.145347,4.260481,34135.5733,105,4,ok
smsemoa,c207_21,28,1685808811.845761,406.183107,1.259174,23965.2255,102,3,ok
smsemoa,c207_21,29,2082111824.487502,218.683288,3.349462,37754.8429,79,3,ok
smsemoa,c207_21,30,1803803639.716035,225.821266,0.727333,34155.6654,105,2,ok
moead_ws,c208_21,1,584836734.822211,1228.861922,6.615105,64097.9483,103,3,ok
moead_ws,c208_21,2,578455183.775027,1005.105476,7.384526,64512.7965,104,3,ok
moead_ws,c208_21,3,862789030.768076,810.714601,5.510483,44969.4202,99,4,ok
moead_ws,c208_21,4,799895742.396056,768.008927,9.232872,66982.4415,100,4,ok
moead_ws,c208_21,5,887528994.52755,610.197488,7.512065,47325.6052,102,3,ok
moead_ws,c208_21,6,777283271.030068,978.306326,5.381228,48533.0731,89,4,ok
moead_ws,c208_21,7,568213468.333378,2791.029906,7.549391,61211.5101,102,3,ok
moead_ws,c208_21,8,376861506.528031,1116.211338,5.803076,66565.3125,93,3,ok
moead_ws,c208_21,9,478858139.720251,1447.033662,7.954788,64100.6256,105,4,ok
moead_ws,c208_21,10,575161874.929434,2608.127901,5.119338,50303.3374,99,3,ok
moead_ws,c208_21,11,294152048.309781,1286.738252,7.298682,75841.3535,96,3,ok
moead_ws,c208_21,12,502532568.221648,1436.58997,2.904046,57782.7801,102,3,ok
moead_ws,c208_21,13,588970365.9888,898.748804,9.899495,71761.3027,99,3,ok
moead_ws,c208_21,14,630834726.91199,928.953538,4.622062,61755.8569,104,3,ok
moead_ws,c208_21,15,680967309.385646,810.629126,3.613995,51673.2592,103,3,ok
moead_ws,c208_21,16,709513036.368514,1366.55257,9.667604,74966.3652,105,3,ok
moead_ws,c208_21,17,541960193.966893,815.60399,7.986784,74736.442,89,4,ok
moead_ws,c208_21,18,585040858.743464,3393.513252,4.659111,52900.0548,96,3,ok
moead_ws,c208_21,19,719249100.945873,1057.741311,8.297763,76678.6806,94,3,ok
moead_ws,c208_21,20,511426351.954106,1174.102728,3.410393,58064.5855,94,3,ok
moead_ws,c208_21,21,539334985.065358,1855.864289,7.744325,58193.1307,105,2,ok
moead_ws,c208_21,22,771419943.766678,685.001319,9.653709,64924.0464,101,4,ok
moead_ws,c208_21,23,747110511.454857,1226.498619,3.058681,45149.2864,104,4,ok
moead_ws,c208_21,24,616286034.791979,661.838714,7.928301,63152.1143,99,3,ok
moead_ws,c208_21,25,465331332.890037,1290.237064,4.756001,65939.2718,98,4,ok
moead_ws,c208_21,26,951674708.153493,550.303896,9.483941,57953.5131,97,4,ok
moead_ws,c208_21,27,694599582.328534,1342.084428,4.623898,44627.1879,97,4,ok
moead_ws,c208_21,28,626356695.414161,1110.025267,8.48211,74948.3997,105,4,ok
moead_ws,c208_21,29,890078530.886071,518.733188,6.395406,39397.8266,91,3,ok
moead_ws,c208_21,30,930257713.69509,1649.070491,5.275709,37131.1844,95,3,ok
nsga2,c208_21,1,1460692235.838203,52.087991,3.065408,19811.9627,105,3,ok
nsga2,c208_21,2,1361676525.965617,185.706198,1.014431,33653.1379,105,6,ok
nsga2,c208_21,3,1195427525.993024,229.09059,0.980574,32028.3716,105,2,ok
nsga2,c208_21,4,1160866369.52565,424.414645,0.686708,40573.7491,105,5,ok
nsga2,c208_21,5,1249366435.086096,331.42108,0.744464,25084.5133,105,5,ok
nsga2,c208_21,6,1267872228.849874,287.839951,0.675481,29314.9348,105,4,ok
nsga2,c208_21,7,1204228362.187898,166.624934,0.68214,10946.6522,105,3,ok
nsga2,c208_21,8,1403078284.280046,119.968224,1.211027,13250.6404,105,4,ok
nsga2,c208_21,9,1205039854.699924,210.328531,0.80969,33230.4852,105,3,ok
nsga2,c208_21,10,1149111097.890136,278.338462,1.3877,33868.5868,105,3,ok
nsga2,c208_21,11,1327135014.416822,233.443742,1.134226,28654.2864,105,4,ok
nsga2,c208_21,12,1315078972.169175,238.828476,1.064091,24390.8785,105,4,ok
nsga2,c208_21,13,1047313435.037946,534.392364,0.655384,21401.5948,105,3,ok
nsga2,c208_21,14,1155884413.402501,217.588349,0.844973,17962.7235,105,3,ok
nsga2,c208_21,15,1131676461.284894,283.682257,1.066205,13606.3994,105,3,ok
nsga2,c208_21,16,1308913575.141212,254.320209,0.859386,32423.8888,105,3,ok
nsga2,c208_21,17,1144393215.864672,305.083467,0.744347,24358.4655,105,3,ok
nsga2,c208_21,18,1407678473.552681,98.125015,1.860897,25339.6346,105,4,ok
nsga2,c208_21,19,1181481549.228071,208.156267,5.068476,13288.0656,105,3,ok
nsga2,c208_21,20,1188652598.612185,200.209118,1.845118,34964.8719,105,4,ok
nsga2,c208_21,21,1197096155.769795,188.110596,3.004463,27660.6058,68,4,ok
nsga2,c208_21,22,1340241325.942234,202.648047,1.597436,32509.7417,105,3,ok
nsga2,c208_21,23,1413069246.445003,67.566643,0.959774,22935.3705,105,5,ok
nsga2,c208_21,24,1427073177.073084,75.566698,2.175876,10572.6663,62,3,ok
nsga2,c208_21,25,1255270711.083439,356.410364,0.969717,43021.0698,105,5,ok
nsga2,c208_21,26,1402468839.081378,115.323279,1.074022,29801.4557,105,4,ok
nsga2,c208_21,27,1156172683.290631,230.269419,1.425143,21453.9884,105,3,ok
nsga2,c208_21,28,1321413722.57071,192.817234,0.67386,36069.8431,105,4,ok
nsga2,c208_21,29,1124268724.847708,366.83784,0.816046,37657.8383,105,3,ok
nsga2,c208_21,30,1396416496.170364,129.539661,0.761033,35866.3945,105,4,ok
smsemoa,c208_21,1,1253380965.165413,97.948871,2.142573,29920.1415,105,3,ok
smsemoa,c208_21,2,1471053421.048817,19.494133,1.80152,35088.0766,105,3,ok
smsemoa,c208_21,3,1161634633.854381,246.035744,8.024546,43806.6919,105,4,ok
smsemoa,c208_21,4,1397476925.185559,120.104445,1.351115,41866.0224,105,4,ok
smsemoa,c208_21,5,1308175104.922582,248.157759,1.497489,34371.7689,105,5,ok
smsemoa,c208_21,6,1256413677.430526,79.045933,3.482397,18091.2121,74,3,ok
smsemoa,c208_21,7,1123309728.038908,332.298835,1.899547,29922.5126,105,4,ok
smsemoa,c208_21,8,1276564032.739869,319.951707,0.855424,19825.0198,105,4,ok
smsemoa,c208_21,9,1253964894.953021,340.823422,0.993707,39736.6806,105,5,ok
smsemoa,c208_21,10,1373800964.878505,151.993207,2.092583,29640.8424,105,4,ok
smsemoa,c208_21,11,1220891453.254242,135.635559,3.605909,44032.1334,99,3,ok
smsemoa,c208_21,12,1431633949.392679,53.541525,2.130289,20796.6388,72,4,ok
smsemoa,c208_21,13,1431616341.992148,71.297885,2.197607,35287.4375,105,4,ok
smsemoa,c208_21,14,1394604072.319538,108.668939,1.224335,15328.925,105,4,ok
smsemoa,c208_21,15,1263920166.490755,254.523557,1.68901,42274.1057,105,4,ok
smsemoa,c208_21,16,1292492573.962737,230.369611,3.05664,43075.4139,105,4,ok
smsemoa,c208_21,17,1414711326.122323,124.594667,2.25715,22396.4382,105,4,ok
smsemoa,c208_21,18,1324118888.121252,211.404306,1.210531,26014.4749,105,4,ok
smsemoa,c208_21,19,1492027029.279227,4.401943,0.987504,12626.933,40,2,ok
smsemoa,c208_21,20,1319463412.369507,201.596418,1.723462,25626.7974,105,3,ok
smsemoa,c208_21,21,1230736798.733173,117.981459,3.313956,37847.8548,105,3,ok
smsemoa,c208_21,22,1199001157.977436,200.681092,1.399445,25110.5798,105,3,ok
smsemoa,c208_21,23,1242748433.00034,372.124765,3.070631,46072.2986,105,4,ok
smsemoa,c208_21,24,1480217383.380097,2.402004,2.01951,26222.8689,105,3,ok
smsemoa,c208_21,25,1314827432.022935,250.561553,1.039114,34620.1554,105,4,ok
smsemoa,c208_21,26,1295902054.883997,241.100425,1.466843,25945.7327,105,5,ok
smsemoa,c208_21,27,1340925713.304524,176.948269,0.984862,27454.4388,105,4,ok
smsemoa,c208_21,28,1141714684.534728,278.556305,5.192559,30314.1535,105,3,ok
smsemoa,c208_21,29,1412216817.831944,110.81177,1.772363,27288.1389,105,4,ok
smsemoa,c208_21,30,1085526084.719225,353.564475,1.132902,15942.1547,105,4,ok
moead_ws,r102_21,1,97149262.608754,452.809702,3.630395,3087.6975,102,13,ok
moead_ws,r102_21,2,118170613.816249,332.685665,1.619432,3246.7976,98,14,ok
moead_ws,r102_21,3,113334775.845191,316.62402,1.87834,3695.6169,103,12,ok
moead_ws,r102_21,4,103844057.559318,457.34445,2.041866,3842.1856,105,17,ok
moead_ws,r102_21,5,103962775.74337,429.228034,2.809902,3511.3046,104,12,ok
moead_ws,r102_21,6,109970540.245903,431.123989,2.411856,3467.6826,99,14,ok
moead_ws,r102_21,7,124405182.245556,266.408072,2.723255,3016.5786,99,13,ok
moead_ws,r102_21,8,114609303.177862,280.022474,3.535791,3123.8128,98,12,ok
moead_ws,r102_21,9,118473300.267924,314.521047,2.206634,2832.5739,104,14,ok
moead_ws,r102_21,10,101659033.182392,438.833323,5.627362,3651.6386,105,13,ok
moead_ws,r102_21,11,114925980.907393,378.564303,1.758821,3693.1199,104,13,ok
moead_ws,r102_21,12,82857678.173769,621.486276,2.956047,2341.0307,101,14,ok
moead_ws,r102_21,13,114978174.496808,319.036575,2.165547,3217.9116,104,13,ok
moead_ws,r102_21,14,105982924.191563,433.194913,1.706446,3836.6816,96,14,ok
moead_ws,r102_21,15,115713754.916559,325.942814,3.128336,3410.6679,101,13,ok
moead_ws,r102_21,16,89437372.206306,503.642493,3.875347,3893.8426,102,13,ok
moead_ws,r102_21,17,99511364.015738,435.564138,1.986033,3580.1232,102,16,ok
moead_ws,r102_21,18,102788949.643502,431.547503,5.109013,3872.5485,103,14,ok
moead_ws,r102_21,19,104788479.73629,421.298378,1.816566,3590.1472,99,20,ok
moead_ws,r102_21,20,98499878.999501,494.108241,1.986533,2610.8321,96,10,ok
moead_ws,r102_21,21,102599884.594886,424.829996,4.141195,3353.9605,104,15,ok
moead_ws,r102_21,22,105326025.824334,452.077594,1.806038,2931.7133,105,13,ok
moead_ws,r102_21,23,103671127.188836,407.754601,1.658719,2959.7458,100,12,ok
moead_ws,r102_21,24,101219910.685237,412.679421,2.872746,2592.1683,102,13,ok
moead_ws,r102_21,25,106657309.714354,345.998762,1.624063,2647.144,101,11,ok
moead_ws,r102_21,26,92419909.491549,478.269973,3.793692,2725.9666,104,10,ok
moead_ws,r102_21,27,102532792.668662,433.921894,1.607333,3262.4107,104,13,ok
moead_ws,r102_21,28,118001271.508258,343.268179,1.404005,2996.4589,97,16,ok
moead_ws,r102_21,29,103490325.756674,374.139914,4.385531,2751.7173,94,9,ok
moead_ws,r102_21,30,90257609.428827,520.583675,2.668876,3203.5419,102,11,ok
nsga2,r102_21,1,135847367.684678,237.450509,0.469082,1624.9001,105,13,ok
nsga2,r102_21,2,155032858.154371,174.283331,0.562247,2525.3019,105,15,ok
nsga2,r102_21,3,179580164.697718,3.890194,0.811697,1928.9633,105,12,ok
nsga2,r102_21,4,161745564.908438,129.248933,0.592282,2669.4796,105,14,ok
nsga2,r102_21,5,154858442.075739,172.803983,0.411219,2425.3121,105,15,ok
nsga2,r102_21,6,147191428.87023,212.240743,0.492587,2780.4985,105,15,ok
nsga2,r102_21,7,148921190.239499,201.39491,0.462677,2914.7611,105,15,ok
nsga2,r102_21,8,140276074.734949,183.839674,0.746921,2288.8188,105,13,ok
nsga2,r102_21,9,164504400.764054,85.471507,0.574448,2394.0218,105,12,ok
nsga2,r102_21,10,154774830.228409,152.561579,0.917744,3143.3861,105,16,ok
nsga2,r102_21,11,137902302.565171,304.401412,0.591942,2563.4735,105,17,ok
nsga2,r102_21,12,128495460.965256,312.462699,0.529193,2158.744,105,13,ok
nsga2,r102_21,13,166904110.383571,75.96017,0.611099,2429.2267,105,15,ok
nsga2,r102_21,14,163492482.998091,36.859997,0.82699,1581.0823,105,13,ok
nsga2,r102_21,15,174226218.201088,10.551408,0.808618,2667.668,105,12,ok
nsga2,r102_21,16,141957885.778229,188.929818,0.480434,2216.8278,105,14,ok
nsga2,r102_21,17,167064532.155796,95.264574,0.730449,2447.0265,105,13,ok
nsga2,r102_21,18,153686127.787303,168.398048,0.401861,2165.8341,105,16,ok
nsga2,r102_21,19,163800583.011912,115.479053,0.455651,2523.677,105,17,ok
nsga2,r102_21,20,140864519.077385,252.892939,0.692281,2911.7374,105,14,ok
nsga2,r102_21,21,168800339.600317,30.697801,0.76,2003.0235,105,12,ok
nsga2,r102_21,22,149932363.772877,211.229003,0.461956,2678.984,105,15,ok
nsga2,r102_21,23,148509954.961478,204.790472,0.448038,2974.4634,105,15,ok
nsga2,r102_21,24,153211764.48438,133.676449,0.728815,2060.4704,105,12,ok
nsga2,r102_21,25,139076890.946085,257.601693,0.501074,2566.8638,105,17,ok
nsga2,r102_21,26,160414624.973646,124.003886,0.474231,2302.468,105,13,ok
nsga2,r102_21,27,156836191.352005,98.154835,0.563022,2217.9253,105,11,ok
nsga2,r102_21,28,167931933.80238,84.273535,0.67815,2716.9304,105,14,ok
nsga2,r102_21,29,157545502.060201,139.547594,0.451297,2514.0177,105,16,ok
nsga2,r102_21,30,142673619.113756,249.625631,0.692811,2657.4858,105,14,ok
smsemoa,r102_21,1,140125586.011828,337.667072,0.875229,3255.5363,105,15,ok
smsemoa,r102_21,2,143234425.156626,190.892328,0.706066,2423.6098,105,12,ok
smsemoa,r102_21,3,138359479.069183,200.099716,1.07051,2482.7024,105,16,ok
smsemoa,r102_21,4,137296307.696804,216.108365,1.005123,2104.3488,105,15,ok
smsemoa,r102_21,5,148328443.055033,176.859539,0.872986,2686.1109,105,13,ok
smsemoa,r102_21,6,159337613.396766,87.918723,1.129652,2451.0487,105,15,ok
smsemoa,r102_21,7,163250706.590995,89.291882,1.093665,2966.9885,105,12,ok
smsemoa,r102_21,8,130950178.595607,302.663085,0.728673,2254.2621,105,12,ok
smsemoa,r102_21,9,143906535.071313,204.928176,0.886701,2877.3633,105,18,ok
smsemoa,r102_21,10,145752468.101221,186.527725,1.535049,2307.1331,105,12,ok
smsemoa,r102_21,11,174749540.129045,92.147233,0.723621,2770.289,105,14,ok
smsemoa,r102_21,12,144811376.392531,206.844529,1.299932,2853.6901,105,14,ok
smsemoa,r102_21,13,150335376.964111,163.283287,0.864718,2141.2499,105,13,ok
smsemoa,r102_21,14,133844911.157595,283.623032,1.089116,2034.2625,105,12,ok
smsemoa,r102_21,15,132593584.196831,262.787315,0.90475,1602.2364,105,11,ok
smsemoa,r102_21,16,145847802.861975,200.822225,0.839986,2956.5751,105,13,ok
smsemoa,r102_21,17,153987036.46204,128.687539,0.972129,2225.0204,105,11,ok
smsemoa,r102_21,18,132820215.282985,231.330092,0.680445,1969.251,105,11,ok
smsemoa,r102_21,19,137147365.510392,312.03365,0.842223,2629.8452,105,14,ok
smsemoa,r102_21,20,150868845.127383,154.391192,1.098201,2407.0562,105,13,ok
smsemoa,r102_21,21,126888395.008931,315.884441,1.403355,2296.763,105,14,ok
smsemoa,r102_21,22,143107899.359357,248.252248,0.804459,2513.2656,105,12,ok
smsemoa,r102_21,23,159271237.525371,66.058457,2.450949,2489.5532,105,10,ok
smsemoa,r102_21,24,133494240.166821,307.525745,1.044242,2834.5905,105,15,ok
smsemoa,r102_21,25,151629974.563151,148.766975,0.767718,2497.2412,105,14,ok
smsemoa,r102_21,26,152800270.387244,133.625199,0.824582,1747.8878,105,12,ok
smsemoa,r102_21,27,143515299.803665,197.873483,1.13252,2883.8086,105,14,ok
smsemoa,r102_21,28,125342253.553388,305.803705,0.989276,2162.3812,105,13,ok
smsemoa,r102_21,29,145675168.389224,173.949663,0.976228,2406.2039,105,16,ok
smsemoa,r102_21,30,148562913.791285,178.186032,0.790061,2940.7153,105,15,ok
moead_ws,r103_21,1,67854609.246431,240.770196,2.138159,2963.0334,96,11,ok
moead_ws,r103_21,2,68446186.36538,275.98176,4.117192,2687.8067,103,9,ok
moead_ws,r103_21,3,72770858.981215,230.661005,2.678937,2744.329,99,13,ok
moead_ws,r103_21,4,61601414.243265,271.199633,6.295406,3327.539,94,10,ok
moead_ws,r103_21,5,59090766.239503,349.082773,4.318025,2020.9493,98,8,ok
moead_ws,r103_21,6,53295215.399118,403.606347,6.105435,2857.7354,99,10,ok
moead_ws,r103_21,7,64488676.517062,217.991625,2.75018,2288.5742,99,10,ok
moead_ws,r103_21,8,60180173.151047,339.425475,4.659214,2661.639,94,11,ok
moead_ws,r103_21,9,63535932.101361,287.964846,2.387434,2075.3111,99,9,ok
moead_ws,r103_21,10,68495051.079251,293.439865,1.640171,2498.1284,95,10,ok
moead_ws,r103_21,11,68930714.175439,257.060735,6.360424,2066.1404,99,9,ok
moead_ws,r103_21,12,67073717.139056,251.126726,4.694818,2620.6545,96,13,ok
moead_ws,r103_21,13,63999824.283923,227.479694,4.111146,2402.5544,101,9,ok
moead_ws,r103_21,14,62707401.850505,267.833767,3.994059,2315.8799,99,8,ok
moead_ws,r103_21,15,57598310.755622,471.474388,3.707682,2885.0146,98,13,ok
moead_ws,r103_21,16,64335948.866081,274.356482,4.415168,2227.7829,102,8,ok
moead_ws,r103_21,17,74008060.933991,128.064891,1.810498,2795.9016,99,10,ok
moead_ws,r103_21,18,74003428.203693,204.472256,2.809004,3241.9741,105,14,ok
moead_ws,r103_21,19,62382879.386371,212.61312,2.632052,1937.1678,101,11,ok
moead_ws,r103_21,20,58285473.913808,398.804492,4.557008,2692.4192,90,13,ok
moead_ws,r103_21,21,64474822.504644,282.96753,3.64901,2398.3351,91,11,ok
moead_ws,r103_21,22,64997911.234914,218.03772,2.366257,2232.3349,90,8,ok
moead_ws,r103_21,23,65333929.82835,235.246821,4.793452,2288.4355,95,10,ok
moead_ws,r103_21,24,69211675.57731,188.170901,6.481624,2482.6915,90,8,ok
moead_ws,r103_21,25,62633224.157271,311.873169,3.487047,2639.4185,98,12,ok
moead_ws,r103_21,26,65157060.367105,273.709426,2.723217,2704.389,100,10,ok
moead_ws,r103_21,27,55330014.847209,357.032182,2.13007,2281.4204,99,9,ok
moead_ws,r103_21,28,65585864.015371,256.792344,5.603818,1593.6064,99,8,ok
moead_ws,r103_21,29,70576361.153973,206.661372,5.101369,2456.3934,103,11,ok
moead_ws,r103_21,30,81957780.413659,130.137729,2.356069,1644.5634,99,8,ok
nsga2,r103_21,1,81825182.749827,141.520821,0.603558,1544.6356,105,10,ok
nsga2,r103_21,2,83932608.423909,189.815795,0.411686,2086.0242,105,10,ok
nsga2,r103_21,3,72333779.295349,221.442748,0.653671,1507.1223,105,8,ok
nsga2,r103_21,4,78430860.5059,217.063476,0.576054,1534.5856,105,11,ok
nsga2,r103_21,5,79281098.61657,180.433024,0.843521,1632.3872,105,11,ok
nsga2,r103_21,6,94129372.273266,115.953257,0.521051,1639.91,105,10,ok
nsga2,r103_21,7,77880909.857759,205.324283,0.684789,2158.1814,105,11,ok
nsga2,r103_21,8,83735657.298605,155.73074,0.693146,2039.6385,105,10,ok
nsga2,r103_21,9,88991264.010342,106.13398,0.58928,1724.4945,105,9,ok
nsga2,r103_21,10,77367484.212023,203.337283,0.623161,1836.9269,105,10,ok
nsga2,r103_21,11,84909441.724239,102.501546,0.527124,1342.9031,105,7,ok
nsga2,r103_21,12,73835372.538857,244.119693,0.749074,1813.5074,105,11,ok
nsga2,r103_21,13,87496615.809542,116.733105,0.63501,1843.2943,105,10,ok
nsga2,r103_21,14,82660305.984633,173.467756,0.575202,2125.4084,105,10,ok
nsga2,r103_21,15,96264090.954074,0.767552,0.563764,1120.1566,105,7,ok
nsga2,r103_21,16,83899162.670235,172.275411,0.575942,1771.8682,105,9,ok
nsga2,r103_21,17,88616723.082168,99.975305,0.99027,1481.1945,105,8,ok
nsga2,r103_21,18,79555480.172673,171.690888,0.531052,1719.4924,105,9,ok
nsga2,r103_21,19,83139023.948325,163.227336,0.636903,1636.8592,105,9,ok
nsga2,r103_21,20,95876669.142951,80.216225,0.544622,1795.9786,105,8,ok
nsga2,r103_21,21,84180769.678143,120.051389,0.633981,1911.6968,105,9,ok
nsga2,r103_21,22,89633469.142778,121.467327,0.534397,2506.2477,105,12,ok
nsga2,r103_21,23,80796921.919727,170.973169,1.226245,1508.724,105,8,ok
nsga2,r103_21,24,86172631.147357,151.608682,0.73864,1910.7907,105,10,ok
nsga2,r103_21,25,87967618.806398,112.264451,1.676154,1477.2512,105,11,ok
nsga2,r103_21,26,92719449.074733,107.077607,0.754135,1987.9394,105,10,ok
nsga2,r103_21,27,81146906.914427,163.016857,0.550327,1893.4173,105,9,ok
nsga2,r103_21,28,90763010.912049,68.728449,0.409056,1705.3754,105,10,ok
nsga2,r103_21,29,88625695.578442,88.526936,0.755962,1813.064,105,10,ok
nsga2,r103_21,30,83881791.260186,175.779004,0.471026,1391.0637,105,11,ok
smsemoa,r103_21,1,76065043.399914,253.188711,1.063204,2017.1411,105,10,ok
smsemoa,r103_21,2,91481289.730134,63.963729,1.141463,1752.9821,105,10,ok
smsemoa,r103_21,3,87150288.695251,87.031339,1.576167,1674.0198,105,9,ok
smsemoa,r103_21,4,91407107.572774,50.844298,0.759028,1592.6554,105,9,ok
smsemoa,r103_21,5,83387585.219257,109.396023,1.183802,1975.9557,105,13,ok
smsemoa,r103_21,6,87906780.81772,113.191863,0.945551,1849.0765,105,13,ok
smsemoa,r103_21,7,91312233.64976,66.257908,0.994722,1603.6171,105,11,ok
smsemoa,r103_21,8,86393447.323571,73.224042,1.16966,1661.2108,105,11,ok
smsemoa,r103_21,9,84591106.4724,122.696629,1.326469,2220.0407,105,11,ok
smsemoa,r103_21,10,79752519.494729,161.431822,1.627845,2151.5309,105,12,ok
smsemoa,r103_21,11,91054287.216194,78.216978,0.876931,1846.3612,105,11,ok
smsemoa,r103_21,12,91663280.755074,52.392537,0.84222,2092.255,105,10,ok
smsemoa,r103_21,13,80679552.655379,161.491564,1.232109,1597.4726,105,13,ok
smsemoa,r103_21,14,95285161.161255,77.357192,0.931665,1995.8585,105,11,ok
smsemoa,r103_21,15,76108049.691942,241.307508,1.370625,1773.2552,105,11,ok
smsemoa,r103_21,16,76436019.332151,221.896421,0.858382,2243.2486,105,13,ok
smsemoa,r103_21,17,69005425.113586,206.463001,1.042527,1118.3626,105,8,ok
smsemoa,r103_21,18,77721426.403346,229.115846,1.128426,2036.1169,105,11,ok
smsemoa,r103_21,19,77962913.627808,188.869742,1.308312,1403.182,105,9,ok
smsemoa,r103_21,20,86100899.639024,146.357503,0.76803,2111.1377,105,10,ok
smsemoa,r103_21,21,89685581.020733,9.256228,1.734245,1155.6135,105,8,ok
smsemoa,r103_21,22,86171099.306776,128.639212,1.318151,1503.6583,105,10,ok
smsemoa,r103_21,23,86779569.30034,138.008192,0.82703,2078.5227,105,10,ok
smsemoa,r103_21,24,79751493.243179,167.043926,0.96109,1589.564,105,10,ok
smsemoa,r103_21,25,81146062.439675,138.841367,0.916939,1393.3949,105,7,ok
smsemoa,r103_21,26,90800046.043043,63.32069,0.998199,1960.0782,105,10,ok
smsemoa,r103_21,27,72509280.516389,233.499779,1.072058,1373.4468,105,10,ok
smsemoa,r103_21,28,81307974.341045,109.571393,1.319901,1763.7675,105,9,ok
smsemoa,r103_21,29,85905303.222224,138.340996,0.869763,1847.5736,105,11,ok
smsemoa,r103_21,30,96453356.151638,58.120267,0.958777,2065.0319,105,11,ok
moead_ws,r104_21,1,33296953.081398,244.555946,8.859667,1915.0849,91,7,ok
moead_ws,r104_21,2,41409483.253697,84.576315,4.118968,1443.9597,100,7,ok
moead_ws,r104_21,3,40521088.938576,169.183009,6.373425,1659.8585,87,7,ok
moead_ws,r104_21,4,38194251.19855,163.142042,7.459771,1832.5922,95,7,ok
moead_ws,r104_21,5,30920873.831328,316.315285,3.286857,590.4744,96,4,ok
moead_ws,r104_21,6,33723396.074249,246.012577,4.815103,1301.6367,92,7,ok
moead_ws,r104_21,7,41170357.103641,115.55933,6.245119,1380.3578,96,7,ok
moead_ws,r104_21,8,33810533.961093,265.552473,5.303588,1794.7571,98,7,ok
moead_ws,r104_21,9,30905464.897774,339.56202,2.895001,1603.6833,97,10,ok
moead_ws,r104_21,10,39528589.202864,155.91892,5.763039,1824.0675,99,7,ok
moead_ws,r104_21,11,36515719.339309,225.990044,4.725156,1978.6364,85,8,ok
moead_ws,r104_21,12,35812747.881617,214.084724,5.210937,1041.4753,97,4,ok
moead_ws,r104_21,13,37848180.376757,115.387927,6.846184,2299.066,95,7,ok
moead_ws,r104_21,14,32399079.442581,297.221211,5.507104,1623.441,96,9,ok
moead_ws,r104_21,15,42961840.763818,126.226109,3.273146,1763.0527,100,8,ok
moead_ws,r104_21,16,36660338.895565,178.236226,2.381948,1512.7112,99,6,ok
moead_ws,r104_21,17,43512188.357815,98.386055,4.707373,1941.3237,103,9,ok
moead_ws,r104_21,18,32063023.428015,260.311497,3.718703,942.916,100,6,ok
moead_ws,r104_21,19,34332023.658158,283.241144,5.654601,2039.1819,103,9,ok
moead_ws,r104_21,20,36367857.410615,171.096013,7.489248,1053.1343,89,5,ok
moead_ws,r104_21,21,37550966.660863,147.048292,7.587562,2065.8725,102,5,ok
moead_ws,r104_21,22,32697069.315384,307.242189,5.174248,1455.8914,88,6,ok
moead_ws,r104_21,23,30963805.376884,343.62719,3.588133,1868.2298,82,8,ok
moead_ws,r104_21,24,31199183.922464,294.221098,7.197222,1425.7847,99,8,ok
moead_ws,r104_21,25,38905998.988889,189.871366,3.115733,1185.1746,87,7,ok
moead_ws,r104_21,26,32570183.270737,266.708738,2.600102,1397.2608,95,6,ok
moead_ws,r104_21,27,29425690.144171,369.329782,2.817914,1204.2149,98,7,ok
moead_ws,r104_21,28,36920264.15513,181.249245,7.623766,1545.4339,100,6,ok
moead_ws,r104_21,29,28427990.265738,356.557098,2.500141,1458.704,95,5,ok
moead_ws,r104_21,30,40052913.94109,165.529212,3.628497,1419.9033,103,6,ok
nsga2,r104_21,1,36034784.532583,236.945358,0.460919,893.3784,105,5,ok
nsga2,r104_21,2,44437685.036205,133.446015,0.595771,1108.8508,105,6,ok
nsga2,r104_21,3,40429692.761274,175.579727,0.532879,975.3641,105,6,ok
nsga2,r104_21,4,36622244.345905,253.945028,0.520889,1338.2005,105,8,ok
nsga2,r104_21,5,38205032.542179,241.980135,0.52283,913.8909,105,8,ok
nsga2,r104_21,6,44242332.620128,43.711876,1.005264,726.3907,89,3,ok
nsga2,r104_21,7,42232304.285273,109.66885,0.637012,986.0686,105,6,ok
nsga2,r104_21,8,40837428.243396,203.014144,1.131908,1015.0947,105,5,ok
nsga2,r104_21,9,36308734.127407,224.016623,0.677199,831.7749,105,6,ok
nsga2,r104_21,10,40056354.007655,175.218415,0.969801,703.1747,105,5,ok
nsga2,r104_21,11,38767949.09505,217.381982,0.631543,997.6885,105,7,ok
nsga2,r104_21,12,44605400.903886,115.474679,0.612632,1095.71,105,6,ok
nsga2,r104_21,13,47288951.132829,38.061526,0.752026,731.1535,105,6,ok
nsga2,r104_21,14,49057979.370232,53.37927,0.629002,1021.4628,105,7,ok
nsga2,r104_21,15,39954122.209431,180.776382,0.86866,703.6161,105,6,ok
nsga2,r104_21,16,46812044.061389,71.921657,0.547682,1212.4419,105,7,ok
nsga2,r104_21,17,38241266.162,153.113805,0.569614,635.8762,105,6,ok
nsga2,r104_21,18,39857366.324327,166.656282,0.748519,1050.6034,105,7,ok
nsga2,r104_21,19,37491663.291269,245.275206,0.593788,1214.1846,105,7,ok
nsga2,r104_21,20,35939897.232399,291.81305,0.570928,1030.5846,105,6,ok
nsga2,r104_21,21,42194448.665975,127.384693,0.569185,1246.4324,105,6,ok
nsga2,r104_21,22,45293923.128287,130.619251,0.8575,1678.2407,105,8,ok
nsga2,r104_21,23,41374684.656978,136.924126,1.004413,863.4902,105,6,ok
nsga2,r104_21,24,39538854.397428,190.452121,0.639012,1054.2693,105,6,ok
nsga2,r104_21,25,39607369.216164,174.580312,0.713554,875.6509,105,6,ok
nsga2,r104_21,26,42841813.145592,171.547675,0.50505,1169.2137,105,7,ok
nsga2,r104_21,27,39978794.62202,189.512696,0.675618,998.2307,105,6,ok
nsga2,r104_21,28,41623884.055407,122.850074,0.831773,611.5089,105,6,ok
nsga2,r104_21,29,40465279.206661,174.452357,0.757147,960.091,105,5,ok
nsga2,r104_21,30,33828683.242955,295.641165,0.391578,952.145,105,7,ok
smsemoa,r104_21,1,42091256.706841,120.928207,1.185983,813.4523,105,5,ok
smsemoa,r104_21,2,51812335.802944,1.552576,0.717864,1019.2571,105,7,ok
smsemoa,r104_21,3,42321400.377733,112.989891,0.706956,827.3386,105,4,ok
smsemoa,r104_21,4,40454363.392255,146.499624,1.370043,749.4694,105,6,ok
smsemoa,r104_21,5,45799765.737721,82.376637,0.83327,1026.6213,105,7,ok
smsemoa,r104_21,6,38691393.100346,225.051542,1.008209,1216.076,105,7,ok
smsemoa,r104_21,7,47099812.594156,51.517042,0.769315,1186.1823,105,6,ok
smsemoa,r104_21,8,46479135.702189,61.432133,1.215457,1303.494,105,7,ok
smsemoa,r104_21,9,41396841.234377,151.295477,0.896865,1256.5694,105,6,ok
smsemoa,r104_21,10,35959544.928837,249.64136,0.82381,1071.2651,105,7,ok
smsemoa,r104_21,11,43642074.673259,110.487744,0.851084,1111.8739,105,7,ok
smsemoa,r104_21,12,50744643.785876,8.128583,1.097644,1096.8054,105,7,ok
smsemoa,r104_21,13,40572995.259313,158.677217,3.4991,955.542,105,4,ok
smsemoa,r104_21,14,43912226.731208,157.818689,0.497905,1218.347,105,7,ok
smsemoa,r104_21,15,49488340.265402,32.134564,1.359994,1019.9151,105,7,ok
smsemoa,r104_21,16,42693294.767665,164.622106,0.96977,1207.1405,105,6,ok
smsemoa,r104_21,17,47025067.454421,75.088135,0.966822,1267.7505,105,6,ok
smsemoa,r104_21,18,42731421.947476,103.81229,1.325942,903.2917,104,5,ok
smsemoa,r104_21,19,39834384.163027,178.875662,0.852621,846.4241,105,6,ok
smsemoa,r104_21,20,41395854.071668,119.204016,0.897786,1064.9197,105,8,ok
smsemoa,r104_21,21,45622376.33236,92.788142,0.647764,940.3563,105,7,ok
smsemoa,r104_21,22,44145804.070738,114.638835,0.92229,988.2422,105,8,ok
smsemoa,r104_21,23,40108754.625043,185.124635,0.774568,1451.1945,105,7,ok
smsemoa,r104_21,24,47063264.036703,45.027328,0.730527,1104.1185,105,6,ok
smsemoa,r104_21,25,45881096.038083,85.200579,0.780964,963.8707,105,5,ok
smsemoa,r104_21,26,45070660.591725,96.781345,1.023166,1191.8018,105,7,ok
smsemoa,r104_21,27,43190169.494881,141.342986,0.951603,989.9638,105,7,ok
smsemoa,r104_21,28,38308725.951454,148.48827,1.185534,886.812,105,7,ok
smsemoa,r104_21,29,38853858.955488,199.856669,0.98594,1061.6649,105,7,ok
smsemoa,r104_21,30,40093078.072317,166.882278,1.388428,769.0233,105,6,ok
moead_ws,r105_21,1,72284473.007239,780.132936,3.23162,2905.6568,104,16,ok
moead_ws,r105_21,2,69862554.11412,755.203936,2.540919,2579.8059,99,10,ok
moead_ws,r105_21,3,69196871.227326,702.170763,5.122688,2904.5172,94,11,ok
moead_ws,r105_21,4,108564955.464634,389.970016,4.609571,3009.6128,102,12,ok
moead_ws,r105_21,5,101936238.002784,414.05363,3.658768,3433.4938,104,14,ok
moead_ws,r105_21,6,90107732.669772,470.770428,3.217974,2845.7636,101,9,ok
moead_ws,r105_21,7,83035159.7168,502.434326,1.937694,3674.4935,103,10,ok
moead_ws,r105_21,8,126395881.279932,276.82499,2.509805,3074.1342,104,10,ok
moead_ws,r105_21,9,67931019.716974,658.596866,4.08412,1932.8365,98,7,ok
moead_ws,r105_21,10,87814244.459708,521.810022,1.795223,2842.6006,99,11,ok
moead_ws,r105_21,11,113781900.954616,339.568606,4.8692,4044.728,99,10,ok
moead_ws,r105_21,12,102578171.070489,439.023113,1.831537,3138.8183,91,13,ok
moead_ws,r105_21,13,95308524.117306,481.796032,5.309669,3591.9583,96,13,ok
moead_ws,r105_21,14,108372124.392554,371.76892,2.160742,3058.7342,97,11,ok
moead_ws,r105_21,15,105152395.943858,368.761767,2.787762,3296.678,104,9,ok
moead_ws,r105_21,16,84840967.274811,593.799296,4.139377,4566.6688,99,14,ok
moead_ws,r105_21,17,106725518.94242,461.157086,1.571358,2818.6535,102,12,ok
moead_ws,r105_21,18,88729659.797751,552.956248,1.78715,3812.1993,100,15,ok
moead_ws,r105_21,19,70520029.513208,632.181766,2.873605,3686.6616,102,14,ok
moead_ws,r105_21,20,105144454.49546,351.152531,2.824198,3964.6402,101,9,ok
moead_ws,r105_21,21,101815995.350237,445.102662,3.571143,3560.5427,102,11,ok
moead_ws,r105_21,22,92937923.129179,558.416155,3.571857,3743.7018,101,13,ok
moead_ws,r105_21,23,104657260.205134,438.984586,3.239801,2917.3677,103,11,ok
moead_ws,r105_21,24,122732270.568873,312.520142,2.308826,2909.6451,99,13,ok
moead_ws,r105_21,25,92643972.429899,510.296051,2.590985,3198.1348,104,13,ok
moead_ws,r105_21,26,108030875.541486,336.348758,1.490529,2587.1566,93,11,ok
moead_ws,r105_21,27,107595838.934592,375.647679,6.066789,2642.0512,103,11,ok
moead_ws,r105_21,28,100853183.754603,401.498404,2.281834,3468.2604,98,12,ok
moead_ws,r105_21,29,97801734.806358,512.139496,3.799866,3267.193,104,13,ok
moead_ws,r105_21,30,91701487.07963,522.021265,4.042498,3557.7254,94,16,ok
nsga2,r105_21,1,137342737.424923,265.583705,0.555626,2225.1832,105,13,ok
nsga2,r105_21,2,128386832.90479,318.518788,0.447505,1683.3777,105,10,ok
nsga2,r105_21,3,114878599.064867,386.853159,0.513279,2539.8031,105,14,ok
nsga2,r105_21,4,142422023.724971,240.598761,0.544203,2032.6857,105,12,ok
nsga2,r105_21,5,154269374.958344,155.4912,0.559216,2476.7386,105,10,ok
nsga2,r105_21,6,166167097.040255,93.283033,0.806156,1907.5284,105,10,ok
nsga2,r105_21,7,126614931.48515,305.547091,0.428792,1866.3954,105,11,ok
nsga2,r105_21,8,150643592.414824,136.625817,0.556897,1960.7513,105,11,ok
nsga2,r105_21,9,175981230.410572,0.026694,0.762127,1906.6279,105,8,ok
nsga2,r105_21,10,134166172.132568,253.044957,0.736397,1914.5959,105,12,ok
nsga2,r105_21,11,134513979.467683,235.619876,0.729288,2016.2274,105,12,ok
nsga2,r105_21,12,152160142.358417,112.232387,0.487171,2075.5219,105,12,ok
nsga2,r105_21,13,113256942.333917,381.839786,0.540152,1754.7749,105,12,ok
nsga2,r105_21,14,119169634.19001,313.736284,0.543859,2236.8806,105,12,ok
nsga2,r105_21,15,136073347.136288,173.45686,0.70048,1926.2089,105,10,ok
nsga2,r105_21,16,139764960.472599,290.92103,0.768175,2215.327,105,13,ok
nsga2,r105_21,17,129151225.137203,256.82424,0.622345,2636.5323,105,12,ok
nsga2,r105_21,18,136491076.842143,213.283456,0.449878,2539.278,105,9,ok
nsga2,r105_21,19,128466058.113719,246.988453,0.778443,1699.0292,105,8,ok
nsga2,r105_21,20,141521133.220355,221.927669,0.503608,2104.7494,105,10,ok
nsga2,r105_21,21,132241237.975094,211.014658,0.531775,1941.9079,105,10,ok
nsga2,r105_21,22,168359211.805105,60.037607,0.587161,2409.3577,105,10,ok
nsga2,r105_21,23,128560566.064604,254.600962,0.651397,1812.4999,105,11,ok
nsga2,r105_21,24,136834093.765775,252.517436,1.061113,2522.5502,105,14,ok
nsga2,r105_21,25,142940057.10991,185.142318,0.500297,1977.7596,105,12,ok
nsga2,r105_21,26,145660132.558682,182.706953,0.610576,2297.9315,105,11,ok
nsga2,r105_21,27,119692644.269946,331.000264,0.563941,2316.1505,105,14,ok
nsga2,r105_21,28,126135077.635494,296.03965,0.440795,2098.4933,105,14,ok
nsga2,r105_21,29,156187086.541992,99.789444,0.51709,1601.5166,105,10,ok
nsga2,r105_21,30,132807505.084847,305.270995,0.515998,2783.8104,105,12,ok
smsemoa,r105_21,1,131797071.014385,328.150118,0.788757,2816.6204,105,12,ok
smsemoa,r105_21,2,100948276.089596,466.154533,0.794143,1861.7528,105,12,ok
smsemoa,r105_21,3,133031007.613064,301.02635,0.871629,2358.3652,105,10,ok
smsemoa,r105_21,4,123799633.116715,343.618077,1.009235,2242.4402,105,15,ok
smsemoa,r105_21,5,134249207.958349,306.323476,1.195197,2565.5886,105,15,ok
smsemoa,r105_21,6,108034849.50299,477.866065,0.836213,2694.353,105,13,ok
smsemoa,r105_21,7,140620835.275823,189.78902,1.360085,1703.9124,105,8,ok
smsemoa,r105_21,8,162963291.029036,97.911029,1.046928,2168.8339,105,12,ok
smsemoa,r105_21,9,123686090.900793,299.583581,1.768385,2588.5743,105,10,ok
smsemoa,r105_21,10,138880618.883362,193.828578,0.958144,1680.4765,105,12,ok
smsemoa,r105_21,11,130447494.146906,305.898742,1.200093,2486.6213,105,12,ok
smsemoa,r105_21,12,137885073.411508,284.434826,0.82182,2534.4443,105,14,ok
smsemoa,r105_21,13,133784911.418006,239.516347,0.802127,2047.3866,105,10,ok
smsemoa,r105_21,14,144546555.546408,215.323889,0.908054,2287.2581,105,11,ok
smsemoa,r105_21,15,133605976.307281,266.65155,0.716118,2268.2573,105,10,ok
smsemoa,r105_21,16,132709279.265654,222.24873,1.452446,2226.43,105,10,ok
smsemoa,r105_21,17,133187767.491596,271.732267,1.182153,2146.8265,105,12,ok
smsemoa,r105_21,18,148395270.772378,183.780605,1.062681,2283.0327,105,11,ok
smsemoa,r105_21,19,119587854.489138,385.84434,0.816277,1912.5979,105,12,ok
smsemoa,r105_21,20,128628282.92866,296.379807,1.053893,2206.0341,105,14,ok
smsemoa,r105_21,21,116330492.167729,375.996001,0.951541,2652.5932,105,11,ok
smsemoa,r105_21,22,120224926.82684,376.959213,1.533825,2828.5572,105,14,ok
smsemoa,r105_21,23,149886840.146576,158.775975,0.932327,1503.3317,105,11,ok
smsemoa,r105_21,24,119147809.626416,365.300088,0.851883,1945.2474,105,10,ok
smsemoa,r105_21,25,152306185.540832,159.946526,0.77919,2827.8115,105,12,ok
smsemoa,r105_21,26,131715288.827557,280.460385,0.788729,1845.3178,105,11,ok
smsemoa,r105_21,27,134032112.47854,299.541329,0.800741,3010.6943,105,12,ok
smsemoa,r105_21,28,138699751.666693,266.336962,1.180412,2703.2791,105,13,ok
smsemoa,r105_21,29,117588793.411711,276.146349,0.815434,2390.6719,105,14,ok
smsemoa,r105_21,30,135117409.36576,271.800769,0.981758,2212.9728,105,11,ok
moead_ws,r106_21,1,56223509.278219,486.045567,2.917966,3172.4594,103,11,ok
moead_ws,r106_21,2,65996500.033987,391.467754,5.084682,2579.4304,95,9,ok
moead_ws,r106_21,3,55335067.191567,522.081838,2.146651,3135.503,97,12,ok
moead_ws,r106_21,4,56316698.681148,428.624513,2.116219,2425.2796,94,11,ok
moead_ws,r106_21,5,58641043.382623,440.989069,2.087271,2031.8744,97,9,ok
moead_ws,r106_21,6,78116532.415454,204.313541,3.784818,2490.4907,102,8,ok
moead_ws,r106_21,7,57722237.887856,403.46713,1.770716,2314.2961,98,9,ok
moead_ws,r106_21,8,66633920.795133,393.584241,2.063428,2179.4911,103,8,ok
moead_ws,r106_21,9,44475765.492764,604.957842,6.154499,2914.2584,104,10,ok
moead_ws,r106_21,10,67009381.618438,350.64861,3.076506,2746.8362,99,12,ok
moead_ws,r106_21,11,49044133.257045,501.038514,5.873979,2799.9113,87,10,ok
moead_ws,r106_21,12,58668167.68687,452.059784,1.936215,2837.9379,100,11,ok
moead_ws,r106_21,13,63412485.14345,372.152924,3.648695,2411.6913,101,8,ok
moead_ws,r106_21,14,60053683.80304,423.524449,3.679427,2124.4794,100,7,ok
moead_ws,r106_21,15,65486450.871766,436.50286,3.649928,2233.1987,105,12,ok
moead_ws,r106_21,16,69707162.065626,358.681675,2.080756,2479.7491,101,9,ok
moead_ws,r106_21,17,64168944.701024,349.631113,4.00111,2747.4843,101,11,ok
moead_ws,r106_21,18,58549180.278732,377.719697,6.739594,3320.6467,95,11,ok
moead_ws,r106_21,19,41182064.688204,722.968439,3.476372,3210.3456,102,14,ok
moead_ws,r106_21,20,66345897.81819,340.35488,2.464675,2568.2772,101,9,ok
moead_ws,r106_21,21,70349570.993197,287.058106,2.371618,1977.6079,103,8,ok
moead_ws,r106_21,22,76246208.144043,326.944596,2.895579,3122.5326,97,14,ok
moead_ws,r106_21,23,47734814.96855,559.49139,3.168723,2738.8842,99,8,ok
moead_ws,r106_21,24,52589782.217896,564.307623,3.648652,3605.1997,102,14,ok
moead_ws,r106_21,25,62170652.146938,428.869099,1.66658,2402.2122,96,12,ok
moead_ws,r106_21,26,61939965.07626,373.551843,3.634645,2697.3014,101,9,ok
moead_ws,r106_21,27,74776990.023877,284.455057,2.304327,2435.9431,93,9,ok
moead_ws,r106_21,28,67063509.475958,378.368257,2.605187,2611.6041,104,13,ok
moead_ws,r106_21,29,57060092.499942,469.347427,4.263087,2791.4284,103,11,ok
moead_ws,r106_21,30,55027777.252814,500.177068,1.999032,2832.9059,101,14,ok
nsga2,r106_21,1,69740604.62953,349.553642,0.59097,1933.0115,105,12,ok
nsga2,r106_21,2,85275076.019379,268.206404,0.675521,1780.7809,105,11,ok
nsga2,r106_21,3,78813708.996045,355.1759,0.466619,1564.6964,105,13,ok
nsga2,r106_21,4,86247757.346944,218.450302,0.648579,2004.277,105,9,ok
nsga2,r106_21,5,78323281.231386,313.83824,0.696236,2301.4781,105,10,ok
nsga2,r106_21,6,108954144.815642,3.338889,0.964101,1142.9738,105,8,ok
nsga2,r106_21,7,75726426.030493,355.368943,0.636937,2018.3771,105,11,ok
nsga2,r106_21,8,86720979.084993,248.593279,0.787614,1937.3385,105,11,ok
nsga2,r106_21,9,66392278.94334,401.457913,0.785984,1691.5706,105,11,ok
nsga2,r106_21,10,76562930.082302,375.22683,0.698081,3015.3326,105,14,ok
nsga2,r106_21,11,79141868.648892,222.517902,0.701322,1191.3475,105,8,ok
nsga2,r106_21,12,89633211.254202,184.242668,0.522887,1681.5494,105,11,ok
nsga2,r106_21,13,71753237.231461,420.550518,1.008625,1884.6777,105,14,ok
nsga2,r106_21,14,82264118.303295,262.982155,0.635242,1673.3414,105,8,ok
nsga2,r106_21,15,83780655.659226,240.591734,0.465841,1612.1767,105,9,ok
nsga2,r106_21,16,91115985.025674,213.984103,0.542171,2047.0242,105,10,ok
nsga2,r106_21,17,96579641.309909,83.553283,0.695025,1086.1404,105,8,ok
nsga2,r106_21,18,94709921.043474,177.691301,0.543885,2109.7179,105,8,ok
nsga2,r106_21,19,100549863.487835,29.14653,0.654642,1119.3827,105,8,ok
nsga2,r106_21,20,82789719.489631,296.608873,0.496671,2066.1847,105,11,ok
nsga2,r106_21,21,85467017.516466,283.180202,0.627281,2183.5595,105,11,ok
nsga2,r106_21,22,80636815.007534,320.117573,0.588854,2218.0513,105,11,ok
nsga2,r106_21,23,88597850.227734,179.330318,0.590322,2145.0694,105,11,ok
nsga2,r106_21,24,86478201.38621,266.615617,0.979781,1925.6279,105,10,ok
nsga2,r106_21,25,91661171.501343,162.597623,0.79107,1482.9084,105,9,ok
nsga2,r106_21,26,86108679.015978,268.646602,0.75586,1882.123,105,11,ok
nsga2,r106_21,27,84282923.986527,206.3132,0.649158,2054.0435,105,9,ok
nsga2,r106_21,28,75261370.778056,335.924019,0.573358,2026.3435,105,9,ok
nsga2,r106_21,29,81239293.054214,292.508761,2.732855,2723.4308,105,10,ok
nsga2,r106_21,30,97146309.63948,161.312951,0.354201,2094.8242,105,9,ok
smsemoa,r106_21,1,73878874.64455,347.657916,1.617188,2002.0613,105,10,ok
smsemoa,r106_21,2,83207237.659371,301.966262,0.852057,2076.4629,105,10,ok
smsemoa,r106_21,3,94299282.620584,141.50354,2.49878,1584.2495,105,8,ok
smsemoa,r106_21,4,79056648.591981,324.743395,0.918776,1738.8016,105,12,ok
smsemoa,r106_21,5,86016214.066915,256.478393,0.799162,2015.1144,105,12,ok
smsemoa,r106_21,6,74108710.807388,326.561569,0.847912,2098.6595,105,10,ok
smsemoa,r106_21,7,104397895.381075,41.74141,1.472295,1358.002,105,10,ok
smsemoa,r106_21,8,83065339.59565,275.021169,0.998617,2156.0627,105,9,ok
smsemoa,r106_21,9,71421799.660505,268.833013,0.908436,1512.442,105,11,ok
smsemoa,r106_21,10,85130554.620722,215.069646,0.906875,1673.4648,105,8,ok
smsemoa,r106_21,11,81110009.321877,334.744495,1.387225,2106.1038,105,11,ok
smsemoa,r106_21,12,88697838.679353,205.792365,1.213976,2251.3461,105,9,ok
smsemoa,r106_21,13,84126340.990082,302.735742,1.127501,2210.0702,105,10,ok
smsemoa,r106_21,14,75937146.19881,267.316884,1.093082,1308.0628,105,10,ok
smsemoa,r106_21,15,83067044.516456,210.771003,0.984356,1928.8891,105,11,ok
smsemoa,r106_21,16,85611843.866402,243.300782,0.995735,2166.0512,105,11,ok
smsemoa,r106_21,17,83572685.588262,267.858877,0.737995,1858.4895,105,10,ok
smsemoa,r106_21,18,72188841.603958,328.934349,1.376404,1413.5331,105,9,ok
smsemoa,r106_21,19,88989806.398302,244.349874,1.298824,1938.0562,105,9,ok
smsemoa,r106_21,20,76407855.916671,309.062757,0.922872,1610.8073,105,10,ok
smsemoa,r106_21,21,82582298.997217,207.277048,0.932318,1281.2507,105,9,ok
smsemoa,r106_21,22,80873742.246947,262.260999,2.341295,1582.9978,105,9,ok
smsemoa,r106_21,23,76021126.268205,307.55245,1.160191,2135.6187,105,9,ok
smsemoa,r106_21,24,82541840.49941,254.177692,1.01833,1963.2985,105,9,ok
smsemoa,r106_21,25,93949883.910523,171.176142,1.404281,2009.7602,105,11,ok
smsemoa,r106_21,26,89032107.334359,266.300859,1.253829,2212.8544,105,14,ok
smsemoa,r106_21,27,84552496.626496,269.551214,1.250592,2101.7276,105,11,ok
smsemoa,r106_21,28,84718103.589978,254.143698,1.174732,1832.6581,105,7,ok
smsemoa,r106_21,29,80100307.731949,331.136277,0.871904,2012.3289,105,13,ok
smsemoa,r106_21,30,85670441.997485,236.264997,0.857449,1867.0751,105,10,ok
moead_ws,r107_21,1,66156696.987935,410.30197,2.803994,1899.5164,96,6,ok
moead_ws,r107_21,2,71802621.184999,348.810429,1.986017,1957.4392,95,7,ok
moead_ws,r107_21,3,88253856.177646,156.942767,4.295249,1794.7248,100,8,ok
moead_ws,r107_21,4,74898490.360192,286.921548,6.997938,3086.0409,98,9,ok
moead_ws,r107_21,5,68329103.536774,413.952129,4.086778,1442.1017,100,7,ok
moead_ws,r107_21,6,86091573.002499,176.731695,2.71602,1476.6013,104,8,ok
moead_ws,r107_21,7,61368602.442054,444.212803,2.199448,946.3228,99,5,ok
moead_ws,r107_21,8,76560626.647586,235.555026,5.887066,1997.2408,98,7,ok
moead_ws,r107_21,9,74494652.367419,237.306165,4.000669,2317.8276,92,8,ok
moead_ws,r107_21,10,77819727.298754,237.767335,1.893817,1416.4978,95,7,ok
moead_ws,r107_21,11,68224105.876435,293.377431,4.778961,1576.0928,98,5,ok
moead_ws,r107_21,12,72108251.414847,291.644626,7.290321,2092.4413,87,8,ok
moead_ws,r107_21,13,59988804.34211,453.500068,6.676197,1284.0498,101,5,ok
moead_ws,r107_21,14,73808345.426773,284.611082,3.729424,1438.48,92,6,ok
moead_ws,r107_21,15,65689281.349007,418.26469,3.223317,1400.4805,94,8,ok
moead_ws,r107_21,16,87133446.484327,128.462338,3.501461,1336.6757,101,6,ok
moead_ws,r107_21,17,71006105.044497,322.593503,4.885429,1932.0958,89,6,ok
moead_ws,r107_21,18,67204414.332008,402.042901,4.713331,1647.79,92,7,ok
moead_ws,r107_21,19,79954902.044903,247.38107,2.780549,1883.1516,80,7,ok
moead_ws,r107_21,20,83120119.85048,202.588996,5.622888,1799.8468,99,7,ok
moead_ws,r107_21,21,77691401.168945,214.342446,5.490835,1420.5209,98,5,ok
moead_ws,r107_21,22,81666264.376098,258.259149,5.913757,1556.6804,87,6,ok
moead_ws,r107_21,23,73894907.353415,321.407399,5.30645,1567.5455,103,9,ok
moead_ws,r107_21,24,67202325.133976,384.152632,4.246404,1869.4889,101,7,ok
moead_ws,r107_21,25,74412960.133246,274.474861,7.66923,1665.9232,102,7,ok
moead_ws,r107_21,26,85189662.216285,224.137769,1.921683,1804.8168,98,9,ok
moead_ws,r107_21,27,74493410.142726,291.194515,4.519923,1143.0757,102,7,ok
moead_ws,r107_21,28,74996079.350456,264.858185,6.022679,1225.8654,89,7,ok
moead_ws,r107_21,29,85453269.509995,223.270418,5.36848,1976.356,96,8,ok
moead_ws,r107_21,30,70865668.474643,309.4437,2.741267,1531.4435,96,5,ok
nsga2,r107_21,1,85342098.259206,259.414478,0.672311,972.1456,105,6,ok
nsga2,r107_21,2,80864116.356438,283.397041,0.756068,1428.2714,105,6,ok
nsga2,r107_21,3,95761737.47332,141.024933,0.388651,1525.9065,105,7,ok
nsga2,r107_21,4,99328674.061456,47.735338,0.990172,994.4545,105,6,ok
nsga2,r107_21,5,95770200.651248,146.656529,0.516819,1052.1073,105,8,ok
nsga2,r107_21,6,85449749.322028,255.289105,1.863278,1316.9074,105,8,ok
nsga2,r107_21,7,84415916.713168,225.953944,0.534344,1072.4709,105,6,ok
nsga2,r107_21,8,93043875.536585,111.236978,0.448732,1016.3074,105,5,ok
nsga2,r107_21,9,85981945.224976,226.860348,0.678987,1589.1779,105,7,ok
nsga2,r107_21,10,94919712.798032,148.040838,0.675224,1105.838,105,7,ok
nsga2,r107_21,11,88301681.411076,128.125141,1.051601,962.2196,105,6,ok
nsga2,r107_21,12,87744595.573119,214.618654,0.515767,1090.4887,105,6,ok
nsga2,r107_21,13,107429583.140752,0.001044,0.701368,858.9231,104,6,ok
nsga2,r107_21,14,86460762.501475,226.415138,0.59924,1254.2208,105,7,ok
nsga2,r107_21,15,87349984.536509,152.794268,0.540048,995.1098,105,8,ok
nsga2,r107_21,16,87574269.422191,190.304359,1.301545,923.6417,105,6,ok
nsga2,r107_21,17,82475245.488327,234.952668,0.589569,1111.9641,105,7,ok
nsga2,r107_21,18,88142559.597187,219.270714,0.819602,1242.8367,105,8,ok
nsga2,r107_21,19,92084780.838835,127.10498,0.605724,1370.0188,105,5,ok
nsga2,r107_21,20,83785113.580246,229.897433,0.73143,1296.5179,105,7,ok
nsga2,r107_21,21,95051993.637823,153.084734,0.46938,1195.8512,105,8,ok
nsga2,r107_21,22,81353472.815397,256.558411,0.694656,963.5593,105,5,ok
nsga2,r107_21,23,96256252.448379,123.797129,0.656947,1318.9542,105,6,ok
nsga2,r107_21,24,87013676.738296,140.186323,0.714878,791.2579,105,6,ok
nsga2,r107_21,25,83218747.853377,218.329997,0.65868,889.3788,105,6,ok
nsga2,r107_21,26,88806724.31493,196.813026,0.470099,1021.263,105,6,ok
nsga2,r107_21,27,93927973.107312,90.967553,0.879781,895.4185,89,5,ok
nsga2,r107_21,28,91013973.897086,72.746966,0.941254,798.7798,105,3,ok
nsga2,r107_21,29,84950800.533836,246.01746,0.672369,1277.2147,105,7,ok
nsga2,r107_21,30,92015053.277973,137.947822,0.450403,1104.8077,105,5,ok
smsemoa,r107_21,1,87873426.720883,215.89423,1.218879,1168.2753,105,5,ok
smsemoa,r107_21,2,96455933.868755,127.212214,1.010072,1865.3648,105,8,ok
smsemoa,r107_21,3,90517537.339495,217.169407,0.652395,1545.6132,105,9,ok
smsemoa,r107_21,4,93841617.194921,85.400878,1.029592,772.8354,88,5,ok
smsemoa,r107_21,5,99523374.985063,64.751068,1.640837,845.7995,105,6,ok
smsemoa,r107_21,6,94734511.635678,160.586142,1.481157,1358.5299,105,7,ok
smsemoa,r107_21,7,88569770.785774,186.188677,0.764628,972.1932,105,8,ok
smsemoa,r107_21,8,86683813.719047,157.782373,1.79513,987.5791,105,6,ok
smsemoa,r107_21,9,97365015.455056,104.625862,1.173304,1135.9491,105,6,ok
smsemoa,r107_21,10,87320855.340751,119.981971,2.209561,985.4175,105,6,ok
smsemoa,r107_21,11,95551842.314511,112.47611,1.126149,1230.0795,105,7,ok
smsemoa,r107_21,12,85068070.238405,275.707121,0.938354,1476.394,105,8,ok
smsemoa,r107_21,13,79393979.192326,317.495195,0.843367,1320.9804,105,6,ok
smsemoa,r107_21,14,82988720.293889,220.131055,0.750924,981.8548,105,6,ok
smsemoa,r107_21,15,83667446.11918,226.134708,0.841281,820.8014,105,6,ok
smsemoa,r107_21,16,85257072.916258,168.206375,1.427128,607.0209,105,5,ok
smsemoa,r107_21,17,91603719.454943,117.747528,1.048886,1285.6333,101,5,ok
smsemoa,r107_21,18,88401836.291019,204.566259,0.688252,1057.0966,105,6,ok
smsemoa,r107_21,19,79072489.707822,210.178807,0.735563,674.4468,105,6,ok
smsemoa,r107_21,20,97811350.91607,93.529442,1.095217,1500.4524,105,9,ok
smsemoa,r107_21,21,87921052.752243,207.699334,1.064967,1333.4908,105,6,ok
smsemoa,r107_21,22,98386922.427665,93.862798,0.791223,1365.581,105,6,ok
smsemoa,r107_21,23,87707668.55383,206.002497,1.182273,1421.5542,105,7,ok
smsemoa,r107_21,24,87520170.331967,209.819182,0.890676,993.6143,105,6,ok
smsemoa,r107_21,25,92725632.752234,110.336148,0.788001,829.937,105,5,ok
smsemoa,r107_21,26,92170789.026401,119.990423,1.710653,1123.7801,105,5,ok
smsemoa,r107_21,27,84317966.329895,221.142622,0.803564,1411.5619,105,7,ok
smsemoa,r107_21,28,90358782.914092,123.576314,0.892689,1242.4473,105,7,ok
smsemoa,r107_21,29,88644600.113663,247.727802,0.982345,1246.7067,105,9,ok
smsemoa,r107_21,30,82931752.859731,231.015856,1.049516,1263.9802,105,7,ok
moead_ws,r108_21,1,43682116.26704,148.904097,4.837986,1376.9358,102,5,ok
moead_ws,r108_21,2,44066790.193112,112.701892,6.843671,2013.7305,95,7,ok
moead_ws,r108_21,3,41532184.990838,198.728185,8.838543,1459.9427,102,6,ok
moead_ws,r108_21,4,42632025.32851,154.438169,4.565099,747.9154,95,4,ok
moead_ws,r108_21,5,43443502.469027,179.017312,2.028462,1553.1669,95,6,ok
moead_ws,r108_21,6,32561083.246787,360.215297,5.848576,1391.7476,87,7,ok
moead_ws,r108_21,7,41665891.26003,160.007672,5.703556,1138.5581,89,4,ok
moead_ws,r108_21,8,37556815.91852,222.358586,5.395095,1060.0529,92,4,ok
moead_ws,r108_21,9,50238923.599493,34.868787,7.557788,1480.9006,97,5,ok
moead_ws,r108_21,10,32596107.550081,350.495155,8.817609,1636.0777,96,5,ok
moead_ws,r108_21,11,34361720.833242,307.416799,6.166922,1600.7517,88,6,ok
moead_ws,r108_21,12,44430859.964977,130.63196,3.151342,1114.9144,97,3,ok
moead_ws,r108_21,13,37619151.613296,191.264228,9.37825,1837.7683,99,3,ok
moead_ws,r108_21,14,39949670.454828,193.884276,5.823714,1652.0434,94,7,ok
moead_ws,r108_21,15,36923884.063686,241.068796,7.044327,1138.2147,91,5,ok
moead_ws,r108_21,16,41491377.519919,175.741972,3.778754,1251.6082,98,6,ok
moead_ws,r108_21,17,40727516.531327,179.829105,5.830881,1662.8845,89,7,ok
moead_ws,r108_21,18,38727461.777324,209.314758,4.34288,822.3218,94,5,ok
moead_ws,r108_21,19,41346103.730995,212.547855,6.776103,1545.6857,78,5,ok
moead_ws,r108_21,20,40316490.450012,185.407864,6.925221,1291.3445,100,5,ok
moead_ws,r108_21,21,37765823.096381,222.207808,4.32817,681.8805,93,3,ok
moead_ws,r108_21,22,38778488.671096,222.761404,4.145244,1605.1384,92,7,ok
moead_ws,r108_21,23,42234558.50065,118.286989,8.1682,1467.4924,80,5,ok
moead_ws,r108_21,24,42838692.562914,145.987243,6.551318,907.0913,88,5,ok
moead_ws,r108_21,25,37275629.977084,243.746142,5.993347,849.7265,97,4,ok
moead_ws,r108_21,26,41889834.004233,142.096843,6.13602,2239.5667,95,7,ok
moead_ws,r108_21,27,44258769.74525,175.043257,8.201126,2154.2203,97,8,ok
moead_ws,r108_21,28,38785805.54256,214.535432,5.399003,2082.9997,93,8,ok
moead_ws,r108_21,29,44393904.714032,128.717175,8.662987,1105.8815,97,4,ok
moead_ws,r108_21,30,34020621.454835,359.280222,2.373936,1564.3555,94,6,ok
nsga2,r108_21,1,49569921.670867,41.29707,0.741202,575.2201,105,4,ok
nsga2,r108_21,2,44186837.723967,133.552638,0.775483,766.1711,105,5,ok
nsga2,r108_21,3,47982074.334869,81.184028,0.669325,775.8748,105,5,ok
nsga2,r108_21,4,42115529.163944,184.729311,1.637485,847.5264,105,3,ok
nsga2,r108_21,5,41788293.63795,204.915282,0.63076,1064.0944,105,6,ok
nsga2,r108_21,6,41737471.112456,198.596857,0.660765,952.9886,105,5,ok
nsga2,r108_21,7,47727014.840015,92.851373,0.745325,1119.3382,105,5,ok
nsga2,r108_21,8,40366900.88868,226.685954,0.668256,656.2155,105,5,ok
nsga2,r108_21,9,48447055.250899,97.1884,0.685967,1324.7554,105,5,ok
nsga2,r108_21,10,38453019.026431,287.649964,0.875082,944.1996,105,6,ok
nsga2,r108_21,11,47107884.903979,104.958194,1.083157,859.1957,105,5,ok
nsga2,r108_21,12,50734713.212033,84.127701,0.748432,1108.8672,105,7,ok
nsga2,r108_21,13,50873899.487627,66.14125,0.64423,1374.6905,105,6,ok
nsga2,r108_21,14,47531860.720407,100.406203,0.780986,872.5953,105,5,ok
nsga2,r108_21,15,42632218.312761,185.111179,0.688142,1148.9029,105,6,ok
nsga2,r108_21,16,48028090.710409,90.758242,0.529573,997.3159,105,5,ok
nsga2,r108_21,17,45518275.061335,77.615257,0.944024,598.5249,105,3,ok
nsga2,r108_21,18,41852707.960399,197.020559,0.762973,700.2336,105,4,ok
nsga2,r108_21,19,41419156.411466,198.29516,1.284502,709.2601,105,4,ok
nsga2,r108_21,20,46960767.972062,87.080615,1.407375,1193.2866,105,5,ok
nsga2,r108_21,21,42649010.102878,162.175302,0.834724,596.767,105,5,ok
nsga2,r108_21,22,46053713.428865,61.820635,0.794037,547.1936,105,5,ok
nsga2,r108_21,23,49537378.028575,109.372234,0.489213,910.3032,105,6,ok
nsga2,r108_21,24,44502617.955812,113.928604,1.156838,576.1168,88,3,ok
nsga2,r108_21,25,53120551.060114,45.644503,1.209087,1609.0282,105,8,ok
nsga2,r108_21,26,42056523.764494,183.750224,1.571143,409.567,105,4,ok
nsga2,r108_21,27,54218179.152623,5.151944,0.692866,1149.4257,105,5,ok
nsga2,r108_21,28,41976895.048679,184.115292,0.801057,734.0207,105,5,ok
nsga2,r108_21,29,48423767.829235,93.160369,0.52142,1199.4347,105,7,ok
nsga2,r108_21,30,48555833.191196,73.288436,0.685996,953.4155,105,4,ok
smsemoa,r108_21,1,50334301.876358,33.814117,1.094426,830.22,105,3,ok
smsemoa,r108_21,2,48348464.038279,122.707391,1.053964,1380.8699,69,6,ok
smsemoa,r108_21,3,46720643.360857,125.252999,0.869127,1255.7153,105,4,ok
smsemoa,r108_21,4,54149017.350719,4.952063,0.954447,1001.9851,105,5,ok
smsemoa,r108_21,5,42783365.028965,165.356692,1.157472,705.6093,105,5,ok
smsemoa,r108_21,6,48695980.50484,69.135858,2.589115,780.4135,104,4,ok
smsemoa,r108_21,7,50145035.028336,27.190004,0.991808,610.0644,105,5,ok
smsemoa,r108_21,8,46945030.395393,111.825059,1.293062,1029.4602,105,6,ok
smsemoa,r108_21,9,45016585.612383,96.083052,0.49643,542.4475,105,3,ok
smsemoa,r108_21,10,41927313.209425,189.913972,1.513983,622.6619,105,5,ok
smsemoa,r108_21,11,45204589.516435,132.418498,0.956341,1246.108,103,5,ok
smsemoa,r108_21,12,47514999.952412,89.471716,0.843781,595.2454,105,5,ok
smsemoa,r108_21,13,49189334.750831,53.924037,0.749658,1156.7239,105,5,ok
smsemoa,r108_21,14,48130259.320154,82.602108,1.113657,705.6781,105,4,ok
smsemoa,r108_21,15,51846386.704479,1.863679,0.775448,959.5606,105,6,ok
smsemoa,r108_21,16,47100127.148667,120.537306,0.702311,673.7633,105,4,ok
smsemoa,r108_21,17,43822669.534474,132.24226,2.113869,429.7703,105,4,ok
smsemoa,r108_21,18,50439309.259767,19.465049,0.864089,442.2237,105,4,ok
smsemoa,r108_21,19,43879814.371896,135.155177,0.543868,966.0517,105,5,ok
smsemoa,r108_21,20,50730382.097353,65.131369,0.978203,1091.9551,105,7,ok
smsemoa,r108_21,21,52433530.826459,37.306223,0.672964,893.732,105,5,ok
smsemoa,r108_21,22,51181699.884695,46.204768,1.111629,1305.4024,105,5,ok
smsemoa,r108_21,23,50203606.97471,28.281539,1.921485,631.5785,105,5,ok
smsemoa,r108_21,24,45840321.9831,145.669018,0.850217,898.4256,105,6,ok
smsemoa,r108_21,25,45587018.516915,76.476863,1.267985,569.0633,105,5,ok
smsemoa,r108_21,26,43169819.883818,159.663469,0.571044,678.4706,105,6,ok
smsemoa,r108_21,27,43404241.324463,148.54754,0.830555,557.8247,105,5,ok
smsemoa,r108_21,28,48754666.740258,52.623207,1.169126,856.803,105,5,ok
smsemoa,r108_21,29,48565678.226131,69.360324,1.900261,601.7765,105,5,ok
smsemoa,r108_21,30,46894055.650584,114.119269,0.920862,1157.8449,105,6,ok
moead_ws,r109_21,1,33682393.8037,555.537802,2.480057,2117.7715,103,9,ok
moead_ws,r109_21,2,47108180.942884,281.202702,2.260151,2152.6711,89,7,ok
moead_ws,r109_21,3,40102862.310687,432.713726,3.802865,2901.2211,100,10,ok
moead_ws,r109_21,4,36556548.468837,431.380974,3.044042,1773.242,102,7,ok
moead_ws,r109_21,5,41112275.187693,451.756813,3.050246,2025.4008,97,12,ok
moead_ws,r109_21,6,48573408.08227,213.490913,3.840449,1976.8927,94,6,ok
moead_ws,r109_21,7,45440183.634042,297.461419,2.797926,1956.0757,96,8,ok
moead_ws,r109_21,8,43524385.473177,338.386208,2.538877,2049.9066,99,8,ok
moead_ws,r109_21,9,40999837.609036,310.845795,2.412331,1386.319,102,6,ok
moead_ws,r109_21,10,39028943.766204,380.82834,4.087619,1984.7238,98,7,ok
moead_ws,r109_21,11,38127335.127838,340.321637,2.876124,2705.488,101,10,ok
moead_ws,r109_21,12,49331517.518579,243.034007,1.768858,2678.86,99,10,ok
moead_ws,r109_21,13,37883090.687024,462.327679,4.228871,2602.4993,97,8,ok
moead_ws,r109_21,14,41896655.862754,395.358253,2.037347,2391.6445,102,12,ok
moead_ws,r109_21,15,39033989.943113,416.386589,2.038056,2413.6886,97,9,ok
moead_ws,r109_21,16,33796070.780879,422.938946,7.166085,1921.228,101,7,ok
moead_ws,r109_21,17,39463596.841388,441.256686,3.764169,1888.2454,99,8,ok
moead_ws,r109_21,18,35785307.126326,413.425445,2.363751,2396.6432,95,9,ok
moead_ws,r109_21,19,49970929.063901,283.066495,2.330373,2327.2662,99,11,ok
moead_ws,r109_21,20,45689982.98413,309.726342,3.789224,2005.9502,99,8,ok
moead_ws,r109_21,21,46783331.347542,345.204283,2.167048,2105.9687,93,10,ok
moead_ws,r109_21,22,36698584.057977,442.896706,5.457224,2365.5104,103,7,ok
moead_ws,r109_21,23,48954681.41333,261.640718,5.270172,2164.9874,99,10,ok
moead_ws,r109_21,24,40125673.760074,424.805367,2.894565,2265.6382,99,12,ok
moead_ws,r109_21,25,39999106.785743,363.60876,3.656915,2642.2347,90,11,ok
moead_ws,r109_21,26,34337315.515038,425.264404,5.737135,2185.8332,100,6,ok
moead_ws,r109_21,27,44051087.715639,318.830629,4.412533,2324.0995,93,9,ok
moead_ws,r109_21,28,39526570.909907,396.933514,3.958183,2011.1721,97,8,ok
moead_ws,r109_21,29,39918621.610024,438.706165,1.702357,1618.7766,92,7,ok
moead_ws,r109_21,30,44489068.993424,352.923882,2.472388,1946.4287,92,10,ok
nsga2,r109_21,1,55831081.476544,272.686792,0.520357,1435.075,105,7,ok
nsga2,r109_21,2,53663236.215775,292.591242,0.717909,1554.5646,105,7,ok
nsga2,r109_21,3,53293238.270868,241.900628,0.815281,1240.5313,105,6,ok
nsga2,r109_21,4,50789701.839297,302.737194,0.612215,1274.486,105,8,ok
nsga2,r109_21,5,55557216.057868,240.652472,0.807417,1391.6891,105,6,ok
nsga2,r109_21,6,49044054.147308,351.599271,0.503222,1844.8411,105,6,ok
nsga2,r109_21,7,47332519.645972,372.77354,0.816048,1715.1282,105,8,ok
nsga2,r109_21,8,65141186.103619,111.099356,0.573452,1472.6583,105,8,ok
nsga2,r109_21,9,63556842.431817,78.761307,0.763048,1668.2652,105,5,ok
nsga2,r109_21,10,56982932.487648,244.109717,0.619776,1567.297,105,7,ok
nsga2,r109_21,11,49049895.692697,328.569157,0.975823,1453.0338,105,7,ok
nsga2,r109_21,12,59837493.955364,221.800264,0.583536,1582.089,105,8,ok
nsga2,r109_21,13,51027717.674578,298.308527,0.541549,1293.7301,105,8,ok
nsga2,r109_21,14,57743569.674119,182.394867,0.693033,1293.4456,105,8,ok
nsga2,r109_21,15,65402966.100992,122.267209,0.707745,1322.4569,105,7,ok
nsga2,r109_21,16,59684167.699548,183.386722,0.448349,1420.2936,105,7,ok
nsga2,r109_21,17,41057072.458519,400.607885,1.937791,1365.3516,105,7,ok
nsga2,r109_21,18,61764800.085978,123.879225,0.599838,1135.1546,105,5,ok
nsga2,r109_21,19,57586905.728923,117.563336,0.913952,746.886,93,4,ok
nsga2,r109_21,20,58964216.148511,166.33108,0.703739,1471.4176,105,7,ok
nsga2,r109_21,21,52239326.80373,254.674284,1.143934,1671.9563,105,7,ok
nsga2,r109_21,22,47077354.635042,322.978259,0.471874,1273.8177,105,8,ok
nsga2,r109_21,23,61908979.84178,137.668124,0.610212,1405.7514,105,8,ok
nsga2,r109_21,24,61049426.010313,127.874714,0.578013,917.341,105,6,ok
nsga2,r109_21,25,51110540.946305,285.420526,0.580438,1092.5618,105,7,ok
nsga2,r109_21,26,62525185.440056,97.940439,0.892562,980.8237,105,6,ok
nsga2,r109_21,27,75125840.394223,0.038134,0.78476,1123.4777,105,7,ok
nsga2,r109_21,28,49533685.143479,358.408031,1.702606,1874.8327,105,10,ok
nsga2,r109_21,29,51539133.353363,358.732845,0.639614,2338.2958,105,11,ok
nsga2,r109_21,30,70126728.408088,52.050866,0.652996,1446.4485,105,8,ok
smsemoa,r109_21,1,57172710.790649,207.0188,1.176578,1203.14,105,8,ok
smsemoa,r109_21,2,52411445.847634,275.867706,1.349579,1650.6688,105,9,ok
smsemoa,r109_21,3,57226790.415263,263.898805,1.549463,1837.6296,105,9,ok
smsemoa,r109_21,4,50704353.090387,299.266202,0.733136,1746.4528,105,7,ok
smsemoa,r109_21,5,57958563.451805,225.917753,0.934805,1831.7142,105,8,ok
smsemoa,r109_21,6,53967146.570271,196.556051,1.298542,1406.7329,105,7,ok
smsemoa,r109_21,7,50586984.427835,313.980991,1.092726,1528.9904,105,7,ok
smsemoa,r109_21,8,54753289.09299,244.286615,0.84727,1719.6818,105,7,ok
smsemoa,r109_21,9,64295536.70265,124.649853,0.983148,1516.9065,105,9,ok
smsemoa,r109_21,10,58941867.260819,196.543292,0.960335,1508.2149,105,6,ok
smsemoa,r109_21,11,66397956.656846,68.178566,1.576393,1184.3106,104,6,ok
smsemoa,r109_21,12,52905549.174328,259.671556,1.275393,1638.8662,105,7,ok
smsemoa,r109_21,13,56281031.057167,254.155655,0.974121,1428.3301,105,9,ok
smsemoa,r109_21,14,44664499.890554,438.046149,0.958084,1652.6847,105,11,ok
smsemoa,r109_21,15,54013474.637717,213.706372,1.446249,1348.5137,105,6,ok
smsemoa,r109_21,16,50435125.499021,357.408775,1.40904,1716.9625,105,10,ok
smsemoa,r109_21,17,47947403.525274,292.885044,0.937645,1543.2589,105,7,ok
smsemoa,r109_21,18,54022177.893398,227.05771,0.800545,1040.3505,105,7,ok
smsemoa,r109_21,19,56310410.91796,246.89631,1.240405,1695.3344,105,8,ok
smsemoa,r109_21,20,56800629.342944,239.844282,0.95673,1715.8381,105,8,ok
smsemoa,r109_21,21,57375373.156086,268.030633,1.523367,2165.749,105,11,ok
smsemoa,r109_21,22,58332956.52079,201.234888,0.845438,1357.5537,105,9,ok
smsemoa,r109_21,23,43490013.776804,424.049507,0.843902,1763.2243,105,10,ok
smsemoa,r109_21,24,39966631.517425,424.542486,1.017698,1361.2617,105,6,ok
smsemoa,r109_21,25,54130868.751586,285.817297,0.739985,1410.4352,105,9,ok
smsemoa,r109_21,26,54005378.40972,208.855768,1.018883,1556.0693,104,8,ok
smsemoa,r109_21,27,61595009.456595,196.804033,1.091433,1624.1241,105,8,ok
smsemoa,r109_21,28,51930054.761754,294.455295,0.661599,1624.3346,105,7,ok
smsemoa,r109_21,29,61914965.688701,120.711975,1.274952,1241.9315,105,7,ok
smsemoa,r109_21,30,49969454.007617,280.052448,0.819871,1392.1397,105,6,ok
moead_ws,r110_21,1,39162623.051743,278.152828,5.064621,1319.3336,99,8,ok
moead_ws,r110_21,2,46285654.210974,152.692406,4.501593,1263.7185,97,7,ok
moead_ws,r110_21,3,44447892.913503,181.277164,3.361152,1666.0136,99,7,ok
moead_ws,r110_21,4,32041223.891297,452.644141,2.943676,1218.7214,94,8,ok
moead_ws,r110_21,5,35065474.327263,339.288598,5.976521,1775.4202,103,6,ok
moead_ws,r110_21,6,54754562.433861,32.979043,6.836553,2379.9536,102,7,ok
moead_ws,r110_21,7,50572582.556386,124.95007,1.726472,1217.2877,102,6,ok
moead_ws,r110_21,8,45805570.464937,141.239161,5.80288,1409.4485,95,6,ok
moead_ws,r110_21,9,40708171.551388,225.908632,6.447047,1771.513,103,4,ok
moead_ws,r110_21,10,40789984.72472,260.551333,3.044227,1666.6129,101,7,ok
moead_ws,r110_21,11,43796438.331936,190.41674,3.830952,1288.3625,100,7,ok
moead_ws,r110_21,12,45598373.122192,132.458933,5.172083,1637.9869,99,7,ok
moead_ws,r110_21,13,39414276.35626,212.90083,7.330518,1840.5548,102,5,ok
moead_ws,r110_21,14,39369334.093201,274.655963,2.918405,1599.8834,100,7,ok
moead_ws,r110_21,15,47180785.702912,166.692167,4.293354,2036.0695,101,9,ok
moead_ws,r110_21,16,40113015.40102,265.496627,3.536038,1122.5579,103,6,ok
moead_ws,r110_21,17,39844980.662064,293.974449,7.578481,1390.1879,94,5,ok
moead_ws,r110_21,18,46670315.86816,150.420179,2.736908,1378.6236,102,6,ok
moead_ws,r110_21,19,44878111.166058,235.050996,3.897808,1837.7933,95,9,ok
moead_ws,r110_21,20,46488991.872516,154.883961,4.975419,1303.1377,93,5,ok
moead_ws,r110_21,21,46597235.631207,171.470677,2.616191,1253.1441,93,5,ok
moead_ws,r110_21,22,39602788.314958,339.583997,2.147697,1332.3118,99,7,ok
moead_ws,r110_21,23,45409191.584119,170.201733,3.202475,882.4375,95,5,ok
moead_ws,r110_21,24,43056853.401377,203.124111,5.338341,1555.2716,104,8,ok
moead_ws,r110_21,25,46731408.924198,125.938129,4.29265,1556.2022,98,5,ok
moead_ws,r110_21,26,43142735.873881,154.030348,3.877049,1670.1878,99,5,ok
moead_ws,r110_21,27,45853010.140087,145.232352,4.921437,1752.0848,84,6,ok
moead_ws,r110_21,28,41712256.221319,241.345783,7.180822,2614.6446,98,5,ok
moead_ws,r110_21,29,40908426.809009,210.573677,8.29504,1387.2975,93,5,ok
moead_ws,r110_21,30,40947382.257349,207.522409,4.944144,1305.5281,99,5,ok
nsga2,r110_21,1,49857844.235835,211.226865,2.688562,1394.2425,105,8,ok
nsga2,r110_21,2,47179431.486279,214.840683,0.550961,1228.3098,105,8,ok
nsga2,r110_21,3,42500717.526357,202.263777,0.751886,1147.883,105,5,ok
nsga2,r110_21,4,47749180.493342,196.404035,0.536662,1104.8242,105,7,ok
nsga2,r110_21,5,45938639.860015,203.938674,1.671669,707.1415,105,4,ok
nsga2,r110_21,6,50192739.291615,155.299887,0.764835,1184.437,105,6,ok
nsga2,r110_21,7,48478900.988647,116.229565,0.995064,665.5161,105,4,ok
nsga2,r110_21,8,45561499.068088,260.376939,0.52607,1262.5316,105,7,ok
nsga2,r110_21,9,48188458.907922,126.536748,2.454742,664.7117,105,4,ok
nsga2,r110_21,10,51108065.697942,93.123003,0.987138,1034.1652,105,7,ok
nsga2,r110_21,11,56592187.210666,46.06818,0.866704,1086.6083,105,6,ok
nsga2,r110_21,12,46283150.811811,177.687051,0.829676,803.8731,105,4,ok
nsga2,r110_21,13,46569701.754526,180.049406,1.295961,811.5594,105,3,ok
nsga2,r110_21,14,50299615.265404,127.470892,0.715229,969.5224,105,5,ok
nsga2,r110_21,15,49775061.743019,87.11814,0.787501,996.4175,105,6,ok
nsga2,r110_21,16,48501689.932974,101.47847,1.956824,796.7853,105,4,ok
nsga2,r110_21,17,52965299.832851,71.653736,0.818707,1052.1058,105,7,ok
nsga2,r110_21,18,50927503.467173,43.010917,0.779554,606.0496,105,3,ok
nsga2,r110_21,19,51012563.890351,40.16186,0.986724,704.0708,105,4,ok
nsga2,r110_21,20,51127803.122609,111.524877,0.58029,1070.969,105,7,ok
nsga2,r110_21,21,50434496.76699,134.847662,0.676688,1229.5904,105,6,ok
nsga2,r110_21,22,46836871.35583,247.246582,0.610729,1144.471,105,7,ok
nsga2,r110_21,23,45213280.700235,244.810039,0.600538,1207.6351,105,6,ok
nsga2,r110_21,24,53526560.22209,84.251098,1.517197,1269.1892,105,6,ok
nsga2,r110_21,25,40021859.133883,366.932377,0.896366,1324.5996,105,7,ok
nsga2,r110_21,26,51393983.513471,120.483457,0.59706,1015.655,105,3,ok
nsga2,r110_21,27,46982507.535617,163.120989,1.403834,859.3593,105,6,ok
nsga2,r110_21,28,48307498.13772,130.034303,0.48071,930.8146,105,6,ok
nsga2,r110_21,29,43473853.519594,255.196986,0.760177,1723.2513,105,7,ok
nsga2,r110_21,30,46023769.911743,188.014738,0.670895,706.9333,105,6,ok
smsemoa,r110_21,1,50815585.173422,135.821764,0.693761,975.6235,105,6,ok
smsemoa,r110_21,2,52159642.512809,121.007351,1.087188,1274.197,105,6,ok
smsemoa,r110_21,3,59196309.080625,15.71625,0.743094,1029.7642,105,7,ok
smsemoa,r110_21,4,48362685.94887,184.852207,1.214501,930.9195,105,6,ok
smsemoa,r110_21,5,52466084.510175,81.25452,0.831992,895.8782,105,4,ok
smsemoa,r110_21,6,49267841.883761,87.571334,1.814016,612.6713,105,4,ok
smsemoa,r110_21,7,51222092.760303,115.083538,1.194113,849.6503,104,6,ok
smsemoa,r110_21,8,48246151.146199,119.499737,0.755618,780.1302,105,4,ok
smsemoa,r110_21,9,46101516.204275,183.229377,0.786067,751.7431,105,7,ok
smsemoa,r110_21,10,49946363.044403,131.047544,1.04752,1011.2326,105,7,ok
smsemoa,r110_21,11,48162050.488468,139.374971,1.243069,1191.7738,105,5,ok
smsemoa,r110_21,12,51530071.390494,113.091385,0.853319,1024.0941,105,5,ok
smsemoa,r110_21,13,50668790.154834,120.377301,1.388868,868.5784,105,6,ok
smsemoa,r110_21,14,48012909.478395,197.42684,0.814782,1053.3949,105,6,ok
smsemoa,r110_21,15,55846740.403318,4.886382,1.033853,847.1153,105,4,ok
smsemoa,r110_21,16,50185934.607097,137.777835,0.851897,767.1973,105,5,ok
smsemoa,r110_21,17,44294226.491629,250.907207,0.729706,943.9444,105,6,ok
smsemoa,r110_21,18,47993053.859627,136.179804,0.657156,1082.3252,105,4,ok
smsemoa,r110_21,19,51903899.171761,101.515451,0.713656,826.0566,105,5,ok
smsemoa,r110_21,20,50726772.741425,115.328971,3.294979,938.1603,105,5,ok
smsemoa,r110_21,21,51587798.435907,97.182463,0.993843,839.5167,105,5,ok
smsemoa,r110_21,22,49328601.205029,104.028928,0.859584,1150.7656,105,6,ok
smsemoa,r110_21,23,55191039.244797,10.162116,0.863354,898.2083,105,6,ok
smsemoa,r110_21,24,54108517.017122,36.936737,0.853359,921.0077,105,4,ok
smsemoa,r110_21,25,51798841.033606,109.345553,1.051399,1021.6929,105,7,ok
smsemoa,r110_21,26,51595098.84916,92.836355,1.020356,1039.1175,105,4,ok
smsemoa,r110_21,27,55703128.448838,9.736197,1.963453,1057.0664,105,4,ok
smsemoa,r110_21,28,51729229.14717,119.925641,0.754791,990.1731,105,7,ok
smsemoa,r110_21,29,56317613.873031,4.028805,0.916936,1022.9918,105,4,ok
smsemoa,r110_21,30,52500825.576671,76.599591,0.656279,1037.0261,105,4,ok
moead_ws,r111_21,1,42201519.859425,135.691176,1.927689,1318.4117,101,6,ok
moead_ws,r111_21,2,44450018.859619,139.678257,3.077707,1279.754,96,6,ok
moead_ws,r111_21,3,37841600.87489,214.974145,1.785195,1156.7141,98,6,ok
moead_ws,r111_21,4,41726215.277072,134.133216,2.239181,1082.0089,100,4,ok
moead_ws,r111_21,5,29360030.964094,291.248114,8.202915,2282.0204,100,5,ok
moead_ws,r111_21,6,32684021.297257,289.782034,5.511958,1403.3545,84,7,ok
moead_ws,r111_21,7,41795852.100427,171.00787,4.137022,1495.6701,99,7,ok
moead_ws,r111_21,8,30432831.5999,349.828054,7.507187,2385.3347,103,9,ok
moead_ws,r111_21,9,41949156.782685,164.271265,6.148661,1523.3388,98,7,ok
moead_ws,r111_21,10,37554248.926255,218.269349,7.461758,1250.9753,99,7,ok
moead_ws,r111_21,11,35166012.082502,286.902162,3.137614,1333.1684,103,6,ok
moead_ws,r111_21,12,33724022.750243,263.973435,4.664351,1460.6253,103,5,ok
moead_ws,r111_21,13,30509264.468203,282.391545,5.78545,1086.9799,94,4,ok
moead_ws,r111_21,14,35655367.136178,247.173364,2.212609,1348.0332,100,6,ok
moead_ws,r111_21,15,33607506.905412,270.964904,5.294595,1546.9746,101,8,ok
moead_ws,r111_21,16,33426963.201622,317.724423,2.331877,1536.5161,100,7,ok
moead_ws,r111_21,17,35665663.754911,192.344429,4.491506,1570.624,99,7,ok
moead_ws,r111_21,18,34629302.147605,234.291242,3.091439,1134.0385,97,5,ok
moead_ws,r111_21,19,31681407.561128,341.671023,2.17122,1163.1703,100,6,ok
moead_ws,r111_21,20,30469330.017429,356.614995,2.852516,1608.066,96,5,ok
moead_ws,r111_21,21,35643907.852088,197.506981,5.949738,1372.2468,94,5,ok
moead_ws,r111_21,22,38130762.837995,246.201594,2.92025,1826.0907,98,7,ok
moead_ws,r111_21,23,29523042.878218,361.870953,7.923317,1753.179,95,7,ok
moead_ws,r111_21,24,37021359.768925,211.156203,6.778354,2223.8936,101,7,ok
moead_ws,r111_21,25,34627163.598997,275.076708,3.753352,1310.5861,92,7,ok
moead_ws,r111_21,26,37540170.952603,201.690484,2.891466,1306.6572,92,6,ok
moead_ws,r111_21,27,43782468.628657,133.638043,5.163376,1548.3504,96,7,ok
moead_ws,r111_21,28,29985927.844783,363.640324,4.803403,1421.9779,96,5,ok
moead_ws,r111_21,29,33146807.875046,266.6448,5.888408,1722.9516,100,6,ok
moead_ws,r111_21,30,37188687.970618,210.969621,5.325388,1734.8296,98,10,ok
nsga2,r111_21,1,47397282.810213,128.631214,0.643515,1236.5347,105,6,ok
nsga2,r111_21,2,39307809.736465,202.924336,0.463909,1086.3539,105,7,ok
nsga2,r111_21,3,41264675.561116,220.218192,0.9441,1362.4527,105,8,ok
nsga2,r111_21,4,46192381.521254,92.862382,0.623493,890.0995,105,6,ok
nsga2,r111_21,5,42302777.647572,196.720733,0.604488,1387.6908,105,7,ok
nsga2,r111_21,6,42902256.514714,74.037818,1.293405,964.3664,105,4,ok
nsga2,r111_21,7,44991902.65921,114.793849,0.514116,787.3259,105,6,ok
nsga2,r111_21,8,43206154.421063,170.6074,0.541609,1207.7202,105,6,ok
nsga2,r111_21,9,37686305.165596,245.650111,0.839028,1396.2964,105,7,ok
nsga2,r111_21,10,34160543.225727,291.864736,0.544634,902.8327,105,5,ok
nsga2,r111_21,11,40503923.556582,160.804339,0.725284,823.3326,105,4,ok
nsga2,r111_21,12,39994950.087734,253.614277,0.673803,1048.0164,105,7,ok
nsga2,r111_21,13,44060034.575398,128.490882,1.812745,797.1239,105,6,ok
nsga2,r111_21,14,45535764.206872,77.395573,0.922177,618.6074,105,5,ok
nsga2,r111_21,15,33414173.78892,302.285966,0.630171,802.5268,105,6,ok
nsga2,r111_21,16,48164092.083344,118.819087,0.793143,808.6184,105,5,ok
nsga2,r111_21,17,37628944.118531,258.65163,1.719528,1215.3479,105,7,ok
nsga2,r111_21,18,39311822.8952,269.736796,1.02468,1584.473,105,6,ok
nsga2,r111_21,19,38514516.331367,237.639074,0.42985,991.7615,105,6,ok
nsga2,r111_21,20,43157741.269389,164.313732,0.656443,1315.6161,105,6,ok
nsga2,r111_21,21,47137671.122979,51.235195,0.675544,661.005,105,5,ok
nsga2,r111_21,22,52476966.655602,0.056606,0.869301,727.018,105,5,ok
nsga2,r111_21,23,39331432.806436,201.829314,1.155386,1057.9331,105,7,ok
nsga2,r111_21,24,42412455.22654,193.599529,0.818308,1279.8268,105,6,ok
nsga2,r111_21,25,41530326.906135,129.588583,0.763998,820.3192,105,4,ok
nsga2,r111_21,26,41577848.092095,136.159077,0.736275,1058.4091,105,4,ok
nsga2,r111_21,27,34190972.790215,280.533521,0.88688,998.1641,105,7,ok
nsga2,r111_21,28,38715890.042453,212.536041,0.585926,808.1431,105,5,ok
nsga2,r111_21,29,41960161.354835,207.792971,0.627725,1445.1099,105,6,ok
nsga2,r111_21,30,45974122.586237,76.637891,0.753463,768.7406,105,5,ok
smsemoa,r111_21,1,46265983.913247,132.282495,1.561771,1024.1658,105,7,ok
smsemoa,r111_21,2,44382136.837027,138.346843,0.959427,1058.1269,105,7,ok
smsemoa,r111_21,3,39044269.860888,190.567284,0.773689,714.6537,105,7,ok
smsemoa,r111_21,4,45710668.02562,84.898789,1.255471,970.8705,105,5,ok
smsemoa,r111_21,5,45330743.356805,100.572346,0.815815,1077.0705,105,5,ok
smsemoa,r111_21,6,44065362.318193,114.196558,0.828986,836.0053,105,4,ok
smsemoa,r111_21,7,45367339.726898,153.105841,1.183621,1215.5731,105,8,ok
smsemoa,r111_21,8,44580698.332917,122.210658,2.284462,944.4459,105,5,ok
smsemoa,r111_21,9,38847395.437798,203.085844,0.964992,844.4296,105,5,ok
smsemoa,r111_21,10,45564138.042549,89.188294,0.836602,669.7409,101,7,ok
smsemoa,r111_21,11,43809781.621922,132.960093,1.402623,996.7421,105,8,ok
smsemoa,r111_21,12,46066251.361227,114.412373,0.747848,1352.5476,105,7,ok
smsemoa,r111_21,13,36302576.918221,275.876781,0.908587,919.0783,105,6,ok
smsemoa,r111_21,14,39279540.142467,211.660808,0.899301,1046.4493,105,6,ok
smsemoa,r111_21,15,45771663.715678,100.759395,0.956829,1335.3524,105,5,ok
smsemoa,r111_21,16,37872375.368008,234.219412,0.864997,1068.8997,105,5,ok
smsemoa,r111_21,17,41851530.996561,179.914619,0.871785,1284.2247,105,6,ok
smsemoa,r111_21,18,43031887.288201,152.510153,1.186824,1043.9008,105,7,ok
smsemoa,r111_21,19,41277347.950164,141.808223,1.067847,982.2047,105,5,ok
smsemoa,r111_21,20,45963061.710305,78.970444,0.95131,688.7234,105,5,ok
smsemoa,r111_21,21,43033659.919558,173.005678,0.964916,1022.1058,105,7,ok
smsemoa,r111_21,22,52332298.340725,57.943285,1.082192,1195.7912,105,7,ok
smsemoa,r111_21,23,36692560.60826,191.638037,0.763202,917.8236,105,4,ok
smsemoa,r111_21,24,42222728.117501,161.32919,0.927543,738.12,105,6,ok
smsemoa,r111_21,25,46652309.421113,55.447854,1.335813,712.0633,105,4,ok
smsemoa,r111_21,26,51007670.752043,42.168309,0.572774,974.7453,105,5,ok
smsemoa,r111_21,27,47308193.160656,42.677078,0.720816,1037.078,105,5,ok
smsemoa,r111_21,28,38936295.077076,133.305013,0.879871,921.2544,105,5,ok
smsemoa,r111_21,29,47071630.336172,48.51163,0.701002,784.1657,105,5,ok
smsemoa,r111_21,30,41211384.600809,124.953173,0.967942,629.7227,105,4,ok
moead_ws,r112_21,1,10849461.676792,179.697101,5.431938,756.2035,98,5,ok
moead_ws,r112_21,2,8982904.767974,247.651798,2.2945,629.0989,99,3,ok
moead_ws,r112_21,3,10656252.584675,202.246463,2.721644,1078.0848,101,5,ok
moead_ws,r112_21,4,9728505.326008,231.004677,5.068982,1274.7763,84,5,ok
moead_ws,r112_21,5,11185384.630079,158.192101,2.569207,687.8462,91,5,ok
moead_ws,r112_21,6,10803773.978152,200.266463,2.149898,967.5146,98,4,ok
moead_ws,r112_21,7,9863434.345611,242.858056,6.519516,1247.4981,100,5,ok
moead_ws,r112_21,8,9941774.736751,238.377703,4.400743,1034.3418,96,5,ok
moead_ws,r112_21,9,9871776.248981,193.731801,6.911084,1370.482,103,5,ok
moead_ws,r112_21,10,11218230.874841,237.868494,2.282808,1125.3618,101,6,ok
moead_ws,r112_21,11,11246048.055031,103.643346,5.802315,1603.3617,95,5,ok
moead_ws,r112_21,12,12526513.389527,63.651968,4.323464,790.1139,86,3,ok
moead_ws,r112_21,13,11654995.789547,187.466114,3.164311,1452.8056,100,8,ok
moead_ws,r112_21,14,11591200.046699,169.360344,2.233878,770.4721,101,4,ok
moead_ws,r112_21,15,12288587.808481,167.526285,2.760656,1058.9338,102,5,ok
moead_ws,r112_21,16,11405106.98267,130.286897,4.999866,1486.4503,99,6,ok
moead_ws,r112_21,17,10215225.895479,159.636113,6.964194,330.5335,99,3,ok
moead_ws,r112_21,18,9259239.118073,221.443396,3.796347,879.3395,85,4,ok
moead_ws,r112_21,19,11988855.16785,158.714507,7.429167,1235.9548,90,5,ok
moead_ws,r112_21,20,11086299.778038,179.337515,2.147222,946.1075,103,5,ok
moead_ws,r112_21,21,10316864.552438,170.743085,5.236543,945.8055,90,5,ok
moead_ws,r112_21,22,11622433.68262,141.579181,2.449397,922.1348,98,3,ok
moead_ws,r112_21,23,8423723.345376,273.447467,5.282345,952.8342,96,4,ok
moead_ws,r112_21,24,11553703.704345,161.512352,3.337906,1270.2718,101,3,ok
moead_ws,r112_21,25,11620315.994924,181.241945,4.419737,810.2976,99,5,ok
moead_ws,r112_21,26,9693897.59796,256.269516,8.105326,1035.0978,99,4,ok
moead_ws,r112_21,27,12247658.303065,105.112796,3.091763,1419.0275,82,4,ok
moead_ws,r112_21,28,13337931.384158,123.411266,2.32941,817.3618,95,6,ok
moead_ws,r112_21,29,10950759.625988,178.057855,4.214613,941.5585,85,3,ok
moead_ws,r112_21,30,10013554.47,200.460486,9.084013,1310.6107,88,7,ok
nsga2,r112_21,1,11494589.823931,161.141726,0.78515,488.8081,91,4,ok
nsga2,r112_21,2,11681327.569259,234.423378,2.477403,1023.1233,105,7,ok
nsga2,r112_21,3,13081962.985195,122.66461,0.97977,403.5836,54,4,ok
nsga2,r112_21,4,12711233.063858,167.143271,0.954165,899.9942,105,5,ok
nsga2,r112_21,5,11866579.872138,135.926239,0.67868,711.2922,92,4,ok
nsga2,r112_21,6,12237914.382853,112.546606,0.829785,632.4354,105,4,ok
nsga2,r112_21,7,11052277.936443,180.351073,1.465033,501.4996,105,3,ok
nsga2,r112_21,8,13887804.896851,119.508993,0.374502,953.182,105,5,ok
nsga2,r112_21,9,14391840.10681,108.656216,0.654102,1096.6405,105,7,ok
nsga2,r112_21,10,12263152.403083,162.571266,1.1137,897.8669,105,6,ok
nsga2,r112_21,11,10699239.685199,211.428166,2.439006,633.86,105,4,ok
nsga2,r112_21,12,11846796.827852,140.448275,2.337533,717.6623,105,4,ok
nsga2,r112_21,13,14036362.71113,76.093002,0.805607,647.468,105,4,ok
nsga2,r112_21,14,10389976.450705,235.974666,0.961828,521.9423,105,5,ok
nsga2,r112_21,15,12918744.587775,138.785243,2.097038,842.2391,105,4,ok
nsga2,r112_21,16,10839699.573273,214.758487,0.584158,697.4702,105,5,ok
nsga2,r112_21,17,11405163.044382,176.733363,3.570513,749.6849,97,3,ok
nsga2,r112_21,18,13470795.642129,92.034,0.0,473.1683,94,2,ok
nsga2,r112_21,19,10633417.258423,216.392276,2.138819,377.6083,104,5,ok
nsga2,r112_21,20,11088706.317941,183.069104,1.513933,608.3197,63,4,ok
nsga2,r112_21,21,10745611.870982,234.724748,1.259546,696.2559,105,3,ok
nsga2,r112_21,22,11463507.104517,167.594913,0.883757,494.6472,105,3,ok
nsga2,r112_21,23,15098747.918844,11.590299,1.021131,514.1289,105,3,ok
nsga2,r112_21,24,13361577.879577,100.584719,0.688821,978.0853,105,5,ok
nsga2,r112_21,25,11979910.191151,141.639346,0.768274,826.1449,105,4,ok
nsga2,r112_21,26,12166576.433245,195.424552,0.529373,782.9375,105,5,ok
nsga2,r112_21,27,12804116.400715,173.322404,0.819237,796.2073,105,5,ok
nsga2,r112_21,28,12435450.800007,180.034127,1.396317,923.6224,105,5,ok
nsga2,r112_21,29,11170935.698707,200.228057,0.710187,454.1726,105,4,ok
nsga2,r112_21,30,11134932.317453,182.306012,0.884377,760.2216,105,3,ok
smsemoa,r112_21,1,9398140.128817,239.840594,3.291729,656.3601,105,3,ok
smsemoa,r112_21,2,11951557.962448,124.008494,2.123866,358.0686,98,4,ok
smsemoa,r112_21,3,12940386.302611,152.61833,1.041878,795.7489,105,5,ok
smsemoa,r112_21,4,11528381.775014,156.371892,3.373847,687.227,105,4,ok
smsemoa,r112_21,5,13218918.501898,114.732069,0.972281,759.9567,79,3,ok
smsemoa,r112_21,6,13535157.423569,118.760743,0.753244,636.6824,105,3,ok
smsemoa,r112_21,7,13182156.176534,125.130086,1.065572,439.3318,105,4,ok
smsemoa,r112_21,8,13600087.893457,102.65942,1.890241,664.3888,105,3,ok
smsemoa,r112_21,9,12174950.400273,116.860042,1.647977,421.7448,105,3,ok
smsemoa,r112_21,10,13083976.391547,143.946569,0.810565,665.2871,105,5,ok
smsemoa,r112_21,11,15920549.975928,42.786378,0.832934,832.988,105,4,ok
smsemoa,r112_21,12,11560826.543053,161.23556,2.180013,650.8794,105,4,ok
smsemoa,r112_21,13,14045217.015711,82.925803,1.108064,645.1483,105,3,ok
smsemoa,r112_21,14,10387939.303145,153.62255,1.242777,455.87,96,2,ok
smsemoa,r112_21,15,13308502.150633,106.353788,2.476905,359.7589,105,4,ok
smsemoa,r112_21,16,12249253.02954,189.559916,0.624072,988.8195,105,5,ok
smsemoa,r112_21,17,11299144.282236,199.252752,1.205649,687.551,105,3,ok
smsemoa,r112_21,18,13055443.87917,159.048281,1.084195,761.954,105,5,ok
smsemoa,r112_21,19,13684565.14897,123.177679,0.604878,660.5367,105,5,ok
smsemoa,r112_21,20,11928724.427231,126.960715,4.593476,593.3155,101,4,ok
smsemoa,r112_21,21,14044987.216376,60.800138,1.601504,448.7798,64,2,ok
smsemoa,r112_21,22,12127913.258988,105.302485,2.412862,364.738,105,3,ok
smsemoa,r112_21,23,13280270.802364,115.495764,1.217649,610.8827,105,6,ok
smsemoa,r112_21,24,12841867.315362,164.190548,1.970547,837.9383,105,5,ok
smsemoa,r112_21,25,14034990.234728,78.196068,1.927786,595.0296,105,5,ok
smsemoa,r112_21,26,12289811.919254,104.81898,3.086573,631.4331,105,2,ok
smsemoa,r112_21,27,12802977.225537,126.199024,1.40901,856.978,105,5,ok
smsemoa,r112_21,28,16642686.59056,0.198348,2.420275,593.9368,103,4,ok
smsemoa,r112_21,29,12799677.42447,134.032985,1.111209,603.8258,105,5,ok
smsemoa,r112_21,30,13826744.836721,74.230482,0.989289,501.5065,105,4,ok
moead_ws,r202_21,1,189973010.001663,323.243818,3.388688,15821.3765,92,3,ok
moead_ws,r202_21,2,222222111.323072,354.950272,4.361744,11485.1665,99,5,ok
moead_ws,r202_21,3,173600480.260849,390.057395,7.673588,19403.4775,104,4,ok
moead_ws,r202_21,4,214599393.051205,407.827371,6.556365,14392.5788,94,5,ok
moead_ws,r202_21,5,156204398.732786,540.867599,4.785489,16928.4284,95,4,ok
moead_ws,r202_21,6,245150039.0841,353.924239,8.337176,16742.689,102,3,ok
moead_ws,r202_21,7,205394954.084429,441.814871,4.949441,16263.4297,103,5,ok
moead_ws,r202_21,8,221706173.263301,400.361398,3.087227,13899.6414,102,5,ok
moead_ws,r202_21,9,179616817.367169,506.820238,6.938332,18922.9221,98,5,ok
moead_ws,r202_21,10,235538175.84894,250.479627,2.562709,12334.6827,96,3,ok
moead_ws,r202_21,11,216304540.050791,352.223628,4.007621,14683.167,96,3,ok
moead_ws,r202_21,12,246844884.659222,194.673469,5.442878,13959.0357,93,5,ok
moead_ws,r202_21,13,212212273.070886,287.662122,3.189412,13534.7939,91,4,ok
moead_ws,r202_21,14,173616023.22945,439.20647,3.392606,15131.4699,99,5,ok
moead_ws,r202_21,15,148086250.869564,362.91703,7.473683,17421.4085,101,4,ok
moead_ws,r202_21,16,242679949.426505,378.960118,6.400168,12961.566,96,4,ok
moead_ws,r202_21,17,173260567.588143,397.003125,3.019998,14868.7905,97,4,ok
moead_ws,r202_21,18,238661984.514912,322.895317,2.806031,14140.49,83,6,ok
moead_ws,r202_21,19,199247363.191203,511.034024,4.610258,14706.0282,95,5,ok
moead_ws,r202_21,20,187761632.028606,324.064432,4.088549,14175.1969,102,2,ok
moead_ws,r202_21,21,263705803.365283,289.45264,3.109681,12343.8694,100,4,ok
moead_ws,r202_21,22,207334467.636398,319.467134,5.89599,14102.6822,95,4,ok
moead_ws,r202_21,23,204347985.973997,321.314304,2.274361,16164.3959,104,4,ok
moead_ws,r202_21,24,234192047.496713,372.808737,2.959699,14094.1121,98,5,ok
moead_ws,r202_21,25,208026692.835443,452.153391,6.641062,17724.4494,93,3,ok
moead_ws,r202_21,26,191187833.553589,525.321353,7.791413,17731.9373,104,4,ok
moead_ws,r202_21,27,226170076.419894,439.376976,3.739187,16914.3021,101,4,ok
moead_ws,r202_21,28,251941898.811438,363.362733,6.090367,17133.0588,103,5,ok
moead_ws,r202_21,29,191368952.038758,379.617888,5.871556,15387.9103,97,4,ok
moead_ws,r202_21,30,168061289.48766,361.558677,7.810103,19210.791,97,3,ok
nsga2,r202_21,1,330334492.370845,230.550698,0.656312,10806.8103,105,3,ok
nsga2,r202_21,2,339349446.470744,96.751445,0.7618,8425.0795,105,4,ok
nsga2,r202_21,3,343215610.065075,79.068483,0.768098,6921.7378,105,4,ok
nsga2,r202_21,4,293620276.733626,81.837955,0.776522,4746.3299,105,3,ok
nsga2,r202_21,5,322300128.287426,177.222427,0.828235,5582.2722,105,3,ok
nsga2,r202_21,6,341384803.014331,102.512061,0.770902,9829.72,105,3,ok
nsga2,r202_21,7,328453055.549427,179.680775,0.734693,8253.7906,105,3,ok
nsga2,r202_21,8,337742401.557225,151.820336,0.724744,7087.6723,105,5,ok
nsga2,r202_21,9,344085808.702622,65.385422,0.770735,6247.0669,105,3,ok
nsga2,r202_21,10,318487534.860641,215.498702,0.706423,10078.5498,105,3,ok
nsga2,r202_21,11,392283558.53806,98.148737,0.663823,12753.9095,105,4,ok
nsga2,r202_21,12,368585163.757917,167.674087,0.877024,11449.9494,105,4,ok
nsga2,r202_21,13,377452970.677451,158.060549,0.592784,11076.4485,105,4,ok
nsga2,r202_21,14,279340698.61023,251.807574,0.771026,8523.2035,105,3,ok
nsga2,r202_21,15,336214927.128068,148.500514,1.097399,10343.7483,105,4,ok
nsga2,r202_21,16,327528060.413128,175.851451,0.815406,10418.2364,105,5,ok
nsga2,r202_21,17,376266134.81116,126.327451,0.804394,8937.4003,105,3,ok
nsga2,r202_21,18,339314908.55381,135.986826,0.822206,12439.249,105,3,ok
nsga2,r202_21,19,341782152.796159,101.438074,0.672472,7394.236,105,5,ok
nsga2,r202_21,20,340717181.15714,104.294998,1.026176,11622.6625,105,5,ok
nsga2,r202_21,21,326924010.465212,196.00803,0.76349,6542.6794,105,2,ok
nsga2,r202_21,22,326322363.620116,189.663241,1.061209,6859.0637,105,3,ok
nsga2,r202_21,23,317301600.032892,317.464917,0.756634,11684.5079,105,3,ok
nsga2,r202_21,24,343627567.245423,96.095236,0.711233,10509.7931,105,3,ok
nsga2,r202_21,25,355199242.061962,7.730492,2.275161,9833.0452,105,4,ok
nsga2,r202_21,26,345703913.696021,23.94114,0.834892,4285.36,105,3,ok
nsga2,r202_21,27,333013511.366872,181.509261,0.848034,10862.2314,105,5,ok
nsga2,r202_21,28,341442323.52313,109.223627,0.732955,10002.7489,105,4,ok
nsga2,r202_21,29,372624137.385232,200.472212,0.665288,10902.9155,105,5,ok
nsga2,r202_21,30,398835838.585939,38.516603,0.636076,5893.5166,105,5,ok
smsemoa,r202_21,1,330042931.975435,151.774818,2.309317,8812.9549,105,3,ok
smsemoa,r202_21,2,329669952.160959,143.845442,2.074375,11794.9045,105,3,ok
smsemoa,r202_21,3,333865603.724258,181.132589,1.948516,11915.4859,105,5,ok
smsemoa,r202_21,4,374444050.220062,164.458271,0.905549,11651.8551,105,6,ok
smsemoa,r202_21,5,326647804.875628,219.948329,0.922814,11719.686,105,5,ok
smsemoa,r202_21,6,349214878.734804,29.903168,1.036689,12303.2673,105,3,ok
smsemoa,r202_21,7,355490355.483554,6.303517,0.684314,5861.526,105,3,ok
smsemoa,r202_21,8,346013095.635029,49.664606,1.799971,7001.0622,105,5,ok
smsemoa,r202_21,9,357918187.197784,4.251538,3.971974,10040.5745,105,3,ok
smsemoa,r202_21,10,380318289.15247,68.952425,0.935409,5063.8088,105,5,ok
smsemoa,r202_21,11,372000791.903108,137.359869,1.143329,7206.746,105,6,ok
smsemoa,r202_21,12,337338577.384928,91.615009,1.408313,9035.1622,105,3,ok
smsemoa,r202_21,13,370844765.708866,141.51048,0.796402,9309.23,105,6,ok
smsemoa,r202_21,14,334468309.689028,108.344137,1.616825,11243.7204,105,4,ok
smsemoa,r202_21,15,396001320.58414,23.073825,1.311944,8852.054,105,3,ok
smsemoa,r202_21,16,355069842.956683,10.272175,1.338713,11429.1609,105,3,ok
smsemoa,r202_21,17,377430754.386018,102.169947,1.501188,6779.9975,105,4,ok
smsemoa,r202_21,18,343227194.992259,62.597461,0.627807,6371.5259,105,3,ok
smsemoa,r202_21,19,333842196.330724,107.716669,4.216908,8456.8868,105,3,ok
smsemoa,r202_21,20,343888608.212692,106.701019,0.77318,9246.6247,105,4,ok
smsemoa,r202_21,21,384296419.329533,66.194414,2.5899,12467.4376,105,5,ok
smsemoa,r202_21,22,345256421.838646,42.089348,1.17384,7258.9153,105,3,ok
smsemoa,r202_21,23,343457717.322675,73.658941,1.030007,11899.444,105,3,ok
smsemoa,r202_21,24,336984720.984556,102.175061,0.623495,6172.6374,105,4,ok
smsemoa,r202_21,25,343452012.852392,56.795797,1.150528,5121.9399,105,3,ok
smsemoa,r202_21,26,357335864.267151,14.463616,0.895714,6953.3818,105,1,ok
smsemoa,r202_21,27,344029120.985849,48.633342,1.271778,7396.0642,105,3,ok
smsemoa,r202_21,28,349224275.627533,49.580669,0.88735,7561.6567,105,4,ok
smsemoa,r202_21,29,368438467.712178,160.427604,0.834977,12451.3659,105,4,ok
smsemoa,r202_21,30,369575841.807645,131.040152,1.012579,8105.5688,105,6,ok
moead_ws,r203_21,1,85115872.097638,326.024872,5.30779,10847.6603,90,4,ok
moead_ws,r203_21,2,91387330.270337,271.712357,7.037736,12605.6474,100,4,ok
moead_ws,r203_21,3,81341765.721378,307.513221,8.185896,12867.8095,98,4,ok
moead_ws,r203_21,4,103826239.325241,259.199824,8.249736,8557.5091,98,4,ok
moead_ws,r203_21,5,68808287.299898,295.594777,8.433332,10255.6876,94,3,ok
moead_ws,r203_21,6,110218831.025269,292.378126,8.237272,9194.1755,86,5,ok
moead_ws,r203_21,7,89839881.037709,178.295127,5.43429,7912.0143,96,5,ok
moead_ws,r203_21,8,96919644.959978,129.092652,5.64829,9255.6666,93,4,ok
moead_ws,r203_21,9,93369204.586999,262.632956,7.944222,11081.5124,94,5,ok
moead_ws,r203_21,10,95908265.631971,278.959239,3.801192,6567.7115,104,3,ok
moead_ws,r203_21,11,75790493.224793,342.729955,4.506901,9180.118,95,2,ok
moead_ws,r203_21,12,99146167.702652,394.041444,2.470871,9938.0135,87,3,ok
moead_ws,r203_21,13,86452513.8332,342.250493,7.961919,9971.351,95,3,ok
moead_ws,r203_21,14,78690731.396669,519.881639,2.706826,9244.3038,104,5,ok
moead_ws,r203_21,15,88801789.982495,248.010968,4.808452,11248.1992,102,4,ok
moead_ws,r203_21,16,84598702.938613,406.391057,6.822256,9589.7818,100,3,ok
moead_ws,r203_21,17,102949496.09999,370.098995,7.545026,9989.1261,100,2,ok
moead_ws,r203_21,18,68898434.397251,224.22139,8.291791,10260.9758,89,3,ok
moead_ws,r203_21,19,72238705.53413,341.8912,5.609505,9500.2522,92,4,ok
moead_ws,r203_21,20,71261358.836455,394.938931,7.477355,10367.7138,103,3,ok
moead_ws,r203_21,21,77300542.791834,408.65452,5.722991,12180.9015,102,5,ok
moead_ws,r203_21,22,66571758.709573,406.696043,7.063578,9404.7438,93,3,ok
moead_ws,r203_21,23,61789894.907602,356.937609,7.885299,12146.4238,98,3,ok
moead_ws,r203_21,24,92116150.908029,320.768497,6.094528,7703.3616,98,3,ok
moead_ws,r203_21,25,84045804.116856,403.85294,3.719159,8904.6484,96,4,ok
moead_ws,r203_21,26,59565193.710947,449.31012,5.875137,10064.0907,95,4,ok
moead_ws,r203_21,27,58298661.951309,285.861675,3.933793,8989.7243,102,2,ok
moead_ws,r203_21,28,115222265.341677,223.719945,6.324141,10239.0223,102,4,ok
moead_ws,r203_21,29,79884655.91318,403.494076,7.772407,11406.2773,100,5,ok
moead_ws,r203_21,30,85663457.867686,344.75316,5.589751,7089.0265,93,4,ok
nsga2,r203_21,1,126715692.491242,274.13593,0.678179,4753.0871,105,5,ok
nsga2,r203_21,2,131302034.82816,215.283863,3.621027,5294.2014,105,4,ok
nsga2,r203_21,3,133753884.753594,167.171145,0.758973,3284.0105,105,3,ok
nsga2,r203_21,4,136865926.521761,192.114169,0.888273,7176.3165,105,3,ok
nsga2,r203_21,5,116854938.062304,370.061751,0.659679,5058.1513,105,3,ok
nsga2,r203_21,6,131081645.235545,195.615322,0.835376,4072.7164,105,5,ok
nsga2,r203_21,7,130114140.821973,222.701126,1.529553,6242.1383,105,2,ok
nsga2,r203_21,8,129101487.947927,227.955884,0.701396,4652.7082,105,4,ok
nsga2,r203_21,9,137361490.17021,199.494109,0.601659,7124.6704,105,4,ok
nsga2,r203_21,10,104109524.490404,306.922101,0.74209,5093.0272,105,4,ok
nsga2,r203_21,11,111019119.464299,253.872987,0.535982,3273.1576,105,2,ok
nsga2,r203_21,12,104818775.614621,317.457558,0.578902,3169.5723,105,4,ok
nsga2,r203_21,13,134150057.775582,208.925641,1.055573,5780.2383,105,4,ok
nsga2,r203_21,14,135043977.06919,190.902806,0.587543,5836.7129,105,5,ok
nsga2,r203_21,15,137623941.081122,131.084541,0.668308,3092.4175,105,3,ok
nsga2,r203_21,16,136731766.209047,152.510876,0.856774,3013.2287,105,3,ok
nsga2,r203_21,17,135764699.345222,180.831123,0.658068,6054.9618,105,3,ok
nsga2,r203_21,18,127081922.809944,267.958383,0.751852,5281.174,105,3,ok
nsga2,r203_21,19,142025562.517571,125.98242,0.717843,5972.4913,105,3,ok
nsga2,r203_21,20,125972703.373675,297.287786,0.619035,4304.5596,105,4,ok
nsga2,r203_21,21,113331796.702997,202.947531,0.500147,2957.4346,105,3,ok
nsga2,r203_21,22,149872552.22342,180.175044,0.725839,4434.2393,105,4,ok
nsga2,r203_21,23,109763349.244855,237.786822,1.173081,3280.2734,105,3,ok
nsga2,r203_21,24,128703888.959759,218.167952,0.653188,4113.4825,105,3,ok
nsga2,r203_21,25,138518142.745158,128.464098,0.9363,5417.1973,105,3,ok
nsga2,r203_21,26,121274578.822196,118.800772,1.560249,5398.0971,105,4,ok
nsga2,r203_21,27,141592414.759831,129.759378,0.654285,6105.3588,105,3,ok
nsga2,r203_21,28,128454169.035701,265.777082,0.519067,6905.2927,105,6,ok
nsga2,r203_21,29,131195253.053452,257.65696,0.665975,4217.3966,105,4,ok
nsga2,r203_21,30,130286887.1037,238.551802,0.880697,7343.5783,105,3,ok
smsemoa,r203_21,1,136450713.147316,169.908578,1.36892,5197.489,105,5,ok
smsemoa,r203_21,2,138769037.730275,118.381276,2.622245,4187.4031,105,3,ok
smsemoa,r203_21,3,136362573.776299,139.658719,1.253274,7541.2234,105,5,ok
smsemoa,r203_21,4,130788261.714558,202.628381,1.882612,4859.16,105,3,ok
smsemoa,r203_21,5,127896973.516662,232.143227,0.747544,6347.0851,105,3,ok
smsemoa,r203_21,6,136574025.268453,143.145498,2.060919,4664.6947,104,4,ok
smsemoa,r203_21,7,119099557.445024,123.551253,0.724864,3322.3876,105,2,ok
smsemoa,r203_21,8,139821734.133659,130.362871,2.689412,4906.0742,105,4,ok
smsemoa,r203_21,9,143676013.774208,70.645505,1.011178,5488.1936,105,3,ok
smsemoa,r203_21,10,138063373.419292,130.981186,1.049661,7130.7823,105,4,ok
smsemoa,r203_21,11,134953926.688773,137.268176,0.923065,3814.2482,105,3,ok
smsemoa,r203_21,12,143794270.061283,106.314645,0.602885,3195.8127,105,4,ok
smsemoa,r203_21,13,130049753.54809,266.830587,0.783197,5614.0076,105,4,ok
smsemoa,r203_21,14,155180637.733269,176.189187,2.039959,4291.4146,105,5,ok
smsemoa,r203_21,15,132000045.08327,189.241629,0.942962,6015.0817,105,3,ok
smsemoa,r203_21,16,116548627.32838,160.880698,2.412406,5338.3845,105,2,ok
smsemoa,r203_21,17,137713571.626594,115.336165,1.077602,4249.7935,105,2,ok
smsemoa,r203_21,18,138658535.089929,112.786947,1.309358,5474.6453,105,4,ok
smsemoa,r203_21,19,118317265.476271,145.21322,3.677023,5503.1292,105,3,ok
smsemoa,r203_21,20,110714051.32189,261.849527,0.661377,6263.0608,105,3,ok
smsemoa,r203_21,21,135727337.238865,171.967754,1.035285,7219.375,105,2,ok
smsemoa,r203_21,22,149970259.306967,0.102564,1.273315,2177.6522,105,2,ok
smsemoa,r203_21,23,137534418.245231,132.131888,0.711473,4446.5882,105,3,ok
smsemoa,r203_21,24,133398951.094102,179.717982,1.287977,6383.2295,105,4,ok
smsemoa,r203_21,25,137893144.308717,161.305065,0.874256,4240.6676,105,3,ok
smsemoa,r203_21,26,132420203.315625,182.360767,0.697399,4178.4562,105,3,ok
smsemoa,r203_21,27,143003277.612558,91.490511,1.280532,3887.6071,105,2,ok
smsemoa,r203_21,28,142022623.548449,131.477654,1.290151,5816.5292,105,4,ok
smsemoa,r203_21,29,142918255.73724,114.885196,0.95906,5512.1974,105,2,ok
smsemoa,r203_21,30,139807985.232502,142.887238,0.935736,3669.8147,105,3,ok
moead_ws,r204_21,1,13183283.541327,102.718068,9.327379,3876.1139,88,3,ok
moead_ws,r204_21,2,14357108.069724,95.770833,9.69536,3217.7449,95,2,ok
moead_ws,r204_21,3,12930772.323932,191.398433,9.48765,3224.4076,103,3,ok
moead_ws,r204_21,4,14095673.748034,208.016701,8.975051,1839.5131,95,3,ok
moead_ws,r204_21,5,16009044.398497,198.35342,8.065923,3926.3161,87,3,ok
moead_ws,r204_21,6,15177287.281623,123.662775,8.608776,3277.892,83,2,ok
moead_ws,r204_21,7,13880136.305198,190.580308,6.694262,2599.2114,94,3,ok
moead_ws,r204_21,8,9111740.299793,243.305311,6.418358,3761.6224,86,3,ok
moead_ws,r204_21,9,11275476.848996,134.06151,9.577965,4018.982,102,3,ok
moead_ws,r204_21,10,16175703.118499,34.96187,9.096054,2513.2583,87,2,ok
moead_ws,r204_21,11,16253937.629975,116.349902,8.928864,1859.239,94,2,ok
moead_ws,r204_21,12,14827051.073442,127.673028,7.071564,2426.6203,94,3,ok
moead_ws,r204_21,13,21376747.001812,40.311214,8.826732,2627.1951,89,3,ok
moead_ws,r204_21,14,12747506.839294,135.731491,7.440303,2358.3188,88,3,ok
moead_ws,r204_21,15,18197249.917263,72.593668,0.0,2641.8005,91,1,ok
moead_ws,r204_21,16,15755817.53225,58.566846,8.607712,2450.1427,95,3,ok
moead_ws,r204_21,17,11519544.324312,222.472507,4.528574,1772.4145,83,1,ok
moead_ws,r204_21,18,11768702.955187,281.433423,9.35282,1843.2222,92,4,ok
moead_ws,r204_21,19,16527481.011947,115.654358,6.725241,3634.8243,92,3,ok
moead_ws,r204_21,20,10317547.929135,159.984806,6.489349,4542.1143,89,3,ok
moead_ws,r204_21,21,10351270.726002,193.257951,9.381645,3671.0109,93,2,ok
moead_ws,r204_21,22,17219725.917588,113.550872,6.480815,394.7683,86,3,ok
moead_ws,r204_21,23,13426548.715985,284.98907,6.579957,712.289,69,2,ok
moead_ws,r204_21,24,22176481.219196,1.733189,9.175893,1849.1567,87,2,ok
moead_ws,r204_21,25,11228675.176794,244.085289,0.0,1602.8694,79,1,ok
moead_ws,r204_21,26,12255502.961385,259.57179,9.433981,1898.6671,90,3,ok
moead_ws,r204_21,27,10968255.743586,248.167128,7.553386,4264.5355,89,3,ok
moead_ws,r204_21,28,11832387.759575,246.545646,6.408835,3284.6404,88,3,ok
moead_ws,r204_21,29,19312653.744049,124.155311,7.446454,2287.9767,88,4,ok
moead_ws,r204_21,30,9987024.457566,211.64651,9.476165,2858.7601,94,2,ok
nsga2,r204_21,1,22441065.771051,112.823972,1.39635,1734.114,91,3,ok
nsga2,r204_21,2,17672964.706536,102.810225,2.569399,1899.8573,47,2,ok
nsga2,r204_21,3,18000463.237565,76.346173,0.404495,1179.1261,54,3,ok
nsga2,r204_21,4,17229312.944817,125.677018,5.022695,1234.0627,105,2,ok
nsga2,r204_21,5,17718780.295379,101.12128,0.844847,1210.2632,64,2,ok
nsga2,r204_21,6,17098362.524573,138.917552,0.847407,2149.2261,45,1,ok
nsga2,r204_21,7,22028328.787242,130.119358,1.061875,731.7251,69,2,ok
nsga2,r204_21,8,23110755.913365,62.226527,1.019096,1047.4233,105,3,ok
nsga2,r204_21,9,22175303.517087,126.301979,1.062308,988.9418,105,2,ok
nsga2,r204_21,10,22035682.338419,117.240633,1.226206,2663.2321,100,3,ok
nsga2,r204_21,11,17528262.103661,111.681785,1.459351,1623.2868,105,2,ok
nsga2,r204_21,12,17478753.313298,137.084722,0.573568,1921.5521,73,2,ok
nsga2,r204_21,13,23712325.009257,50.599866,0.972963,1417.9453,90,2,ok
nsga2,r204_21,14,16769110.325349,167.996329,0.748714,1222.9874,47,2,ok
nsga2,r204_21,15,17568188.64646,112.026332,2.41109,2125.4826,105,2,ok
nsga2,r204_21,16,15814279.704788,218.548604,1.658014,670.2485,43,1,ok
nsga2,r204_21,17,23235975.75924,58.53491,0.979925,1106.2311,105,3,ok
nsga2,r204_21,18,23712146.083971,57.76035,2.187593,3557.8544,105,3,ok
nsga2,r204_21,19,18223149.327411,82.560037,0.64159,938.3088,49,1,ok
nsga2,r204_21,20,19700027.156953,237.425185,0.716606,2507.203,105,3,ok
nsga2,r204_21,21,18345053.201849,57.928936,0.491588,761.6438,30,2,ok
nsga2,r204_21,22,17775243.217177,101.672069,2.071442,649.0432,100,2,ok
nsga2,r204_21,23,22816017.918033,87.499861,1.703718,1985.3605,63,2,ok
nsga2,r204_21,24,18662664.242952,65.056914,1.375645,2404.912,105,2,ok
nsga2,r204_21,25,23028396.130327,81.555725,1.54779,2756.7608,103,3,ok
nsga2,r204_21,26,23654694.774114,65.7621,1.472321,2043.4276,105,2,ok
nsga2,r204_21,27,15146589.704093,259.664727,0.806466,1485.509,51,2,ok
nsga2,r204_21,28,17423073.871811,127.92523,1.509618,2267.0425,77,1,ok
nsga2,r204_21,29,17765439.729168,87.289916,1.25968,3189.4142,46,2,ok
nsga2,r204_21,30,16394166.430469,218.645377,1.017758,1310.2384,88,2,ok
smsemoa,r204_21,1,21771958.251379,114.67438,0.826166,1632.5388,105,3,ok
smsemoa,r204_21,2,23097056.831995,69.805173,2.206344,671.789,96,2,ok
smsemoa,r204_21,3,21530188.271371,124.323135,1.153508,1901.9641,60,3,ok
smsemoa,r204_21,4,18539523.224427,46.500527,0.849728,2226.6703,105,3,ok
smsemoa,r204_21,5,18571858.22,59.723032,1.389447,2090.6653,65,2,ok
smsemoa,r204_21,6,23686489.412972,31.921718,2.542653,1458.8911,96,3,ok
smsemoa,r204_21,7,18991931.291915,21.397569,0.942549,2524.3159,56,2,ok
smsemoa,r204_21,8,22900673.323545,98.507378,0.759498,1595.1525,105,2,ok
smsemoa,r204_21,9,18652468.418961,43.974943,2.189302,578.198,35,1,ok
smsemoa,r204_21,10,24212126.113524,32.11617,1.798704,1500.7315,72,2,ok
smsemoa,r204_21,11,23777627.781917,27.156295,0.772974,1405.3732,105,3,ok
smsemoa,r204_21,12,24764017.755381,2.661388,5.000527,2290.8223,105,2,ok
smsemoa,r204_21,13,23196983.509487,67.96374,0.822015,1911.1137,105,3,ok
smsemoa,r204_21,14,18233505.503347,65.547091,1.606471,2040.1174,105,3,ok
smsemoa,r204_21,15,23060963.077687,78.911583,0.760524,746.7582,29,3,ok
smsemoa,r204_21,16,22547915.067005,105.394952,0.980535,812.5807,65,2,ok
smsemoa,r204_21,17,17725098.813067,101.68146,0.82584,456.8521,64,1,ok
smsemoa,r204_21,18,18147111.42441,70.590638,2.144399,2005.5876,48,2,ok
smsemoa,r204_21,19,18221996.648043,74.701566,0.513833,1936.4651,66,2,ok
smsemoa,r204_21,20,22892558.794369,100.067939,1.393981,1457.4083,105,3,ok
smsemoa,r204_21,21,23198197.152965,69.630321,3.314855,815.1094,56,3,ok
smsemoa,r204_21,22,23926018.571014,33.03154,2.573319,2316.2567,50,2,ok
smsemoa,r204_21,23,18984573.454209,48.748561,1.480778,1371.65,81,2,ok
smsemoa,r204_21,24,18248275.842035,66.216376,1.185526,756.7346,42,1,ok
smsemoa,r204_21,25,17989183.927839,82.880276,2.280273,467.5198,72,1,ok
smsemoa,r204_21,26,23230202.166701,62.549048,0.783942,725.8698,61,2,ok
smsemoa,r204_21,27,18529209.218981,59.48599,2.338414,1434.8612,34,1,ok
smsemoa,r204_21,28,23889170.803119,36.649558,1.348584,459.956,22,2,ok
smsemoa,r204_21,29,24245436.214485,24.184414,1.476707,2140.6791,100,2,ok
smsemoa,r204_21,30,17964875.688176,81.632992,1.669202,1874.0845,32,2,ok
moead_ws,r205_21,1,162569331.909412,206.746841,5.249635,19155.562,95,3,ok
moead_ws,r205_21,2,188795626.456043,249.078387,6.830702,18734.1305,102,3,ok
moead_ws,r205_21,3,181131894.266749,270.376683,4.185377,21028.9462,100,4,ok
moead_ws,r205_21,4,167515739.481303,379.665446,8.255492,19259.0712,99,4,ok
moead_ws,r205_21,5,174570913.479149,400.112225,2.511152,16879.9316,99,3,ok
moead_ws,r205_21,6,250013609.291457,239.154545,7.913524,16015.5748,98,3,ok
moead_ws,r205_21,7,212917195.883831,182.27871,7.80519,20216.7837,103,3,ok
moead_ws,r205_21,8,183758755.981714,259.424317,7.054046,17996.4825,103,4,ok
moead_ws,r205_21,9,194868663.038922,359.379853,4.646295,19818.3041,96,3,ok
moead_ws,r205_21,10,190201866.637868,232.716183,8.209108,17930.008,100,4,ok
moead_ws,r205_21,11,156922547.004627,284.299649,2.948981,17015.7011,102,3,ok
moead_ws,r205_21,12,193942033.821559,248.195516,5.855924,14301.7997,88,2,ok
moead_ws,r205_21,13,208062763.736412,308.702574,6.190928,17867.3888,93,5,ok
moead_ws,r205_21,14,160393451.228936,396.702851,3.257585,20323.2118,100,5,ok
moead_ws,r205_21,15,201961824.788744,284.717477,3.021127,19401.6042,102,4,ok
moead_ws,r205_21,16,195629775.379005,237.748652,6.597771,18100.1702,93,5,ok
moead_ws,r205_21,17,183605226.542645,232.554918,7.147152,17822.6738,104,4,ok
moead_ws,r205_21,18,161039039.204012,362.943144,5.977552,15488.7875,88,4,ok
moead_ws,r205_21,19,163030558.148319,362.768433,6.787298,18013.9674,101,2,ok
moead_ws,r205_21,20,174676762.373722,421.931004,6.769953,16741.2498,105,3,ok
moead_ws,r205_21,21,185388139.479525,325.859868,7.35703,17050.9998,102,5,ok
moead_ws,r205_21,22,229401197.367475,256.334991,7.509429,20029.0828,94,4,ok
moead_ws,r205_21,23,156504138.818275,406.437708,4.446912,20439.576,95,6,ok
moead_ws,r205_21,24,196679819.699322,263.045166,8.183726,18113.7918,101,4,ok
moead_ws,r205_21,25,184070827.368631,274.047611,3.516881,16793.9088,99,5,ok
moead_ws,r205_21,26,139534578.463985,334.502025,4.35598,21748.6372,105,4,ok
moead_ws,r205_21,27,187961150.205942,341.631061,6.28795,18471.7238,102,5,ok
moead_ws,r205_21,28,137638981.786985,311.20619,2.43094,17023.1495,98,3,ok
moead_ws,r205_21,29,167088884.290522,377.745872,3.575503,19282.5719,102,4,ok
moead_ws,r205_21,30,210967722.479017,241.942619,6.111646,20023.18,92,4,ok
nsga2,r205_21,1,304572321.267854,59.663153,0.505574,9621.1584,105,4,ok
nsga2,r205_21,2,244288502.426316,155.240629,3.470557,8073.4556,105,2,ok
nsga2,r205_21,3,299198675.912625,45.690562,0.82058,8460.0806,105,3,ok
nsga2,r205_21,4,278828171.986471,222.234638,2.575384,13812.6627,105,4,ok
nsga2,r205_21,5,281831823.495797,224.628922,0.594215,10684.3197,105,5,ok
nsga2,r205_21,6,290080511.140014,135.223325,1.176084,13673.3169,105,4,ok
nsga2,r205_21,7,272788786.048904,252.144666,0.949128,9877.1608,105,3,ok
nsga2,r205_21,8,283021908.958274,191.298489,0.650866,10490.0512,105,4,ok
nsga2,r205_21,9,302059323.173718,65.493466,0.932595,9315.8487,105,2,ok
nsga2,r205_21,10,297263725.040424,101.208466,0.727046,10091.8205,105,4,ok
nsga2,r205_21,11,291171719.04412,151.773229,0.753166,7969.8516,105,2,ok
nsga2,r205_21,12,293364336.962514,123.220206,0.698569,8440.2192,105,3,ok
nsga2,r205_21,13,288786824.277702,144.813544,0.566086,10536.5697,105,4,ok
nsga2,r205_21,14,290084221.364193,169.754828,0.758385,11772.7007,105,4,ok
nsga2,r205_21,15,286552330.337626,181.711065,0.476801,7145.7606,105,3,ok
nsga2,r205_21,16,302427415.75979,87.111607,0.561577,10342.4002,105,3,ok
nsga2,r205_21,17,236186797.769279,274.965139,0.643856,11401.7753,105,3,ok
nsga2,r205_21,18,302996987.494608,80.856911,0.857075,11274.1162,105,5,ok
nsga2,r205_21,19,291419921.488199,129.054177,0.591019,7007.7466,105,3,ok
nsga2,r205_21,20,298356475.36653,112.561461,0.646678,10557.731,105,4,ok
nsga2,r205_21,21,285553059.748121,158.952765,0.53199,9449.5889,105,3,ok
nsga2,r205_21,22,292452358.617311,112.715352,0.780276,7855.3722,105,3,ok
nsga2,r205_21,23,294469608.376926,133.777986,0.449379,9030.7587,105,4,ok
nsga2,r205_21,24,302847689.828139,76.854335,0.634635,10054.6228,105,4,ok
nsga2,r205_21,25,294265086.504253,133.149564,1.718996,12472.2484,105,3,ok
nsga2,r205_21,26,290316182.194071,135.827242,0.744089,9967.0471,105,4,ok
nsga2,r205_21,27,249206627.248618,147.741091,0.635503,13173.9549,105,3,ok
nsga2,r205_21,28,299432362.513145,70.29754,0.452355,7388.3681,105,3,ok
nsga2,r205_21,29,236187202.249237,241.002274,0.715423,11873.9368,105,3,ok
nsga2,r205_21,30,295547925.892573,101.740783,0.625721,6162.0495,105,3,ok
smsemoa,r205_21,1,301352617.500174,68.591952,1.813962,15649.9633,105,4,ok
smsemoa,r205_21,2,303437274.267842,79.233031,0.965298,12926.2993,105,5,ok
smsemoa,r205_21,3,300595177.233743,66.346509,0.920167,12604.7499,105,5,ok
smsemoa,r205_21,4,305022525.638178,29.628691,0.827379,6327.585,105,4,ok
smsemoa,r205_21,5,284979576.298532,168.479162,1.630081,16238.1858,105,5,ok
smsemoa,r205_21,6,302843190.474664,42.295561,0.843381,9682.9793,105,4,ok
smsemoa,r205_21,7,252497954.433389,125.567003,1.830698,14787.1674,105,4,ok
smsemoa,r205_21,8,306343191.207622,39.88394,2.06958,13968.1654,105,4,ok
smsemoa,r205_21,9,248581854.035136,149.460195,1.167627,10615.2769,105,4,ok
smsemoa,r205_21,10,292003587.510205,103.18388,1.212214,6435.8938,105,5,ok
smsemoa,r205_21,11,297478947.613785,122.337635,1.196595,13682.1602,105,5,ok
smsemoa,r205_21,12,288410157.040665,193.897064,1.530879,12376.3847,105,3,ok
smsemoa,r205_21,13,304996047.826608,61.060188,1.717473,11527.2486,105,4,ok
smsemoa,r205_21,14,292389949.506897,129.932369,1.039061,10643.6411,105,6,ok
smsemoa,r205_21,15,302231558.477914,66.628883,2.562784,20230.7119,104,6,ok
smsemoa,r205_21,16,286940646.536851,139.262176,1.931709,15780.3768,105,4,ok
smsemoa,r205_21,17,290682554.964768,139.333609,2.894169,14630.5393,105,4,ok
smsemoa,r205_21,18,289828064.170832,134.525345,1.102879,11383.3646,105,3,ok
smsemoa,r205_21,19,286680828.172593,151.222319,0.667855,9130.6555,105,4,ok
smsemoa,r205_21,20,297720751.383997,95.429402,0.984255,12720.2389,105,5,ok
smsemoa,r205_21,21,296491398.502945,98.520126,0.717715,9341.2042,105,3,ok
smsemoa,r205_21,22,294334637.42985,96.547539,2.386739,11382.0334,105,3,ok
smsemoa,r205_21,23,289670950.794289,129.453337,1.891205,12490.8651,105,5,ok
smsemoa,r205_21,24,298166957.652939,65.32352,1.23437,10662.8658,105,3,ok
smsemoa,r205_21,25,303446128.889434,40.578143,0.87467,6528.533,105,4,ok
smsemoa,r205_21,26,289775223.499107,144.755242,1.326099,13216.4928,105,4,ok
smsemoa,r205_21,27,296223635.928528,97.593708,0.805123,11212.7173,105,5,ok
smsemoa,r205_21,28,283282200.706004,144.787053,1.221223,10279.01,105,3,ok
smsemoa,r205_21,29,290040065.338378,112.78184,1.128706,9097.0388,105,4,ok
smsemoa,r205_21,30,287780245.932874,143.846804,1.576435,11867.3058,105,4,ok
moead_ws,r206_21,1,124017777.603521,260.766323,7.355468,11478.2359,101,4,ok
moead_ws,r206_21,2,119105308.195771,254.764554,3.55597,12907.2022,102,4,ok
moead_ws,r206_21,3,124984308.027928,286.564758,6.735205,12909.1632,95,3,ok
moead_ws,r206_21,4,122446052.300999,288.691061,5.783012,12652.2502,100,3,ok
moead_ws,r206_21,5,125055651.541835,441.298253,5.141313,12013.4329,81,5,ok
moead_ws,r206_21,6,97923546.223169,381.038408,7.012117,12807.5492,103,4,ok
moead_ws,r206_21,7,88464741.302354,390.380823,3.540831,14517.4855,99,4,ok
moead_ws,r206_21,8,157158740.459998,208.318331,2.944342,11562.4053,90,4,ok
moead_ws,r206_21,9,151988246.329779,264.054898,2.859565,9505.4604,102,6,ok
moead_ws,r206_21,10,116658913.008299,351.050689,3.336688,15164.3569,101,5,ok
moead_ws,r206_21,11,186354168.264973,145.848121,7.400859,12836.7794,99,3,ok
moead_ws,r206_21,12,141943902.916882,286.779296,6.744653,11160.4499,98,3,ok
moead_ws,r206_21,13,136994902.149633,279.913682,5.981423,13266.004,96,3,ok
moead_ws,r206_21,14,135238259.237233,340.864925,7.105522,14489.5736,100,3,ok
moead_ws,r206_21,15,171974703.693607,159.092611,9.106432,12657.0677,102,3,ok
moead_ws,r206_21,16,138772997.680476,358.47637,7.383899,12368.0073,103,4,ok
moead_ws,r206_21,17,148706470.526742,210.573855,7.407816,12073.2831,100,3,ok
moead_ws,r206_21,18,134211879.377055,231.381085,5.486063,10437.5232,94,4,ok
moead_ws,r206_21,19,140382962.600388,216.536765,2.649378,10789.2967,93,5,ok
moead_ws,r206_21,20,129562194.034285,230.684989,8.5436,11901.2481,103,5,ok
moead_ws,r206_21,21,138383950.032397,318.470936,5.844893,13295.0571,104,3,ok
moead_ws,r206_21,22,158833063.433961,277.589829,7.011926,11072.3431,104,4,ok
moead_ws,r206_21,23,121994025.411869,395.759412,5.29622,12865.4216,104,3,ok
moead_ws,r206_21,24,114711505.167721,259.678419,5.380153,12179.312,88,5,ok
moead_ws,r206_21,25,138850397.6362,250.576833,7.003502,13895.2797,101,2,ok
moead_ws,r206_21,26,148330592.333437,153.027011,5.004707,12632.4996,102,4,ok
moead_ws,r206_21,27,129029329.389339,329.007238,5.526087,12369.0644,104,3,ok
moead_ws,r206_21,28,118010518.042734,446.649039,4.72443,13995.7478,95,4,ok
moead_ws,r206_21,29,122899343.16859,260.954116,3.162893,12885.349,102,4,ok
moead_ws,r206_21,30,166378045.218572,347.967238,3.068067,12648.5629,97,5,ok
nsga2,r206_21,1,167470685.881196,166.156373,1.727611,4123.0537,105,3,ok
nsga2,r206_21,2,199723823.848368,140.840072,1.132805,5342.7493,105,3,ok
nsga2,r206_21,3,167401126.123438,232.309676,1.227005,11860.5257,105,3,ok
nsga2,r206_21,4,201071924.366873,125.243787,1.923119,6376.1909,105,2,ok
nsga2,r206_21,5,188338412.146539,262.119375,0.645947,7392.6267,105,3,ok
nsga2,r206_21,6,190120887.304468,245.895584,0.732422,6628.6566,105,2,ok
nsga2,r206_21,7,213298074.837088,16.110106,0.624656,6220.3559,105,2,ok
nsga2,r206_21,8,204030678.592661,98.555291,0.939198,6848.9912,105,4,ok
nsga2,r206_21,9,197452601.205157,186.98308,0.719383,5888.592,105,3,ok
nsga2,r206_21,10,192133981.126573,204.1792,2.316618,7383.5684,105,2,ok
nsga2,r206_21,11,236126960.889622,62.272566,0.674295,3215.986,105,3,ok
nsga2,r206_21,12,208361586.260296,56.273456,0.780213,3485.1419,105,2,ok
nsga2,r206_21,13,204289323.405812,89.603628,0.547568,6738.9422,105,4,ok
nsga2,r206_21,14,191551928.250264,234.318095,1.025558,6549.9399,105,5,ok
nsga2,r206_21,15,200967269.542059,163.752164,0.602026,6994.0862,105,3,ok
nsga2,r206_21,16,186830925.236224,248.304788,0.83325,4793.6475,105,4,ok
nsga2,r206_21,17,196351311.160678,147.914843,0.422925,3536.8936,105,3,ok
nsga2,r206_21,18,207170381.497473,84.944278,0.606569,5179.0478,105,1,ok
nsga2,r206_21,19,194248306.443708,186.728887,1.388471,5619.7733,105,2,ok
nsga2,r206_21,20,201804028.585832,121.456793,0.597828,6916.1195,105,3,ok
nsga2,r206_21,21,196766800.868544,159.372535,0.745802,7648.6485,105,3,ok
nsga2,r206_21,22,197043181.002037,190.147067,0.967952,7142.394,105,3,ok
nsga2,r206_21,23,173726044.158385,122.88278,0.68791,5364.314,105,2,ok
nsga2,r206_21,24,206492804.660667,85.236848,0.529715,5366.687,105,2,ok
nsga2,r206_21,25,206750007.676141,106.722445,0.561962,7030.9482,105,3,ok
nsga2,r206_21,26,199189082.289157,132.460844,0.779679,5447.4288,105,3,ok
nsga2,r206_21,27,193570092.345702,204.682462,0.639687,6160.3096,105,4,ok
nsga2,r206_21,28,203010332.020352,97.879627,0.454099,2896.867,105,4,ok
nsga2,r206_21,29,196225884.893916,212.115212,0.413769,7661.2089,105,4,ok
nsga2,r206_21,30,208119985.400236,95.299439,0.627283,8887.9694,105,3,ok
smsemoa,r206_21,1,209645982.767022,73.401494,1.448224,9003.4415,105,4,ok
smsemoa,r206_21,2,242771111.403075,11.889921,1.444573,6685.732,105,3,ok
smsemoa,r206_21,3,215528189.163863,9.754106,1.713001,5900.0668,105,2,ok
smsemoa,r206_21,4,210458122.89865,47.032136,1.44812,4985.8403,105,2,ok
smsemoa,r206_21,5,207875454.25341,70.752626,4.5506,9777.3219,105,4,ok
smsemoa,r206_21,6,206801399.337067,74.296678,2.026229,9299.0084,105,3,ok
smsemoa,r206_21,7,200808610.986559,118.658623,1.523963,7476.4137,105,4,ok
smsemoa,r206_21,8,208655202.360774,49.859075,1.635579,8808.6332,105,4,ok
smsemoa,r206_21,9,192216211.493623,199.066954,3.948724,6999.5953,105,3,ok
smsemoa,r206_21,10,212950718.713505,29.438014,2.004742,6079.7104,105,2,ok
smsemoa,r206_21,11,201922746.04039,116.41542,1.19919,8825.0479,105,5,ok
smsemoa,r206_21,12,201174114.508268,113.559146,3.024236,10807.7572,105,5,ok
smsemoa,r206_21,13,207380829.96222,68.935065,1.904523,5222.9597,105,3,ok
smsemoa,r206_21,14,207048823.962229,75.396421,1.705321,8045.7154,105,3,ok
smsemoa,r206_21,15,210701192.637807,53.973155,2.521652,9847.9484,105,4,ok
smsemoa,r206_21,16,202547189.65997,95.316855,0.994795,7026.398,105,4,ok
smsemoa,r206_21,17,203397472.110159,107.750013,1.485504,5046.0916,105,3,ok
smsemoa,r206_21,18,211043869.916564,34.665584,1.109491,4714.5409,105,3,ok
smsemoa,r206_21,19,203125912.381165,92.190628,2.891255,11011.9206,105,3,ok
smsemoa,r206_21,20,211835551.558388,28.919353,0.796303,7211.3168,105,3,ok
smsemoa,r206_21,21,207774974.218284,79.614731,1.299934,7096.8323,104,3,ok
smsemoa,r206_21,22,177071868.302425,99.16873,1.667151,9217.1321,92,3,ok
smsemoa,r206_21,23,207523847.978026,65.112113,3.746477,6901.4236,99,2,ok
smsemoa,r206_21,24,204836322.460614,87.130033,3.282967,5406.1963,105,3,ok
smsemoa,r206_21,25,206743960.750502,72.414878,1.055368,4480.0845,105,3,ok
smsemoa,r206_21,26,205515154.33546,106.070761,0.931925,9098.0832,105,3,ok
smsemoa,r206_21,27,213183402.634936,24.961822,1.098434,5769.1157,105,3,ok
smsemoa,r206_21,28,201634993.760926,94.641635,2.482779,5840.7475,105,3,ok
smsemoa,r206_21,29,198313221.673006,143.973835,2.094464,5487.9964,105,3,ok
smsemoa,r206_21,30,208368292.766672,91.791899,0.815908,9652.1691,105,3,ok
moead_ws,r207_21,1,90307384.99776,362.809519,3.560279,7544.8842,96,3,ok
moead_ws,r207_21,2,76941644.112755,159.269553,3.893227,7550.277,93,3,ok
moead_ws,r207_21,3,64720169.595271,198.555163,9.064573,7526.3323,94,3,ok
moead_ws,r207_21,4,70162502.653011,172.245809,6.599489,7226.0698,97,2,ok
moead_ws,r207_21,5,87012470.722383,316.351002,6.062526,8763.9816,93,3,ok
moead_ws,r207_21,6,90073037.727151,141.952222,9.42532,7821.9436,100,2,ok
moead_ws,r207_21,7,74306642.089899,287.149331,4.647828,6939.608,101,5,ok
moead_ws,r207_21,8,100556133.404425,180.694525,4.975587,8308.41,95,3,ok
moead_ws,r207_21,9,93189397.007079,148.616802,8.389936,6864.3331,88,2,ok
moead_ws,r207_21,10,80807248.02346,123.223315,7.888367,8038.2619,103,5,ok
moead_ws,r207_21,11,82680353.356375,219.661296,4.749357,7510.5116,83,4,ok
moead_ws,r207_21,12,86194964.766647,181.218449,5.550025,7979.1487,104,3,ok
moead_ws,r207_21,13,81335414.735775,153.654284,8.400711,9391.5404,95,3,ok
moead_ws,r207_21,14,79999769.815084,207.014268,8.015336,7915.6012,99,2,ok
moead_ws,r207_21,15,75921970.460932,246.306587,6.855727,7144.6544,102,3,ok
moead_ws,r207_21,16,78454992.805265,187.108388,8.734582,9234.8885,95,4,ok
moead_ws,r207_21,17,58901918.327712,335.790172,7.589604,7621.2679,93,3,ok
moead_ws,r207_21,18,83079791.408887,148.506875,3.481947,7261.4209,98,2,ok
moead_ws,r207_21,19,88541585.240362,208.49956,5.933262,9102.6739,90,3,ok
moead_ws,r207_21,20,73260344.587343,235.310393,4.365842,6830.2503,102,4,ok
moead_ws,r207_21,21,94511920.736946,308.562543,5.379183,7519.1774,103,3,ok
moead_ws,r207_21,22,87559316.0929,171.078674,7.208886,6494.4711,82,3,ok
moead_ws,r207_21,23,109223353.88303,213.467714,9.016308,8221.9744,97,3,ok
moead_ws,r207_21,24,92207990.679773,157.559968,8.590899,6243.7095,101,2,ok
moead_ws,r207_21,25,86045041.440623,263.713126,5.442131,7888.1708,98,3,ok
moead_ws,r207_21,26,84303865.270588,204.368611,8.171697,7611.5106,94,3,ok
moead_ws,r207_21,27,82419846.000998,124.757443,4.800316,5936.3082,96,2,ok
moead_ws,r207_21,28,94555606.246358,194.332935,4.469235,4866.3276,99,3,ok
moead_ws,r207_21,29,78727275.908054,243.525842,8.258557,7623.7731,104,2,ok
moead_ws,r207_21,30,89758081.926847,277.97128,6.613729,10621.5842,82,2,ok
nsga2,r207_21,1,102320394.680337,136.996797,0.801647,5049.0959,105,3,ok
nsga2,r207_21,2,100097121.403161,200.580236,0.905316,3325.515,105,2,ok
nsga2,r207_21,3,104147520.823553,112.491163,0.634552,4098.9364,105,2,ok
nsga2,r207_21,4,121746840.33442,144.883171,0.864618,1949.0495,105,2,ok
nsga2,r207_21,5,103188193.504691,114.553741,0.695533,2140.9701,101,3,ok
nsga2,r207_21,6,100629470.187097,172.941696,0.592118,6099.2031,105,2,ok
nsga2,r207_21,7,125888612.554638,105.115625,0.457275,2156.8846,105,3,ok
nsga2,r207_21,8,123767715.989835,105.186978,0.700045,1928.7396,105,3,ok
nsga2,r207_21,9,115747523.662386,272.046972,0.695699,5466.7162,105,3,ok
nsga2,r207_21,10,122044128.974328,158.370739,0.507627,2815.2385,105,3,ok
nsga2,r207_21,11,125072207.658179,106.866079,1.904507,4954.2206,105,3,ok
nsga2,r207_21,12,103246583.559185,113.100732,1.936751,3924.592,105,3,ok
nsga2,r207_21,13,108185498.589855,40.398647,0.784468,3860.0029,105,1,ok
nsga2,r207_21,14,127199258.556264,72.371932,1.189091,2466.0791,81,3,ok
nsga2,r207_21,15,121829171.205242,152.318737,0.597205,3582.6684,105,3,ok
nsga2,r207_21,16,125962109.695476,90.976168,0.616123,3385.105,105,3,ok
nsga2,r207_21,17,125808036.212001,72.512921,4.593982,2553.7671,105,2,ok
nsga2,r207_21,18,106161221.188573,68.095669,2.447965,4138.9852,105,2,ok
nsga2,r207_21,19,101371065.913464,187.979824,0.975812,3988.9291,105,2,ok
nsga2,r207_21,20,129157625.18974,56.616469,0.656356,2886.9132,105,3,ok
nsga2,r207_21,21,131404182.399754,3.193843,1.168418,2743.7776,105,3,ok
nsga2,r207_21,22,100814485.204744,165.50802,0.697625,3890.6365,105,3,ok
nsga2,r207_21,23,127041477.121507,80.407809,0.869622,4363.7532,105,3,ok
nsga2,r207_21,24,123200634.407676,110.050737,0.749781,3237.3469,105,4,ok
nsga2,r207_21,25,106310621.555643,53.826383,1.412189,3382.9928,71,2,ok
nsga2,r207_21,26,102200209.428089,128.381103,1.354899,3658.0649,66,1,ok
nsga2,r207_21,27,129853449.198128,53.793541,0.736313,3499.0103,105,2,ok
nsga2,r207_21,28,102685650.365291,149.138434,2.725895,4371.4149,105,3,ok
nsga2,r207_21,29,100380497.118513,157.729662,1.006868,2897.4986,97,2,ok
nsga2,r207_21,30,101958799.932136,164.134536,1.533549,6554.3122,105,3,ok
smsemoa,r207_21,1,125750987.633198,121.573689,1.467995,4014.6768,105,3,ok
smsemoa,r207_21,2,129664677.277641,29.014596,2.553424,4926.7283,105,3,ok
smsemoa,r207_21,3,126506305.199483,116.400546,1.218694,3475.1232,105,2,ok
smsemoa,r207_21,4,106684165.280905,51.679613,1.78035,4643.1095,105,2,ok
smsemoa,r207_21,5,101043640.283671,151.694634,3.691117,3026.9795,105,3,ok
smsemoa,r207_21,6,102637749.838259,122.234496,0.538892,2664.5786,105,2,ok
smsemoa,r207_21,7,106890658.503338,49.184366,0.461101,3913.2926,105,2,ok
smsemoa,r207_21,8,127377284.567249,58.706068,0.814839,3703.0644,105,3,ok
smsemoa,r207_21,9,103185151.326506,112.957103,1.640369,2966.6934,105,1,ok
smsemoa,r207_21,10,109363187.169978,2.986054,0.942048,4394.909,105,2,ok
smsemoa,r207_21,11,129176789.045568,43.657174,1.509828,3655.6846,99,4,ok
smsemoa,r207_21,12,125558584.442381,113.975694,3.04053,4943.9575,105,3,ok
smsemoa,r207_21,13,106772132.905485,41.055776,2.550985,3184.4646,105,2,ok
smsemoa,r207_21,14,105763818.394759,68.317476,0.900917,5003.9022,105,2,ok
smsemoa,r207_21,15,105753477.980157,70.89557,1.654584,4023.4183,105,3,ok
smsemoa,r207_21,16,129275702.87422,19.604206,1.12164,2588.6942,105,3,ok
smsemoa,r207_21,17,106426465.070642,53.056804,2.760896,4874.767,89,2,ok
smsemoa,r207_21,18,101975528.092058,154.853096,1.231994,3547.837,105,3,ok
smsemoa,r207_21,19,124361362.855892,94.019754,1.480774,2851.3817,103,3,ok
smsemoa,r207_21,20,102418519.127426,116.164259,2.037389,3190.2856,105,3,ok
smsemoa,r207_21,21,104532010.145539,68.109353,1.350496,1908.2635,105,2,ok
smsemoa,r207_21,22,105887327.872488,85.176921,2.992867,5352.334,105,2,ok
smsemoa,r207_21,23,106999381.324916,42.581225,2.229551,3790.2569,74,1,ok
smsemoa,r207_21,24,129271310.920978,36.75271,1.826358,3558.4019,105,3,ok
smsemoa,r207_21,25,107995364.02405,46.770381,2.010799,6272.7687,105,2,ok
smsemoa,r207_21,26,128192039.458785,61.275825,1.373851,3445.7392,105,3,ok
smsemoa,r207_21,27,130261757.604546,33.42664,2.511086,4263.4889,105,3,ok
smsemoa,r207_21,28,129263787.279518,30.195942,1.267718,4791.828,69,2,ok
smsemoa,r207_21,29,104339561.132058,94.698043,0.875212,2514.799,84,2,ok
smsemoa,r207_21,30,124160396.639264,110.168682,1.181647,3460.9037,105,3,ok
moead_ws,r208_21,1,18483746.082111,168.865186,8.831761,1186.4553,79,2,ok
moead_ws,r208_21,2,19804704.99257,113.045351,9.49166,2884.239,97,3,ok
moead_ws,r208_21,3,21051469.464594,83.396116,8.414391,2621.6112,93,3,ok
moead_ws,r208_21,4,23193441.124972,45.677804,0.0,578.6699,91,1,ok
moead_ws,r208_21,5,22308723.78565,62.200452,5.783723,3284.9554,100,2,ok
moead_ws,r208_21,6,18416920.864244,172.219188,8.981399,1645.4549,96,3,ok
moead_ws,r208_21,7,21507076.666858,52.632948,8.442833,2913.0494,99,3,ok
moead_ws,r208_21,8,12761921.321577,126.000616,5.426955,2363.0465,91,2,ok
moead_ws,r208_21,9,19374297.733127,60.883043,9.797959,2829.6046,97,3,ok
moead_ws,r208_21,10,20524573.555694,127.415827,4.070157,3676.7561,90,3,ok
moead_ws,r208_21,11,17436484.715023,165.300732,8.985329,3009.5097,103,4,ok
moead_ws,r208_21,12,20820149.283394,58.858555,9.165151,2514.2341,85,2,ok
moead_ws,r208_21,13,23304606.253904,22.838349,5.44458,699.811,84,2,ok
moead_ws,r208_21,14,21247335.767618,53.877121,7.806632,1065.422,88,2,ok
moead_ws,r208_21,15,19134480.247036,87.018035,9.212368,2916.0056,90,3,ok
moead_ws,r208_21,16,17253134.56923,102.365451,8.188326,4180.2899,101,3,ok
moead_ws,r208_21,17,21162305.98068,119.748511,4.432323,3440.7594,103,2,ok
moead_ws,r208_21,18,10531168.202752,207.943104,9.080955,2822.8704,85,2,ok
moead_ws,r208_21,19,19414287.433598,89.398157,5.834229,1838.8688,80,2,ok
moead_ws,r208_21,20,20916556.298721,90.02325,4.637108,2016.0462,88,3,ok
moead_ws,r208_21,21,21894393.532078,45.468773,5.812691,2728.3401,96,3,ok
moead_ws,r208_21,22,21701007.047389,98.950303,0.0,21.7107,68,2,ok
moead_ws,r208_21,23,16964739.267181,121.750093,8.700748,3167.7126,92,3,ok
moead_ws,r208_21,24,20250200.237327,58.98377,6.670832,2080.0615,91,3,ok
moead_ws,r208_21,25,15829891.607124,91.440541,7.781497,2621.2393,88,3,ok
moead_ws,r208_21,26,20484069.184671,88.947239,8.792495,4572.9408,104,2,ok
moead_ws,r208_21,27,16939941.810574,112.169122,9.519313,3949.0188,96,3,ok
moead_ws,r208_21,28,20622508.613139,61.956894,9.433981,1672.47,90,2,ok
moead_ws,r208_21,29,19264519.689934,120.263217,4.7717,3452.8619,101,4,ok
moead_ws,r208_21,30,17843078.682975,118.460585,7.826299,3210.9354,102,3,ok
nsga2,r208_21,1,23341656.534549,54.34896,0.86951,1845.6383,105,2,ok
nsga2,r208_21,2,22204482.342345,86.743724,1.927034,834.1426,34,1,ok
nsga2,r208_21,3,22057196.079576,95.254168,3.206159,1990.8839,34,2,ok
nsga2,r208_21,4,22188572.649868,89.329997,0.726464,1080.8164,47,2,ok
nsga2,r208_21,5,22018257.086145,103.886372,1.028779,1395.8329,105,2,ok
nsga2,r208_21,6,24299225.761134,19.918766,0.9212,2846.6731,59,1,ok
nsga2,r208_21,7,24180171.242186,28.901402,2.251923,2313.0934,51,2,ok
nsga2,r208_21,8,21785429.344263,130.014934,0.908749,940.4083,104,1,ok
nsga2,r208_21,9,22550033.294403,73.861875,1.646563,2668.4862,93,3,ok
nsga2,r208_21,10,23192622.017696,50.43237,0.94727,940.3946,50,1,ok
nsga2,r208_21,11,24463168.590977,2.598197,1.495093,1036.2116,40,1,ok
nsga2,r208_21,12,23060483.268039,55.141775,2.06304,1313.8661,105,2,ok
nsga2,r208_21,13,21094146.433385,153.195641,1.291031,1813.2516,48,2,ok
nsga2,r208_21,14,21000043.298301,157.289079,0.794538,1557.6968,105,3,ok
nsga2,r208_21,15,15580651.252096,116.992148,4.991698,773.2873,46,1,ok
nsga2,r208_21,16,23519080.689229,35.220965,0.717696,1218.4401,92,2,ok
nsga2,r208_21,17,20847139.645441,166.992528,0.841411,854.9437,20,2,ok
nsga2,r208_21,18,23113453.211492,53.246003,0.83689,1264.1317,30,2,ok
nsga2,r208_21,19,21931584.203576,95.517952,0.0,684.7691,78,1,ok
nsga2,r208_21,20,22303751.153505,81.748491,4.679371,1101.7082,93,2,ok
nsga2,r208_21,21,23199747.95381,59.329553,3.702707,2405.798,70,3,ok
nsga2,r208_21,22,23011179.12851,58.449451,1.268409,2153.212,105,3,ok
nsga2,r208_21,23,23176819.989452,47.523324,1.323836,431.9897,34,1,ok
nsga2,r208_21,24,23229153.85859,57.677192,0.673557,1763.373,105,2,ok
nsga2,r208_21,25,22450849.849343,75.642366,1.689114,1738.903,105,2,ok
nsga2,r208_21,26,22995863.745057,62.044568,0.967974,1261.4915,105,3,ok
nsga2,r208_21,27,28523323.051838,68.461328,1.14566,783.1815,40,2,ok
nsga2,r208_21,28,15348744.096006,148.262944,1.188155,1473.9992,52,2,ok
nsga2,r208_21,29,22233051.811127,68.386872,1.051199,251.6504,52,2,ok
nsga2,r208_21,30,23342476.291472,41.382374,0.826364,987.4425,54,3,ok
smsemoa,r208_21,1,23482438.384016,43.561265,1.505519,1638.1736,83,2,ok
smsemoa,r208_21,2,23789750.559112,29.158663,2.258385,1600.1244,105,2,ok
smsemoa,r208_21,3,23662766.340274,38.400259,1.944982,2086.0582,91,2,ok
smsemoa,r208_21,4,23590544.59655,38.568769,1.215158,2376.6033,83,3,ok
smsemoa,r208_21,5,23425032.845201,46.394464,1.735432,909.8854,40,1,ok
smsemoa,r208_21,6,24022174.805828,20.79631,0.844808,611.2443,32,3,ok
smsemoa,r208_21,7,20965885.380221,160.680652,1.832278,818.1859,105,3,ok
smsemoa,r208_21,8,23064895.773956,45.27827,2.16486,1991.9885,54,2,ok
smsemoa,r208_21,9,21779652.137604,133.297894,1.359664,1197.7344,44,2,ok
smsemoa,r208_21,10,23803028.888331,29.058489,4.255512,856.6178,89,2,ok
smsemoa,r208_21,11,24087173.095834,18.883991,2.260456,1403.4995,76,2,ok
smsemoa,r208_21,12,23357869.272635,37.638402,0.884747,472.0659,32,1,ok
smsemoa,r208_21,13,23491114.14469,40.159675,2.258226,1117.1947,86,2,ok
smsemoa,r208_21,14,24205736.461115,4.750537,1.041724,550.0498,24,1,ok
smsemoa,r208_21,15,22733148.899787,66.897287,2.337405,3405.032,75,3,ok
smsemoa,r208_21,16,24429082.817646,3.755969,2.295965,1562.5993,49,2,ok
smsemoa,r208_21,17,23318649.473297,42.701127,1.77251,968.789,103,2,ok
smsemoa,r208_21,18,23299462.866589,41.194406,2.255536,453.6126,61,2,ok
smsemoa,r208_21,19,23873142.410396,11.113948,5.361902,1532.3374,57,2,ok
smsemoa,r208_21,20,23309697.647501,42.966264,3.362502,1242.3754,46,2,ok
smsemoa,r208_21,21,23925269.403891,17.833786,1.199226,421.2514,21,1,ok
smsemoa,r208_21,22,23217583.963441,51.720615,0.924844,566.0211,79,2,ok
smsemoa,r208_21,23,23841293.644417,29.789996,1.713572,767.1434,105,2,ok
smsemoa,r208_21,24,23504824.958401,24.910772,0.649702,271.9205,18,2,ok
smsemoa,r208_21,25,23326847.096763,46.959592,4.730836,694.6284,80,2,ok
smsemoa,r208_21,26,23546483.381072,32.930972,1.352344,1105.5065,37,2,ok
smsemoa,r208_21,27,23614863.671719,35.419854,0.912675,2130.5486,59,2,ok
smsemoa,r208_21,28,23662402.568377,25.968597,1.382189,2384.2003,56,2,ok
smsemoa,r208_21,29,22778730.442941,61.327909,2.712325,2773.9829,81,2,ok
smsemoa,r208_21,30,22608098.969333,71.300711,0.767788,1317.8523,86,3,ok
moead_ws,r209_21,1,97942208.912263,309.351063,4.24744,10193.2946,99,4,ok
moead_ws,r209_21,2,103649767.896295,385.628792,3.192913,13095.8275,104,3,ok
moead_ws,r209_21,3,84376067.548856,296.278745,3.300157,13350.8738,100,3,ok
moead_ws,r209_21,4,97941516.559358,365.824756,8.287709,13574.7673,103,5,ok
moead_ws,r209_21,5,86819976.077339,388.674252,4.505042,8669.3513,98,2,ok
moead_ws,r209_21,6,82312788.247136,357.59493,2.626157,12411.4492,93,3,ok
moead_ws,r209_21,7,106023494.753603,237.593499,7.9357,13707.8637,102,5,ok
moead_ws,r209_21,8,94738168.866009,324.316973,7.264736,12843.9209,99,4,ok
moead_ws,r209_21,9,107349053.741536,259.179721,5.740899,11317.9155,96,4,ok
moead_ws,r209_21,10,93280805.395209,258.764499,5.025685,14027.7968,95,6,ok
moead_ws,r209_21,11,90502926.319082,304.785341,6.197557,13283.8703,100,3,ok
moead_ws,r209_21,12,87123216.711774,300.683329,5.165965,11805.1562,89,3,ok
moead_ws,r209_21,13,80570962.247325,268.209114,6.326031,12011.4461,104,3,ok
moead_ws,r209_21,14,69620004.034477,372.535637,3.229848,11507.2873,103,3,ok
moead_ws,r209_21,15,87064898.099042,315.240102,3.118516,10083.2123,97,3,ok
moead_ws,r209_21,16,111134312.088226,296.890234,7.510767,10498.6108,101,3,ok
moead_ws,r209_21,17,88796516.612802,278.300389,5.774281,10883.2651,98,4,ok
moead_ws,r209_21,18,102573399.973847,194.608636,5.140528,10901.6132,99,3,ok
moead_ws,r209_21,19,114074799.858291,221.90062,6.977595,13417.842,99,3,ok
moead_ws,r209_21,20,99596124.799129,191.722752,4.579544,10824.2737,97,4,ok
moead_ws,r209_21,21,114738361.576687,218.768389,4.950143,9612.0932,100,4,ok
moead_ws,r209_21,22,78778845.508596,240.307476,4.899828,10733.6995,84,2,ok
moead_ws,r209_21,23,95773958.52194,289.28895,7.265692,12088.45,94,4,ok
moead_ws,r209_21,24,84436712.452521,318.624344,6.785353,13382.7113,97,3,ok
moead_ws,r209_21,25,102743066.657687,322.470575,7.572365,12065.6087,101,4,ok
moead_ws,r209_21,26,73701768.887982,325.928743,5.764853,11176.2591,91,4,ok
moead_ws,r209_21,27,83435665.883601,256.257631,3.415917,11669.1623,104,2,ok
moead_ws,r209_21,28,90397970.970695,246.046049,6.897491,11829.1058,100,3,ok
moead_ws,r209_21,29,116021055.436202,227.129697,6.837488,11395.073,99,3,ok
moead_ws,r209_21,30,90994650.921984,276.608057,4.12157,12515.3769,104,4,ok
nsga2,r209_21,1,135959108.71913,187.649722,0.780312,8301.2055,105,2,ok
nsga2,r209_21,2,133159426.767417,172.901318,0.925619,7532.995,105,2,ok
nsga2,r209_21,3,136335985.49424,111.419215,1.183644,3959.4282,105,2,ok
nsga2,r209_21,4,143283860.833773,47.894659,0.861047,7090.6807,105,3,ok
nsga2,r209_21,5,127959227.09232,206.882087,1.266753,4228.6803,105,2,ok
nsga2,r209_21,6,139870529.624122,70.447713,0.754827,6878.3017,105,3,ok
nsga2,r209_21,7,107317050.342501,218.838241,0.566492,5489.7263,105,2,ok
nsga2,r209_21,8,132299754.996655,174.866504,1.31689,6461.6621,105,4,ok
nsga2,r209_21,9,140572174.935205,78.795257,0.592928,6173.2093,105,3,ok
nsga2,r209_21,10,131633315.982557,170.797131,0.586282,7182.3507,105,3,ok
nsga2,r209_21,11,138168772.110646,104.967733,0.674286,4931.434,105,2,ok
nsga2,r209_21,12,140551314.499163,54.567184,1.938135,8992.4505,105,2,ok
nsga2,r209_21,13,131538935.4644,195.354449,0.928477,5312.9816,105,3,ok
nsga2,r209_21,14,129753318.232989,262.626721,0.890107,8801.7679,105,4,ok
nsga2,r209_21,15,134393921.8089,137.4581,1.389761,6331.6408,105,4,ok
nsga2,r209_21,16,165233642.055881,67.566149,0.584807,6138.7624,105,3,ok
nsga2,r209_21,17,158126196.382911,133.318546,0.692017,4620.5255,105,3,ok
nsga2,r209_21,18,135302283.374059,127.511495,2.111716,6419.5596,105,2,ok
nsga2,r209_21,19,141424896.55299,99.642755,0.577556,5025.5155,105,2,ok
nsga2,r209_21,20,134519689.138389,140.081753,0.762396,8974.0284,105,3,ok
nsga2,r209_21,21,134189762.978267,164.43582,0.809375,5815.3473,105,4,ok
nsga2,r209_21,22,139393144.936103,66.699988,0.879443,4930.2568,105,2,ok
nsga2,r209_21,23,145530444.861322,44.338431,0.905766,6042.0695,105,3,ok
nsga2,r209_21,24,139679449.382542,72.951973,0.762165,6393.7895,105,2,ok
nsga2,r209_21,25,163815261.804752,64.958065,1.271211,5183.6516,105,3,ok
nsga2,r209_21,26,143252307.691465,59.350637,1.075611,6023.4485,105,2,ok
nsga2,r209_21,27,132824611.347407,153.78906,0.804839,7131.9,105,2,ok
nsga2,r209_21,28,131771371.229089,187.112022,1.268738,4385.939,105,3,ok
nsga2,r209_21,29,128775954.390244,182.183737,2.363356,3011.1924,105,2,ok
nsga2,r209_21,30,129790365.188385,243.791499,0.585633,7419.8894,105,4,ok
smsemoa,r209_21,1,139182075.387896,73.413151,2.080842,5320.9359,105,3,ok
smsemoa,r209_21,2,141169733.417141,60.23618,1.471523,9685.5227,105,3,ok
smsemoa,r209_21,3,143427142.036857,35.183084,1.595654,3985.1296,105,2,ok
smsemoa,r209_21,4,137857717.610304,124.390326,1.043185,12707.7677,105,3,ok
smsemoa,r209_21,5,142616903.717207,35.877549,3.890237,8060.6473,105,3,ok
smsemoa,r209_21,6,140344891.633727,82.445489,1.429679,5789.5579,105,5,ok
smsemoa,r209_21,7,165903388.71395,45.926135,2.154692,6873.5757,105,4,ok
smsemoa,r209_21,8,133268451.60492,157.136458,0.758929,5473.1571,104,3,ok
smsemoa,r209_21,9,144834428.207356,33.768522,0.777325,6154.2812,105,3,ok
smsemoa,r209_21,10,142498973.676735,39.55871,1.36273,7040.8419,105,3,ok
smsemoa,r209_21,11,166761569.706875,29.449534,1.077746,5502.3273,105,4,ok
smsemoa,r209_21,12,140609414.992012,94.513422,3.442335,8497.0255,105,3,ok
smsemoa,r209_21,13,167754761.421464,22.723247,1.470721,6316.2041,105,4,ok
smsemoa,r209_21,14,139720662.045775,123.047814,1.07026,8070.661,105,3,ok
smsemoa,r209_21,15,160785626.606188,96.55512,0.940789,6652.8696,105,4,ok
smsemoa,r209_21,16,145178627.272096,29.426564,2.714845,4109.1822,105,3,ok
smsemoa,r209_21,17,148743523.393462,1.219098,1.10321,7196.1915,105,3,ok
smsemoa,r209_21,18,141101207.869088,70.144113,1.939741,6986.9932,105,4,ok
smsemoa,r209_21,19,144294916.841165,29.203309,1.604356,4213.045,105,1,ok
smsemoa,r209_21,20,163450685.734635,58.264291,1.413013,7683.9856,105,3,ok
smsemoa,r209_21,21,143132156.533392,27.725292,1.865601,6796.3021,105,3,ok
smsemoa,r209_21,22,134298640.083435,142.225761,0.570435,2239.6979,105,2,ok
smsemoa,r209_21,23,141457853.615367,44.137178,0.997784,5790.1735,105,2,ok
smsemoa,r209_21,24,138247347.012387,78.042936,2.28458,5256.1233,103,3,ok
smsemoa,r209_21,25,138440919.137698,135.078621,2.038055,9023.1019,105,3,ok
smsemoa,r209_21,26,133520546.384412,163.577632,2.963851,10444.7547,105,3,ok
smsemoa,r209_21,27,128621579.477635,224.089961,0.966549,6680.5892,105,2,ok
smsemoa,r209_21,28,138978593.109249,113.17512,2.443812,11398.5399,105,3,ok
smsemoa,r209_21,29,139721151.475742,96.052103,1.493025,7428.7642,104,3,ok
smsemoa,r209_21,30,129890736.618282,183.191607,1.852651,5485.1,105,3,ok
moead_ws,r210_21,1,81840825.813035,399.787893,6.06206,11682.0708,94,4,ok
moead_ws,r210_21,2,77026549.537676,418.600378,6.398935,10305.2011,85,4,ok
moead_ws,r210_21,3,111121796.707087,212.930635,7.529196,9823.9678,97,5,ok
moead_ws,r210_21,4,110277955.227038,369.311744,9.572349,10172.4448,102,4,ok
moead_ws,r210_21,5,90711293.162826,323.626491,7.838984,11310.4909,102,3,ok
moead_ws,r210_21,6,92884482.113945,271.682842,5.704175,11377.2229,97,5,ok
moead_ws,r210_21,7,87032210.787844,340.715563,7.935145,11010.2863,97,4,ok
moead_ws,r210_21,8,84241049.173733,242.608317,6.037263,11145.3847,105,3,ok
moead_ws,r210_21,9,109693383.513609,221.752014,8.73137,9636.701,102,3,ok
moead_ws,r210_21,10,74535686.266245,319.109498,3.915468,10733.7093,102,2,ok
moead_ws,r210_21,11,109007054.350572,369.187261,5.235645,11589.5317,102,3,ok
moead_ws,r210_21,12,105735225.892149,257.616397,6.662027,11084.3164,103,4,ok
moead_ws,r210_21,13,109298002.914391,313.32548,5.545637,10826.3036,102,4,ok
moead_ws,r210_21,14,121502474.660928,202.319059,7.469709,10510.3815,96,2,ok
moead_ws,r210_21,15,90367511.557212,437.946606,3.4404,9810.0854,88,3,ok
moead_ws,r210_21,16,101177154.357551,301.516322,7.689075,10042.7827,95,3,ok
moead_ws,r210_21,17,91906299.040882,239.8193,6.37101,10560.6911,91,3,ok
moead_ws,r210_21,18,88258831.652039,216.377675,5.209462,10346.9048,101,5,ok
moead_ws,r210_21,19,106890396.446313,180.391774,7.920239,10580.3024,96,3,ok
moead_ws,r210_21,20,107974636.361264,242.670476,3.890088,10169.1385,100,3,ok
moead_ws,r210_21,21,86433946.209036,304.40978,5.51741,11096.4939,96,4,ok
moead_ws,r210_21,22,100356247.699863,243.114356,3.745974,9537.0,104,4,ok
moead_ws,r210_21,23,72871973.016361,356.702772,3.567853,10913.5178,101,4,ok
moead_ws,r210_21,24,112889004.829313,220.002394,6.884118,11027.7285,94,4,ok
moead_ws,r210_21,25,94477341.510922,248.412433,4.087269,7993.3048,93,4,ok
moead_ws,r210_21,26,118309648.415908,281.564966,6.619438,11001.4807,98,4,ok
moead_ws,r210_21,27,89696247.435997,351.12986,5.095762,9674.1945,97,4,ok
moead_ws,r210_21,28,67407255.253561,410.905909,7.16524,12110.5385,101,4,ok
moead_ws,r210_21,29,80741602.339892,290.177576,6.1965,11082.7795,100,3,ok
moead_ws,r210_21,30,84462188.625181,359.146201,7.854896,11636.4622,103,4,ok
nsga2,r210_21,1,139604546.281917,180.112882,0.753716,5467.1635,105,2,ok
nsga2,r210_21,2,144020769.878012,184.47915,1.631485,4478.681,101,3,ok
nsga2,r210_21,3,169565940.816681,111.138414,0.595981,3961.7955,105,3,ok
nsga2,r210_21,4,144670939.384519,178.399209,0.786851,8889.4574,105,3,ok
nsga2,r210_21,5,142882903.118949,177.122812,0.723028,4437.9791,105,3,ok
nsga2,r210_21,6,146397026.354021,111.229711,0.650139,3571.4937,105,2,ok
nsga2,r210_21,7,140516575.513271,208.500717,1.81307,7286.7792,105,3,ok
nsga2,r210_21,8,140239973.920961,225.554898,5.150354,7382.5648,105,4,ok
nsga2,r210_21,9,133863264.367768,276.271448,0.554807,3257.2486,105,3,ok
nsga2,r210_21,10,143340183.369706,116.274548,0.641727,2634.2818,105,3,ok
nsga2,r210_21,11,119939411.906778,185.778466,0.746972,5412.9642,105,3,ok
nsga2,r210_21,12,154057586.571628,48.254813,0.545061,4100.7228,105,2,ok
nsga2,r210_21,13,147758945.610416,98.384357,0.865316,4578.0071,105,2,ok
nsga2,r210_21,14,139763486.048496,258.546851,0.770215,7493.9313,105,4,ok
nsga2,r210_21,15,153140824.33511,20.361599,1.389796,4357.2677,105,2,ok
nsga2,r210_21,16,145632143.177829,160.759975,0.672644,5351.4668,105,3,ok
nsga2,r210_21,17,150188219.053762,74.301736,1.126527,2628.63,105,3,ok
nsga2,r210_21,18,150762013.292955,84.258667,0.921616,4037.9588,105,2,ok
nsga2,r210_21,19,146128621.116711,139.246111,0.740906,6493.1116,105,2,ok
nsga2,r210_21,20,163612286.371021,159.143196,1.663644,10589.3511,105,4,ok
nsga2,r210_21,21,139683210.902646,185.847489,0.580307,4372.7447,105,4,ok
nsga2,r210_21,22,165730315.599294,136.836883,0.762064,6592.7931,105,5,ok
nsga2,r210_21,23,137537017.377941,260.218586,0.731223,7269.1642,105,3,ok
nsga2,r210_21,24,147012201.928753,103.406195,1.185539,4291.3841,105,2,ok
nsga2,r210_21,25,146536330.634861,151.87673,0.795341,5301.2425,105,2,ok
nsga2,r210_21,26,144222301.206342,138.255885,0.660043,4372.1133,105,2,ok
nsga2,r210_21,27,146448814.834915,106.207682,0.611495,4863.2482,105,2,ok
nsga2,r210_21,28,143145671.491393,178.029,1.199029,9149.7513,105,3,ok
nsga2,r210_21,29,140880819.962351,211.616339,1.033961,6400.4961,105,3,ok
nsga2,r210_21,30,148279043.030155,76.177328,0.748976,2283.1005,105,1,ok
smsemoa,r210_21,1,154756351.441435,14.074634,1.696603,3726.1104,101,2,ok
smsemoa,r210_21,2,142978794.113858,188.12784,0.941189,5352.7588,105,2,ok
smsemoa,r210_21,3,148589559.474255,103.06603,1.268548,6287.0365,105,4,ok
smsemoa,r210_21,4,147674939.449384,96.863291,2.437712,10203.1956,105,3,ok
smsemoa,r210_21,5,139858420.379178,158.316715,0.852932,2794.4648,105,3,ok
smsemoa,r210_21,6,126059538.697487,102.214825,2.307202,6912.7687,105,3,ok
smsemoa,r210_21,7,147641700.443574,96.679347,2.529468,6321.8438,105,4,ok
smsemoa,r210_21,8,178579099.67369,19.747235,0.760297,4949.896,105,4,ok
smsemoa,r210_21,9,149440448.767874,59.172089,0.576302,1840.6876,105,2,ok
smsemoa,r210_21,10,142073982.542532,138.993222,0.882402,4464.6006,104,3,ok
smsemoa,r210_21,11,143926503.081249,115.871821,5.12036,7842.7228,105,2,ok
smsemoa,r210_21,12,152971908.658619,43.93204,2.229141,5870.3836,105,2,ok
smsemoa,r210_21,13,150645710.519743,65.704934,0.865902,5468.4895,105,4,ok
smsemoa,r210_21,14,148981820.928557,89.173987,4.088401,6269.6112,105,2,ok
smsemoa,r210_21,15,147302590.691692,101.860496,1.285943,4077.3753,105,2,ok
smsemoa,r210_21,16,173931248.096347,39.206232,1.826454,4618.1858,96,2,ok
smsemoa,r210_21,17,155266948.780941,4.744901,1.131066,3068.2119,105,3,ok
smsemoa,r210_21,18,175230108.018536,38.352473,1.90209,5048.4586,105,3,ok
smsemoa,r210_21,19,145541383.788092,123.079925,1.535012,7179.7158,105,3,ok
smsemoa,r210_21,20,151314774.817656,81.494192,0.855347,5580.521,105,3,ok
smsemoa,r210_21,21,145808666.816637,91.805282,0.959619,4339.7589,105,3,ok
smsemoa,r210_21,22,149181858.835396,79.622922,0.717367,4350.7859,105,3,ok
smsemoa,r210_21,23,173360884.282535,47.339468,2.985069,6797.1553,105,3,ok
smsemoa,r210_21,24,171738832.112884,65.859023,0.820927,3514.8599,105,2,ok
smsemoa,r210_21,25,172438945.955501,25.243162,1.128117,5555.3668,105,5,ok
smsemoa,r210_21,26,146493902.867821,116.867633,1.105909,3621.2621,105,3,ok
smsemoa,r210_21,27,149152780.038033,122.748934,0.92763,7610.2969,105,2,ok
smsemoa,r210_21,28,151352307.450277,79.602679,0.970215,8313.3152,105,4,ok
smsemoa,r210_21,29,156023224.604178,25.885096,3.520433,7768.591,105,3,ok
smsemoa,r210_21,30,147835713.785807,87.203069,0.988447,5394.7413,105,3,ok
moead_ws,r211_21,1,71187380.091328,188.532848,3.022992,7049.7046,101,2,ok
moead_ws,r211_21,2,71010388.623826,156.11382,8.142087,6841.4471,93,2,ok
moead_ws,r211_21,3,73023552.701127,163.826262,2.84726,5712.8431,101,2,ok
moead_ws,r211_21,4,78555060.861775,198.18845,8.691826,7893.7356,92,2,ok
moead_ws,r211_21,5,66272471.063632,172.684653,2.869827,7282.4569,97,2,ok
moead_ws,r211_21,6,86615066.849263,105.260998,9.707468,9043.2067,100,3,ok
moead_ws,r211_21,7,95370968.486264,167.628309,8.023961,6540.0454,95,3,ok
moead_ws,r211_21,8,79125324.675473,112.969871,7.683093,7968.2747,96,2,ok
moead_ws,r211_21,9,79646015.836845,165.243219,8.8786,7237.1743,98,2,ok
moead_ws,r211_21,10,85969505.687056,99.331105,5.625,4839.9059,98,2,ok
moead_ws,r211_21,11,97335716.298406,129.524383,7.039565,6381.7267,94,3,ok
moead_ws,r211_21,12,89329316.135709,124.541825,8.345641,7371.0825,82,3,ok
moead_ws,r211_21,13,92348875.246784,243.435147,7.484742,7569.895,99,3,ok
moead_ws,r211_21,14,79495430.818737,158.030265,3.238691,7370.7101,94,3,ok
moead_ws,r211_21,15,69816455.370761,216.315458,3.494601,6434.9952,102,2,ok
moead_ws,r211_21,16,89703468.966519,165.248302,6.076175,6579.1625,95,3,ok
moead_ws,r211_21,17,67055323.762231,257.884358,6.85011,6971.6249,95,2,ok
moead_ws,r211_21,18,67467134.951515,287.380503,8.141194,8563.8653,98,3,ok
moead_ws,r211_21,19,107038936.974834,96.33335,8.63742,7034.6298,103,2,ok
moead_ws,r211_21,20,90516366.893826,85.96804,6.281995,7122.1782,91,3,ok
moead_ws,r211_21,21,79616389.120585,112.421874,9.468543,7009.1133,102,2,ok
moead_ws,r211_21,22,79553081.646713,213.261908,3.491267,7604.8893,102,3,ok
moead_ws,r211_21,23,89687596.125563,101.541435,9.643651,6050.7943,94,3,ok
moead_ws,r211_21,24,77176684.539306,198.24928,8.000723,8179.8382,95,3,ok
moead_ws,r211_21,25,75336288.003472,160.955666,7.558764,8273.5552,90,3,ok
moead_ws,r211_21,26,81090349.328666,151.266629,2.373302,5483.7892,87,3,ok
moead_ws,r211_21,27,82739010.831697,158.179358,6.349591,7190.2881,85,2,ok
moead_ws,r211_21,28,87134995.907381,89.487718,9.712971,8281.1451,99,3,ok
moead_ws,r211_21,29,86343022.984756,113.135534,5.874939,8338.5255,80,4,ok
moead_ws,r211_21,30,89659616.706241,189.352857,5.769759,7197.1747,92,4,ok
nsga2,r211_21,1,115224635.7621,59.329139,0.624977,4712.0439,105,2,ok
nsga2,r211_21,2,112707792.020767,94.820831,0.897439,4452.8666,105,2,ok
nsga2,r211_21,3,114883410.805369,56.173057,1.127038,4731.2605,105,3,ok
nsga2,r211_21,4,111222160.295998,114.509928,0.999962,3521.4534,87,2,ok
nsga2,r211_21,5,111298239.439572,134.548846,1.418926,3718.5756,105,2,ok
nsga2,r211_21,6,113528116.75181,100.501413,0.764278,2898.458,105,3,ok
nsga2,r211_21,7,110193822.289966,128.242486,0.818228,4704.5781,105,3,ok
nsga2,r211_21,8,111588909.352865,118.852947,0.748764,1587.127,105,2,ok
nsga2,r211_21,9,115221478.699938,60.973066,1.013978,4674.7452,105,2,ok
nsga2,r211_21,10,113388467.758001,82.051439,0.860522,3329.0674,105,3,ok
nsga2,r211_21,11,114198853.720777,68.989637,4.076196,7974.4186,73,3,ok
nsga2,r211_21,12,115871716.265089,32.907378,0.715388,4260.539,105,2,ok
nsga2,r211_21,13,113357163.469647,108.367363,1.324456,5225.6551,105,2,ok
nsga2,r211_21,14,111697164.532024,143.47797,0.894038,4431.645,105,3,ok
nsga2,r211_21,15,114852217.490531,54.256618,0.821255,1915.4366,105,2,ok
nsga2,r211_21,16,114128582.637391,73.135628,0.758997,5396.9867,105,2,ok
nsga2,r211_21,17,109857797.808359,158.843357,0.575715,2682.5249,105,2,ok
nsga2,r211_21,18,115392461.696128,40.018645,1.40818,3220.0986,105,2,ok
nsga2,r211_21,19,112366283.268434,77.290677,3.233818,6857.4642,105,2,ok
nsga2,r211_21,20,114022885.195739,83.53756,0.802347,5551.0342,105,2,ok
nsga2,r211_21,21,110618371.637977,137.278937,0.753388,3449.5242,105,3,ok
nsga2,r211_21,22,114084370.396832,81.824698,2.115075,8018.5728,105,3,ok
nsga2,r211_21,23,114524449.936428,59.682214,2.010732,4520.444,105,3,ok
nsga2,r211_21,24,116584006.605152,36.290237,1.454425,5096.6191,105,2,ok
nsga2,r211_21,25,115258633.189194,61.98878,2.030791,3678.7248,102,3,ok
nsga2,r211_21,26,110436299.075316,174.164012,0.543769,4543.1157,105,4,ok
nsga2,r211_21,27,113023584.513252,105.700261,1.926189,5888.7234,105,3,ok
nsga2,r211_21,28,113163818.430587,88.016266,2.411346,5397.4195,105,2,ok
nsga2,r211_21,29,112828304.052126,99.175152,5.580012,3638.6865,105,3,ok
nsga2,r211_21,30,113551719.95989,74.593584,1.049256,2408.8517,105,2,ok
smsemoa,r211_21,1,114157612.626396,73.120616,1.506205,6843.1024,99,3,ok
smsemoa,r211_21,2,116447018.945765,13.481308,2.281248,4942.7402,105,2,ok
smsemoa,r211_21,3,115040178.768162,65.721913,0.849639,3717.0382,105,3,ok
smsemoa,r211_21,4,115559828.930869,63.84382,1.841867,7257.4908,105,3,ok
smsemoa,r211_21,5,112920146.878352,107.239853,1.120893,4437.9803,105,2,ok
smsemoa,r211_21,6,115759584.864793,40.662258,1.057566,4555.3284,105,3,ok
smsemoa,r211_21,7,111803866.300264,86.805867,1.714201,6070.1972,105,3,ok
smsemoa,r211_21,8,112152007.800364,95.568059,1.696269,3663.6489,86,2,ok
smsemoa,r211_21,9,116419688.415333,14.596673,1.54622,6529.4459,105,2,ok
smsemoa,r211_21,10,114672600.298564,49.108805,3.160469,5757.256,105,3,ok
smsemoa,r211_21,11,117844612.509989,3.51601,1.4844,5013.8225,105,2,ok
smsemoa,r211_21,12,113529859.050428,103.862043,1.961211,7789.1789,105,2,ok
smsemoa,r211_21,13,116133714.910691,47.485667,1.307197,5792.264,105,2,ok
smsemoa,r211_21,14,117171358.105911,3.34518,0.725379,2654.5726,105,2,ok
smsemoa,r211_21,15,116674564.699963,15.149154,0.968505,3691.4187,105,2,ok
smsemoa,r211_21,16,112629616.54931,93.784905,2.016404,4775.8768,105,3,ok
smsemoa,r211_21,17,116998879.813555,16.167799,1.549738,7096.2908,105,2,ok
smsemoa,r211_21,18,113480396.910082,63.252547,0.467665,3053.5604,105,2,ok
smsemoa,r211_21,19,115404887.481485,50.162592,1.015363,5820.4955,105,3,ok
smsemoa,r211_21,20,115126715.117803,64.32329,1.404965,5114.2342,105,3,ok
smsemoa,r211_21,21,115469183.961747,43.226071,1.066765,4431.3799,105,2,ok
smsemoa,r211_21,22,116323185.671807,9.101688,1.477049,3683.6055,100,2,ok
smsemoa,r211_21,23,115590591.711193,35.735685,1.291695,4892.2402,105,3,ok
smsemoa,r211_21,24,115247092.2836,30.16767,1.008939,3663.0239,105,3,ok
smsemoa,r211_21,25,113615306.68262,90.118704,2.118586,6306.1731,103,2,ok
smsemoa,r211_21,26,117646939.708181,12.532475,1.50557,2788.6938,105,2,ok
smsemoa,r211_21,27,116281961.007816,42.286925,0.904408,2223.3516,102,2,ok
smsemoa,r211_21,28,115462855.724017,75.755367,2.040407,5775.8596,105,3,ok
smsemoa,r211_21,29,116197572.916431,40.899634,0.893675,4679.6718,105,2,ok
smsemoa,r211_21,30,114955893.272412,54.867993,1.537417,7318.3103,105,3,ok
moead_ws,rc102_21,1,122346525.887332,238.88692,1.169107,2516.4372,99,12,ok
moead_ws,rc102_21,2,130180669.573391,154.135918,4.251715,3541.8566,97,12,ok
moead_ws,rc102_21,3,92365397.218814,490.638401,1.555533,2807.1322,96,13,ok
moead_ws,rc102_21,4,109402069.445127,257.387543,2.046352,3324.3869,101,14,ok
moead_ws,rc102_21,5,116706257.234463,278.422765,3.875232,3175.4531,93,13,ok
moead_ws,rc102_21,6,94393566.949642,481.587451,2.12611,3380.0411,103,13,ok
moead_ws,rc102_21,7,98826641.733109,421.693922,5.031305,3786.7012,88,13,ok
moead_ws,rc102_21,8,101351889.178133,389.864525,1.800181,3966.671,100,18,ok
moead_ws,rc102_21,9,98961339.241417,363.143768,3.891979,3316.2131,99,12,ok
moead_ws,rc102_21,10,95041864.837009,459.276403,2.701647,3736.3497,104,13,ok
moead_ws,rc102_21,11,113480301.291427,296.206796,2.575018,3496.7997,104,13,ok
moead_ws,rc102_21,12,94289726.196248,394.539797,3.192217,3453.5406,103,11,ok
moead_ws,rc102_21,13,116177147.521234,270.968057,2.827821,3664.7209,101,14,ok
moead_ws,rc102_21,14,110210941.557865,335.329911,2.363596,3066.3908,94,15,ok
moead_ws,rc102_21,15,114666032.882622,313.569012,1.499258,3883.7825,103,17,ok
moead_ws,rc102_21,16,86094466.716759,517.667477,1.53147,3119.8329,101,11,ok
moead_ws,rc102_21,17,129483258.086494,140.2082,2.083803,2687.5067,96,12,ok
moead_ws,rc102_21,18,107289177.964507,369.861416,2.210102,3647.0289,95,14,ok
moead_ws,rc102_21,19,126696390.653563,154.014086,2.549755,3578.1478,100,13,ok
moead_ws,rc102_21,20,123718878.808229,215.276767,3.596257,4389.307,100,16,ok
moead_ws,rc102_21,21,103745402.247804,322.007559,3.869106,3225.2791,101,13,ok
moead_ws,rc102_21,22,101285602.313035,418.047179,2.118327,2864.471,98,12,ok
moead_ws,rc102_21,23,97161082.87659,343.859252,1.562223,2861.0742,103,10,ok
moead_ws,rc102_21,24,101128791.849894,335.142932,2.008471,3829.1545,102,13,ok
moead_ws,rc102_21,25,104287540.147196,348.406713,2.100135,3085.6361,104,10,ok
moead_ws,rc102_21,26,119831734.628332,189.397897,3.15554,3018.4325,104,12,ok
moead_ws,rc102_21,27,88416134.441991,493.947506,1.776587,2559.2418,102,11,ok
moead_ws,rc102_21,28,105492650.909331,309.437236,1.553289,3166.9255,99,12,ok
moead_ws,rc102_21,29,113773682.323065,284.841025,2.164601,2731.9959,94,12,ok
moead_ws,rc102_21,30,87159113.320416,562.407437,2.030817,3562.5177,100,15,ok
nsga2,rc102_21,1,115057410.013195,343.172746,0.465823,2386.3217,105,13,ok
nsga2,rc102_21,2,129361786.736942,224.36131,0.576858,3416.6041,105,14,ok
nsga2,rc102_21,3,124029549.599139,205.531229,0.912875,2247.2012,105,12,ok
nsga2,rc102_21,4,127898889.649789,135.44985,0.484925,2000.551,105,9,ok
nsga2,rc102_21,5,149801394.444747,56.0886,0.583969,2061.9131,105,12,ok
nsga2,rc102_21,6,138707276.740254,139.191875,0.767762,2507.2004,105,10,ok
nsga2,rc102_21,7,108511502.998175,354.013919,0.504065,2333.1,105,10,ok
nsga2,rc102_21,8,140997025.925982,97.942902,0.426325,1964.3442,105,10,ok
nsga2,rc102_21,9,125321801.557868,205.630201,0.648748,2564.6451,105,12,ok
nsga2,rc102_21,10,121805522.572264,247.618057,0.473739,2411.968,105,15,ok
nsga2,rc102_21,11,111824391.672407,316.707002,0.601104,2309.8477,105,11,ok
nsga2,rc102_21,12,139467282.063666,106.857458,0.556758,1702.6288,105,11,ok
nsga2,rc102_21,13,138128088.80193,177.324772,0.391846,2503.8956,105,14,ok
nsga2,rc102_21,14,122331372.632735,265.794303,0.585697,2246.9443,105,10,ok
nsga2,rc102_21,15,138087061.211453,127.846974,0.559407,1938.3231,105,11,ok
nsga2,rc102_21,16,139432927.67606,122.734666,0.948046,2380.1049,105,13,ok
nsga2,rc102_21,17,125139006.675189,286.79345,0.573061,2987.8885,105,14,ok
nsga2,rc102_21,18,124111632.17375,230.023204,0.609617,2409.6553,105,12,ok
nsga2,rc102_21,19,136109900.804027,189.634519,0.602854,2685.0637,105,12,ok
nsga2,rc102_21,20,150461076.280522,40.490471,1.211504,2683.8561,105,15,ok
nsga2,rc102_21,21,88200446.410143,589.099957,0.520519,2254.6445,105,13,ok
nsga2,rc102_21,22,134668832.733089,154.783456,0.474619,2265.445,105,11,ok
nsga2,rc102_21,23,135506507.32589,137.276564,1.221502,2396.8076,105,12,ok
nsga2,rc102_21,24,144018083.613701,48.595214,0.539519,1870.39,105,9,ok
nsga2,rc102_21,25,110421968.182344,391.266697,0.565158,2870.9761,105,14,ok
nsga2,rc102_21,26,118856804.165188,234.329051,0.565916,1805.9461,105,11,ok
nsga2,rc102_21,27,144009234.841578,119.496311,0.753841,2723.2276,105,13,ok
nsga2,rc102_21,28,113890471.016072,281.095246,0.404854,1883.0968,105,10,ok
nsga2,rc102_21,29,134793923.434523,213.425617,0.587065,2797.4323,105,11,ok
nsga2,rc102_21,30,150735934.458609,34.858178,0.493587,2193.4727,105,10,ok
smsemoa,rc102_21,1,130345780.59097,237.216402,1.052774,2647.4872,105,14,ok
smsemoa,rc102_21,2,140800198.132569,104.400851,1.054882,2072.9456,105,10,ok
smsemoa,rc102_21,3,114238067.087559,317.670982,0.947735,2806.4066,105,11,ok
smsemoa,rc102_21,4,122106926.924718,285.714504,1.789547,3829.949,105,13,ok
smsemoa,rc102_21,5,142267840.708864,134.893977,1.929642,2474.7455,105,11,ok
smsemoa,rc102_21,6,116593181.918025,355.984124,0.874712,2753.5414,105,13,ok
smsemoa,rc102_21,7,144096204.527619,157.929714,0.984821,2644.8785,105,13,ok
smsemoa,rc102_21,8,161668753.542753,10.456599,1.397612,2798.6596,105,12,ok
smsemoa,rc102_21,9,130696360.395668,199.333494,1.296658,3001.6732,105,12,ok
smsemoa,rc102_21,10,121161680.350782,257.830355,0.96308,2656.9974,105,12,ok
smsemoa,rc102_21,11,128326942.475256,231.173013,1.051059,2544.8579,105,11,ok
smsemoa,rc102_21,12,132638282.956563,174.214749,1.003467,2170.2162,105,12,ok
smsemoa,rc102_21,13,142714999.184735,102.037798,0.787418,2306.1342,105,13,ok
smsemoa,rc102_21,14,133227478.639482,172.117507,1.219653,2702.6674,105,10,ok
smsemoa,rc102_21,15,145723581.187644,70.563896,1.118159,2497.9534,105,11,ok
smsemoa,rc102_21,16,113292594.952364,338.168769,0.912103,2528.1904,104,12,ok
smsemoa,rc102_21,17,137270908.888264,180.54366,0.904383,2787.8197,105,13,ok
smsemoa,rc102_21,18,120915902.857762,244.892536,0.905462,2010.2882,105,10,ok
smsemoa,rc102_21,19,144428115.623059,143.829843,1.286552,3147.3049,105,13,ok
smsemoa,rc102_21,20,136808841.087214,141.643383,0.917328,2176.601,105,10,ok
smsemoa,rc102_21,21,129485531.374213,151.422545,2.050573,2431.9623,105,11,ok
smsemoa,rc102_21,22,114435660.652447,311.676302,0.942316,2036.414,105,8,ok
smsemoa,rc102_21,23,157569942.572038,9.281803,0.812241,2274.4869,105,9,ok
smsemoa,rc102_21,24,140910353.155826,120.611306,1.143401,2753.6089,105,12,ok
smsemoa,rc102_21,25,128348087.600753,222.009605,0.88262,2433.4199,105,16,ok
smsemoa,rc102_21,26,133209355.382325,185.863529,1.5752,2707.0143,105,12,ok
smsemoa,rc102_21,27,125268687.11124,227.434957,0.693673,2388.2577,105,10,ok
smsemoa,rc102_21,28,115937592.023452,318.847719,2.033894,2670.8214,105,11,ok
smsemoa,rc102_21,29,116517157.703372,258.684219,1.053657,1914.005,105,10,ok
smsemoa,rc102_21,30,144995517.16721,180.172146,0.82891,2640.35,105,17,ok
moead_ws,rc103_21,1,124608007.584536,461.502236,5.527605,3201.4475,101,11,ok
moead_ws,rc103_21,2,134820414.297884,361.168147,2.112313,1811.3982,100,9,ok
moead_ws,rc103_21,3,122649869.449992,478.830236,4.190797,3120.2289,102,10,ok
moead_ws,rc103_21,4,153690201.977883,156.194761,2.632751,2270.6546,95,10,ok
moead_ws,rc103_21,5,153457313.306445,121.646747,2.901331,1685.6247,99,10,ok
moead_ws,rc103_21,6,118876210.886853,492.159229,3.12266,2166.9563,97,10,ok
moead_ws,rc103_21,7,132670199.907703,418.346192,2.834784,2091.7872,101,13,ok
moead_ws,rc103_21,8,144721857.364096,250.751499,4.629324,2329.5423,98,7,ok
moead_ws,rc103_21,9,132048549.194493,388.75241,4.706365,2454.4924,102,9,ok
moead_ws,rc103_21,10,129476495.936381,480.774925,1.981056,1727.4107,103,11,ok
moead_ws,rc103_21,11,159170789.86237,44.009897,4.205497,2233.5864,95,6,ok
moead_ws,rc103_21,12,139378681.594399,328.757106,2.780264,3460.9645,99,14,ok
moead_ws,rc103_21,13,128184870.850357,426.190849,2.127917,2479.7754,96,10,ok
moead_ws,rc103_21,14,133301933.917743,383.35693,2.110075,2738.5532,101,9,ok
moead_ws,rc103_21,15,153101924.501634,224.482343,2.235718,1910.3094,91,8,ok
moead_ws,rc103_21,16,156351404.107084,263.874743,3.041365,4574.6688,104,13,ok
moead_ws,rc103_21,17,131761343.740084,354.972849,3.613216,2833.6197,94,11,ok
moead_ws,rc103_21,18,123437920.700269,462.383383,3.887047,2298.5618,93,10,ok
moead_ws,rc103_21,19,143702338.867159,281.184406,2.518163,2741.7304,102,10,ok
moead_ws,rc103_21,20,109955118.939657,686.553792,4.374548,2520.3182,99,9,ok
moead_ws,rc103_21,21,146799496.607977,163.640681,2.010483,1661.842,99,10,ok
moead_ws,rc103_21,22,137967465.768362,380.575819,3.485776,2471.7691,99,12,ok
moead_ws,rc103_21,23,130585466.659428,465.670474,4.947332,2796.9169,94,9,ok
moead_ws,rc103_21,24,129690655.631831,335.560684,4.030203,3048.9725,96,8,ok
moead_ws,rc103_21,25,142786901.081009,274.620141,2.752354,1911.5197,93,9,ok
moead_ws,rc103_21,26,143906732.962197,276.504491,3.58231,2741.5194,100,12,ok
moead_ws,rc103_21,27,143982597.856157,264.083608,1.995555,2485.2347,98,9,ok
moead_ws,rc103_21,28,138327167.000477,348.636692,2.458768,2692.4683,89,9,ok
moead_ws,rc103_21,29,132745086.608643,323.438431,3.182259,2646.7657,96,9,ok
moead_ws,rc103_21,30,112856872.327344,525.594335,3.896857,2586.8357,102,11,ok
nsga2,rc103_21,1,152394206.351432,287.288254,0.662576,2310.0811,105,9,ok
nsga2,rc103_21,2,156995328.349661,188.925007,0.7409,1493.592,105,9,ok
nsga2,rc103_21,3,154937818.168575,237.455665,0.778042,1086.8579,105,8,ok
nsga2,rc103_21,4,155794648.661735,290.52112,0.73886,1816.1395,105,10,ok
nsga2,rc103_21,5,148894229.680103,318.92022,0.531373,1719.9649,105,9,ok
nsga2,rc103_21,6,154561258.092435,238.020601,0.519196,1632.8544,105,9,ok
nsga2,rc103_21,7,167336245.540089,145.159249,0.688017,1410.7256,105,7,ok
nsga2,rc103_21,8,157997060.642508,256.645682,0.526762,1991.2083,105,9,ok
nsga2,rc103_21,9,161311680.71938,131.020892,0.791374,1032.728,105,7,ok
nsga2,rc103_21,10,157687808.528455,286.437593,0.729129,1984.0115,105,10,ok
nsga2,rc103_21,11,150282339.837561,307.851399,0.938393,2033.8754,105,9,ok
nsga2,rc103_21,12,149714503.609682,347.432295,0.672755,1927.9798,105,10,ok
nsga2,rc103_21,13,176836299.147224,20.371767,1.185174,1108.4004,105,6,ok
nsga2,rc103_21,14,158189019.040896,257.448495,0.541342,2522.8981,105,11,ok
nsga2,rc103_21,15,160244840.740679,140.38489,0.680857,1641.1348,105,7,ok
nsga2,rc103_21,16,151047222.773796,284.870127,0.458732,1479.255,105,11,ok
nsga2,rc103_21,17,158480544.162459,256.896966,0.498778,2010.5669,105,9,ok
nsga2,rc103_21,18,168393369.820708,144.875542,0.525561,1593.6555,105,6,ok
nsga2,rc103_21,19,143419084.962574,323.391281,0.595656,1369.9235,105,10,ok
nsga2,rc103_21,20,168018217.070606,141.017653,0.587697,2010.5064,105,9,ok
nsga2,rc103_21,21,155895614.394683,220.601145,0.422509,1754.9132,105,8,ok
nsga2,rc103_21,22,151471552.550217,366.021213,0.709168,1913.4837,105,10,ok
nsga2,rc103_21,23,175132233.928962,38.195504,0.513886,1568.3794,105,7,ok
nsga2,rc103_21,24,149600183.348057,348.127287,0.556824,1907.1688,105,9,ok
nsga2,rc103_21,25,161332740.584865,155.864583,0.443577,1927.0343,105,8,ok
nsga2,rc103_21,26,168525661.609131,141.497108,0.590735,1945.5362,105,8,ok
nsga2,rc103_21,27,171351439.136831,79.318832,0.726224,1400.0143,105,8,ok
nsga2,rc103_21,28,161071133.165227,225.429777,0.776417,2204.5085,105,6,ok
nsga2,rc103_21,29,168138268.12712,134.654251,0.793805,1431.1079,105,8,ok
nsga2,rc103_21,30,144353927.822269,397.474423,0.46524,1739.4125,105,10,ok
smsemoa,rc103_21,1,149499233.715136,214.273849,1.245259,1303.0417,105,7,ok
smsemoa,rc103_21,2,165139725.045066,180.070619,1.109061,1743.6194,105,10,ok
smsemoa,rc103_21,3,164312811.551753,100.699547,0.895872,1550.7027,105,7,ok
smsemoa,rc103_21,4,157226220.169544,136.984167,0.561773,1987.4469,105,6,ok
smsemoa,rc103_21,5,150902403.361803,219.468536,1.207518,1643.6016,105,9,ok
smsemoa,rc103_21,6,173628936.383235,129.513177,0.8973,2110.6084,105,10,ok
smsemoa,rc103_21,7,153925939.960224,239.736879,1.015182,1479.5315,105,9,ok
smsemoa,rc103_21,8,166349853.635284,171.177554,1.127927,1531.4547,105,10,ok
smsemoa,rc103_21,9,178918031.388546,43.67192,1.498739,1740.3531,105,8,ok
smsemoa,rc103_21,10,169435286.003168,119.360368,2.094089,1605.2712,105,8,ok
smsemoa,rc103_21,11,157856771.497508,274.71882,0.580963,1760.6251,105,11,ok
smsemoa,rc103_21,12,173012179.228712,79.903469,0.910886,1544.1752,105,9,ok
smsemoa,rc103_21,13,161288794.098332,209.051289,1.03162,1724.9632,105,9,ok
smsemoa,rc103_21,14,189320740.521781,0.715112,1.366423,2308.0892,105,9,ok
smsemoa,rc103_21,15,173003968.56597,98.670191,1.493322,1640.518,105,9,ok
smsemoa,rc103_21,16,173372409.572265,81.744913,0.830907,2039.2128,105,10,ok
smsemoa,rc103_21,17,183371518.212938,20.548878,1.148166,2462.3876,105,10,ok
smsemoa,rc103_21,18,168509083.903112,119.212034,1.051338,1550.396,105,9,ok
smsemoa,rc103_21,19,173775565.985597,58.899346,0.868361,1276.3651,105,6,ok
smsemoa,rc103_21,20,162007774.61428,139.411933,1.04143,1716.1487,105,7,ok
smsemoa,rc103_21,21,150759840.107658,274.551073,1.267151,1726.5295,105,10,ok
smsemoa,rc103_21,22,176636333.8022,69.138484,1.171948,2018.6707,105,9,ok
smsemoa,rc103_21,23,167430041.918558,124.903499,1.076706,1781.0371,105,8,ok
smsemoa,rc103_21,24,164747475.159982,198.612318,1.367899,1866.5088,105,9,ok
smsemoa,rc103_21,25,167969728.197242,130.458734,0.849842,1807.7013,105,9,ok
smsemoa,rc103_21,26,173683925.108284,72.754023,1.225227,1893.9007,105,8,ok
smsemoa,rc103_21,27,176664982.626225,31.749717,1.040039,1169.4855,105,7,ok
smsemoa,rc103_21,28,166418347.75264,155.202769,1.000427,1973.2593,105,9,ok
smsemoa,rc103_21,29,164170159.295029,103.048947,0.852472,1926.1868,105,12,ok
smsemoa,rc103_21,30,171426819.036511,88.663041,0.923792,1482.006,105,9,ok
moead_ws,rc104_21,1,65483338.60179,236.150432,5.402528,1926.2804,104,7,ok
moead_ws,rc104_21,2,54098564.098283,387.674307,7.612239,1682.1719,99,6,ok
moead_ws,rc104_21,3,59781460.806706,273.234778,5.864521,2600.1929,91,8,ok
moead_ws,rc104_21,4,68829337.83113,224.759776,8.8351,2314.9559,103,8,ok
moead_ws,rc104_21,5,58569442.173227,270.520854,2.835722,1253.8272,100,5,ok
moead_ws,rc104_21,6,68562770.933245,211.734304,5.860289,1621.3438,99,5,ok
moead_ws,rc104_21,7,59614896.725947,293.829422,7.201083,2247.6411,98,5,ok
moead_ws,rc104_21,8,47407955.883619,592.392888,3.816045,1647.8064,84,7,ok
moead_ws,rc104_21,9,63156958.008341,223.342131,2.485669,1349.6675,94,6,ok
moead_ws,rc104_21,10,74287052.912317,29.793318,3.997255,1438.3853,80,9,ok
moead_ws,rc104_21,11,68814060.534566,136.921744,4.139154,910.6035,88,6,ok
moead_ws,rc104_21,12,63731999.479001,281.577298,5.666555,1911.8351,94,6,ok
moead_ws,rc104_21,13,71821144.238481,113.47992,2.25977,1583.8779,97,7,ok
moead_ws,rc104_21,14,62240179.59493,212.909219,2.7644,894.2513,100,4,ok
moead_ws,rc104_21,15,78150172.514938,51.298437,3.981186,1613.5111,96,7,ok
moead_ws,rc104_21,16,57386442.145969,356.546332,3.208087,1634.802,90,7,ok
moead_ws,rc104_21,17,56790425.313189,344.2273,7.441883,1182.2994,92,6,ok
moead_ws,rc104_21,18,65779913.461335,204.150359,6.081603,1518.6226,95,6,ok
moead_ws,rc104_21,19,58784871.14523,338.40028,3.321842,959.9409,98,5,ok
moead_ws,rc104_21,20,75848171.432883,80.728223,3.920344,1961.2067,96,8,ok
moead_ws,rc104_21,21,57986683.345729,323.546638,5.608736,938.212,98,5,ok
moead_ws,rc104_21,22,60087783.271152,272.069235,4.787953,862.7838,98,5,ok
moead_ws,rc104_21,23,69109523.356653,127.417605,2.004516,1386.9894,87,4,ok
moead_ws,rc104_21,24,69338564.219656,192.15401,3.354026,1998.5666,97,7,ok
moead_ws,rc104_21,25,68370443.548765,219.142463,3.627148,1416.7321,98,8,ok
moead_ws,rc104_21,26,68380290.574561,139.755422,2.317158,1329.3489,89,4,ok
moead_ws,rc104_21,27,61335369.780927,260.506918,3.685472,741.6301,100,4,ok
moead_ws,rc104_21,28,73981089.259783,91.484348,8.272573,1898.3615,92,6,ok
moead_ws,rc104_21,29,60262868.25008,298.857951,2.35553,1550.7504,100,5,ok
moead_ws,rc104_21,30,56182919.850191,381.327082,6.175847,1352.1236,101,7,ok
nsga2,rc104_21,1,78184976.616099,55.271394,1.96085,1067.1009,101,6,ok
nsga2,rc104_21,2,70432011.448546,191.712514,0.979844,970.9278,105,5,ok
nsga2,rc104_21,3,67169705.849457,195.753699,1.634888,805.2339,105,5,ok
nsga2,rc104_21,4,67048620.933544,202.497272,0.659104,1060.1457,105,6,ok
nsga2,rc104_21,5,73740915.824088,187.771012,0.627905,1518.8817,105,6,ok
nsga2,rc104_21,6,67763648.487036,196.079241,0.702171,1102.1328,105,5,ok
nsga2,rc104_21,7,65344184.97652,205.338912,1.036446,667.4431,75,4,ok
nsga2,rc104_21,8,75342495.825532,134.497785,0.634215,1041.534,105,6,ok
nsga2,rc104_21,9,65466324.063967,253.597937,1.979803,1405.7896,105,7,ok
nsga2,rc104_21,10,65249921.166792,230.20412,1.627494,900.6165,105,6,ok
nsga2,rc104_21,11,66760900.777712,220.816774,1.110001,1182.3211,105,5,ok
nsga2,rc104_21,12,59810072.321876,311.256524,1.258064,966.0247,105,7,ok
nsga2,rc104_21,13,65816399.996617,226.267816,0.778467,1106.1392,105,6,ok
nsga2,rc104_21,14,66814269.586843,214.387218,0.837943,767.2261,105,5,ok
nsga2,rc104_21,15,63996012.046351,276.693166,0.764321,1019.1109,105,4,ok
nsga2,rc104_21,16,68824890.094707,144.262294,0.864851,684.4778,105,4,ok
nsga2,rc104_21,17,74424044.825171,155.476704,0.780513,1409.2531,105,6,ok
nsga2,rc104_21,18,62362422.448468,240.250915,0.355826,769.2633,105,4,ok
nsga2,rc104_21,19,66428944.712833,275.79631,0.690668,1102.9489,105,7,ok
nsga2,rc104_21,20,72677041.427878,200.677613,1.297597,1138.466,105,7,ok
nsga2,rc104_21,21,63162868.112114,295.032829,0.501695,1366.0292,105,6,ok
nsga2,rc104_21,22,60665011.084821,292.517113,1.473185,714.9814,105,6,ok
nsga2,rc104_21,23,57654075.695459,388.447373,0.805083,881.3247,105,6,ok
nsga2,rc104_21,24,61408329.846386,261.947901,0.971208,823.0561,105,5,ok
nsga2,rc104_21,25,65952287.347181,233.784783,0.520457,732.9827,105,6,ok
nsga2,rc104_21,26,56221193.351529,331.945732,0.709439,795.7988,105,3,ok
nsga2,rc104_21,27,68682965.684242,143.440569,0.835719,701.372,105,6,ok
nsga2,rc104_21,28,73426338.945759,117.738048,0.471707,924.6979,105,5,ok
nsga2,rc104_21,29,75485655.568392,59.372529,0.818235,1058.3755,105,6,ok
nsga2,rc104_21,30,79992060.518219,22.151564,3.110814,1176.0801,105,4,ok
smsemoa,rc104_21,1,73533526.242543,114.50595,0.948394,879.0813,104,5,ok
smsemoa,rc104_21,2,69829779.337267,136.318318,1.751007,879.9988,105,5,ok
smsemoa,rc104_21,3,67341570.535588,182.377231,0.797972,659.1073,105,4,ok
smsemoa,rc104_21,4,70273230.39774,108.895143,1.050176,892.5936,105,5,ok
smsemoa,rc104_21,5,73746004.093689,121.406738,1.408175,1156.1686,105,6,ok
smsemoa,rc104_21,6,71752626.428618,153.37745,1.069409,611.3793,104,5,ok
smsemoa,rc104_21,7,78752223.101762,88.895515,1.165405,872.7773,105,6,ok
smsemoa,rc104_21,8,70272336.030826,100.907333,0.980642,513.526,105,4,ok
smsemoa,rc104_21,9,69197118.351488,127.854646,1.460441,595.9112,105,4,ok
smsemoa,rc104_21,10,81249116.089659,16.772022,1.212095,974.4792,105,6,ok
smsemoa,rc104_21,11,59801331.80883,299.198072,1.031087,542.6924,105,5,ok
smsemoa,rc104_21,12,73029961.360798,140.618249,0.761363,1076.136,105,5,ok
smsemoa,rc104_21,13,68902526.781757,223.380816,0.663585,770.9723,105,6,ok
smsemoa,rc104_21,14,73652820.894086,103.582813,1.212619,1133.2125,105,5,ok
smsemoa,rc104_21,15,75015691.60574,72.551387,0.829546,677.2021,105,5,ok
smsemoa,rc104_21,16,80617333.285258,39.833688,0.771583,903.8453,105,6,ok
smsemoa,rc104_21,17,80439331.369782,19.164092,2.018928,1079.7105,105,6,ok
smsemoa,rc104_21,18,65968662.398111,229.727375,2.810234,1249.7755,105,7,ok
smsemoa,rc104_21,19,72236686.348216,158.738353,1.513513,1020.279,94,6,ok
smsemoa,rc104_21,20,70085263.777694,124.115929,1.548437,777.5146,105,4,ok
smsemoa,rc104_21,21,81654971.866694,0.918323,0.88878,965.1559,105,7,ok
smsemoa,rc104_21,22,74010376.505619,89.940331,0.64727,860.8522,57,4,ok
smsemoa,rc104_21,23,67734083.073352,187.715222,1.116553,1188.5817,105,6,ok
smsemoa,rc104_21,24,77900487.334976,24.349246,0.651185,1115.6491,105,5,ok
smsemoa,rc104_21,25,76452957.653743,61.151341,1.277101,915.8752,105,5,ok
smsemoa,rc104_21,26,60479218.571427,299.386795,1.648503,954.5213,71,5,ok
smsemoa,rc104_21,27,72273334.902967,153.811034,1.492679,1106.0902,105,5,ok
smsemoa,rc104_21,28,73158353.849431,102.639773,1.521914,1259.9289,105,7,ok
smsemoa,rc104_21,29,78561305.919798,46.410288,1.778296,1092.8111,105,5,ok
smsemoa,rc104_21,30,67607587.011937,170.87768,1.642426,878.05,105,4,ok
moead_ws,rc105_21,1,85009427.543407,450.313746,3.058797,2876.0191,102,10,ok
moead_ws,rc105_21,2,90886446.625309,320.234258,2.154358,3593.6291,95,13,ok
moead_ws,rc105_21,3,71841558.055155,545.9333,3.497324,3268.5037,102,11,ok
moead_ws,rc105_21,4,92593820.531051,429.084494,2.181134,2947.9046,104,12,ok
moead_ws,rc105_21,5,76101089.600379,546.714065,1.592897,2608.8237,100,10,ok
moead_ws,rc105_21,6,73661179.865127,540.393103,2.202492,3170.2108,98,11,ok
moead_ws,rc105_21,7,88262318.616016,336.579825,1.547967,2327.6646,95,9,ok
moead_ws,rc105_21,8,108983183.250747,216.318212,4.983379,3511.8781,103,10,ok
moead_ws,rc105_21,9,88086042.503155,351.46669,3.250529,3344.0525,102,10,ok
moead_ws,rc105_21,10,82804612.710502,542.196487,2.052135,3233.7807,102,17,ok
moead_ws,rc105_21,11,89944209.409021,334.804502,1.997899,2547.5692,95,11,ok
moead_ws,rc105_21,12,105975077.981438,246.630739,2.786656,3291.4102,98,11,ok
moead_ws,rc105_21,13,91296314.596018,350.913477,3.865849,3379.2071,100,14,ok
moead_ws,rc105_21,14,100108655.646835,303.257008,3.277189,3280.0356,94,12,ok
moead_ws,rc105_21,15,63994633.406082,640.106832,2.652978,3743.4579,98,14,ok
moead_ws,rc105_21,16,91366403.571115,357.402265,3.670612,2887.2804,100,12,ok
moead_ws,rc105_21,17,88040828.568833,394.116738,3.608898,3191.3436,102,14,ok
moead_ws,rc105_21,18,94975727.384579,396.546976,4.596697,3830.2469,89,14,ok
moead_ws,rc105_21,19,87446823.917384,423.428914,4.603229,3454.508,104,14,ok
moead_ws,rc105_21,20,94099918.28912,374.874241,2.235763,2636.9738,102,12,ok
moead_ws,rc105_21,21,84643562.422828,472.410502,3.36735,2593.1123,103,12,ok
moead_ws,rc105_21,22,106076856.064253,244.005636,4.115738,2796.4851,104,14,ok
moead_ws,rc105_21,23,90765404.638709,465.47668,1.668807,2572.7804,102,12,ok
moead_ws,rc105_21,24,94252156.012068,353.059832,1.443229,2836.1347,100,13,ok
moead_ws,rc105_21,25,70876155.49359,535.919592,1.965783,3352.1047,104,11,ok
moead_ws,rc105_21,26,80146782.751677,472.586789,3.245678,3216.3682,96,12,ok
moead_ws,rc105_21,27,80930196.854802,367.033378,3.808856,3180.4915,101,10,ok
moead_ws,rc105_21,28,109868205.561398,176.228859,2.242058,2491.8279,96,7,ok
moead_ws,rc105_21,29,65168588.338152,678.269722,1.581323,3142.3783,100,10,ok
moead_ws,rc105_21,30,84850385.47506,418.200498,3.423648,3344.2223,96,14,ok
nsga2,rc105_21,1,136593001.335108,95.602144,0.757584,2556.1702,105,9,ok
nsga2,rc105_21,2,141809769.381621,6.992936,0.695444,1741.6842,105,10,ok
nsga2,rc105_21,3,116399938.576774,122.760729,0.690334,1821.5249,105,9,ok
nsga2,rc105_21,4,98990191.377907,372.453466,0.567583,2099.5885,105,10,ok
nsga2,rc105_21,5,134018660.594486,49.42347,0.398434,1811.073,105,12,ok
nsga2,rc105_21,6,95770867.782909,421.765232,0.474355,2695.3154,105,12,ok
nsga2,rc105_21,7,118067546.192698,170.863777,0.589437,1965.0458,105,10,ok
nsga2,rc105_21,8,103527503.640338,341.460713,0.618313,2345.2701,105,9,ok
nsga2,rc105_21,9,112760655.957744,168.285368,0.929692,1344.1044,105,8,ok
nsga2,rc105_21,10,136470727.035653,12.143925,0.683994,1075.5496,105,9,ok
nsga2,rc105_21,11,102532685.681136,318.635994,0.685553,1872.4925,105,9,ok
nsga2,rc105_21,12,110381849.538047,308.035481,0.503565,2472.0388,105,12,ok
nsga2,rc105_21,13,117212076.383062,233.814735,0.564708,2361.7008,105,11,ok
nsga2,rc105_21,14,129482738.048783,108.665669,0.636694,3169.6096,105,12,ok
nsga2,rc105_21,15,102478372.717754,381.289653,0.411237,2144.3533,105,11,ok
nsga2,rc105_21,16,109902242.949903,297.475209,0.787243,2242.2698,105,11,ok
nsga2,rc105_21,17,112828148.980446,161.334815,1.095697,2034.3129,105,10,ok
nsga2,rc105_21,18,115030002.418348,208.68438,0.640319,2246.8153,105,11,ok
nsga2,rc105_21,19,117970796.676622,100.870453,0.548212,1923.3072,105,11,ok
nsga2,rc105_21,20,103992069.335994,387.673525,0.434226,2580.6594,105,9,ok
nsga2,rc105_21,21,127413235.127855,129.97972,0.638121,2071.3775,105,11,ok
nsga2,rc105_21,22,114527654.965517,222.656999,0.60195,2072.328,105,11,ok
nsga2,rc105_21,23,117665771.725565,178.865063,0.496427,2225.0508,105,10,ok
nsga2,rc105_21,24,108628112.383887,250.161905,0.559679,2184.123,105,11,ok
nsga2,rc105_21,25,129282321.284733,98.668745,0.550785,1845.8053,105,9,ok
nsga2,rc105_21,26,111237754.419766,197.44144,0.689301,1387.0986,105,8,ok
nsga2,rc105_21,27,128460451.96379,121.176932,0.410141,2352.951,105,11,ok
nsga2,rc105_21,28,93069914.089095,304.828719,0.623797,2021.9761,105,8,ok
nsga2,rc105_21,29,119088954.133031,197.99474,0.549761,2290.2633,105,9,ok
nsga2,rc105_21,30,116459748.060832,211.116426,0.49933,2158.0111,105,13,ok
smsemoa,rc105_21,1,86388496.767923,458.467548,1.036681,1613.8488,105,11,ok
smsemoa,rc105_21,2,98390447.130483,392.019306,1.30141,2719.0104,105,10,ok
smsemoa,rc105_21,3,105663592.963799,292.755077,0.72939,2456.4037,105,11,ok
smsemoa,rc105_21,4,111090501.664531,184.72875,0.829553,1399.0675,105,10,ok
smsemoa,rc105_21,5,114168654.447996,242.289463,1.019139,2554.596,105,12,ok
smsemoa,rc105_21,6,114928383.64212,190.492875,0.863698,2053.6872,105,12,ok
smsemoa,rc105_21,7,89929603.634455,439.853301,0.844644,2375.3189,105,12,ok
smsemoa,rc105_21,8,102092739.732097,322.642223,0.987789,2159.3149,105,11,ok
smsemoa,rc105_21,9,109584092.412611,344.252475,0.718505,2401.0477,105,10,ok
smsemoa,rc105_21,10,99187130.511027,315.8463,0.863892,2318.4202,105,11,ok
smsemoa,rc105_21,11,120836734.076429,131.580007,0.987654,2257.9286,105,9,ok
smsemoa,rc105_21,12,122708902.201792,114.476005,1.190496,1975.8108,105,9,ok
smsemoa,rc105_21,13,96833114.122239,310.139227,1.085976,1943.204,105,11,ok
smsemoa,rc105_21,14,124218096.792595,121.430277,1.255336,2706.4862,105,11,ok
smsemoa,rc105_21,15,116830532.970255,218.835814,0.916752,2707.9618,105,11,ok
smsemoa,rc105_21,16,110187390.153322,226.796179,1.055202,1667.0813,105,8,ok
smsemoa,rc105_21,17,91903541.739763,384.531515,1.118279,1896.4705,104,11,ok
smsemoa,rc105_21,18,97902636.461197,329.378651,1.542533,2225.3686,105,11,ok
smsemoa,rc105_21,19,118348505.494448,268.402928,0.844329,2093.844,105,10,ok
smsemoa,rc105_21,20,126267854.521854,66.290943,0.849145,2146.7133,105,11,ok
smsemoa,rc105_21,21,105104687.862196,308.143013,0.523873,2034.2904,105,11,ok
smsemoa,rc105_21,22,118559259.47895,166.660487,0.822332,1721.9385,105,9,ok
smsemoa,rc105_21,23,111565398.3723,225.898663,0.91334,2385.4304,105,10,ok
smsemoa,rc105_21,24,112614032.583877,237.343413,0.946826,2241.8306,105,12,ok
smsemoa,rc105_21,25,118688253.733259,189.84876,2.061552,2931.9019,105,10,ok
smsemoa,rc105_21,26,126491815.729669,134.368729,1.165944,2073.5189,105,11,ok
smsemoa,rc105_21,27,120151720.909039,128.853473,0.743202,1521.7872,105,8,ok
smsemoa,rc105_21,28,110069001.152301,336.01414,1.063638,2055.4921,105,12,ok
smsemoa,rc105_21,29,124604269.779443,86.053997,1.089512,1946.4754,105,11,ok
smsemoa,rc105_21,30,96222218.726329,357.578899,0.969888,2156.0042,105,9,ok
moead_ws,rc106_21,1,61573426.416852,381.774475,1.983487,2943.9601,100,10,ok
moead_ws,rc106_21,2,56464935.958016,499.426229,2.566077,2871.5735,91,9,ok
moead_ws,rc106_21,3,57775133.129478,472.154849,1.601838,2163.6046,94,10,ok
moead_ws,rc106_21,4,69979326.18621,373.901394,1.823809,2258.9918,97,11,ok
moead_ws,rc106_21,5,77648421.329113,173.037315,1.449627,2246.2385,95,7,ok
moead_ws,rc106_21,6,75845102.017325,219.37825,2.013681,3012.7364,97,11,ok
moead_ws,rc106_21,7,74110455.89866,283.037849,1.875857,3468.5954,99,13,ok
moead_ws,rc106_21,8,70226220.236339,302.228891,3.000973,2356.8946,101,9,ok
moead_ws,rc106_21,9,43989662.347667,689.435419,1.379897,2244.6301,97,11,ok
moead_ws,rc106_21,10,61836124.826354,398.936553,1.967102,2281.1089,102,9,ok
moead_ws,rc106_21,11,69336684.699212,322.373267,1.665116,2506.2893,100,10,ok
moead_ws,rc106_21,12,64939936.029111,336.120058,4.630439,2340.4148,99,10,ok
moead_ws,rc106_21,13,47488498.991829,578.593095,2.300017,2680.5284,100,11,ok
moead_ws,rc106_21,14,59488881.067556,381.592786,1.696113,3379.949,99,10,ok
moead_ws,rc106_21,15,78148620.658352,127.770389,3.942302,1980.076,89,8,ok
moead_ws,rc106_21,16,57094641.407937,435.195851,1.409123,2371.8645,97,11,ok
moead_ws,rc106_21,17,48632103.095717,567.879168,2.105053,2810.6908,103,10,ok
moead_ws,rc106_21,18,60269346.059132,373.608441,5.751069,3201.1472,104,10,ok
moead_ws,rc106_21,19,51089941.253549,499.408512,2.060629,2397.5517,101,10,ok
moead_ws,rc106_21,20,67175335.94284,238.956339,2.828911,2637.0942,89,11,ok
moead_ws,rc106_21,21,65885909.289973,373.594478,4.390418,3104.6376,105,11,ok
moead_ws,rc106_21,22,65739485.151662,347.371987,2.208367,2752.5135,102,10,ok
moead_ws,rc106_21,23,52917236.343455,525.428654,2.447509,2476.572,101,11,ok
moead_ws,rc106_21,24,74329841.209239,296.608555,2.264705,2438.0014,102,11,ok
moead_ws,rc106_21,25,49712960.744975,507.221127,1.781984,2434.6457,100,7,ok
moead_ws,rc106_21,26,60396795.068482,382.805307,2.61578,2819.2778,96,11,ok
moead_ws,rc106_21,27,61934694.132809,408.709737,1.404556,2369.5615,104,12,ok
moead_ws,rc106_21,28,67973306.909805,352.086488,2.817479,2776.6903,102,13,ok
moead_ws,rc106_21,29,68274080.016619,346.957193,3.840381,3145.8372,100,11,ok
moead_ws,rc106_21,30,62076544.050721,428.468504,3.505734,3229.2855,92,14,ok
nsga2,rc106_21,1,60572705.854696,459.951412,0.561118,2507.9501,105,11,ok
nsga2,rc106_21,2,78756716.365762,272.652923,0.486076,1784.6952,105,9,ok
nsga2,rc106_21,3,78378654.923746,273.870461,0.611245,1911.9494,105,10,ok
nsga2,rc106_21,4,62073226.359793,438.994142,0.509986,1976.1505,105,10,ok
nsga2,rc106_21,5,71730151.630443,334.627624,0.446711,1663.1065,105,9,ok
nsga2,rc106_21,6,82284347.453502,206.289105,0.583252,1487.6287,105,8,ok
nsga2,rc106_21,7,57263214.062997,467.075382,0.513403,1356.0208,105,9,ok
nsga2,rc106_21,8,92524395.889241,107.689158,0.374056,1816.8406,105,7,ok
nsga2,rc106_21,9,51518196.630335,507.629204,0.868917,1329.292,105,8,ok
nsga2,rc106_21,10,68295449.462535,413.986627,0.457494,2621.8184,105,11,ok
nsga2,rc106_21,11,80316906.998074,156.711966,0.669904,1322.4994,105,8,ok
nsga2,rc106_21,12,77944339.614209,235.466385,0.606414,1706.5597,105,8,ok
nsga2,rc106_21,13,86057160.396614,242.291872,0.369652,2274.1085,105,8,ok
nsga2,rc106_21,14,71868010.361871,323.80602,0.560694,1988.6404,105,9,ok
nsga2,rc106_21,15,76268452.250521,244.465838,0.507339,2072.8353,105,6,ok
nsga2,rc106_21,16,77670022.397154,307.288279,0.497803,2222.0985,105,10,ok
nsga2,rc106_21,17,73613148.782926,291.000928,0.668897,1792.6019,105,10,ok
nsga2,rc106_21,18,78962758.048465,188.070432,0.684415,1844.998,105,7,ok
nsga2,rc106_21,19,82844857.989361,198.706012,0.456253,1682.2719,105,7,ok
nsga2,rc106_21,20,75689857.815891,247.704326,0.444979,1950.287,105,9,ok
nsga2,rc106_21,21,70656758.11632,337.368912,0.696856,2027.6795,105,10,ok
nsga2,rc106_21,22,86196312.260948,136.826118,0.883208,1486.8342,105,8,ok
nsga2,rc106_21,23,91235855.374904,129.069512,0.359233,1704.449,105,10,ok
nsga2,rc106_21,24,77168446.51851,232.779381,0.646533,1774.4369,105,9,ok
nsga2,rc106_21,25,85229011.201941,135.512638,0.507966,1592.2757,105,8,ok
nsga2,rc106_21,26,82526360.827375,220.891139,0.743179,1598.5771,105,8,ok
nsga2,rc106_21,27,72471142.086922,337.344661,0.657493,2339.7373,105,9,ok
nsga2,rc106_21,28,72858181.226418,306.044545,0.523085,1751.5495,105,10,ok
nsga2,rc106_21,29,86128899.260352,187.02762,0.615627,2062.0449,105,9,ok
nsga2,rc106_21,30,73851466.107369,299.119482,0.582118,1771.4152,105,9,ok
smsemoa,rc106_21,1,76062252.504847,318.548034,0.718459,2374.8655,105,11,ok
smsemoa,rc106_21,2,85508518.277937,284.485472,0.86978,2087.6249,105,10,ok
smsemoa,rc106_21,3,74409208.563333,254.230994,1.67654,1785.4004,105,9,ok
smsemoa,rc106_21,4,64522309.607958,426.567272,0.871857,2525.3327,105,9,ok
smsemoa,rc106_21,5,60765208.137122,479.093397,1.496191,2123.3323,105,9,ok
smsemoa,rc106_21,6,73121993.404291,313.49614,1.382823,2259.8574,105,11,ok
smsemoa,rc106_21,7,86660326.130209,220.144443,0.82143,2229.323,105,10,ok
smsemoa,rc106_21,8,76303316.061426,246.715296,0.926547,2316.4668,105,10,ok
smsemoa,rc106_21,9,71549362.24375,362.82152,1.934688,2367.2357,105,9,ok
smsemoa,rc106_21,10,89088908.389647,174.602232,1.084556,2443.8611,105,10,ok
smsemoa,rc106_21,11,77752685.649343,227.819876,1.095122,1758.2637,105,8,ok
smsemoa,rc106_21,12,75105315.63014,359.502752,1.101146,2048.0653,105,12,ok
smsemoa,rc106_21,13,72828167.088103,312.633384,1.017874,1519.4112,105,8,ok
smsemoa,rc106_21,14,77028051.040084,259.693478,0.739233,1966.8379,105,10,ok
smsemoa,rc106_21,15,76462787.623712,251.11559,1.200119,1858.4447,105,8,ok
smsemoa,rc106_21,16,63841309.4117,327.597,1.050992,1874.1012,105,7,ok
smsemoa,rc106_21,17,101881907.196784,0.636137,1.436863,1935.4835,105,8,ok
smsemoa,rc106_21,18,70681964.008762,424.005891,0.728085,1928.5271,105,10,ok
smsemoa,rc106_21,19,75740103.526554,214.510067,1.556401,2510.975,105,10,ok
smsemoa,rc106_21,20,77085847.615658,322.772988,1.039688,2512.6766,105,12,ok
smsemoa,rc106_21,21,79545098.948351,275.020416,1.153583,2068.2645,105,10,ok
smsemoa,rc106_21,22,76052222.710672,253.230131,1.269348,2265.7137,105,11,ok
smsemoa,rc106_21,23,80172154.74901,226.953306,1.04615,2396.4701,105,8,ok
smsemoa,rc106_21,24,79200959.921688,273.21188,0.812429,2529.1535,105,11,ok
smsemoa,rc106_21,25,64009745.668764,409.225268,0.986073,1688.0454,105,10,ok
smsemoa,rc106_21,26,68130921.015472,385.040218,1.056961,1892.9198,105,8,ok
smsemoa,rc106_21,27,82290376.701412,154.104758,1.610801,2684.693,105,10,ok
smsemoa,rc106_21,28,90900244.317537,56.748753,1.016192,1107.9131,102,7,ok
smsemoa,rc106_21,29,78714609.924455,196.810902,1.271087,1854.4237,105,9,ok
smsemoa,rc106_21,30,92932850.449386,135.90972,0.865961,1772.301,105,8,ok
moead_ws,rc107_21,1,52811221.579361,99.086691,6.581729,1657.8303,94,8,ok
moead_ws,rc107_21,2,44381818.088022,231.81985,2.511447,2104.2633,85,8,ok
moead_ws,rc107_21,3,37157615.106458,328.656864,5.120343,1363.3076,92,7,ok
moead_ws,rc107_21,4,41884693.443647,299.132315,2.640685,1717.7358,91,7,ok
moead_ws,rc107_21,5,45120502.124963,162.420106,6.204814,2347.2225,102,6,ok
moead_ws,rc107_21,6,43342788.207005,291.333023,3.536649,1866.6268,101,9,ok
moead_ws,rc107_21,7,44623791.745577,223.061916,3.920055,1624.8588,97,8,ok
moead_ws,rc107_21,8,47325596.870979,139.253426,5.082046,1963.6487,89,8,ok
moead_ws,rc107_21,9,37839653.893952,353.179692,4.265082,2028.9548,98,8,ok
moead_ws,rc107_21,10,45750585.165602,232.593908,5.369866,1793.5652,103,6,ok
moead_ws,rc107_21,11,33029833.401276,408.347092,2.240398,1508.2444,95,6,ok
moead_ws,rc107_21,12,53796951.860024,70.023045,6.143146,1820.4156,98,8,ok
moead_ws,rc107_21,13,46616428.438297,213.870222,2.093403,1872.9504,97,9,ok
moead_ws,rc107_21,14,40346329.714015,273.009567,1.739241,2252.6968,99,7,ok
moead_ws,rc107_21,15,48246334.225324,152.270289,3.735154,1575.3746,104,6,ok
moead_ws,rc107_21,16,49286561.094839,133.657859,5.557951,2208.809,100,4,ok
moead_ws,rc107_21,17,43197204.3462,276.688531,5.879317,2020.8356,100,8,ok
moead_ws,rc107_21,18,36794896.604101,352.558107,2.376038,2497.524,90,10,ok
moead_ws,rc107_21,19,38934458.345874,298.009703,4.647664,2350.8553,85,9,ok
moead_ws,rc107_21,20,33517340.491499,437.084605,3.984538,1919.7505,102,7,ok
moead_ws,rc107_21,21,41648262.309261,289.150917,4.154252,1797.4609,90,6,ok
moead_ws,rc107_21,22,37460218.199582,387.006423,4.140029,1895.487,101,6,ok
moead_ws,rc107_21,23,46140126.616543,208.196829,3.725809,1785.2143,97,8,ok
moead_ws,rc107_21,24,52606912.676663,92.99005,4.034831,1510.7474,96,5,ok
moead_ws,rc107_21,25,44739451.877669,237.703112,2.554005,1791.558,95,7,ok
moead_ws,rc107_21,26,38662750.99194,337.834424,1.825513,1729.535,95,8,ok
moead_ws,rc107_21,27,39394249.606399,341.753203,3.762889,1607.3878,96,7,ok
moead_ws,rc107_21,28,42770845.198093,283.274709,3.129186,2059.9904,98,11,ok
moead_ws,rc107_21,29,56191771.281422,52.307944,3.451433,2047.115,92,9,ok
moead_ws,rc107_21,30,44429814.625049,247.898042,5.250772,2885.1484,100,9,ok
nsga2,rc107_21,1,55194250.663977,78.663532,0.619934,1054.819,105,6,ok
nsga2,rc107_21,2,50761376.470069,127.124352,0.511293,1358.5024,105,6,ok
nsga2,rc107_21,3,57138211.189447,36.880147,0.982945,1112.5452,105,7,ok
nsga2,rc107_21,4,58625907.315123,78.770098,0.491952,1496.427,105,8,ok
nsga2,rc107_21,5,51332606.917496,160.853021,0.612901,1402.1051,105,6,ok
nsga2,rc107_21,6,53045157.206707,132.125765,1.276618,1445.8402,105,6,ok
nsga2,rc107_21,7,44982569.561908,287.530429,0.603046,1316.1821,105,8,ok
nsga2,rc107_21,8,43580423.582382,224.794103,0.693965,972.7717,105,6,ok
nsga2,rc107_21,9,51413142.957461,93.160884,0.529125,921.6464,105,6,ok
nsga2,rc107_21,10,51908773.882477,182.300838,0.539756,1805.1976,105,7,ok
nsga2,rc107_21,11,47510436.494647,224.671262,0.585487,1265.1002,105,6,ok
nsga2,rc107_21,12,43199099.860544,325.480436,0.696472,1535.9071,105,7,ok
nsga2,rc107_21,13,38488230.69018,386.298762,1.106567,1740.4279,105,8,ok
nsga2,rc107_21,14,45684830.64956,165.788601,3.342503,887.4867,105,6,ok
nsga2,rc107_21,15,44134412.566408,297.252962,0.651725,1070.7613,105,8,ok
nsga2,rc107_21,16,46208489.806124,249.626582,0.841138,1290.9514,105,7,ok
nsga2,rc107_21,17,52709188.991661,159.638802,0.958152,1681.2887,105,6,ok
nsga2,rc107_21,18,48308902.737172,211.587151,0.517261,1262.9132,105,7,ok
nsga2,rc107_21,19,51161283.928784,187.045112,0.698247,1282.8727,105,8,ok
nsga2,rc107_21,20,55805541.641282,72.511067,0.909903,1453.0351,105,6,ok
nsga2,rc107_21,21,50037371.041845,205.605981,0.581708,1462.2854,105,8,ok
nsga2,rc107_21,22,41118861.917378,337.901471,0.765461,1304.5633,105,8,ok
nsga2,rc107_21,23,47395782.303242,214.912173,0.483299,1347.8162,105,7,ok
nsga2,rc107_21,24,46091569.253703,250.854613,0.719818,1561.3721,105,7,ok
nsga2,rc107_21,25,44520858.726414,304.660806,0.486085,1248.2598,105,7,ok
nsga2,rc107_21,26,42309948.592469,279.150072,0.864739,1484.9953,105,5,ok
nsga2,rc107_21,27,44076663.604686,250.456159,0.690562,1448.5087,105,5,ok
nsga2,rc107_21,28,44767878.262657,283.541638,0.646632,1187.0016,105,7,ok
nsga2,rc107_21,29,46111089.639508,245.26666,0.878509,1606.3768,105,7,ok
nsga2,rc107_21,30,45388102.092914,274.571897,0.492612,961.6385,105,6,ok
smsemoa,rc107_21,1,47482972.498816,223.648412,0.559106,1126.9707,105,6,ok
smsemoa,rc107_21,2,57737014.76098,119.816669,0.952617,1549.1085,105,8,ok
smsemoa,rc107_21,3,58124376.627428,95.335567,1.138143,1735.878,105,10,ok
smsemoa,rc107_21,4,48757103.840552,191.0862,0.957272,1208.8658,105,6,ok
smsemoa,rc107_21,5,37155911.33443,361.041549,0.821471,1417.8413,105,6,ok
smsemoa,rc107_21,6,53384682.11436,127.169973,0.766992,1459.4767,105,6,ok
smsemoa,rc107_21,7,43653248.872617,322.002937,0.940777,1911.6547,105,8,ok
smsemoa,rc107_21,8,48798580.107344,162.607726,0.933523,1005.6621,105,5,ok
smsemoa,rc107_21,9,57495853.681866,55.182167,0.760753,1340.3142,105,6,ok
smsemoa,rc107_21,10,42267615.399241,271.933147,1.076981,1239.8756,105,8,ok
smsemoa,rc107_21,11,56180658.001212,37.356981,1.211115,758.5625,105,4,ok
smsemoa,rc107_21,12,59054776.588186,29.567435,1.161868,1322.8807,105,6,ok
smsemoa,rc107_21,13,54771011.12302,79.044586,0.823484,1366.7498,105,6,ok
smsemoa,rc107_21,14,52350428.285432,160.811554,0.961558,1489.9737,105,7,ok
smsemoa,rc107_21,15,55408287.536255,8.270283,1.376065,691.7629,82,4,ok
smsemoa,rc107_21,16,51640795.492056,96.662408,1.174088,866.3452,105,6,ok
smsemoa,rc107_21,17,49883306.347553,150.470517,1.044342,1170.6698,105,6,ok
smsemoa,rc107_21,18,58018500.916446,34.978192,0.681932,1258.6911,105,6,ok
smsemoa,rc107_21,19,55687343.235819,64.096303,0.936761,1094.3062,105,6,ok
smsemoa,rc107_21,20,56807933.037351,52.506007,1.211586,1170.8216,100,7,ok
smsemoa,rc107_21,21,46110858.406651,265.935594,0.945979,1309.9258,105,6,ok
smsemoa,rc107_21,22,52381429.234254,148.867792,0.95097,1110.6468,103,8,ok
smsemoa,rc107_21,23,56331227.613356,51.164117,0.975533,1659.5168,105,5,ok
smsemoa,rc107_21,24,56480270.402306,54.921629,1.83829,1012.1605,105,5,ok
smsemoa,rc107_21,25,54752382.115341,104.82513,0.922823,1564.9534,105,6,ok
smsemoa,rc107_21,26,47084746.931469,215.624541,1.050095,1314.1234,105,7,ok
smsemoa,rc107_21,27,54122256.7512,131.575307,0.762226,1353.5957,105,8,ok
smsemoa,rc107_21,28,51081409.460958,111.044731,0.951976,739.1397,105,5,ok
smsemoa,rc107_21,29,53268475.186996,124.977381,1.190913,1177.0721,105,7,ok
smsemoa,rc107_21,30,51974051.850507,159.704347,0.856925,1588.9256,105,7,ok
moead_ws,rc108_21,1,49351169.671851,333.600979,6.057256,2132.7092,93,7,ok
moead_ws,rc108_21,2,56598492.625456,204.244123,8.041306,2467.5413,93,6,ok
moead_ws,rc108_21,3,55366875.816065,293.204963,4.553004,1677.0613,89,7,ok
moead_ws,rc108_21,4,57175266.684082,291.638547,5.320263,2154.84,98,7,ok
moead_ws,rc108_21,5,57995049.045091,257.734184,2.551825,1786.7878,96,7,ok
moead_ws,rc108_21,6,60766521.449105,155.635125,7.09329,1729.4686,93,6,ok
moead_ws,rc108_21,7,58814628.627947,205.427561,5.69848,1984.0737,102,6,ok
moead_ws,rc108_21,8,56313780.48775,262.762071,2.89572,909.699,91,5,ok
moead_ws,rc108_21,9,58291757.381453,210.696895,8.151889,1723.5435,90,6,ok
moead_ws,rc108_21,10,46570621.775009,454.959843,4.639094,1532.5702,103,6,ok
moead_ws,rc108_21,11,53749258.827666,345.159811,4.065571,1729.0988,96,7,ok
moead_ws,rc108_21,12,52774436.753895,276.997497,4.73007,1439.4829,103,6,ok
moead_ws,rc108_21,13,58811825.789789,148.507026,6.384479,1386.5925,99,4,ok
moead_ws,rc108_21,14,49156188.523329,371.287685,6.150282,2105.1134,100,6,ok
moead_ws,rc108_21,15,45447673.646819,422.54233,5.858777,1819.2271,99,6,ok
moead_ws,rc108_21,16,55597279.695379,251.75799,4.700628,1278.0035,98,5,ok
moead_ws,rc108_21,17,64955827.351189,184.821203,4.69081,2331.3946,92,9,ok
moead_ws,rc108_21,18,62166915.86195,201.413267,6.45008,2246.9843,103,7,ok
moead_ws,rc108_21,19,56771824.009446,255.742782,3.480795,1081.874,97,6,ok
moead_ws,rc108_21,20,58913616.02768,259.89481,3.053972,1524.3054,91,7,ok
moead_ws,rc108_21,21,59481635.170321,215.266032,5.217475,1135.7843,90,4,ok
moead_ws,rc108_21,22,52152198.613604,281.705713,3.754923,1638.2928,102,4,ok
moead_ws,rc108_21,23,46806691.282135,462.397093,2.544663,1511.8425,98,7,ok
moead_ws,rc108_21,24,53483716.343361,361.780943,4.936996,1698.0542,94,7,ok
moead_ws,rc108_21,25,54704900.830731,287.780748,8.749629,1673.5269,101,5,ok
moead_ws,rc108_21,26,53316231.30366,291.469068,4.551688,1602.6546,88,6,ok
moead_ws,rc108_21,27,58545452.840647,229.384926,4.019275,1277.9631,97,4,ok
moead_ws,rc108_21,28,66151472.574601,79.34185,8.554431,1874.4567,104,6,ok
moead_ws,rc108_21,29,60308674.130711,163.768277,4.10838,1555.4303,93,7,ok
moead_ws,rc108_21,30,49521322.47454,342.617533,6.813766,863.3899,93,5,ok
nsga2,rc108_21,1,57782828.091062,268.106804,0.497284,951.7647,105,7,ok
nsga2,rc108_21,2,58454679.385496,255.1328,0.664919,990.4036,105,5,ok
nsga2,rc108_21,3,73392336.239773,55.044564,0.613479,1147.0932,105,6,ok
nsga2,rc108_21,4,63702914.329131,192.898375,0.830508,802.8532,105,6,ok
nsga2,rc108_21,5,48204339.455812,450.686317,0.666717,1301.5524,105,7,ok
nsga2,rc108_21,6,71299256.298842,83.286941,0.667262,1398.9223,105,6,ok
nsga2,rc108_21,7,53638769.666642,303.685778,0.857109,912.1559,94,5,ok
nsga2,rc108_21,8,67298588.426198,82.062091,0.678598,849.9083,105,4,ok
nsga2,rc108_21,9,59117833.865325,231.912632,1.293247,908.0649,105,5,ok
nsga2,rc108_21,10,57040041.763745,279.472891,0.56321,930.3276,105,5,ok
nsga2,rc108_21,11,54886008.828569,340.51016,0.874244,912.6445,105,7,ok
nsga2,rc108_21,12,63424261.128729,175.16553,1.372334,974.3211,105,5,ok
nsga2,rc108_21,13,64678243.652365,186.187144,0.45245,1285.0283,105,6,ok
nsga2,rc108_21,14,65173038.751077,133.17077,1.008033,1017.3834,105,5,ok
nsga2,rc108_21,15,60927243.144464,194.121219,1.931426,1093.6282,105,5,ok
nsga2,rc108_21,16,65725554.497685,129.979302,1.124872,1013.8953,105,6,ok
nsga2,rc108_21,17,69997091.826278,46.607683,0.504898,775.4188,105,4,ok
nsga2,rc108_21,18,61844811.871017,200.166187,0.489049,1133.2567,105,6,ok
nsga2,rc108_21,19,62091283.115876,133.781542,3.122496,711.5639,81,3,ok
nsga2,rc108_21,20,57687760.752479,262.311512,1.976743,861.5454,105,6,ok
nsga2,rc108_21,21,55436546.324224,316.573323,1.11587,1112.5951,105,5,ok
nsga2,rc108_21,22,61409829.120586,265.394432,0.693712,1619.0265,105,7,ok
nsga2,rc108_21,23,51451910.125954,351.841898,0.813189,947.3238,105,5,ok
nsga2,rc108_21,24,69525741.27867,75.181916,0.52714,960.4454,105,5,ok
nsga2,rc108_21,25,62526849.623705,123.689888,0.712761,691.2193,105,4,ok
nsga2,rc108_21,26,64588589.379047,161.590943,1.553701,813.427,105,5,ok
nsga2,rc108_21,27,65482154.087428,121.721079,2.005184,1068.8802,105,6,ok
nsga2,rc108_21,28,50685228.06262,377.278114,0.991028,1259.5792,105,6,ok
nsga2,rc108_21,29,67513286.31741,106.344107,0.789751,654.8174,105,5,ok
nsga2,rc108_21,30,67618673.138431,175.791748,0.525006,1522.0435,105,8,ok
smsemoa,rc108_21,1,70614861.290261,27.177265,2.066585,981.9579,105,4,ok
smsemoa,rc108_21,2,62965349.660181,207.966719,1.067643,1313.2546,105,6,ok
smsemoa,rc108_21,3,65612571.383546,153.178521,1.392758,1001.9022,105,5,ok
smsemoa,rc108_21,4,66443281.048937,111.713515,0.919225,774.1101,105,5,ok
smsemoa,rc108_21,5,70910728.963363,133.684937,0.811029,1118.6964,105,7,ok
smsemoa,rc108_21,6,63429506.651408,163.822535,1.10598,1250.3211,105,6,ok
smsemoa,rc108_21,7,62843182.505985,116.161623,2.723053,1036.656,105,6,ok
smsemoa,rc108_21,8,53342967.6199,303.013523,0.815675,862.6995,105,6,ok
smsemoa,rc108_21,9,66171741.247645,142.130343,0.666503,831.0504,105,6,ok
smsemoa,rc108_21,10,76520408.80027,0.301859,0.837447,896.1712,105,6,ok
smsemoa,rc108_21,11,73398098.907237,32.196704,2.454949,1062.2896,105,6,ok
smsemoa,rc108_21,12,61302779.641549,157.284474,1.725879,501.7796,105,4,ok
smsemoa,rc108_21,13,53427416.05688,306.036263,1.050899,952.6718,105,5,ok
smsemoa,rc108_21,14,60825237.585378,172.150486,1.070968,1161.3621,105,5,ok
smsemoa,rc108_21,15,63875776.47608,188.268338,0.945649,1223.6062,105,7,ok
smsemoa,rc108_21,16,66764582.464809,108.965012,1.007944,1104.2821,105,6,ok
smsemoa,rc108_21,17,64429028.686761,195.794205,1.138661,1104.5252,105,7,ok
smsemoa,rc108_21,18,59647452.733801,197.807455,0.724311,669.9575,105,5,ok
smsemoa,rc108_21,19,61276374.621751,254.981419,0.84551,1341.0096,105,6,ok
smsemoa,rc108_21,20,67512539.08109,94.548871,1.087649,766.9816,105,5,ok
smsemoa,rc108_21,21,63978262.726026,98.292194,1.561257,1112.3535,105,4,ok
smsemoa,rc108_21,22,69320590.504009,34.64788,0.701801,632.683,92,4,ok
smsemoa,rc108_21,23,68351403.689139,97.039997,0.674818,1087.1898,105,5,ok
smsemoa,rc108_21,24,58396881.522436,249.142344,1.584063,1443.3623,105,5,ok
smsemoa,rc108_21,25,65482916.486813,128.180659,0.883674,964.3059,105,6,ok
smsemoa,rc108_21,26,68446149.537991,85.477665,0.62969,1094.3926,105,6,ok
smsemoa,rc108_21,27,68599986.000788,111.324873,1.320016,958.9216,105,6,ok
smsemoa,rc108_21,28,68036769.83714,71.678993,0.86284,1115.5159,105,7,ok
smsemoa,rc108_21,29,62040874.313241,238.337364,0.912144,1118.6389,105,7,ok
smsemoa,rc108_21,30,65200307.368295,144.584504,0.816185,821.815,104,6,ok
moead_ws,rc202_21,1,393343757.493304,445.322304,3.523108,14497.4304,97,5,ok
moead_ws,rc202_21,2,367832221.752078,373.173054,5.096868,16449.9111,97,5,ok
moead_ws,rc202_21,3,363424900.491512,413.691281,6.627279,13868.8269,101,4,ok
moead_ws,rc202_21,4,452293197.29727,358.350805,4.24065,14113.5605,91,4,ok
moead_ws,rc202_21,5,383530261.786186,420.683328,6.818852,13533.0952,103,5,ok
moead_ws,rc202_21,6,524120706.394609,212.768466,4.989831,11747.2134,102,5,ok
moead_ws,rc202_21,7,415572028.973036,254.803665,4.45929,15062.0141,101,5,ok
moead_ws,rc202_21,8,355923447.293665,397.419419,2.617959,12846.2595,99,4,ok
moead_ws,rc202_21,9,381860843.759949,494.219005,5.311674,16099.1899,103,5,ok
moead_ws,rc202_21,10,404034904.161082,304.666654,3.814285,15468.7128,97,6,ok
moead_ws,rc202_21,11,384958179.678419,394.023788,4.854888,13986.0146,98,7,ok
moead_ws,rc202_21,12,429425653.243636,143.287925,7.992666,16310.0558,94,3,ok
moead_ws,rc202_21,13,348503613.423172,747.899134,4.528696,18536.1599,104,6,ok
moead_ws,rc202_21,14,332057359.161862,537.370918,3.149993,14528.239,102,4,ok
moead_ws,rc202_21,15,322411073.656406,462.224291,3.878233,16660.1477,98,4,ok
moead_ws,rc202_21,16,397772107.822255,260.752319,6.423599,13646.7887,95,5,ok
moead_ws,rc202_21,17,371437240.325561,434.702931,2.847844,15698.7973,98,4,ok
moead_ws,rc202_21,18,368373598.126135,396.826274,5.236523,15949.9366,88,5,ok
moead_ws,rc202_21,19,433254462.976791,460.332174,7.158798,16052.9116,101,4,ok
moead_ws,rc202_21,20,452773314.651497,300.871001,5.980614,13040.9995,97,5,ok
moead_ws,rc202_21,21,407087201.380184,367.120591,6.759663,15549.2207,99,5,ok
moead_ws,rc202_21,22,368193338.896262,560.396164,2.761234,14134.3634,95,6,ok
moead_ws,rc202_21,23,357633001.325988,575.944815,3.983464,12505.6563,103,4,ok
moead_ws,rc202_21,24,415826057.988269,379.762606,6.202606,15201.1109,98,5,ok
moead_ws,rc202_21,25,363686470.301667,441.930036,7.843065,14511.1935,103,6,ok
moead_ws,rc202_21,26,381139956.940185,372.668457,3.861267,16216.523,105,6,ok
moead_ws,rc202_21,27,473875875.437905,336.844834,2.702528,11774.2125,86,6,ok
moead_ws,rc202_21,28,429696785.551848,332.229785,2.451833,13955.6177,102,5,ok
moead_ws,rc202_21,29,423691669.129452,444.800978,6.207727,15564.4018,91,10,ok
moead_ws,rc202_21,30,407828898.166112,559.278229,5.145697,17487.3398,103,4,ok
nsga2,rc202_21,1,565669211.871141,177.977018,0.580543,8023.9283,105,4,ok
nsga2,rc202_21,2,595316899.123127,302.300861,0.874966,7789.0924,105,5,ok
nsga2,rc202_21,3,540874752.557878,285.310889,0.53076,7469.0398,105,5,ok
nsga2,rc202_21,4,556375473.878491,245.997789,0.682632,6649.452,105,5,ok
nsga2,rc202_21,5,554917852.963233,205.339426,0.650093,8105.2011,105,5,ok
nsga2,rc202_21,6,543292841.199875,296.597211,0.707333,7196.1192,105,4,ok
nsga2,rc202_21,7,574088516.516221,113.504156,0.695574,5649.126,105,4,ok
nsga2,rc202_21,8,507377859.153503,245.811365,1.006041,7884.1987,105,3,ok
nsga2,rc202_21,9,530167223.10991,318.730755,0.649131,7089.882,105,4,ok
nsga2,rc202_21,10,567625269.935593,240.132119,0.648659,8796.6948,105,3,ok
nsga2,rc202_21,11,612399334.265887,242.442336,0.666503,13223.6874,105,5,ok
nsga2,rc202_21,12,566370760.582798,223.574193,0.714866,10086.5155,105,4,ok
nsga2,rc202_21,13,568193523.076415,166.32741,1.249113,8615.5904,105,5,ok
nsga2,rc202_21,14,498518370.791479,282.544292,0.753602,8917.276,105,3,ok
nsga2,rc202_21,15,440216812.340011,618.23486,0.529406,11597.082,105,5,ok
nsga2,rc202_21,16,571309228.932178,255.386111,0.584071,8763.6147,105,6,ok
nsga2,rc202_21,17,522158065.470642,184.166768,0.748942,10568.7298,105,3,ok
nsga2,rc202_21,18,560286185.377983,293.305551,0.378703,8082.5595,105,5,ok
nsga2,rc202_21,19,542089038.913196,270.269854,0.613538,12492.7165,105,4,ok
nsga2,rc202_21,20,558695484.611221,207.632357,0.669501,8536.7327,105,3,ok
nsga2,rc202_21,21,569984544.385432,231.536635,0.672493,9793.6176,105,5,ok
nsga2,rc202_21,22,632988757.479401,79.886062,0.584703,6760.9496,105,4,ok
nsga2,rc202_21,23,500909960.722525,324.427002,0.640138,9780.3055,105,4,ok
nsga2,rc202_21,24,562096661.259759,204.745934,0.618641,6373.2229,105,4,ok
nsga2,rc202_21,25,468539189.560635,432.243909,0.666527,5997.5552,105,2,ok
nsga2,rc202_21,26,579445054.593633,106.897878,0.686504,6420.8964,105,4,ok
nsga2,rc202_21,27,521694860.563583,162.557444,0.626934,6369.1155,105,3,ok
nsga2,rc202_21,28,558152768.413901,172.265791,0.829032,8137.4403,105,4,ok
nsga2,rc202_21,29,548855656.72742,314.894595,0.733964,12272.3734,105,7,ok
nsga2,rc202_21,30,539591456.807621,355.789621,0.58744,8574.4175,105,6,ok
smsemoa,rc202_21,1,609704416.708512,2.767545,1.500658,7960.9782,105,3,ok
smsemoa,rc202_21,2,547250071.494712,315.366947,0.821084,11050.7794,105,6,ok
smsemoa,rc202_21,3,538851204.040544,83.485086,0.693026,7605.2139,105,3,ok
smsemoa,rc202_21,4,566735982.717637,143.082458,0.802376,8633.2251,105,4,ok
smsemoa,rc202_21,5,606040613.535979,42.637016,0.881067,8499.5674,105,7,ok
smsemoa,rc202_21,6,576584709.566435,89.185053,1.164359,7284.435,105,4,ok
smsemoa,rc202_21,7,577680474.246864,141.349111,0.722045,8239.8424,105,5,ok
smsemoa,rc202_21,8,606020647.147864,42.64,1.667918,8573.3977,105,5,ok
smsemoa,rc202_21,9,538459561.59357,266.856157,0.71801,9758.8442,105,5,ok
smsemoa,rc202_21,10,565715401.734359,143.715989,1.679349,7191.8345,105,4,ok
smsemoa,rc202_21,11,580306125.134151,125.12071,1.967045,10930.5441,105,6,ok
smsemoa,rc202_21,12,555127771.33313,230.94922,0.701495,10211.5608,105,6,ok
smsemoa,rc202_21,13,547759031.636394,264.126296,0.526953,7074.3137,105,5,ok
smsemoa,rc202_21,14,567092850.800764,121.346194,1.045782,10049.5522,105,5,ok
smsemoa,rc202_21,15,562638667.236109,163.681993,1.136906,6714.6292,105,3,ok
smsemoa,rc202_21,16,605554690.828741,17.006335,1.046146,9489.0347,105,4,ok
smsemoa,rc202_21,17,564412188.053551,161.019346,0.643691,8861.0861,105,4,ok
smsemoa,rc202_21,18,590162777.177854,75.195584,0.936392,8016.3385,105,4,ok
smsemoa,rc202_21,19,601416993.146441,36.74649,0.745195,7208.1314,105,4,ok
smsemoa,rc202_21,20,561482909.547076,208.851056,0.953525,7795.1742,105,4,ok
smsemoa,rc202_21,21,562829884.907799,178.494572,1.329446,9901.0053,105,5,ok
smsemoa,rc202_21,22,518811034.577146,173.902574,3.94437,13743.8825,105,4,ok
smsemoa,rc202_21,23,541226794.968974,108.940219,1.638157,9111.9458,105,3,ok
smsemoa,rc202_21,24,567856016.278673,198.367569,0.893934,8380.3847,105,7,ok
smsemoa,rc202_21,25,583634605.458857,88.032924,1.840499,6795.3121,105,4,ok
smsemoa,rc202_21,26,595545463.10857,52.528152,0.711554,6663.7927,105,5,ok
smsemoa,rc202_21,27,575267221.534564,172.123466,1.106292,11033.0956,105,6,ok
smsemoa,rc202_21,28,567164157.854359,221.418196,0.676763,9746.4552,105,5,ok
smsemoa,rc202_21,29,623608627.066591,153.999407,0.763327,7895.542,105,4,ok
smsemoa,rc202_21,30,515187281.934625,209.692191,1.280277,9494.9343,105,4,ok
moead_ws,rc203_21,1,200062918.199248,273.768479,5.377137,9931.443,100,5,ok
moead_ws,rc203_21,2,203784058.949733,184.08722,7.774896,7957.0457,94,3,ok
moead_ws,rc203_21,3,162648012.629673,531.716689,7.987303,10660.4512,92,4,ok
moead_ws,rc203_21,4,176369784.00092,246.047863,4.720971,9619.6063,94,4,ok
moead_ws,rc203_21,5,183153027.044355,472.384311,4.16164,8798.6908,103,5,ok
moead_ws,rc203_21,6,194616160.415153,184.14608,6.294037,9239.149,91,4,ok
moead_ws,rc203_21,7,151793565.126043,534.015193,3.57238,9344.2151,98,3,ok
moead_ws,rc203_21,8,159467152.381226,261.4898,8.73117,11003.5614,103,4,ok
moead_ws,rc203_21,9,200395273.683144,205.286016,6.530915,7248.2918,97,3,ok
moead_ws,rc203_21,10,167981783.600785,427.144629,5.295433,10120.8699,93,5,ok
moead_ws,rc203_21,11,194260515.65396,203.37284,8.129594,8385.4546,95,3,ok
moead_ws,rc203_21,12,184159538.377737,317.048449,4.213567,10213.0953,100,6,ok
moead_ws,rc203_21,13,181847221.858847,471.094265,6.148615,9849.3746,97,4,ok
moead_ws,rc203_21,14,198624486.812889,327.142658,7.260003,10826.2868,85,6,ok
moead_ws,rc203_21,15,191819936.611707,286.6503,8.313497,8901.3629,101,3,ok
moead_ws,rc203_21,16,171452406.013774,405.593862,6.546861,9010.8624,90,4,ok
moead_ws,rc203_21,17,163962880.159924,409.527366,7.014205,9743.5709,90,4,ok
moead_ws,rc203_21,18,192430618.134717,185.821073,4.375338,11002.249,100,4,ok
moead_ws,rc203_21,19,188582042.971192,161.029896,3.640473,9285.89,101,4,ok
moead_ws,rc203_21,20,147984272.541163,513.658465,6.418738,8717.756,102,4,ok
moead_ws,rc203_21,21,165949168.449966,292.86116,6.02337,10674.6662,90,3,ok
moead_ws,rc203_21,22,152107735.645749,429.773199,4.920073,9914.1982,99,5,ok
moead_ws,rc203_21,23,168369735.917745,462.183311,7.170017,10447.2707,101,5,ok
moead_ws,rc203_21,24,184812046.638539,452.226433,5.857089,8392.7404,93,4,ok
moead_ws,rc203_21,25,164574826.086842,407.962125,8.85476,11014.1889,103,4,ok
moead_ws,rc203_21,26,165859114.602319,207.448297,8.005892,9062.1844,99,2,ok
moead_ws,rc203_21,27,166089310.476528,460.036763,9.346991,9716.9705,101,3,ok
moead_ws,rc203_21,28,194344335.389251,411.31064,7.053642,8146.0461,102,3,ok
moead_ws,rc203_21,29,197322680.644252,261.551463,5.681752,7171.6336,89,3,ok
moead_ws,rc203_21,30,153245522.472613,485.42525,7.51895,11016.6901,98,4,ok
nsga2,rc203_21,1,260601166.41445,321.578468,0.62398,8779.2926,105,5,ok
nsga2,rc203_21,2,272012941.951358,220.24326,0.772356,5935.3749,105,5,ok
nsga2,rc203_21,3,262086869.857006,339.156636,0.53796,6655.7396,105,4,ok
nsga2,rc203_21,4,252383321.882919,169.049769,0.724744,5066.4562,105,2,ok
nsga2,rc203_21,5,271409006.123638,182.402798,0.661054,5689.4902,105,4,ok
nsga2,rc203_21,6,239783246.886175,314.40735,0.628057,5864.281,105,5,ok
nsga2,rc203_21,7,274808426.489268,228.978965,0.611841,5871.5773,105,4,ok
nsga2,rc203_21,8,281600252.997654,121.117314,0.70672,5062.5509,105,4,ok
nsga2,rc203_21,9,270192154.961175,242.42678,0.740812,5300.0974,105,4,ok
nsga2,rc203_21,10,247421328.573509,224.714418,0.576174,6445.6516,105,3,ok
nsga2,rc203_21,11,251083750.988554,226.144015,0.717878,6409.5137,105,4,ok
nsga2,rc203_21,12,233290982.058388,350.240385,0.784443,6118.486,105,3,ok
nsga2,rc203_21,13,270943315.44772,271.521802,0.766382,6995.4094,105,4,ok
nsga2,rc203_21,14,269092968.763837,185.477272,1.681142,2967.1499,105,3,ok
nsga2,rc203_21,15,263120218.746426,264.69122,0.762033,3830.689,105,4,ok
nsga2,rc203_21,16,236114963.986718,275.357337,0.646075,4465.4485,105,4,ok
nsga2,rc203_21,17,230364457.011088,342.941014,1.304036,3636.436,105,3,ok
nsga2,rc203_21,18,281053108.294229,144.612905,0.651234,6939.8906,105,5,ok
nsga2,rc203_21,19,232609701.657571,325.087196,1.125225,3604.704,105,2,ok
nsga2,rc203_21,20,266176564.967968,276.521504,0.988438,6203.2826,105,3,ok
nsga2,rc203_21,21,236024124.601687,375.688521,0.46669,5200.9098,105,3,ok
nsga2,rc203_21,22,287981654.468627,105.008167,1.921503,4457.858,105,3,ok
nsga2,rc203_21,23,227883542.622354,431.449781,1.293991,5890.8968,105,4,ok
nsga2,rc203_21,24,243934341.622296,276.602034,0.67557,5444.1212,105,4,ok
nsga2,rc203_21,25,254052754.238448,403.337275,0.551896,7168.7373,105,4,ok
nsga2,rc203_21,26,273155701.996561,279.639877,0.671508,6013.1655,105,4,ok
nsga2,rc203_21,27,247398269.155587,226.960108,0.605045,6675.7682,105,4,ok
nsga2,rc203_21,28,280612449.356536,144.174525,0.588303,5157.5587,105,4,ok
nsga2,rc203_21,29,252220531.93144,356.005478,0.847506,5327.3038,105,4,ok
nsga2,rc203_21,30,242838852.091068,252.641245,0.528342,4509.5071,105,2,ok
smsemoa,rc203_21,1,294336929.526505,28.338143,0.665543,3516.912,105,3,ok
smsemoa,rc203_21,2,283478930.605016,63.852895,0.82503,7551.4693,105,4,ok
smsemoa,rc203_21,3,239852037.473445,291.799128,2.637863,6772.1444,105,3,ok
smsemoa,rc203_21,4,265422937.317036,36.539963,2.291764,7011.2162,105,2,ok
smsemoa,rc203_21,5,257189494.812337,116.760202,0.885175,6675.6073,105,2,ok
smsemoa,rc203_21,6,248225227.503007,219.799082,0.877113,4396.054,105,3,ok
smsemoa,rc203_21,7,280341569.457769,123.231847,0.995559,6315.1071,105,4,ok
smsemoa,rc203_21,8,289156105.626532,53.810385,1.094819,4258.1069,105,6,ok
smsemoa,rc203_21,9,275406338.586723,149.705843,1.021339,9879.6623,105,4,ok
smsemoa,rc203_21,10,231186165.432111,308.72216,0.898371,4627.5256,105,3,ok
smsemoa,rc203_21,11,286520735.618496,72.171267,0.873344,4656.132,105,4,ok
smsemoa,rc203_21,12,250247890.113313,204.758887,1.308009,6383.1667,105,4,ok
smsemoa,rc203_21,13,280000012.759398,124.943432,1.598861,4332.1852,105,4,ok
smsemoa,rc203_21,14,275820926.235933,151.123338,0.75615,2269.6388,105,2,ok
smsemoa,rc203_21,15,285529505.383549,108.049257,1.217083,7136.733,105,4,ok
smsemoa,rc203_21,16,297125463.084783,32.698265,0.88071,5057.7568,105,3,ok
smsemoa,rc203_21,17,267837535.407684,262.54281,1.053947,5146.7621,105,4,ok
smsemoa,rc203_21,18,284214876.185081,84.533848,0.914087,5204.5796,105,4,ok
smsemoa,rc203_21,19,283698483.671372,100.242623,2.567704,7343.9691,105,3,ok
smsemoa,rc203_21,20,245480345.907045,256.684568,2.139387,7767.8356,105,3,ok
smsemoa,rc203_21,21,245499246.588495,190.868926,1.368839,4594.2482,105,4,ok
smsemoa,rc203_21,22,292391455.536195,29.309434,1.234888,5290.4814,105,4,ok
smsemoa,rc203_21,23,281287870.537188,123.348036,1.156381,5963.1422,105,4,ok
smsemoa,rc203_21,24,243364444.656595,239.332714,1.144408,6468.3888,105,4,ok
smsemoa,rc203_21,25,244860463.934694,247.619102,1.690528,6439.4963,105,4,ok
smsemoa,rc203_21,26,285849449.095486,97.38996,1.163386,4758.253,105,4,ok
smsemoa,rc203_21,27,247428008.481684,157.42294,0.479833,4231.7462,105,2,ok
smsemoa,rc203_21,28,260572454.500107,83.874722,0.856818,5546.0546,105,3,ok
smsemoa,rc203_21,29,299825332.37949,0.988095,1.594717,6807.8903,105,4,ok
smsemoa,rc203_21,30,287647305.8387,111.331848,1.555343,4277.5747,105,4,ok
moead_ws,rc204_21,1,39879448.996703,131.726307,8.869455,5873.2386,91,4,ok
moead_ws,rc204_21,2,42858537.375441,132.837372,7.533798,3764.0255,77,3,ok
moead_ws,rc204_21,3,37612736.857544,296.699157,8.479403,6638.4974,98,4,ok
moead_ws,rc204_21,4,47722793.286637,122.655936,9.07786,4722.2544,101,3,ok
moead_ws,rc204_21,5,37809268.685543,209.812049,9.352764,5759.4323,90,4,ok
moead_ws,rc204_21,6,45543745.873407,216.937284,7.792105,5404.003,87,4,ok
moead_ws,rc204_21,7,38310729.493717,332.633724,9.052584,3808.3878,84,3,ok
moead_ws,rc204_21,8,35618816.065447,333.879702,9.081146,4426.1237,96,2,ok
moead_ws,rc204_21,9,37285654.974328,294.722153,9.050266,3942.1486,84,2,ok
moead_ws,rc204_21,10,38483196.533658,82.526626,8.272712,5836.9683,80,3,ok
moead_ws,rc204_21,11,40244585.526771,144.344677,9.105905,5007.0045,86,3,ok
moead_ws,rc204_21,12,40143790.899893,205.352938,8.571346,5766.6236,88,3,ok
moead_ws,rc204_21,13,37975801.488206,148.426262,9.147898,7237.0237,89,4,ok
moead_ws,rc204_21,14,35126566.454127,240.900309,5.655416,5709.929,81,3,ok
moead_ws,rc204_21,15,47201743.444177,146.074192,8.347519,6170.2964,90,2,ok
moead_ws,rc204_21,16,40986515.138377,258.831426,8.993425,3778.0652,92,3,ok
moead_ws,rc204_21,17,39586733.153066,204.852135,7.147166,5008.2713,97,4,ok
moead_ws,rc204_21,18,37962552.958195,296.05403,7.486971,5315.9458,93,4,ok
moead_ws,rc204_21,19,43355879.718078,57.750344,9.067171,5116.2862,88,3,ok
moead_ws,rc204_21,20,38525114.667277,205.201423,6.921036,5096.454,91,4,ok
moead_ws,rc204_21,21,41900794.131398,182.404053,10.148892,4384.8666,104,4,ok
moead_ws,rc204_21,22,29852992.587861,317.375329,9.127911,5210.6521,92,2,ok
moead_ws,rc204_21,23,48537395.196562,163.132688,9.240435,3885.979,96,3,ok
moead_ws,rc204_21,24,44594493.819766,209.916627,7.493009,4520.7798,98,5,ok
moead_ws,rc204_21,25,40424612.434645,99.402635,8.514539,5022.6603,102,4,ok
moead_ws,rc204_21,26,40329961.951329,185.190755,8.686459,5793.97,100,3,ok
moead_ws,rc204_21,27,44186209.664219,136.044111,9.531016,5461.692,96,4,ok
moead_ws,rc204_21,28,53729311.024649,159.579776,4.400429,2959.9469,97,3,ok
moead_ws,rc204_21,29,40608421.287182,134.928685,3.743257,4738.4526,96,2,ok
moead_ws,rc204_21,30,26040925.776917,474.786617,9.538391,6559.062,98,3,ok
nsga2,rc204_21,1,66424694.929083,113.023807,0.871486,1895.6154,105,4,ok
nsga2,rc204_21,2,54061636.617223,181.197281,0.474012,3476.6071,105,3,ok
nsga2,rc204_21,3,53053375.937291,207.341082,1.102683,2380.1168,105,2,ok
nsga2,rc204_21,4,65397497.753387,148.245092,0.611322,2578.1685,105,3,ok
nsga2,rc204_21,5,67755566.038554,126.752978,0.859084,4404.9491,105,4,ok
nsga2,rc204_21,6,57128698.461997,70.047196,5.487428,3414.8551,105,3,ok
nsga2,rc204_21,7,47175475.690392,382.625563,0.681858,2037.3576,105,3,ok
nsga2,rc204_21,8,53619288.10668,189.017857,1.26599,2321.7377,105,2,ok
nsga2,rc204_21,9,43195292.106939,528.770535,0.468297,2076.2224,101,2,ok
nsga2,rc204_21,10,55392938.416765,155.462366,2.095614,3520.3012,105,3,ok
nsga2,rc204_21,11,53595641.184951,215.724188,0.50999,3653.3909,105,3,ok
nsga2,rc204_21,12,60818877.040968,203.292408,1.000759,2599.7059,105,4,ok
nsga2,rc204_21,13,53966347.922375,154.788469,1.074095,3262.4468,105,5,ok
nsga2,rc204_21,14,54274654.719339,159.571689,0.981126,1377.2849,105,2,ok
nsga2,rc204_21,15,72036580.772537,9.537849,1.343683,3738.2218,99,4,ok
nsga2,rc204_21,16,66276640.728864,169.770469,0.600983,2029.3481,105,4,ok
nsga2,rc204_21,17,52122121.625717,221.727381,2.655984,1726.3663,74,2,ok
nsga2,rc204_21,18,50315477.185188,280.388613,0.706105,1811.3622,105,3,ok
nsga2,rc204_21,19,60295835.630031,23.011343,1.803723,2633.0367,105,2,ok
nsga2,rc204_21,20,52013785.137202,223.836173,0.499659,1253.4485,105,3,ok
nsga2,rc204_21,21,48050863.15878,357.650683,0.292528,2100.1625,105,3,ok
nsga2,rc204_21,22,55563764.614613,130.421842,0.770234,3403.085,105,3,ok
nsga2,rc204_21,23,53714498.383039,212.418614,0.611254,2481.6306,105,4,ok
nsga2,rc204_21,24,62912651.446654,167.689343,0.656449,3931.0023,105,4,ok
nsga2,rc204_21,25,62034809.580265,203.657355,0.673563,2091.45,105,3,ok
nsga2,rc204_21,26,67021762.747678,117.909374,1.739356,3745.4681,105,4,ok
nsga2,rc204_21,27,66548869.131869,111.746489,0.754929,1898.4949,105,4,ok
nsga2,rc204_21,28,51735931.048226,223.227888,1.095824,2567.8779,96,3,ok
nsga2,rc204_21,29,53051270.882651,241.416162,0.641765,3279.7648,105,3,ok
nsga2,rc204_21,30,65378797.841643,139.157132,0.623836,2908.8664,105,3,ok
smsemoa,rc204_21,1,58014076.962573,38.972193,1.221357,1713.5785,95,2,ok
smsemoa,rc204_21,2,55476836.733624,123.189409,1.112706,1538.0727,105,3,ok
smsemoa,rc204_21,3,71878933.954281,22.047639,1.035279,2200.9454,105,3,ok
smsemoa,rc204_21,4,67713406.70505,87.95505,1.400209,2746.2031,105,2,ok
smsemoa,rc204_21,5,51695993.060175,215.763614,1.147927,1108.4933,65,2,ok
smsemoa,rc204_21,6,67823679.736177,76.861068,2.685022,2175.2921,94,3,ok
smsemoa,rc204_21,7,64121915.64497,145.309654,1.830264,3674.4374,105,3,ok
smsemoa,rc204_21,8,68579702.84174,63.842704,1.028138,2022.2402,105,3,ok
smsemoa,rc204_21,9,57568555.687952,69.403276,0.904553,2230.9271,105,2,ok
smsemoa,rc204_21,10,72174376.307593,29.177032,1.247551,2800.461,105,3,ok
smsemoa,rc204_21,11,52238410.047134,216.062945,2.177098,1036.7981,105,3,ok
smsemoa,rc204_21,12,62841643.414317,196.372909,0.835401,2886.8565,105,3,ok
smsemoa,rc204_21,13,70590476.378723,47.910235,0.684609,1743.2749,103,3,ok
smsemoa,rc204_21,14,57135772.036701,66.218418,0.506117,1473.2072,105,3,ok
smsemoa,rc204_21,15,71351303.231008,26.970019,0.790616,2280.4844,105,3,ok
smsemoa,rc204_21,16,55161906.426361,131.508843,4.341964,1982.4339,68,2,ok
smsemoa,rc204_21,17,57332835.087343,84.513805,0.98697,3734.4413,105,3,ok
smsemoa,rc204_21,18,74482099.763102,0.825321,1.788149,2432.7302,105,2,ok
smsemoa,rc204_21,19,57822154.287999,81.892594,0.702469,2834.5016,105,2,ok
smsemoa,rc204_21,20,55141979.90726,123.814023,0.771409,1903.6639,105,2,ok
smsemoa,rc204_21,21,67750105.161827,56.491629,0.805476,3886.1992,105,4,ok
smsemoa,rc204_21,22,56803383.214862,106.820605,1.828064,2252.3025,105,2,ok
smsemoa,rc204_21,23,67774395.91356,86.102117,1.410838,3786.8733,105,4,ok
smsemoa,rc204_21,24,58445856.056077,49.305202,2.725951,3036.3626,90,3,ok
smsemoa,rc204_21,25,56081885.451732,98.592608,0.523714,1297.4357,42,1,ok
smsemoa,rc204_21,26,70822115.893292,40.934755,0.689963,2833.5446,105,4,ok
smsemoa,rc204_21,27,69820307.171043,30.334136,1.792842,2246.1017,103,3,ok
smsemoa,rc204_21,28,68329327.180211,70.609054,2.007754,3174.3096,105,3,ok
smsemoa,rc204_21,29,69315563.960369,70.62308,0.827356,2061.4854,104,4,ok
smsemoa,rc204_21,30,58284597.189797,53.268428,2.772691,3071.5338,105,2,ok
moead_ws,rc205_21,1,392753438.633052,432.685011,5.160703,16308.6647,92,6,ok
moead_ws,rc205_21,2,362746366.077238,394.101329,6.840749,17967.1057,102,5,ok
moead_ws,rc205_21,3,339740163.687748,552.563413,7.081681,15293.5788,91,4,ok
moead_ws,rc205_21,4,350681206.852971,455.918933,3.202326,13196.0611,99,4,ok
moead_ws,rc205_21,5,368232666.462422,440.276731,5.666518,13478.0141,96,6,ok
moead_ws,rc205_21,6,346571573.368403,478.964067,5.310816,14098.8148,101,2,ok
moead_ws,rc205_21,7,381701351.04933,392.4704,4.792694,14881.7945,103,5,ok
moead_ws,rc205_21,8,393908993.744163,567.732191,6.441117,17421.631,104,5,ok
moead_ws,rc205_21,9,295754862.693124,633.187202,2.753418,15932.6023,97,5,ok
moead_ws,rc205_21,10,388867941.616141,517.447044,5.763228,17589.3168,100,6,ok
moead_ws,rc205_21,11,364371958.540904,419.818137,4.760279,14999.6119,103,5,ok
moead_ws,rc205_21,12,342555597.395978,675.311053,4.23857,15329.2386,95,4,ok
moead_ws,rc205_21,13,388937427.921289,308.821957,5.811552,14874.0422,100,5,ok
moead_ws,rc205_21,14,379223098.688446,486.86663,2.389217,14510.5947,95,4,ok
moead_ws,rc205_21,15,363813982.732258,539.446693,6.428698,16119.0764,103,5,ok
moead_ws,rc205_21,16,301953547.530714,628.224894,7.451492,16803.9939,103,4,ok
moead_ws,rc205_21,17,421370241.417776,431.37043,3.8767,10361.6895,102,4,ok
moead_ws,rc205_21,18,288165174.9653,525.015394,3.335838,17237.0709,104,5,ok
moead_ws,rc205_21,19,373524967.395306,444.949952,3.071828,15874.1088,98,6,ok
moead_ws,rc205_21,20,308850419.459782,489.618571,7.401844,17823.4874,95,5,ok
moead_ws,rc205_21,21,334665491.377925,504.350298,6.453291,17965.9269,93,5,ok
moead_ws,rc205_21,22,418389352.062817,283.551909,7.808131,16747.9023,104,3,ok
moead_ws,rc205_21,23,356495677.385356,455.961408,5.268369,18740.7304,92,5,ok
moead_ws,rc205_21,24,384170431.520741,506.180249,4.381756,15395.8069,104,3,ok
moead_ws,rc205_21,25,341122338.108611,678.79984,2.825545,16250.0019,93,8,ok
moead_ws,rc205_21,26,310793733.889551,548.59205,2.544131,16232.547,100,3,ok
moead_ws,rc205_21,27,371736340.789573,268.023066,3.375016,18259.0293,102,6,ok
moead_ws,rc205_21,28,242414127.59746,620.166371,3.635832,17881.7061,101,4,ok
moead_ws,rc205_21,29,343465580.187679,530.422172,4.024499,15350.7665,104,4,ok
moead_ws,rc205_21,30,356344199.812598,427.375355,5.721308,16974.9911,95,6,ok
nsga2,rc205_21,1,549492661.208653,151.224497,0.766315,9879.1621,105,3,ok
nsga2,rc205_21,2,537858091.840624,203.356296,0.599777,9759.707,105,4,ok
nsga2,rc205_21,3,546302203.145001,134.934337,0.736499,5942.2,105,5,ok
nsga2,rc205_21,4,537284240.116076,213.480683,0.51544,8733.6581,105,4,ok
nsga2,rc205_21,5,452963734.440939,366.877545,0.946115,11101.532,105,3,ok
nsga2,rc205_21,6,511794206.329517,328.342532,0.660254,9897.5923,105,3,ok
nsga2,rc205_21,7,521619806.147795,273.119596,0.712512,7908.7193,105,3,ok
nsga2,rc205_21,8,523010056.540091,242.382261,0.388074,4903.5883,105,5,ok
nsga2,rc205_21,9,514142910.640006,283.725159,0.562874,6674.9695,105,5,ok
nsga2,rc205_21,10,446264866.581192,397.786643,0.629142,7174.0856,105,4,ok
nsga2,rc205_21,11,562331277.8109,95.481644,0.99477,9394.7067,105,4,ok
nsga2,rc205_21,12,587449357.584723,205.207236,0.88541,8707.9041,105,5,ok
nsga2,rc205_21,13,519551539.366621,310.876221,0.657255,8438.5204,105,5,ok
nsga2,rc205_21,14,532529166.859949,228.307871,0.836262,7638.0867,105,5,ok
nsga2,rc205_21,15,540400741.335525,227.699081,1.184798,9831.8254,105,3,ok
nsga2,rc205_21,16,545224159.375881,183.160607,0.586782,7162.3322,105,4,ok
nsga2,rc205_21,17,577888657.795991,241.733047,0.596516,9348.1852,105,5,ok
nsga2,rc205_21,18,541860132.401309,207.521505,0.692113,11676.1177,105,3,ok
nsga2,rc205_21,19,544035104.448786,122.32137,0.641108,8236.9517,105,3,ok
nsga2,rc205_21,20,542415130.223094,221.968659,0.561596,11277.3353,105,5,ok
nsga2,rc205_21,21,589755183.475641,202.475288,0.552727,5756.2818,105,5,ok
nsga2,rc205_21,22,556795827.116571,97.929315,1.612735,8962.2953,105,3,ok
nsga2,rc205_21,23,497491374.390338,466.486361,0.852076,13229.3007,105,4,ok
nsga2,rc205_21,24,518602311.347122,295.034146,0.647356,8170.0356,105,5,ok
nsga2,rc205_21,25,536749432.267485,198.047343,0.598464,7463.9192,105,3,ok
nsga2,rc205_21,26,519773434.301159,242.841729,1.45711,5235.8784,105,3,ok
nsga2,rc205_21,27,603841057.600948,123.245528,0.588818,8820.9215,105,4,ok
nsga2,rc205_21,28,589015042.612495,247.764372,0.569901,8755.542,105,3,ok
nsga2,rc205_21,29,504325445.061201,352.555043,0.589858,8056.8553,105,5,ok
nsga2,rc205_21,30,511451769.134196,404.676983,0.56345,12438.1845,105,5,ok
smsemoa,rc205_21,1,539794292.220718,194.449708,1.649819,11596.1824,105,6,ok
smsemoa,rc205_21,2,539137646.339816,133.078,1.844297,7093.0033,105,3,ok
smsemoa,rc205_21,3,552471053.128791,145.223422,1.286722,11993.8866,105,4,ok
smsemoa,rc205_21,4,518906349.551216,302.973622,1.047955,12567.0654,105,6,ok
smsemoa,rc205_21,5,552577089.743693,97.161635,0.880369,9426.0413,105,4,ok
smsemoa,rc205_21,6,550159156.939824,125.825097,1.705387,12719.3837,105,5,ok
smsemoa,rc205_21,7,527464858.193271,228.447631,1.220774,5649.6558,105,5,ok
smsemoa,rc205_21,8,563581164.812151,62.939816,0.973429,7779.8,105,4,ok
smsemoa,rc205_21,9,529103101.281372,173.089804,1.631055,9325.1573,105,4,ok
smsemoa,rc205_21,10,540438037.453981,160.271565,1.604535,8010.8979,105,3,ok
smsemoa,rc205_21,11,539475299.997454,157.487459,1.00556,10950.5382,105,5,ok
smsemoa,rc205_21,12,572216024.989091,5.584314,2.370851,10517.1418,105,4,ok
smsemoa,rc205_21,13,619509197.632949,51.917777,1.031577,8749.9542,105,5,ok
smsemoa,rc205_21,14,540607039.979604,162.780815,2.990917,13089.4269,105,5,ok
smsemoa,rc205_21,15,528857470.819013,223.449228,1.36782,10107.4183,105,3,ok
smsemoa,rc205_21,16,576086188.133556,5.716296,1.114143,8640.3891,105,4,ok
smsemoa,rc205_21,17,531469040.522894,161.703757,1.088649,5446.0199,105,5,ok
smsemoa,rc205_21,18,511113131.911721,239.645933,1.818636,10629.8216,105,6,ok
smsemoa,rc205_21,19,513673399.073633,312.470561,1.430017,9721.5253,105,6,ok
smsemoa,rc205_21,20,510205376.501142,383.58266,1.492051,14094.8687,105,6,ok
smsemoa,rc205_21,21,487909565.23811,172.781882,0.667652,10054.0923,105,3,ok
smsemoa,rc205_21,22,555114425.69574,63.195323,1.310958,6602.6336,105,4,ok
smsemoa,rc205_21,23,501098306.981306,349.030317,0.615099,6977.4911,105,5,ok
smsemoa,rc205_21,24,556925817.188276,70.40889,1.287005,9739.8002,105,4,ok
smsemoa,rc205_21,25,560416652.781217,50.321133,1.709222,7256.5074,105,4,ok
smsemoa,rc205_21,26,519115275.969591,294.098597,2.14697,10125.2374,105,5,ok
smsemoa,rc205_21,27,536384231.494947,176.379277,0.925109,9547.4678,105,5,ok
smsemoa,rc205_21,28,615272611.961153,90.183995,1.99737,12766.2346,105,6,ok
smsemoa,rc205_21,29,589670664.509938,151.044565,0.55166,8510.3683,105,5,ok
smsemoa,rc205_21,30,562633917.076995,64.99028,1.338504,6596.2279,105,3,ok
moead_ws,rc206_21,1,480355888.4878,425.790788,6.147427,18246.5814,105,4,ok
moead_ws,rc206_21,2,479242627.429152,364.158411,4.29951,18095.8451,103,3,ok
moead_ws,rc206_21,3,498702252.851747,391.883216,3.05567,16370.2561,101,5,ok
moead_ws,rc206_21,4,516599357.324226,349.442426,3.531439,13182.6956,102,3,ok
moead_ws,rc206_21,5,547183613.733285,249.715179,4.537832,19543.0531,104,6,ok
moead_ws,rc206_21,6,500382832.130025,530.264163,2.475579,21316.4626,101,5,ok
moead_ws,rc206_21,7,554190415.665169,306.797028,7.276295,17189.1502,99,4,ok
moead_ws,rc206_21,8,534870565.920947,300.860344,7.918385,18938.9564,92,4,ok
moead_ws,rc206_21,9,543502150.764824,279.108196,3.395626,18950.4092,92,5,ok
moead_ws,rc206_21,10,521859618.163115,226.200507,2.380206,17485.8452,105,4,ok
moead_ws,rc206_21,11,462180830.761255,351.721075,2.485332,18228.6502,100,3,ok
moead_ws,rc206_21,12,458486412.982932,363.380589,3.425215,21805.5504,96,4,ok
moead_ws,rc206_21,13,515222449.602525,364.698938,3.528413,17086.0836,88,5,ok
moead_ws,rc206_21,14,588632141.065708,208.0247,6.216023,17525.8813,101,7,ok
moead_ws,rc206_21,15,556143491.167045,390.824411,3.098938,17819.0527,97,4,ok
moead_ws,rc206_21,16,512231493.140036,324.711234,2.9019,18249.8793,105,4,ok
moead_ws,rc206_21,17,535040649.059408,140.757698,3.523148,16833.7706,99,3,ok
moead_ws,rc206_21,18,527341557.816341,361.059669,2.936742,19541.9021,95,6,ok
moead_ws,rc206_21,19,636706115.448914,204.15229,5.137018,17490.6019,101,4,ok
moead_ws,rc206_21,20,521212432.0044,241.995707,5.218803,18110.1627,99,5,ok
moead_ws,rc206_21,21,470768369.71128,250.943072,3.243887,16270.1134,101,3,ok
moead_ws,rc206_21,22,561283833.598565,191.672128,5.415882,20304.5126,102,5,ok
moead_ws,rc206_21,23,539458066.733733,374.673039,3.552424,18843.7237,103,4,ok
moead_ws,rc206_21,24,492590690.850715,333.148871,3.439887,19812.9387,102,6,ok
moead_ws,rc206_21,25,496443296.027756,367.582234,7.249234,15393.2011,96,4,ok
moead_ws,rc206_21,26,565316894.719039,240.992018,5.762865,18365.2096,102,5,ok
moead_ws,rc206_21,27,511312475.052857,187.066076,3.420352,17689.5419,105,4,ok
moead_ws,rc206_21,28,564430599.744642,403.029654,3.996056,19341.4152,103,7,ok
moead_ws,rc206_21,29,503650176.310601,449.286216,4.802456,17805.8845,94,4,ok
moead_ws,rc206_21,30,509370419.689501,423.61836,5.759044,18705.4002,90,5,ok
nsga2,rc206_21,1,733962620.231452,161.21497,0.859197,12197.7265,105,4,ok
nsga2,rc206_21,2,714588150.466835,240.255922,0.786869,11379.071,105,5,ok
nsga2,rc206_21,3,695922537.204065,322.041014,0.726101,8007.0455,105,5,ok
nsga2,rc206_21,4,750374493.595529,116.731704,0.602816,10739.4654,105,3,ok
nsga2,rc206_21,5,705696923.088905,258.847295,0.710239,6557.0684,105,4,ok
nsga2,rc206_21,6,724285745.657295,170.324464,0.651367,8161.3769,105,5,ok
nsga2,rc206_21,7,698818655.37132,307.333135,0.558988,10719.2011,105,5,ok
nsga2,rc206_21,8,641663090.193842,323.974489,1.135793,13725.415,105,4,ok
nsga2,rc206_21,9,674902635.149966,154.483382,0.639654,10678.8135,105,3,ok
nsga2,rc206_21,10,716637054.159439,213.26149,0.70306,8169.0161,105,5,ok
nsga2,rc206_21,11,694430415.340552,302.582283,0.695088,11033.0886,105,5,ok
nsga2,rc206_21,12,730737396.180667,167.524542,0.963639,11833.2615,105,4,ok
nsga2,rc206_21,13,751541753.294096,115.91992,0.718032,8126.5844,105,5,ok
nsga2,rc206_21,14,723864328.542319,199.664062,0.635056,10721.9176,105,4,ok
nsga2,rc206_21,15,752657426.011236,109.357211,0.826018,12320.7063,105,5,ok
nsga2,rc206_21,16,643183030.132289,310.397052,0.874405,11210.2859,105,4,ok
nsga2,rc206_21,17,612557401.674039,463.898356,0.510411,10573.3362,105,6,ok
nsga2,rc206_21,18,718292056.867026,216.315162,0.64247,7858.1669,105,3,ok
nsga2,rc206_21,19,676369301.861704,128.862681,1.974194,10043.143,105,3,ok
nsga2,rc206_21,20,721988150.459395,208.36592,0.607787,10895.5281,105,4,ok
nsga2,rc206_21,21,699971067.134234,57.233681,0.876189,9905.4026,105,4,ok
nsga2,rc206_21,22,737010877.393034,146.05523,0.596532,9394.8156,105,5,ok
nsga2,rc206_21,23,661467512.586358,225.831311,0.691735,9929.4102,105,3,ok
nsga2,rc206_21,24,722171928.748033,197.405121,0.695349,6350.9315,105,3,ok
nsga2,rc206_21,25,752252646.9723,102.043499,0.68,9593.8594,105,5,ok
nsga2,rc206_21,26,675808623.557419,144.546311,2.588588,7893.4028,105,4,ok
nsga2,rc206_21,27,648411785.00006,292.444914,0.815623,12234.3231,105,3,ok
nsga2,rc206_21,28,706856339.682777,320.900883,0.737831,14468.5781,105,5,ok
nsga2,rc206_21,29,695493768.609391,92.045952,0.658577,8709.5686,105,4,ok
nsga2,rc206_21,30,648073615.529562,258.541631,1.160004,8390.6507,105,3,ok
smsemoa,rc206_21,1,677270957.948718,130.215755,0.900207,12589.1241,105,3,ok
smsemoa,rc206_21,2,760162729.590282,20.014752,0.862732,8458.9659,105,4,ok
smsemoa,rc206_21,3,726667683.350895,119.859104,1.94167,10658.2652,105,5,ok
smsemoa,rc206_21,4,704758769.048049,70.553104,2.306379,13577.4812,105,4,ok
smsemoa,rc206_21,5,698304788.42447,79.745254,0.994533,8517.585,105,3,ok
smsemoa,rc206_21,6,756313092.835575,61.222621,0.697014,10752.9066,105,5,ok
smsemoa,rc206_21,7,715389349.909816,16.196649,1.215569,12680.4384,105,5,ok
smsemoa,rc206_21,8,691720089.937419,78.055884,1.230373,13530.5109,105,3,ok
smsemoa,rc206_21,9,764167290.410216,62.171635,0.811604,12796.7737,105,5,ok
smsemoa,rc206_21,10,743256467.900237,114.447854,1.081883,13562.5713,105,5,ok
smsemoa,rc206_21,11,709537217.968973,37.722504,1.402522,17576.7049,105,2,ok
smsemoa,rc206_21,12,747902955.241925,100.320054,0.858497,12025.0306,105,4,ok
smsemoa,rc206_21,13,756374095.657779,77.361651,1.023709,9567.0624,105,4,ok
smsemoa,rc206_21,14,720261294.976712,181.72195,1.455758,14163.9021,105,7,ok
smsemoa,rc206_21,15,672588837.180265,167.291209,0.673228,10674.2046,105,3,ok
smsemoa,rc206_21,16,705595585.296554,44.288714,0.701968,12150.158,105,3,ok
smsemoa,rc206_21,17,758203922.990156,67.678699,1.705486,12433.6511,105,5,ok
smsemoa,rc206_21,18,700252550.398105,59.670928,1.039094,11343.3003,105,3,ok
smsemoa,rc206_21,19,741387345.234263,118.271104,3.378498,14195.4705,105,4,ok
smsemoa,rc206_21,20,741758821.480292,135.354352,0.839729,9929.4928,105,6,ok
smsemoa,rc206_21,21,755703176.797769,68.356754,1.149158,7514.4065,105,5,ok
smsemoa,rc206_21,22,747514431.042072,88.702307,1.850586,16447.5786,105,4,ok
smsemoa,rc206_21,23,686519956.71614,114.723267,1.118339,8883.147,105,4,ok
smsemoa,rc206_21,24,642599884.85082,293.926108,0.608124,8479.6303,105,5,ok
smsemoa,rc206_21,25,659369374.446831,186.309022,1.558333,7769.7643,105,4,ok
smsemoa,rc206_21,26,682025510.507514,117.082712,0.992449,6438.4351,105,3,ok
smsemoa,rc206_21,27,660201062.120521,214.952092,1.527309,13099.1287,105,4,ok
smsemoa,rc206_21,28,687214665.232953,98.9862,0.716849,9981.0409,105,4,ok
smsemoa,rc206_21,29,682655314.059009,113.412904,1.308831,13734.386,105,4,ok
smsemoa,rc206_21,30,734289858.572037,117.200481,3.015183,13111.1335,105,4,ok
moead_ws,rc207_21,1,239884833.60144,295.23226,3.273711,10348.0153,96,2,ok
moead_ws,rc207_21,2,273998182.135394,134.849459,2.633606,11393.8431,87,3,ok
moead_ws,rc207_21,3,281226196.701558,162.424886,6.846629,10911.7996,91,3,ok
moead_ws,rc207_21,4,263245233.451521,280.933331,7.613407,10518.3129,103,2,ok
moead_ws,rc207_21,5,227619599.505421,331.516753,4.604108,12241.8908,101,4,ok
moead_ws,rc207_21,6,268391637.207609,424.912669,3.197853,10122.4259,104,4,ok
moead_ws,rc207_21,7,253048801.755585,241.655113,2.594314,8056.0004,91,2,ok
moead_ws,rc207_21,8,249374885.33969,389.465263,3.442125,9186.6555,100,4,ok
moead_ws,rc207_21,9,265267189.476635,197.028735,3.659168,10537.5643,97,5,ok
moead_ws,rc207_21,10,207212214.696852,238.678271,5.292216,13830.2576,104,4,ok
moead_ws,rc207_21,11,272312658.976701,149.55048,4.284203,10812.1352,92,3,ok
moead_ws,rc207_21,12,306379461.898457,210.308262,7.095073,11556.3432,98,4,ok
moead_ws,rc207_21,13,257307306.699836,239.391707,6.309878,13185.3297,98,5,ok
moead_ws,rc207_21,14,230080289.761688,294.257934,6.648799,13075.0098,93,4,ok
moead_ws,rc207_21,15,256528287.324273,339.827419,3.002477,9963.0567,102,4,ok
moead_ws,rc207_21,16,258915833.364317,159.618139,3.845239,11121.6565,99,4,ok
moead_ws,rc207_21,17,234403943.662123,244.040603,6.685029,11981.5645,101,3,ok
moead_ws,rc207_21,18,271350740.392504,248.381034,7.371974,10515.5795,102,4,ok
moead_ws,rc207_21,19,232252127.79788,333.066649,6.543696,10052.2752,104,3,ok
moead_ws,rc207_21,20,260562489.58419,293.704831,4.915447,12254.7928,93,5,ok
moead_ws,rc207_21,21,267439735.759222,299.001194,7.549119,11044.4681,102,4,ok
moead_ws,rc207_21,22,241015758.645633,277.60683,3.260992,13158.8759,99,4,ok
moead_ws,rc207_21,23,264794016.069287,294.950217,4.1608,12032.0274,100,4,ok
moead_ws,rc207_21,24,225438884.057139,232.432514,2.766356,10747.8717,99,4,ok
moead_ws,rc207_21,25,277380155.78764,246.218396,5.801735,12155.0915,100,7,ok
moead_ws,rc207_21,26,238211833.538419,430.074338,6.688992,7564.1956,100,4,ok
moead_ws,rc207_21,27,264030873.26118,243.330434,2.730264,13158.1022,95,4,ok
moead_ws,rc207_21,28,239700421.217538,307.856721,4.519639,10871.0135,100,3,ok
moead_ws,rc207_21,29,241054661.789841,361.840321,6.073534,11952.8904,103,3,ok
moead_ws,rc207_21,30,266180629.638502,218.194278,2.737808,10064.0844,98,4,ok
nsga2,rc207_21,1,318977015.330389,386.832361,0.783063,8582.368,105,4,ok
nsga2,rc207_21,2,298016181.808482,210.443567,0.74526,8018.0057,105,2,ok
nsga2,rc207_21,3,324031571.076066,348.290285,0.590213,7916.6137,105,5,ok
nsga2,rc207_21,4,324194053.432333,366.590211,1.502362,5051.5384,103,3,ok
nsga2,rc207_21,5,346329097.860083,161.236836,0.590485,5932.3182,105,3,ok
nsga2,rc207_21,6,351394811.878139,95.797008,1.071326,5283.3715,105,2,ok
nsga2,rc207_21,7,354221979.545326,100.867567,6.490375,12954.1095,105,3,ok
nsga2,rc207_21,8,343077541.047178,226.95467,0.709766,6549.9171,105,3,ok
nsga2,rc207_21,9,353540695.670116,126.276267,0.68338,6466.5665,105,3,ok
nsga2,rc207_21,10,340357363.531761,208.215542,6.348878,6211.9845,104,3,ok
nsga2,rc207_21,11,347200043.614763,190.518018,0.74025,3915.7188,103,4,ok
nsga2,rc207_21,12,344259357.909757,182.739831,0.479002,6259.2393,105,4,ok
nsga2,rc207_21,13,355276989.919074,120.736558,0.687368,7854.0022,105,3,ok
nsga2,rc207_21,14,351312715.715832,122.794909,0.709127,6518.1012,105,3,ok
nsga2,rc207_21,15,355213586.195556,85.752776,0.638599,3866.0973,105,3,ok
nsga2,rc207_21,16,332973834.175862,286.857759,1.031517,6216.6681,105,4,ok
nsga2,rc207_21,17,388246418.678059,124.026295,0.661692,4312.4082,105,4,ok
nsga2,rc207_21,18,347988933.554172,181.874039,0.611717,6518.1367,105,4,ok
nsga2,rc207_21,19,354761999.764388,121.026837,1.597199,5615.745,105,3,ok
nsga2,rc207_21,20,344504686.314852,182.445815,0.876929,4298.6559,105,3,ok
nsga2,rc207_21,21,325632042.425628,341.502735,0.617181,6459.0387,101,4,ok
nsga2,rc207_21,22,358453840.781476,104.016969,0.525556,6981.421,105,4,ok
nsga2,rc207_21,23,337471749.046079,228.765692,0.56656,3277.6004,105,3,ok
nsga2,rc207_21,24,360521666.191954,102.423849,3.2718,11484.8756,105,2,ok
nsga2,rc207_21,25,353017860.870008,130.960384,0.609734,4983.4654,105,4,ok
nsga2,rc207_21,26,348556074.77137,164.228576,0.809978,6625.8833,105,4,ok
nsga2,rc207_21,27,350630840.952112,150.463708,0.389635,5025.604,105,3,ok
nsga2,rc207_21,28,341265572.956566,222.343345,0.503469,6360.7169,105,4,ok
nsga2,rc207_21,29,350327625.939115,154.746106,0.701378,5811.327,105,3,ok
nsga2,rc207_21,30,304630375.149024,174.894604,1.009573,7667.3338,105,2,ok
smsemoa,rc207_21,1,350721645.809317,134.156041,0.780548,5218.2518,105,3,ok
smsemoa,rc207_21,2,349916392.791273,148.205836,1.691431,10223.6244,105,3,ok
smsemoa,rc207_21,3,353453092.677472,115.176218,1.053386,6768.1102,105,3,ok
smsemoa,rc207_21,4,361738918.749101,73.144751,1.23833,5690.4062,105,3,ok
smsemoa,rc207_21,5,355025465.360862,125.356978,1.034213,8016.9,105,4,ok
smsemoa,rc207_21,6,361162983.317808,51.552647,1.35975,7697.6098,105,3,ok
smsemoa,rc207_21,7,356381949.226383,97.814463,1.28504,8587.6537,105,3,ok
smsemoa,rc207_21,8,362900197.244438,51.594998,1.223801,5109.4383,105,3,ok
smsemoa,rc207_21,9,370244929.563078,12.846632,0.831573,6918.6023,105,3,ok
smsemoa,rc207_21,10,359792921.229126,78.363773,0.67815,5592.1646,105,3,ok
smsemoa,rc207_21,11,356716182.620005,106.167004,1.300368,8630.8451,105,4,ok
smsemoa,rc207_21,12,362673856.585668,74.492682,1.20197,8289.5265,105,3,ok
smsemoa,rc207_21,13,350198177.992457,133.195648,0.725489,4604.0537,105,4,ok
smsemoa,rc207_21,14,356917790.708185,99.988054,2.899627,5727.2174,105,3,ok
smsemoa,rc207_21,15,379206074.334425,113.812205,1.418126,7261.5898,105,3,ok
smsemoa,rc207_21,16,367239512.924349,2.991584,0.837842,9868.7244,105,3,ok
smsemoa,rc207_21,17,347136768.274977,164.51983,2.464975,5221.6251,105,3,ok
smsemoa,rc207_21,18,349135094.520528,123.964692,0.82927,6167.7172,105,4,ok
smsemoa,rc207_21,19,357076294.905799,85.578914,2.152578,6155.302,105,4,ok
smsemoa,rc207_21,20,350444768.920839,132.786487,0.833528,7111.6739,105,4,ok
smsemoa,rc207_21,21,354826151.75896,90.753722,1.026653,7099.8623,105,3,ok
smsemoa,rc207_21,22,361698092.658067,99.471579,2.641212,8505.3812,105,4,ok
smsemoa,rc207_21,23,353993833.754801,100.39429,2.934358,7342.7811,105,3,ok
smsemoa,rc207_21,24,368555090.851586,16.438044,1.410435,5787.9353,105,3,ok
smsemoa,rc207_21,25,351323222.957682,134.858965,0.689466,7070.9448,105,3,ok
smsemoa,rc207_21,26,368654996.64504,14.027556,2.877008,12257.9979,104,3,ok
smsemoa,rc207_21,27,354325815.280319,109.462836,1.066419,3513.5306,105,2,ok
smsemoa,rc207_21,28,348385315.895752,148.565799,0.952362,4814.8391,105,4,ok
smsemoa,rc207_21,29,344781620.744366,157.077338,1.267245,5206.9784,105,4,ok
smsemoa,rc207_21,30,353655463.282749,114.470424,1.183957,5604.1707,105,4,ok
moead_ws,rc208_21,1,157883313.590426,216.932227,8.877162,8679.9545,96,4,ok
moead_ws,rc208_21,2,139238972.523907,218.371902,6.912305,6634.8374,99,3,ok
moead_ws,rc208_21,3,155717146.14205,146.009806,3.138034,4627.4381,100,2,ok
moead_ws,rc208_21,4,158809608.308494,123.203482,8.182632,7539.9394,101,3,ok
moead_ws,rc208_21,5,135709076.481087,259.746848,5.100182,8608.841,101,4,ok
moead_ws,rc208_21,6,165568285.320143,103.1274,6.777696,5551.3417,102,3,ok
moead_ws,rc208_21,7,167741304.361199,82.258391,9.307514,6861.3743,100,4,ok
moead_ws,rc208_21,8,139202163.035369,203.996514,4.087582,6438.134,92,2,ok
moead_ws,rc208_21,9,138292583.924982,226.012283,4.637189,7068.3406,104,3,ok
moead_ws,rc208_21,10,143629788.25862,234.056141,1.864323,6003.4342,102,2,ok
moead_ws,rc208_21,11,142263899.604763,185.139903,7.456708,6887.6137,103,2,ok
moead_ws,rc208_21,12,148652566.187177,150.430039,4.026115,5664.1598,100,2,ok
moead_ws,rc208_21,13,145176055.578221,213.125073,8.90706,6863.1053,102,3,ok
moead_ws,rc208_21,14,177532853.452648,97.894626,7.481285,7002.6342,72,5,ok
moead_ws,rc208_21,15,153032061.450685,217.977219,3.716959,6498.2423,94,3,ok
moead_ws,rc208_21,16,146959548.554615,154.135909,6.690661,6004.9722,101,2,ok
moead_ws,rc208_21,17,160241473.543967,215.746929,2.85539,5593.3627,98,4,ok
moead_ws,rc208_21,18,169802483.295421,96.051219,4.602067,4116.1809,101,3,ok
moead_ws,rc208_21,19,149084272.614358,116.836287,2.841352,7213.1474,102,4,ok
moead_ws,rc208_21,20,160048746.249446,162.023433,6.462497,6813.3712,92,5,ok
moead_ws,rc208_21,21,142228112.01877,194.344303,5.01168,6642.6855,96,3,ok
moead_ws,rc208_21,22,142920793.383048,155.002136,7.013566,6737.4511,102,2,ok
moead_ws,rc208_21,23,147422062.14685,288.565704,2.791342,4620.8208,101,2,ok
moead_ws,rc208_21,24,162703411.702046,219.928176,5.992454,4290.7556,103,3,ok
moead_ws,rc208_21,25,129761049.082906,195.785496,6.243754,8868.5823,100,3,ok
moead_ws,rc208_21,26,144995907.42789,240.683165,2.773859,5325.9959,101,2,ok
moead_ws,rc208_21,27,142368844.825953,144.966535,3.689908,6451.2469,100,2,ok
moead_ws,rc208_21,28,139031555.364865,241.057029,8.59713,7455.8805,103,2,ok
moead_ws,rc208_21,29,159542847.608118,163.392555,7.49935,6624.0653,104,3,ok
moead_ws,rc208_21,30,157008099.259182,133.072961,3.052153,4633.2662,86,3,ok
nsga2,rc208_21,1,172751594.314703,193.698067,0.822459,6545.611,105,2,ok
nsga2,rc208_21,2,170957073.774498,243.765911,0.383554,3378.3477,105,2,ok
nsga2,rc208_21,3,211242603.440804,22.757618,1.016222,5096.9117,103,3,ok
nsga2,rc208_21,4,206730922.965829,80.716641,0.633942,4288.1343,105,3,ok
nsga2,rc208_21,5,202817030.903788,57.657596,1.573426,3307.0219,62,2,ok
nsga2,rc208_21,6,198302879.695569,174.300548,0.591654,4877.3179,105,3,ok
nsga2,rc208_21,7,169921650.270467,298.018193,0.546202,3605.3184,105,3,ok
nsga2,rc208_21,8,203674766.436546,123.624827,0.555677,2345.3845,105,3,ok
nsga2,rc208_21,9,212246770.712382,4.738088,0.817524,3210.2459,105,3,ok
nsga2,rc208_21,10,172880704.909258,223.760399,0.618132,3149.42,105,2,ok
nsga2,rc208_21,11,202144297.62668,125.548577,0.856632,2216.8062,105,4,ok
nsga2,rc208_21,12,183722095.18617,15.919021,2.813292,2988.5186,105,2,ok
nsga2,rc208_21,13,201892519.466639,153.268669,0.703438,4173.6238,105,3,ok
nsga2,rc208_21,14,170664096.767912,214.597907,0.961459,1176.2534,55,2,ok
nsga2,rc208_21,15,203058969.094316,104.963427,0.650192,3357.778,105,3,ok
nsga2,rc208_21,16,184875562.871333,18.955779,3.193841,6210.7579,77,1,ok
nsga2,rc208_21,17,204692359.57465,73.743434,2.193854,4671.6129,104,2,ok
nsga2,rc208_21,18,203505118.377318,125.200689,0.518291,2927.9254,105,2,ok
nsga2,rc208_21,19,192352575.581368,275.10554,0.673095,3702.1278,105,4,ok
nsga2,rc208_21,20,203674652.101522,99.197641,2.093093,3513.5584,105,3,ok
nsga2,rc208_21,21,188742410.314834,277.69452,0.990875,3965.3316,98,4,ok
nsga2,rc208_21,22,203021077.11543,76.756092,0.741461,2168.3978,105,2,ok
nsga2,rc208_21,23,173959227.236909,170.338042,0.749761,3222.1347,105,2,ok
nsga2,rc208_21,24,210357950.738489,16.71201,0.798593,1715.3262,104,3,ok
nsga2,rc208_21,25,173011690.908559,193.764234,0.730289,2987.7673,105,2,ok
nsga2,rc208_21,26,190909634.589184,260.768731,1.282739,5821.5684,105,3,ok
nsga2,rc208_21,27,168697185.19401,255.515107,0.788716,1893.6808,105,2,ok
nsga2,rc208_21,28,202434154.497405,79.38518,0.679537,3553.7481,105,3,ok
nsga2,rc208_21,29,175635632.616228,169.834425,0.793538,5213.5791,105,2,ok
nsga2,rc208_21,30,206195918.301312,14.609246,0.56038,2758.5728,105,3,ok
smsemoa,rc208_21,1,200625194.832292,160.508842,1.654495,3317.955,105,3,ok
smsemoa,rc208_21,2,202893996.621753,105.164386,1.679748,4493.8049,105,4,ok
smsemoa,rc208_21,3,197748253.95704,94.059314,1.630109,6182.6627,105,3,ok
smsemoa,rc208_21,4,202368390.023784,86.618341,0.830891,5247.9471,105,3,ok
smsemoa,rc208_21,5,199595443.093862,121.772647,1.605407,5612.6644,105,3,ok
smsemoa,rc208_21,6,201867824.555796,79.015223,0.987779,3452.0811,99,3,ok
smsemoa,rc208_21,7,204491280.522418,67.517796,4.146069,5894.7775,105,4,ok
smsemoa,rc208_21,8,203845209.646926,80.887793,4.416874,8059.942,99,3,ok
smsemoa,rc208_21,9,195697461.750471,71.770316,1.42856,3420.8744,105,3,ok
smsemoa,rc208_21,10,203399878.764324,29.577442,1.352568,5862.0958,105,3,ok
smsemoa,rc208_21,11,207377926.34519,29.692302,0.989961,6057.9745,105,3,ok
smsemoa,rc208_21,12,207398618.680073,4.681487,1.141932,3514.4733,105,3,ok
smsemoa,rc208_21,13,181829660.968494,60.093134,1.804247,3422.6562,105,2,ok
smsemoa,rc208_21,14,205796490.548065,58.978635,0.737944,5547.5598,105,3,ok
smsemoa,rc208_21,15,202591662.304179,68.359257,0.917777,5587.97,105,3,ok
smsemoa,rc208_21,16,202795515.384636,73.001306,1.012917,3139.7619,105,3,ok
smsemoa,rc208_21,17,201003010.125002,124.417179,1.198464,6198.8021,105,3,ok
smsemoa,rc208_21,18,200690530.182418,99.783003,1.03521,3886.5313,104,3,ok
smsemoa,rc208_21,19,200965954.941136,87.786843,0.874869,6341.0014,105,4,ok
smsemoa,rc208_21,20,184579497.280286,10.929766,0.874291,1663.6975,76,2,ok
smsemoa,rc208_21,21,198037974.835468,138.237431,0.77254,5734.1926,105,3,ok
smsemoa,rc208_21,22,210139689.897373,16.937661,1.237527,4084.1033,105,3,ok
smsemoa,rc208_21,23,171722945.801551,219.675189,1.645519,2869.4328,105,2,ok
smsemoa,rc208_21,24,206699744.511782,44.065234,1.097884,3162.2553,105,2,ok
smsemoa,rc208_21,25,206799830.815506,32.348024,2.898907,6981.0316,100,3,ok
smsemoa,rc208_21,26,203125985.819777,58.111199,2.577081,4636.0226,105,3,ok
smsemoa,rc208_21,27,182797477.574028,51.484373,0.785087,3529.5375,105,2,ok
smsemoa,rc208_21,28,202369196.864112,121.75112,1.273017,3595.1597,105,3,ok
smsemoa,rc208_21,29,207060272.074751,25.460214,0.963868,4526.1612,105,3,ok
smsemoa,rc208_21,30,206094986.577816,74.719708,0.725919,3332.3412,105,2,ok
