algorithm,generation,n_eval,n_feasible,best_f1,best_f2,best_f3,mean_f1_feas,mean_f2_feas,mean_f3_feas,min_cv_pop
NSGA-II,1,100,30,27.0000,3454.0910,922.3553,37.6667,3894.1431,953.7432,0.000000
NSGA-II,2,200,72,27.0000,3283.2847,922.3553,35.8889,3827.5007,959.2982,0.000000
NSGA-II,3,300,84,27.0000,3283.2847,922.3553,35.4881,3804.4418,951.8536,0.000000
NSGA-II,4,400,85,25.0000,3283.2847,922.3553,33.8824,3719.0896,952.0604,0.000000
NSGA-II,5,500,88,25.0000,3283.2847,922.3553,33.1364,3681.9874,948.3689,0.000000
NSGA-II,6,600,89,25.0000,3283.2847,922.3553,32.3933,3642.0878,949.1893,0.000000
NSGA-II,7,700,91,25.0000,3267.8650,922.3553,31.2418,3576.0238,949.5796,0.000000
NSGA-II,8,800,88,25.0000,3162.7615,922.3553,31.2045,3558.3269,946.4827,0.000000
NSGA-II,9,900,89,25.0000,3162.7615,922.3553,30.9775,3534.2684,947.2581,0.000000
NSGA-II,10,1000,90,25.0000,3162.7615,922.3553,30.4778,3496.3922,948.2479,0.000000
NSGA-II,11,1100,89,25.0000,3142.1917,922.3553,30.2472,3469.1717,946.7307,0.000000
NSGA-II,12,1200,89,25.0000,3142.1917,922.3553,30.0787,3454.4788,946.6806,0.000000
NSGA-II,13,1300,88,25.0000,3142.1917,922.3553,29.8750,3435.0010,945.4252,0.000000
NSGA-II,14,1400,84,24.0000,3105.6453,922.3553,29.6786,3415.4832,944.3605,0.000000
NSGA-II,15,1500,85,24.0000,3105.6453,922.3553,29.1765,3395.4265,946.3197,0.000000
NSGA-II,16,1600,87,24.0000,3105.6453,922.3553,28.9655,3383.5031,945.8916,0.000000
NSGA-II,17,1700,90,24.0000,3105.6453,922.3553,28.9222,3355.7513,943.0799,0.000000
NSGA-II,18,1800,89,24.0000,3105.6453,922.3553,28.3371,3332.5802,944.9667,0.000000
NSGA-II,19,1900,87,24.0000,3093.8907,922.3553,28.0690,3317.7133,944.3133,0.000000
NSGA-II,20,2000,91,24.0000,3088.6178,922.3553,27.9780,3308.3471,944.8467,0.000000
NSGA-II,21,2100,90,24.0000,3088.6178,922.3553,27.7889,3295.7472,945.5273,0.000000
NSGA-II,22,2200,92,21.0000,3074.1316,922.3553,27.6413,3281.6286,944.4297,0.000000
NSGA-II,23,2300,94,21.0000,3074.1316,922.3553,27.7021,3268.3197,943.3005,0.000000
NSGA-II,24,2400,94,21.0000,3074.1316,922.3553,27.3085,3258.5698,944.5752,0.000000
NSGA-II,25,2500,95,21.0000,3074.1316,922.3553,26.9053,3249.4101,946.1936,0.000000
NSGA-II,26,2600,96,21.0000,3074.1316,922.3553,26.7708,3248.6612,945.7362,0.000000
NSGA-II,27,2700,96,21.0000,3023.8284,922.3553,26.8750,3237.0596,945.2710,0.000000
NSGA-II,28,2800,96,21.0000,3023.8284,922.3553,26.9479,3219.0300,944.8286,0.000000
NSGA-II,29,2900,97,21.0000,3023.8284,922.3553,26.6082,3215.2497,945.3088,0.000000
NSGA-II,30,3000,94,21.0000,3023.8284,922.3553,26.4255,3202.4605,946.3172,0.000000
NSGA-II,31,3100,97,21.0000,3023.8284,922.3553,26.4433,3200.4226,944.5413,0.000000
NSGA-II,32,3200,98,21.0000,3023.8284,922.3553,26.4286,3192.8809,944.4029,0.000000
NSGA-II,33,3300,97,21.0000,3023.8284,922.3553,26.4845,3186.5701,943.6426,0.000000
NSGA-II,34,3400,97,21.0000,2993.5048,922.3553,26.4742,3181.7197,943.1414,0.000000
NSGA-II,35,3500,98,21.0000,2993.5048,922.3553,26.3469,3174.9008,944.4776,0.000000
NSGA-II,36,3600,98,21.0000,2993.5048,922.3553,26.3061,3168.2624,944.7245,0.000000
NSGA-II,37,3700,98,21.0000,2993.5048,922.3553,26.1327,3171.5331,944.3567,0.000000
NSGA-II,38,3800,98,21.0000,2993.5048,922.3553,26.0510,3162.5358,946.0647,0.000000
NSGA-II,39,3900,99,21.0000,2993.5048,922.3553,25.9495,3162.1031,946.8625,0.000000
NSGA-II,40,4000,99,21.0000,2993.5048,922.3553,25.9394,3157.1033,946.6291,0.000000
NSGA-II,41,4100,98,21.0000,2985.0250,922.3553,25.9286,3151.7545,945.9268,0.000000
NSGA-II,42,4200,98,21.0000,2985.0250,922.3553,25.9388,3144.1181,945.9015,0.000000
NSGA-II,43,4300,99,21.0000,2973.6910,922.3553,25.8586,3140.9350,946.1869,0.000000
NSGA-II,44,4400,98,21.0000,2973.6910,922.3553,25.5408,3145.5701,947.1198,0.000000
NSGA-II,45,4500,98,21.0000,2973.6910,922.3553,25.4388,3147.8927,947.7449,0.000000
NSGA-II,46,4600,98,21.0000,2973.6910,922.3553,25.4592,3144.6697,947.7735,0.000000
NSGA-II,47,4700,97,21.0000,2973.6910,922.3553,25.3711,3145.5411,948.9183,0.000000
NSGA-II,48,4800,97,20.0000,2973.6910,922.3553,25.1443,3149.7040,949.4786,0.000000
NSGA-II,49,4900,98,20.0000,2932.4680,922.3553,25.1429,3145.0706,949.1193,0.000000
NSGA-II,50,5000,98,20.0000,2932.4680,922.3553,25.1224,3144.4966,948.8965,0.000000
NSGA-II,51,5100,98,20.0000,2932.4680,922.3553,25.1327,3139.7842,948.4761,0.000000
NSGA-II,52,5200,98,20.0000,2932.4680,922.3553,25.1939,3135.1524,948.7709,0.000000
NSGA-II,53,5300,97,20.0000,2932.4680,922.3553,25.0412,3132.6204,950.1363,0.000000
NSGA-II,54,5400,98,20.0000,2932.4680,922.3553,25.1020,3133.9288,949.3286,0.000000
NSGA-II,55,5500,97,20.0000,2932.4680,922.3553,25.1237,3125.9310,950.3045,0.000000
NSGA-II,56,5600,96,20.0000,2932.4680,922.3553,25.1146,3122.8457,950.9078,0.000000
NSGA-II,57,5700,96,20.0000,2932.4680,922.3553,25.1250,3121.7863,950.4211,0.000000
NSGA-II,58,5800,95,20.0000,2932.4680,922.3553,25.2316,3119.8971,951.1398,0.000000
NSGA-II,59,5900,94,20.0000,2932.4680,922.3553,25.2766,3108.2702,951.9619,0.000000
NSGA-II,60,6000,95,20.0000,2932.4680,922.3553,25.1263,3103.4974,951.3353,0.000000
NSGA-II,61,6100,93,20.0000,2853.2073,922.3553,25.1505,3101.3959,952.0449,0.000000
NSGA-II,62,6200,92,20.0000,2853.2073,922.3553,25.1087,3098.5787,952.6089,0.000000
NSGA-II,63,6300,93,20.0000,2853.2073,922.3553,25.2043,3091.8014,953.2175,0.000000
NSGA-II,64,6400,93,20.0000,2853.2073,922.3553,25.2796,3086.3704,952.6058,0.000000
NSGA-II,65,6500,94,20.0000,2853.2073,922.3553,25.2979,3079.6489,952.8602,0.000000
NSGA-II,66,6600,94,20.0000,2853.2073,922.3553,25.2660,3082.4386,950.1440,0.000000
NSGA-II,67,6700,93,20.0000,2853.2073,922.3553,25.2258,3078.4034,950.4495,0.000000
NSGA-II,68,6800,93,20.0000,2853.2073,922.3553,25.3226,3076.7270,951.5886,0.000000
NSGA-II,69,6900,93,20.0000,2853.2073,922.3553,25.2581,3081.0792,951.5839,0.000000
NSGA-II,70,7000,93,20.0000,2853.2073,922.3553,25.3763,3072.8840,950.7159,0.000000
NSGA-II,71,7100,92,20.0000,2786.4948,922.3553,25.2826,3071.2941,950.3333,0.000000
NSGA-II,72,7200,92,20.0000,2786.4948,922.3553,25.2935,3070.7777,951.2716,0.000000
NSGA-II,73,7300,91,20.0000,2786.4948,922.3553,25.1429,3073.4811,951.4100,0.000000
NSGA-II,74,7400,92,20.0000,2786.4948,922.3553,25.1848,3066.1099,950.1092,0.000000
NSGA-II,75,7500,95,20.0000,2786.4948,922.3553,25.2421,3056.9391,949.3470,0.000000
NSGA-II,76,7600,93,20.0000,2786.4948,922.3553,25.1398,3049.7115,949.0723,0.000000
NSGA-II,77,7700,93,20.0000,2786.4948,922.3553,25.0753,3044.3056,949.2460,0.000000
NSGA-II,78,7800,93,20.0000,2786.4948,922.3553,25.0215,3043.3206,949.0695,0.000000
NSGA-II,79,7900,92,20.0000,2786.4948,922.3553,24.8804,3049.2834,947.5568,0.000000
NSGA-II,80,8000,92,20.0000,2786.4948,922.3553,24.8261,3044.3200,947.5758,0.000000
NSGA-II,81,8100,92,20.0000,2786.4948,922.3553,24.8043,3040.6175,947.4149,0.000000
NSGA-II,82,8200,91,20.0000,2786.4948,922.3553,24.6593,3042.0743,948.9173,0.000000
NSGA-II,83,8300,92,20.0000,2786.4948,922.3553,24.6848,3037.5429,948.9472,0.000000
NSGA-II,84,8400,92,20.0000,2786.4948,922.3553,24.5109,3046.1117,948.2975,0.000000
NSGA-II,85,8500,91,20.0000,2786.4948,922.3553,24.3956,3046.2502,948.4491,0.000000
NSGA-II,86,8600,90,20.0000,2786.4948,922.3553,24.2889,3046.9260,947.3580,0.000000
NSGA-II,87,8700,89,20.0000,2786.4948,922.3553,24.3034,3046.1374,946.6885,0.000000
NSGA-II,88,8800,89,20.0000,2786.4948,922.3553,24.2472,3050.8227,946.9669,0.000000
NSGA-II,89,8900,91,20.0000,2786.4948,922.3553,24.2857,3049.1922,946.6379,0.000000
NSGA-II,90,9000,91,20.0000,2786.4948,922.3553,24.2857,3049.0608,946.6379,0.000000
NSGA-II,91,9100,92,20.0000,2786.4948,922.3553,24.3261,3047.1863,946.4871,0.000000
NSGA-II,92,9200,92,20.0000,2786.4948,922.3553,24.4130,3045.1414,946.4867,0.000000
NSGA-II,93,9300,92,20.0000,2786.4948,922.3553,24.2500,3046.6874,945.9564,0.000000
NSGA-II,94,9400,92,20.0000,2786.4948,922.3553,24.2935,3044.3484,945.6138,0.000000
NSGA-II,95,9500,93,20.0000,2786.4948,922.3553,24.2903,3042.7862,945.7862,0.000000
NSGA-II,96,9600,93,20.0000,2786.4948,922.3553,24.2473,3040.9782,945.9505,0.000000
NSGA-II,97,9700,92,20.0000,2786.4948,922.3553,24.2283,3037.4836,947.0032,0.000000
NSGA-II,98,9800,92,20.0000,2786.4948,922.3553,24.1739,3037.3624,946.7924,0.000000
NSGA-II,99,9900,92,20.0000,2786.4948,922.3553,24.3043,3031.0971,946.4682,0.000000
NSGA-II,100,10000,92,20.0000,2786.4948,922.3553,24.3261,3031.6491,945.2537,0.000000
NSGA-II,101,10100,92,20.0000,2786.4948,922.3553,24.3478,3027.8237,945.4365,0.000000
NSGA-II,102,10200,92,20.0000,2786.4948,922.3553,24.4239,3025.9670,944.9187,0.000000
NSGA-II,103,10300,91,20.0000,2786.4948,922.3553,24.3626,3029.4004,945.0857,0.000000
NSGA-II,104,10400,93,20.0000,2786.4948,922.3553,24.3333,3031.7808,944.9691,0.000000
NSGA-II,105,10500,93,20.0000,2786.4948,922.3553,24.5591,3021.2530,944.8276,0.000000
NSGA-II,106,10600,92,20.0000,2786.4948,922.3553,24.5870,3019.1801,944.6675,0.000000
NSGA-II,107,10700,93,20.0000,2786.4948,922.3553,24.6344,3015.7091,944.3605,0.000000
NSGA-II,108,10800,93,20.0000,2786.4948,922.3553,24.6129,3015.3151,943.6785,0.000000
NSGA-II,109,10900,92,20.0000,2786.4948,922.3553,24.6522,3011.5703,943.6671,0.000000
NSGA-II,110,11000,92,20.0000,2786.4948,922.3553,24.2826,3018.6900,946.1828,0.000000
NSGA-II,111,11100,92,20.0000,2786.4948,922.3553,24.2826,3018.2282,946.8557,0.000000
NSGA-II,112,11200,92,20.0000,2786.4948,922.3553,24.2826,3015.0464,946.2674,0.000000
NSGA-II,113,11300,91,20.0000,2786.4948,922.3553,24.2418,3018.6107,946.4776,0.000000
NSGA-II,114,11400,92,20.0000,2786.4948,922.3553,24.5326,3002.1312,945.3859,0.000000
NSGA-II,115,11500,92,20.0000,2786.4948,922.3553,24.4457,3003.2426,945.3521,0.000000
NSGA-II,116,11600,92,20.0000,2786.4948,922.3553,24.3913,3000.3741,945.2546,0.000000
NSGA-II,117,11700,92,20.0000,2786.4948,922.3553,24.3696,2993.7180,946.2120,0.000000
NSGA-II,118,11800,92,20.0000,2786.4948,922.3553,24.3587,2988.2383,945.9568,0.000000
NSGA-II,119,11900,92,20.0000,2786.4948,922.3553,24.4457,2984.1167,945.3721,0.000000
NSGA-II,120,12000,92,20.0000,2786.4948,922.3553,24.2935,2992.0587,945.6746,0.000000
NSGA-II,121,12100,92,20.0000,2786.4948,922.3553,24.4348,2981.3399,945.7507,0.000000
NSGA-II,122,12200,92,20.0000,2786.4948,922.3553,24.4565,2977.9241,945.2458,0.000000
NSGA-II,123,12300,93,20.0000,2786.4948,922.3553,24.5591,2969.0361,945.0765,0.000000
NSGA-II,124,12400,94,20.0000,2770.3863,922.3553,24.5000,2961.9529,946.2713,0.000000
NSGA-II,125,12500,95,20.0000,2770.3863,922.3553,24.4632,2957.8374,945.5396,0.000000
NSGA-II,126,12600,95,20.0000,2770.3863,922.3553,24.4105,2963.5322,943.8998,0.000000
NSGA-II,127,12700,95,20.0000,2770.3863,922.3553,24.4842,2953.1569,944.6230,0.000000
NSGA-II,128,12800,96,20.0000,2761.9601,922.3553,24.4792,2950.5970,946.2180,0.000000
NSGA-II,129,12900,96,20.0000,2761.9601,922.3553,24.3958,2953.7866,946.4319,0.000000
NSGA-II,130,13000,96,20.0000,2761.9601,922.3553,24.3542,2955.7651,945.5025,0.000000
NSGA-II,131,13100,96,20.0000,2761.9601,922.3553,24.3229,2955.0359,945.4379,0.000000
NSGA-II,132,13200,96,20.0000,2761.9601,922.3553,24.3542,2954.1891,945.1730,0.000000
NSGA-II,133,13300,96,20.0000,2761.9601,922.3553,24.3021,2951.3049,945.3584,0.000000
NSGA-II,134,13400,97,20.0000,2761.9601,922.3553,24.2990,2949.8435,945.3807,0.000000
NSGA-II,135,13500,97,20.0000,2761.9601,922.3553,24.3505,2946.8027,945.6639,0.000000
NSGA-II,136,13600,97,20.0000,2761.9601,922.3553,24.3711,2945.8265,945.7940,0.000000
NSGA-II,137,13700,98,20.0000,2761.9601,922.3553,24.3673,2945.1942,946.2049,0.000000
NSGA-II,138,13800,98,20.0000,2761.9601,922.3553,24.2041,2955.2267,944.0689,0.000000
NSGA-II,139,13900,98,20.0000,2761.9601,922.3553,24.1939,2956.1203,944.4837,0.000000
NSGA-II,140,14000,98,20.0000,2761.9601,922.3553,24.4286,2948.4415,943.6434,0.000000
NSGA-II,141,14100,98,20.0000,2761.9601,922.3553,24.4898,2944.8378,944.0725,0.000000
NSGA-II,142,14200,98,20.0000,2761.9601,922.3553,24.2143,2956.6453,943.2060,0.000000
NSGA-II,143,14300,98,20.0000,2761.9601,922.3553,24.3367,2940.3907,943.3048,0.000000
NSGA-II,144,14400,98,20.0000,2761.9601,922.3553,24.1531,2940.7939,943.1143,0.000000
NSGA-II,145,14500,97,20.0000,2761.9601,922.3553,24.2371,2933.3154,942.5981,0.000000
NSGA-II,146,14600,97,20.0000,2761.9601,922.3553,24.1856,2933.3699,943.2059,0.000000
NSGA-II,147,14700,97,20.0000,2761.9601,922.3553,24.1340,2931.4251,943.3678,0.000000
NSGA-II,148,14800,98,20.0000,2761.9601,922.3553,24.4592,2919.7171,942.1730,0.000000
NSGA-II,149,14900,98,20.0000,2761.9601,922.3553,24.4082,2916.7033,942.0135,0.000000
NSGA-II,150,15000,98,20.0000,2761.9601,922.3553,24.3061,2914.8335,942.2853,0.000000
NSGA-II,151,15100,98,20.0000,2761.9601,922.3553,24.3980,2911.0819,941.5880,0.000000
NSGA-II,152,15200,98,20.0000,2743.3504,922.3553,24.5102,2906.4912,940.0899,0.000000
NSGA-II,153,15300,97,19.0000,2697.1139,922.3553,24.3711,2907.7459,941.1429,0.000000
NSGA-II,154,15400,97,19.0000,2697.1139,922.3553,24.3505,2905.0353,941.3479,0.000000
NSGA-II,155,15500,97,19.0000,2697.1139,922.3553,24.4845,2901.0663,940.8616,0.000000
NSGA-II,156,15600,97,19.0000,2697.1139,922.3553,24.5567,2896.9654,939.9369,0.000000
NSGA-II,157,15700,97,19.0000,2697.1139,922.3553,24.5258,2893.1409,940.6605,0.000000
NSGA-II,158,15800,97,19.0000,2697.1139,922.3553,24.5258,2892.9578,940.1499,0.000000
NSGA-II,159,15900,97,19.0000,2697.1139,922.3553,24.4021,2897.7959,939.3673,0.000000
NSGA-II,160,16000,97,19.0000,2679.3679,922.3553,24.4124,2892.3583,937.6682,0.000000
NSGA-II,161,16100,97,19.0000,2679.3679,922.3553,24.4433,2885.8075,937.4019,0.000000
NSGA-II,162,16200,96,19.0000,2679.3679,922.3553,24.4479,2884.8109,936.9510,0.000000
NSGA-II,163,16300,95,19.0000,2679.3679,922.3553,24.4421,2880.8249,936.8929,0.000000
NSGA-II,164,16400,95,19.0000,2679.3679,922.3553,24.1579,2893.6923,936.4184,0.000000
NSGA-II,165,16500,96,19.0000,2679.3679,922.3553,24.1875,2891.9795,935.5092,0.000000
NSGA-II,166,16600,96,19.0000,2679.3679,922.3553,24.0729,2891.3874,935.4753,0.000000
NSGA-II,167,16700,95,19.0000,2679.3679,922.3553,23.9053,2885.0760,935.8014,0.000000
NSGA-II,168,16800,94,19.0000,2679.3679,922.3553,23.9149,2881.8798,935.8264,0.000000
NSGA-II,169,16900,94,19.0000,2679.3679,922.3553,24.1064,2876.6291,934.9916,0.000000
NSGA-II,170,17000,94,19.0000,2679.3679,922.3553,24.0638,2876.5024,934.9916,0.000000
NSGA-II,171,17100,94,19.0000,2679.3679,922.3553,24.0106,2874.6870,935.5224,0.000000
NSGA-II,172,17200,94,19.0000,2679.3679,922.3553,24.0745,2871.8221,935.5206,0.000000
NSGA-II,173,17300,94,19.0000,2679.3679,922.3553,24.0319,2873.7763,935.9380,0.000000
NSGA-II,174,17400,94,19.0000,2679.3679,922.3553,23.9255,2876.0336,934.7588,0.000000
NSGA-II,175,17500,95,19.0000,2679.3679,922.3553,23.7895,2874.5405,934.1764,0.000000
NSGA-II,176,17600,95,19.0000,2679.3679,922.3553,23.6842,2873.1996,934.2675,0.000000
NSGA-II,177,17700,95,19.0000,2679.3679,922.3553,23.4211,2877.9739,935.0299,0.000000
NSGA-II,178,17800,95,19.0000,2679.3679,922.3553,23.3895,2880.2289,935.3289,0.000000
NSGA-II,179,17900,94,19.0000,2679.3679,922.3553,23.2553,2880.5747,934.9361,0.000000
NSGA-II,180,18000,93,19.0000,2679.3679,922.3553,23.2043,2879.1985,934.5263,0.000000
NSGA-II,181,18100,92,19.0000,2679.3679,922.3553,23.2283,2874.2900,934.5540,0.000000
NSGA-II,182,18200,92,19.0000,2670.5247,922.3553,23.2283,2871.2828,934.6364,0.000000
NSGA-II,183,18300,92,19.0000,2670.5247,922.3553,23.2283,2869.9763,934.6291,0.000000
NSGA-II,184,18400,92,19.0000,2670.5247,922.3553,23.1848,2865.9331,934.6910,0.000000
NSGA-II,185,18500,91,19.0000,2670.5247,922.3553,23.1648,2868.9823,934.9884,0.000000
NSGA-II,186,18600,92,19.0000,2670.5247,922.3553,23.2065,2863.9758,934.5182,0.000000
NSGA-II,187,18700,91,19.0000,2670.5247,922.3553,23.0220,2865.2279,934.9051,0.000000
NSGA-II,188,18800,92,19.0000,2670.5247,922.3553,22.9022,2867.9782,936.0931,0.000000
NSGA-II,189,18900,92,19.0000,2670.5247,922.3553,22.8696,2861.8835,936.2320,0.000000
NSGA-II,190,19000,92,19.0000,2670.5247,922.3553,22.7826,2864.1638,937.0087,0.000000
NSGA-II,191,19100,92,19.0000,2670.5247,922.3553,22.7391,2861.8223,937.7135,0.000000
NSGA-II,192,19200,90,19.0000,2670.5247,922.3553,22.6889,2862.2239,938.0170,0.000000
NSGA-II,193,19300,89,19.0000,2670.5247,922.3553,22.7978,2852.9055,937.7995,0.000000
NSGA-II,194,19400,89,19.0000,2670.5247,922.3553,22.7978,2852.9055,937.7995,0.000000
NSGA-II,195,19500,89,19.0000,2670.5247,922.3553,22.8315,2851.2956,938.6121,0.000000
NSGA-II,196,19600,87,19.0000,2670.5247,922.3553,22.9080,2848.9517,938.0752,0.000000
NSGA-II,197,19700,87,19.0000,2645.2703,922.3553,22.8621,2849.7561,937.7776,0.000000
NSGA-II,198,19800,88,19.0000,2645.2703,922.3553,22.7841,2839.3144,938.5168,0.000000
NSGA-II,199,19900,88,19.0000,2645.2703,922.3553,22.6705,2839.8048,939.0354,0.000000
NSGA-II,200,20000,88,19.0000,2645.2703,922.3553,22.7159,2837.2417,938.3857,0.000000
NSGA-II,201,20100,88,19.0000,2645.2703,922.3553,22.6818,2837.6788,939.0751,0.000000
NSGA-II,202,20200,88,19.0000,2645.2703,922.3553,22.6932,2835.9093,938.6954,0.000000
NSGA-II,203,20300,88,19.0000,2643.5372,922.3553,22.4773,2847.9302,939.8184,0.000000
NSGA-II,204,20400,86,19.0000,2643.5372,922.3553,22.3372,2843.7544,939.5273,0.000000
NSGA-II,205,20500,88,19.0000,2643.5372,922.3553,22.2614,2844.9112,940.4338,0.000000
NSGA-II,206,20600,88,19.0000,2643.5372,922.3553,22.2159,2843.7741,940.7262,0.000000
NSGA-II,207,20700,89,19.0000,2643.5372,922.3553,22.1910,2843.5895,940.1623,0.000000
NSGA-II,208,20800,88,19.0000,2643.5372,922.3553,22.1591,2843.2811,939.3385,0.000000
NSGA-II,209,20900,88,19.0000,2643.5372,922.3553,22.2273,2836.2691,939.0491,0.000000
NSGA-II,210,21000,87,19.0000,2643.5372,922.3553,22.1264,2831.6467,939.7118,0.000000
NSGA-II,211,21100,87,19.0000,2643.5372,922.3553,22.0460,2834.3793,940.4167,0.000000
NSGA-II,212,21200,87,19.0000,2643.5372,922.3553,22.0230,2831.2275,939.3628,0.000000
NSGA-II,213,21300,88,19.0000,2643.5372,922.3553,22.0114,2827.1853,939.3319,0.000000
NSGA-II,214,21400,88,19.0000,2643.5372,922.3553,21.9659,2831.7197,939.6358,0.000000
NSGA-II,215,21500,89,19.0000,2643.5372,922.3553,21.9775,2827.1712,939.4507,0.000000
NSGA-II,216,21600,90,19.0000,2643.5372,922.3553,21.9778,2828.2479,939.4396,0.000000
NSGA-II,217,21700,90,19.0000,2643.5372,922.3553,21.9556,2829.8085,939.3357,0.000000
NSGA-II,218,21800,90,19.0000,2643.5372,922.3553,21.9111,2827.8821,939.7662,0.000000
NSGA-II,219,21900,90,19.0000,2643.5372,922.3553,21.9111,2828.8955,939.3312,0.000000
NSGA-II,220,22000,91,19.0000,2643.5372,922.3553,22.0549,2823.8323,939.1447,0.000000
NSGA-II,221,22100,91,19.0000,2643.5372,922.3553,22.0659,2821.0792,938.6419,0.000000
NSGA-II,222,22200,90,19.0000,2643.5372,922.3553,22.0333,2821.4713,938.5917,0.000000
NSGA-II,223,22300,91,19.0000,2643.5372,922.3553,22.0220,2820.8653,938.8791,0.000000
NSGA-II,224,22400,91,19.0000,2608.2988,922.3553,22.0000,2818.8522,938.1279,0.000000
NSGA-II,225,22500,91,19.0000,2608.2988,922.3553,21.9451,2818.2956,938.1279,0.000000
NSGA-II,226,22600,91,19.0000,2608.2988,922.3553,21.7582,2823.9988,938.6485,0.000000
NSGA-II,227,22700,91,19.0000,2608.2988,922.3553,21.6813,2826.1098,940.1436,0.000000
NSGA-II,228,22800,91,19.0000,2608.2988,922.3553,21.4945,2834.8653,940.9233,0.000000
NSGA-II,229,22900,91,18.0000,2608.2988,922.3553,21.3846,2840.8864,941.0978,0.000000
NSGA-II,230,23000,91,18.0000,2608.2988,922.3553,21.3626,2840.7278,941.0978,0.000000
NSGA-II,231,23100,91,18.0000,2608.2988,922.3553,21.2967,2842.4526,941.6880,0.000000
NSGA-II,232,23200,90,18.0000,2608.2988,922.3553,21.2444,2844.2620,941.8222,0.000000
NSGA-II,233,23300,90,18.0000,2608.2988,922.3553,21.2444,2843.3334,941.8595,0.000000
NSGA-II,234,23400,89,18.0000,2608.2988,922.3553,21.2022,2847.3879,941.9609,0.000000
NSGA-II,235,23500,86,18.0000,2608.2988,922.3553,21.1395,2844.0704,942.4269,0.000000
NSGA-II,236,23600,87,18.0000,2608.2988,922.3553,21.1379,2839.1040,942.5624,0.000000
NSGA-II,237,23700,87,18.0000,2608.2988,922.3553,21.1379,2839.1040,942.5624,0.000000
NSGA-II,238,23800,87,18.0000,2608.2988,922.3553,21.1609,2835.5911,942.4703,0.000000
NSGA-II,239,23900,87,18.0000,2608.2988,922.3553,21.1379,2837.5700,941.7993,0.000000
NSGA-II,240,24000,87,18.0000,2608.2988,922.3553,21.1724,2827.8964,941.9894,0.000000
NSGA-II,241,24100,88,18.0000,2608.2988,922.3553,21.1250,2836.7228,942.4586,0.000000
NSGA-II,242,24200,89,18.0000,2608.2988,922.3553,21.1236,2833.5788,942.1316,0.000000
NSGA-II,243,24300,89,18.0000,2608.2988,922.3553,21.1236,2829.3927,942.2514,0.000000
NSGA-II,244,24400,89,18.0000,2608.2988,922.3553,21.1348,2826.6781,942.5150,0.000000
NSGA-II,245,24500,90,18.0000,2608.2988,922.3553,21.1000,2831.1663,942.5052,0.000000
NSGA-II,246,24600,90,18.0000,2608.2988,922.3553,21.0667,2834.0521,942.8088,0.000000
NSGA-II,247,24700,90,18.0000,2608.2988,922.3553,21.0000,2830.7513,942.3924,0.000000
NSGA-II,248,24800,90,18.0000,2608.2988,922.3553,20.9556,2836.7677,943.2070,0.000000
NSGA-II,249,24900,90,18.0000,2608.2988,922.3553,21.0000,2833.1370,942.2248,0.000000
NSGA-II,250,25000,90,18.0000,2583.9342,922.3553,20.8667,2833.6473,943.4746,0.000000
NSGA-II,251,25100,90,18.0000,2583.9342,922.3553,20.7889,2839.2295,943.6803,0.000000
NSGA-II,252,25200,90,18.0000,2583.9342,922.3553,20.7222,2844.0807,943.9918,0.000000
NSGA-II,253,25300,91,18.0000,2583.9342,922.3553,20.6593,2842.5645,943.2032,0.000000
NSGA-II,254,25400,91,18.0000,2583.9342,922.3553,20.6593,2842.5645,943.2032,0.000000
NSGA-II,255,25500,91,18.0000,2583.9342,922.3553,20.6484,2844.7538,942.7374,0.000000
NSGA-II,256,25600,91,18.0000,2583.9342,922.3553,20.6484,2844.7538,942.7374,0.000000
NSGA-II,257,25700,91,18.0000,2583.9342,922.3553,20.6374,2845.6186,942.9459,0.000000
NSGA-II,258,25800,90,18.0000,2583.9342,922.3553,20.6333,2846.3407,942.5292,0.000000
NSGA-II,259,25900,91,18.0000,2583.9342,922.3553,20.6264,2846.5440,942.6596,0.000000
NSGA-II,260,26000,91,18.0000,2583.9342,922.3553,20.6154,2846.0689,942.5738,0.000000
NSGA-II,261,26100,91,18.0000,2583.9342,922.3553,20.5934,2838.3080,942.9644,0.000000
NSGA-II,262,26200,92,17.0000,2583.9342,922.3553,20.5543,2835.1596,943.8373,0.000000
NSGA-II,263,26300,92,17.0000,2583.9342,922.3553,20.5652,2834.6924,943.8373,0.000000
NSGA-II,264,26400,92,17.0000,2583.9342,922.3553,20.5543,2829.4065,944.8797,0.000000
NSGA-II,265,26500,91,17.0000,2583.9342,922.3553,20.5275,2831.2125,945.0772,0.000000
NSGA-II,266,26600,92,17.0000,2583.9342,922.3553,20.4674,2828.9914,946.4193,0.000000
NSGA-II,267,26700,93,17.0000,2583.9342,922.3553,20.5161,2823.6876,946.2133,0.000000
NSGA-II,268,26800,95,17.0000,2583.9342,922.3553,20.5263,2819.9405,945.8693,0.000000
NSGA-II,269,26900,95,17.0000,2583.9342,922.3553,20.5158,2818.8208,946.1821,0.000000
NSGA-II,270,27000,95,17.0000,2583.9342,922.3553,20.4947,2815.4688,946.9613,0.000000
NSGA-II,271,27100,95,17.0000,2583.9342,922.3553,20.4947,2815.4688,946.9613,0.000000
NSGA-II,272,27200,96,17.0000,2583.9342,922.3553,20.5000,2812.2420,946.5406,0.000000
NSGA-II,273,27300,96,17.0000,2583.9342,922.3553,20.4688,2812.8857,946.9737,0.000000
NSGA-II,274,27400,98,17.0000,2583.9342,922.3553,20.4490,2809.8097,946.8056,0.000000
NSGA-II,275,27500,98,17.0000,2583.9342,922.3553,20.4490,2806.4665,945.7415,0.000000
NSGA-II,276,27600,98,17.0000,2583.9342,922.3553,20.4592,2804.6164,944.4857,0.000000
NSGA-II,277,27700,99,17.0000,2583.9342,922.3553,20.4747,2801.9254,945.3242,0.000000
NSGA-II,278,27800,99,17.0000,2583.9342,922.3553,20.4242,2799.6718,945.9878,0.000000
NSGA-II,279,27900,99,17.0000,2583.9342,922.3553,20.4242,2798.3555,945.0993,0.000000
NSGA-II,280,28000,99,17.0000,2583.9342,922.3553,20.4040,2796.9565,945.2720,0.000000
NSGA-II,281,28100,99,17.0000,2583.9342,922.3553,20.4141,2795.3234,944.5556,0.000000
NSGA-II,282,28200,99,17.0000,2583.9342,922.3553,20.4242,2793.0880,944.7518,0.000000
NSGA-II,283,28300,99,17.0000,2583.9342,922.3553,20.4141,2792.0973,944.9064,0.000000
NSGA-II,284,28400,99,17.0000,2583.9342,922.3553,20.4747,2791.0337,944.5211,0.000000
NSGA-II,285,28500,99,17.0000,2583.9342,922.3553,20.4040,2790.2275,944.8599,0.000000
NSGA-II,286,28600,99,17.0000,2583.9342,922.3553,20.4040,2789.3781,944.4339,0.000000
NSGA-II,287,28700,99,17.0000,2583.9342,922.3553,20.3939,2785.5237,944.1928,0.000000
NSGA-II,288,28800,99,17.0000,2583.9342,922.3553,20.3737,2784.7778,944.2419,0.000000
NSGA-II,289,28900,99,17.0000,2583.9342,922.3553,20.3838,2780.2533,944.4324,0.000000
NSGA-II,290,29000,99,17.0000,2583.9342,922.3553,20.3838,2780.2533,944.4324,0.000000
NSGA-II,291,29100,98,17.0000,2583.9342,922.3553,20.3571,2776.9497,944.6357,0.000000
NSGA-II,292,29200,98,17.0000,2583.9342,922.3553,20.3571,2776.9497,944.6357,0.000000
NSGA-II,293,29300,98,17.0000,2583.9342,922.3553,20.3571,2776.7646,944.6357,0.000000
NSGA-II,294,29400,98,17.0000,2583.9342,922.3553,20.3571,2776.7646,944.6357,0.000000
NSGA-II,295,29500,98,17.0000,2583.9342,922.3553,20.3571,2776.5891,944.4823,0.000000
NSGA-II,296,29600,98,17.0000,2583.9342,922.3553,20.3163,2774.8179,944.4601,0.000000
NSGA-II,297,29700,98,17.0000,2583.9342,922.3553,20.3163,2773.5879,944.2866,0.000000
NSGA-II,298,29800,97,17.0000,2583.9342,922.3553,20.2990,2773.8380,942.7381,0.000000
NSGA-II,299,29900,98,17.0000,2583.9342,922.3553,20.2959,2775.1082,942.5319,0.000000
NSGA-II,300,30000,97,17.0000,2583.9342,922.3553,20.3505,2769.2882,942.3203,0.000000
NSGA-II,301,30100,98,17.0000,2583.9342,922.3553,20.4082,2765.2134,942.1205,0.000000
NSGA-II,302,30200,98,17.0000,2583.9342,922.3553,20.3469,2767.6908,942.6264,0.000000
NSGA-II,303,30300,99,17.0000,2583.9342,922.3553,20.3838,2764.8130,942.0244,0.000000
NSGA-II,304,30400,99,17.0000,2583.9342,922.3553,20.3232,2764.8807,942.6713,0.000000
NSGA-II,305,30500,99,17.0000,2583.9342,922.3553,20.3636,2759.8969,942.8767,0.000000
NSGA-II,306,30600,99,17.0000,2583.9342,922.3553,20.4040,2759.1826,942.4485,0.000000
NSGA-II,307,30700,99,17.0000,2583.9342,922.3553,20.3939,2758.4857,943.0346,0.000000
NSGA-II,308,30800,99,17.0000,2583.9342,922.3553,20.3636,2758.7655,943.5440,0.000000
NSGA-II,309,30900,99,17.0000,2583.9342,922.3553,20.3636,2758.7030,943.6309,0.000000
NSGA-II,310,31000,99,17.0000,2583.9342,922.3553,20.3636,2756.8392,943.2383,0.000000
NSGA-II,311,31100,99,17.0000,2583.9342,922.3553,20.3737,2755.7430,942.8875,0.000000
NSGA-II,312,31200,99,17.0000,2583.9342,922.3553,20.3737,2755.1279,941.6983,0.000000
NSGA-II,313,31300,99,17.0000,2583.9342,922.3553,20.3939,2749.2581,941.3603,0.000000
NSGA-II,314,31400,99,17.0000,2583.9342,922.3553,20.3838,2751.1547,941.4473,0.000000
NSGA-II,315,31500,100,17.0000,2583.9342,922.3553,20.3700,2751.5920,940.9222,0.000000
NSGA-II,316,31600,100,17.0000,2583.9342,922.3553,20.4400,2749.3487,940.4236,0.000000
NSGA-II,317,31700,100,17.0000,2583.9342,922.3553,20.4300,2744.9862,941.0180,0.000000
NSGA-II,318,31800,100,17.0000,2569.8919,922.3553,20.4700,2739.2953,941.0457,0.000000
NSGA-II,319,31900,100,17.0000,2569.8919,922.3553,20.4800,2740.3974,940.3806,0.000000
NSGA-II,320,32000,100,17.0000,2541.8502,922.3553,20.3700,2743.3953,939.6567,0.000000
NSGA-II,321,32100,100,17.0000,2541.8502,922.3553,20.3200,2736.9612,938.9556,0.000000
NSGA-II,322,32200,100,17.0000,2541.8502,922.3553,20.4400,2737.8007,938.3838,0.000000
NSGA-II,323,32300,100,17.0000,2541.8502,922.3553,20.3700,2737.2519,938.6598,0.000000
NSGA-II,324,32400,100,17.0000,2541.8502,922.3553,20.2700,2737.1423,938.7547,0.000000
NSGA-II,325,32500,100,17.0000,2541.8502,922.3553,20.2600,2736.4257,939.1038,0.000000
NSGA-II,326,32600,100,17.0000,2541.8502,922.3553,20.3700,2729.4479,939.4536,0.000000
NSGA-II,327,32700,100,17.0000,2541.8502,922.3553,20.3900,2727.1525,938.8277,0.000000
NSGA-II,328,32800,100,17.0000,2541.8502,922.3553,20.3300,2723.9227,939.8287,0.000000
NSGA-II,329,32900,100,17.0000,2541.8502,922.3553,20.3900,2724.1335,939.7975,0.000000
NSGA-II,330,33000,100,17.0000,2512.2183,922.3553,20.2600,2727.0221,940.7170,0.000000
NSGA-II,331,33100,100,17.0000,2512.2183,922.3553,20.2600,2724.0075,939.4913,0.000000
NSGA-II,332,33200,100,17.0000,2512.2183,922.3553,20.1600,2723.8299,939.8809,0.000000
NSGA-II,333,33300,100,17.0000,2512.2183,922.3553,20.2700,2719.2623,939.5253,0.000000
NSGA-II,334,33400,100,17.0000,2512.2183,922.3553,20.1800,2717.4151,939.7580,0.000000
NSGA-II,335,33500,100,17.0000,2512.2183,922.3553,20.2100,2715.3678,940.0573,0.000000
NSGA-II,336,33600,100,17.0000,2512.2183,922.3553,20.1700,2715.3520,939.4926,0.000000
NSGA-II,337,33700,100,17.0000,2512.2183,922.3553,20.0700,2720.1684,940.4380,0.000000
NSGA-II,338,33800,100,17.0000,2485.2026,922.3553,19.9800,2720.5006,940.5743,0.000000
NSGA-II,339,33900,100,17.0000,2485.2026,922.3553,19.9600,2721.6764,940.5026,0.000000
NSGA-II,340,34000,100,17.0000,2485.2026,922.3553,19.9600,2724.4167,940.4504,0.000000
NSGA-II,341,34100,100,17.0000,2485.2026,922.3553,19.9400,2720.7640,940.1040,0.000000
NSGA-II,342,34200,100,17.0000,2485.2026,922.3553,19.9400,2721.3966,939.9396,0.000000
NSGA-II,343,34300,100,17.0000,2485.2026,922.3553,19.8700,2718.7814,939.1691,0.000000
NSGA-II,344,34400,100,17.0000,2485.2026,922.3553,19.8200,2717.9793,939.8780,0.000000
NSGA-II,345,34500,100,17.0000,2485.2026,922.3553,19.8100,2718.5597,939.7617,0.000000
NSGA-II,346,34600,100,17.0000,2485.2026,922.3553,19.7000,2718.1934,939.8929,0.000000
NSGA-II,347,34700,100,17.0000,2485.2026,922.3553,19.6700,2718.2297,939.6258,0.000000
NSGA-II,348,34800,100,16.0000,2485.2026,922.3553,19.6400,2714.5873,939.0268,0.000000
NSGA-II,349,34900,100,16.0000,2485.2026,922.3553,19.6100,2715.7886,938.7580,0.000000
NSGA-II,350,35000,100,16.0000,2485.2026,922.3553,19.5900,2713.2370,939.5132,0.000000
NSGA-II,351,35100,100,16.0000,2485.2026,922.3553,19.5400,2709.4434,939.4945,0.000000
NSGA-II,352,35200,100,16.0000,2485.2026,922.3553,19.5400,2706.6196,939.4510,0.000000
NSGA-II,353,35300,100,16.0000,2485.2026,922.3553,19.4800,2706.4232,939.8916,0.000000
NSGA-II,354,35400,100,16.0000,2485.2026,922.3553,19.4500,2706.0256,939.9676,0.000000
NSGA-II,355,35500,100,16.0000,2485.2026,922.3553,19.4500,2704.8442,940.1031,0.000000
NSGA-II,356,35600,100,16.0000,2485.2026,922.3553,19.4300,2696.4360,941.5992,0.000000
NSGA-II,357,35700,100,16.0000,2485.2026,922.3553,19.3700,2696.2469,941.5311,0.000000
NSGA-II,358,35800,100,16.0000,2485.2026,922.3553,19.3300,2694.9355,941.4752,0.000000
NSGA-II,359,35900,100,16.0000,2485.2026,922.3553,19.3300,2692.9515,941.5123,0.000000
NSGA-II,360,36000,100,16.0000,2467.0124,922.3553,19.1700,2693.7037,942.4997,0.000000
NSGA-II,361,36100,100,16.0000,2467.0124,922.3553,19.1400,2693.7307,942.6905,0.000000
NSGA-II,362,36200,100,16.0000,2467.0124,922.3553,19.1500,2691.5976,942.5020,0.000000
NSGA-II,363,36300,100,16.0000,2467.0124,922.3553,19.1900,2691.2237,942.1160,0.000000
NSGA-II,364,36400,100,16.0000,2467.0124,922.3553,19.1200,2691.8841,943.1756,0.000000
NSGA-II,365,36500,100,16.0000,2467.0124,922.3553,19.1100,2692.0214,942.4806,0.000000
NSGA-II,366,36600,100,16.0000,2467.0124,922.3553,19.1000,2691.8775,942.5287,0.000000
NSGA-II,367,36700,100,16.0000,2467.0124,922.3553,19.1100,2692.2027,942.2718,0.000000
NSGA-II,368,36800,100,16.0000,2467.0124,922.3553,19.0600,2690.2381,943.0041,0.000000
NSGA-II,369,36900,100,16.0000,2467.0124,922.3553,19.0700,2691.9140,943.0607,0.000000
NSGA-II,370,37000,100,16.0000,2467.0124,922.3553,19.0700,2692.3892,942.3773,0.000000
NSGA-II,371,37100,100,16.0000,2467.0124,922.3553,19.0900,2685.5759,942.1571,0.000000
NSGA-II,372,37200,100,15.0000,2467.0124,922.3553,19.0200,2681.4916,942.1995,0.000000
NSGA-II,373,37300,100,15.0000,2467.0124,922.3553,18.8800,2680.4394,944.1675,0.000000
NSGA-II,374,37400,100,15.0000,2467.0124,922.3553,18.7800,2678.6281,945.2195,0.000000
NSGA-II,375,37500,100,15.0000,2467.0124,922.3553,18.7200,2676.8443,945.5983,0.000000
NSGA-II,376,37600,100,15.0000,2460.0795,922.3553,18.7100,2671.9371,945.6055,0.000000
NSGA-II,377,37700,100,15.0000,2460.0795,922.3553,18.6800,2671.4526,945.7651,0.000000
NSGA-II,378,37800,100,15.0000,2460.0795,922.3553,18.6600,2670.3607,945.6460,0.000000
NSGA-II,379,37900,100,15.0000,2460.0795,922.3553,18.6500,2667.7585,945.6214,0.000000
NSGA-II,380,38000,100,15.0000,2460.0795,922.3553,18.6200,2667.2082,945.0807,0.000000
NSGA-II,381,38100,100,15.0000,2460.0795,922.3553,18.5500,2668.6334,945.4891,0.000000
NSGA-II,382,38200,100,15.0000,2460.0795,922.3553,18.5600,2662.9236,946.1155,0.000000
NSGA-II,383,38300,100,15.0000,2460.0795,922.3553,18.4900,2663.1464,946.7182,0.000000
NSGA-II,384,38400,100,15.0000,2460.0795,922.3553,18.4700,2662.5241,946.8186,0.000000
NSGA-II,385,38500,99,15.0000,2460.0795,922.3553,18.4545,2660.2486,946.5368,0.000000
NSGA-II,386,38600,99,15.0000,2460.0795,922.3553,18.4444,2658.9762,946.9750,0.000000
NSGA-II,387,38700,100,15.0000,2460.0795,922.3553,18.4600,2656.7955,946.4123,0.000000
NSGA-II,388,38800,100,15.0000,2460.0795,922.3553,18.4300,2656.8587,945.8806,0.000000
NSGA-II,389,38900,100,15.0000,2460.0795,922.3553,18.4100,2657.1704,946.2889,0.000000
NSGA-II,390,39000,100,15.0000,2460.0795,922.3553,18.4900,2650.7500,946.0924,0.000000
NSGA-II,391,39100,99,15.0000,2460.0795,922.3553,18.4949,2651.0936,945.2994,0.000000
NSGA-II,392,39200,100,15.0000,2460.0795,922.3553,18.5000,2652.2575,945.1190,0.000000
NSGA-II,393,39300,100,15.0000,2460.0795,922.3553,18.4100,2655.2401,946.0675,0.000000
NSGA-II,394,39400,100,15.0000,2460.0795,922.3553,18.4000,2651.9772,946.4924,0.000000
NSGA-II,395,39500,100,15.0000,2460.0795,922.3553,18.4100,2649.1100,945.5911,0.000000
NSGA-II,396,39600,100,15.0000,2460.0795,922.3553,18.4100,2649.1100,945.5911,0.000000
NSGA-II,397,39700,100,15.0000,2460.0795,922.3553,18.4400,2649.5371,945.3918,0.000000
NSGA-II,398,39800,100,15.0000,2460.0795,922.3553,18.4300,2647.9765,945.3152,0.000000
NSGA-II,399,39900,100,15.0000,2460.0795,922.3553,18.3500,2650.2407,945.2349,0.000000
NSGA-II,400,40000,100,15.0000,2460.0795,922.3553,18.3900,2647.7372,944.8266,0.000000
NSGA-II,401,40100,100,15.0000,2460.0795,922.3553,18.3300,2647.4397,945.5659,0.000000
NSGA-II,402,40200,100,15.0000,2460.0795,922.3553,18.3000,2645.4775,946.1490,0.000000
NSGA-II,403,40300,99,15.0000,2460.0795,922.3553,18.2828,2643.8868,945.3800,0.000000
NSGA-II,404,40400,100,15.0000,2460.0795,922.3553,18.1900,2641.0750,946.5466,0.000000
NSGA-II,405,40500,100,15.0000,2460.0795,922.3553,18.2200,2639.7203,946.1281,0.000000
NSGA-II,406,40600,100,15.0000,2460.0795,922.3553,18.2200,2639.6397,945.6193,0.000000
NSGA-II,407,40700,100,15.0000,2460.0795,922.3553,18.1700,2640.1700,946.4747,0.000000
NSGA-II,408,40800,100,15.0000,2460.0795,922.3553,18.1800,2639.9626,947.2351,0.000000
NSGA-II,409,40900,100,15.0000,2460.0795,922.3553,18.1900,2639.4822,947.4362,0.000000
NSGA-II,410,41000,100,15.0000,2460.0795,922.3553,18.1900,2638.5987,947.3151,0.000000
NSGA-II,411,41100,99,15.0000,2460.0795,922.3553,18.2222,2635.4110,947.2546,0.000000
NSGA-II,412,41200,99,15.0000,2460.0795,922.3553,18.2121,2636.6028,947.3495,0.000000
NSGA-II,413,41300,100,15.0000,2460.0795,922.3553,18.2300,2634.8604,946.7578,0.000000
NSGA-II,414,41400,100,15.0000,2460.0795,922.3553,18.2600,2633.5709,945.5846,0.000000
NSGA-II,415,41500,100,15.0000,2460.0795,922.3553,18.1200,2633.7794,946.4818,0.000000
NSGA-II,416,41600,100,15.0000,2460.0795,922.3553,18.0600,2632.1666,946.7729,0.000000
NSGA-II,417,41700,100,15.0000,2460.0795,922.3553,18.0200,2633.5110,947.1812,0.000000
NSGA-II,418,41800,100,15.0000,2460.0795,922.3553,18.0300,2633.7691,947.0476,0.000000
NSGA-II,419,41900,100,15.0000,2460.0795,922.3553,17.9600,2637.4278,947.5499,0.000000
NSGA-II,420,42000,100,15.0000,2454.4714,922.3553,17.8800,2639.6435,948.2116,0.000000
NSGA-II,421,42100,100,15.0000,2454.4714,922.3553,17.8900,2638.4661,947.5592,0.000000
NSGA-II,422,42200,100,15.0000,2454.4714,922.3553,17.8600,2635.5151,948.6199,0.000000
NSGA-II,423,42300,100,15.0000,2454.4714,922.3553,17.8400,2636.3949,948.2986,0.000000
NSGA-II,424,42400,99,15.0000,2454.4714,922.3553,17.8283,2635.0628,948.2662,0.000000
NSGA-II,425,42500,99,15.0000,2454.4714,922.3553,17.7980,2636.1155,948.6786,0.000000
NSGA-II,426,42600,99,15.0000,2454.4714,922.3553,17.7879,2635.8784,948.0323,0.000000
NSGA-II,427,42700,99,15.0000,2446.7509,922.3553,17.7677,2632.9711,948.3328,0.000000
NSGA-II,428,42800,99,15.0000,2446.7509,922.3553,17.7071,2636.6551,948.5688,0.000000
NSGA-II,429,42900,99,15.0000,2446.7509,922.3553,17.7071,2636.9925,948.4805,0.000000
NSGA-II,430,43000,99,15.0000,2446.7509,922.3553,17.6970,2636.9138,948.8542,0.000000
NSGA-II,431,43100,99,15.0000,2446.7509,922.3553,17.6768,2635.9516,948.8240,0.000000
NSGA-II,432,43200,99,15.0000,2446.7509,922.3553,17.6667,2638.2895,948.9754,0.000000
NSGA-II,433,43300,99,15.0000,2446.7509,922.3553,17.6465,2635.0203,949.5657,0.000000
NSGA-II,434,43400,99,15.0000,2446.7509,922.3553,17.6465,2635.3004,949.5065,0.000000
NSGA-II,435,43500,99,15.0000,2446.7509,922.3553,17.6465,2634.5365,949.2628,0.000000
NSGA-II,436,43600,99,15.0000,2446.7509,922.3553,17.6263,2633.6337,949.5260,0.000000
NSGA-II,437,43700,99,15.0000,2446.7509,922.3553,17.5859,2635.1437,950.0138,0.000000
NSGA-II,438,43800,99,15.0000,2446.7509,922.3553,17.6061,2633.1320,949.7166,0.000000
NSGA-II,439,43900,99,15.0000,2446.7509,922.3553,17.5758,2629.5556,950.3023,0.000000
NSGA-II,440,44000,99,15.0000,2446.7509,922.3553,17.5455,2630.1698,950.5288,0.000000
NSGA-II,441,44100,99,15.0000,2446.7509,922.3553,17.5051,2631.5732,950.9080,0.000000
NSGA-II,442,44200,99,15.0000,2446.7509,922.3553,17.5152,2630.8551,951.1713,0.000000
NSGA-II,443,44300,99,15.0000,2446.7509,922.3553,17.5152,2630.8551,951.1713,0.000000
NSGA-II,444,44400,99,15.0000,2446.7509,922.3553,17.4848,2631.6735,951.8352,0.000000
NSGA-II,445,44500,99,15.0000,2446.7509,922.3553,17.4848,2633.5937,951.1428,0.000000
NSGA-II,446,44600,99,15.0000,2446.7509,922.3553,17.4848,2632.4039,951.2368,0.000000
NSGA-II,447,44700,99,15.0000,2446.7509,922.3553,17.4949,2630.5432,951.1384,0.000000
NSGA-II,448,44800,99,15.0000,2411.6668,922.3553,17.4444,2630.7299,951.5912,0.000000
NSGA-II,449,44900,99,15.0000,2411.6668,922.3553,17.4444,2629.5189,951.5912,0.000000
NSGA-II,450,45000,99,15.0000,2411.6668,922.3553,17.3434,2632.9545,952.2306,0.000000
NSGA-II,451,45100,99,15.0000,2411.6668,922.3553,17.3333,2632.2814,952.2306,0.000000
NSGA-II,452,45200,99,15.0000,2411.6668,922.3553,17.3333,2629.4195,952.0187,0.000000
NSGA-II,453,45300,99,15.0000,2411.6668,922.3553,17.3737,2627.9984,951.5959,0.000000
NSGA-II,454,45400,99,15.0000,2411.6668,922.3553,17.3333,2629.0840,952.3456,0.000000
NSGA-II,455,45500,99,15.0000,2411.6668,922.3553,17.3434,2630.6884,951.4189,0.000000
NSGA-II,456,45600,98,15.0000,2411.6668,922.3553,17.3469,2630.4102,950.9965,0.000000
NSGA-II,457,45700,98,15.0000,2411.6668,922.3553,17.3061,2633.7729,951.2032,0.000000
NSGA-II,458,45800,98,15.0000,2411.6668,922.3553,17.2653,2634.1682,951.1632,0.000000
NSGA-II,459,45900,98,15.0000,2411.6668,922.3553,17.2449,2632.6498,951.8334,0.000000
NSGA-II,460,46000,98,15.0000,2411.6668,922.3553,17.2143,2632.9183,951.7796,0.000000
NSGA-II,461,46100,98,15.0000,2411.6668,922.3553,17.2449,2631.6039,951.8390,0.000000
NSGA-II,462,46200,98,15.0000,2411.6668,922.3553,17.2449,2631.5632,952.1533,0.000000
NSGA-II,463,46300,98,15.0000,2411.6668,922.3553,17.2347,2630.2742,952.1638,0.000000
NSGA-II,464,46400,98,15.0000,2411.6668,922.3553,17.2143,2631.5069,952.2661,0.000000
NSGA-II,465,46500,98,15.0000,2411.6668,922.3553,17.2143,2631.5069,952.2661,0.000000
NSGA-II,466,46600,98,15.0000,2411.6668,922.3553,17.1735,2632.1915,951.9494,0.000000
NSGA-II,467,46700,98,15.0000,2411.6668,922.3553,17.1531,2631.2214,952.0899,0.000000
NSGA-II,468,46800,98,15.0000,2411.6668,922.3553,17.1531,2631.2214,952.0899,0.000000
NSGA-II,469,46900,98,15.0000,2411.6668,922.3553,17.1531,2629.3902,951.9293,0.000000
NSGA-II,470,47000,99,15.0000,2411.6668,922.3553,17.1616,2625.1950,952.2706,0.000000
NSGA-II,471,47100,99,15.0000,2411.6668,922.3553,17.1515,2625.9586,952.2706,0.000000
NSGA-II,472,47200,99,15.0000,2411.6668,922.3553,17.1515,2623.6658,952.2509,0.000000
NSGA-II,473,47300,99,15.0000,2411.6668,922.3553,17.1515,2623.6658,952.2509,0.000000
NSGA-II,474,47400,99,15.0000,2411.6668,922.3553,17.1515,2623.8035,952.5329,0.000000
NSGA-II,475,47500,99,15.0000,2411.6668,922.3553,17.1212,2624.3888,952.8490,0.000000
NSGA-II,476,47600,99,15.0000,2411.6668,922.3553,17.1313,2623.5276,952.6875,0.000000
NSGA-II,477,47700,99,15.0000,2411.6668,922.3553,17.1616,2625.2414,951.9419,0.000000
NSGA-II,478,47800,99,15.0000,2411.6668,922.3553,17.1616,2625.3945,951.5947,0.000000
NSGA-II,479,47900,99,15.0000,2411.6668,922.3553,17.2020,2624.9504,950.6196,0.000000
NSGA-II,480,48000,99,15.0000,2411.6668,922.3553,17.2626,2621.7401,950.0703,0.000000
NSGA-II,481,48100,99,15.0000,2411.6668,922.3553,17.2323,2621.3556,950.2924,0.000000
NSGA-II,482,48200,99,15.0000,2411.6668,922.3553,17.2626,2619.2624,949.9688,0.000000
NSGA-II,483,48300,99,15.0000,2411.6668,922.3553,17.2626,2618.7844,950.4331,0.000000
NSGA-II,484,48400,99,15.0000,2411.6668,922.3553,17.2626,2618.7680,950.4331,0.000000
NSGA-II,485,48500,99,15.0000,2411.6668,922.3553,17.2525,2619.0962,950.8027,0.000000
NSGA-II,486,48600,99,15.0000,2411.6668,922.3553,17.2323,2618.9399,950.1599,0.000000
NSGA-II,487,48700,99,15.0000,2411.6668,922.3553,17.2323,2618.3702,949.8461,0.000000
NSGA-II,488,48800,100,15.0000,2411.6668,922.3553,17.2700,2618.1186,949.5220,0.000000
NSGA-II,489,48900,100,15.0000,2411.6668,922.3553,17.2700,2617.6742,949.4080,0.000000
NSGA-II,490,49000,100,15.0000,2411.6668,922.3553,17.2800,2618.2687,949.0431,0.000000
NSGA-II,491,49100,100,15.0000,2411.6668,922.3553,17.3900,2617.2761,948.3051,0.000000
NSGA-II,492,49200,100,15.0000,2411.6668,922.3553,17.3700,2613.3103,948.7537,0.000000
NSGA-II,493,49300,100,14.0000,2411.6668,922.3553,17.3400,2609.9448,948.7537,0.000000
NSGA-II,494,49400,100,14.0000,2411.6668,922.3553,17.2700,2614.3255,948.0480,0.000000
NSGA-II,495,49500,100,14.0000,2411.6668,922.3553,17.2900,2612.3379,947.4290,0.000000
NSGA-II,496,49600,100,14.0000,2411.6668,922.3553,17.2700,2612.6305,947.7370,0.000000
NSGA-II,497,49700,100,14.0000,2411.6668,922.3553,17.2400,2611.3585,948.0317,0.000000
NSGA-II,498,49800,100,14.0000,2411.6668,922.3553,17.2700,2610.3862,947.7805,0.000000
NSGA-II,499,49900,100,14.0000,2411.6668,922.3553,17.2500,2608.5405,947.4010,0.000000
NSGA-II,500,50000,100,14.0000,2411.6668,922.3553,17.2200,2605.3649,947.8915,0.000000
NSGA-II,501,50100,100,14.0000,2411.6668,922.3553,17.2100,2604.0729,947.9635,0.000000
NSGA-II,502,50200,100,14.0000,2411.6668,922.3553,17.1800,2602.3331,948.9348,0.000000
NSGA-II,503,50300,100,14.0000,2411.6668,922.3553,17.2200,2599.9118,948.6505,0.000000
NSGA-II,504,50400,100,14.0000,2411.6668,922.3553,17.2200,2599.9118,948.6505,0.000000
NSGA-II,505,50500,100,14.0000,2411.6668,922.3553,17.2200,2599.8169,948.6505,0.000000
NSGA-II,506,50600,100,14.0000,2382.2326,922.3553,17.2500,2600.0300,948.6790,0.000000
NSGA-II,507,50700,100,14.0000,2382.2326,922.3553,17.2500,2600.0300,948.6790,0.000000
NSGA-II,508,50800,100,14.0000,2378.6420,922.3553,17.2500,2595.6905,949.4220,0.000000
NSGA-II,509,50900,100,14.0000,2378.6420,922.3553,17.2800,2593.2216,948.1934,0.000000
NSGA-II,510,51000,100,14.0000,2378.6420,922.3553,17.3000,2591.9454,948.0425,0.000000
NSGA-II,511,51100,99,14.0000,2378.6420,922.3553,17.3535,2586.4836,947.8910,0.000000
NSGA-II,512,51200,99,14.0000,2378.6420,922.3553,17.3636,2587.3859,947.8618,0.000000
NSGA-II,513,51300,98,14.0000,2378.6420,922.3553,17.4286,2583.1465,946.8990,0.000000
NSGA-II,514,51400,98,14.0000,2378.6420,922.3553,17.4286,2581.9036,946.4871,0.000000
NSGA-II,515,51500,98,14.0000,2378.6420,922.3553,17.5306,2576.6028,945.5420,0.000000
NSGA-II,516,51600,98,14.0000,2378.6420,922.3553,17.5306,2576.5866,945.5420,0.000000
NSGA-II,517,51700,98,14.0000,2378.6420,922.3553,17.5612,2574.8889,945.1149,0.000000
NSGA-II,518,51800,98,14.0000,2378.6420,922.3553,17.5918,2573.4081,944.9806,0.000000
NSGA-II,519,51900,98,14.0000,2378.6420,922.3553,17.5816,2575.9498,944.6959,0.000000
NSGA-II,520,52000,98,14.0000,2378.6420,922.3553,17.5918,2574.7304,944.7099,0.000000
NSGA-II,521,52100,98,14.0000,2378.6420,922.3553,17.6531,2572.3966,944.6361,0.000000
NSGA-II,522,52200,98,14.0000,2376.7809,922.3553,17.6327,2571.8219,944.6361,0.000000
NSGA-II,523,52300,98,14.0000,2376.7809,922.3553,17.6327,2571.4166,944.5024,0.000000
NSGA-II,524,52400,98,14.0000,2376.7809,922.3553,17.6224,2571.8166,944.6412,0.000000
NSGA-II,525,52500,98,14.0000,2376.7809,922.3553,17.6327,2570.9261,944.5679,0.000000
NSGA-II,526,52600,98,14.0000,2376.7809,922.3553,17.5714,2571.8728,944.9796,0.000000
NSGA-II,527,52700,98,14.0000,2376.7809,922.3553,17.5510,2570.1048,944.6368,0.000000
NSGA-II,528,52800,98,14.0000,2376.7809,922.3553,17.5408,2569.4233,944.5017,0.000000
NSGA-II,529,52900,98,14.0000,2376.7809,922.3553,17.5204,2571.0126,944.7027,0.000000
NSGA-II,530,53000,98,14.0000,2376.7809,922.3553,17.5204,2571.0126,944.7027,0.000000
NSGA-II,531,53100,98,14.0000,2376.7809,922.3553,17.5102,2574.0595,944.5438,0.000000
NSGA-II,532,53200,98,14.0000,2376.7809,922.3553,17.5510,2577.0335,943.2296,0.000000
NSGA-II,533,53300,98,14.0000,2376.7809,922.3553,17.5714,2574.4062,943.0910,0.000000
NSGA-II,534,53400,98,14.0000,2376.7809,922.3553,17.5816,2571.6857,942.9386,0.000000
NSGA-II,535,53500,97,14.0000,2376.7809,922.3553,17.5876,2570.4437,941.7084,0.000000
NSGA-II,536,53600,97,14.0000,2376.7809,922.3553,17.5979,2567.3859,942.1234,0.000000
NSGA-II,537,53700,97,14.0000,2376.7809,922.3553,17.7938,2561.6024,940.9806,0.000000
NSGA-II,538,53800,97,14.0000,2376.7809,922.3553,17.8247,2561.8689,940.6102,0.000000
NSGA-II,539,53900,97,14.0000,2376.7809,922.3553,17.6907,2562.2099,940.5762,0.000000
NSGA-II,540,54000,97,14.0000,2376.7809,922.3553,17.7320,2562.1008,940.1204,0.000000
NSGA-II,541,54100,97,14.0000,2376.7809,922.3553,17.6907,2561.2960,940.3071,0.000000
NSGA-II,542,54200,97,14.0000,2376.7809,922.3553,17.6804,2560.4552,940.0637,0.000000
NSGA-II,543,54300,97,14.0000,2376.7809,922.3553,17.7835,2559.2215,938.3668,0.000000
NSGA-II,544,54400,97,14.0000,2376.7809,922.3553,17.8041,2554.9730,937.8929,0.000000
NSGA-II,545,54500,97,14.0000,2376.7809,922.3553,17.8144,2555.2434,937.6562,0.000000
NSGA-II,546,54600,97,14.0000,2376.7809,922.3553,17.7938,2554.9948,937.2789,0.000000
NSGA-II,547,54700,98,14.0000,2376.7809,922.3553,17.7857,2554.5780,937.4186,0.000000
NSGA-II,548,54800,98,14.0000,2376.7809,922.3553,17.7449,2554.4779,937.0309,0.000000
NSGA-II,549,54900,98,14.0000,2376.7809,922.3553,17.7041,2554.5436,937.1640,0.000000
NSGA-II,550,55000,98,14.0000,2376.7809,922.3553,17.7041,2554.1099,937.3537,0.000000
NSGA-II,551,55100,98,14.0000,2376.7809,922.3553,17.7653,2551.7306,937.4933,0.000000
NSGA-II,552,55200,98,14.0000,2376.7809,922.3553,17.8163,2551.2717,936.8241,0.000000
NSGA-II,553,55300,98,14.0000,2376.7809,922.3553,17.7959,2550.6787,936.1171,0.000000
NSGA-II,554,55400,98,14.0000,2376.7809,922.3553,17.8776,2548.6275,935.7622,0.000000
NSGA-II,555,55500,98,14.0000,2376.7809,922.3553,17.8367,2549.6650,936.1489,0.000000
NSGA-II,556,55600,98,14.0000,2376.7809,922.3553,17.8878,2545.6820,935.7121,0.000000
NSGA-II,557,55700,96,14.0000,2376.7809,922.3553,17.8333,2547.2849,935.9682,0.000000
NSGA-II,558,55800,97,14.0000,2376.7809,922.3553,17.8144,2548.8126,935.3600,0.000000
NSGA-II,559,55900,97,14.0000,2376.7809,922.3553,17.8144,2546.1188,935.8060,0.000000
NSGA-II,560,56000,97,14.0000,2376.7809,922.3553,17.8763,2544.0113,935.6478,0.000000
NSGA-II,561,56100,97,14.0000,2376.7809,922.3553,17.8866,2540.4861,935.5893,0.000000
NSGA-II,562,56200,97,14.0000,2376.7809,922.3553,17.8660,2537.8603,935.8439,0.000000
NSGA-II,563,56300,97,14.0000,2376.7809,922.3553,17.8660,2536.2101,935.9059,0.000000
NSGA-II,564,56400,97,14.0000,2376.7809,922.3553,17.8866,2533.9337,935.8378,0.000000
NSGA-II,565,56500,97,14.0000,2376.7809,922.3553,17.8763,2533.3162,935.6875,0.000000
NSGA-II,566,56600,97,14.0000,2376.7809,922.3553,17.7938,2534.5729,936.0782,0.000000
NSGA-II,567,56700,97,14.0000,2376.7809,922.3553,17.7938,2534.0785,936.1764,0.000000
NSGA-II,568,56800,98,14.0000,2376.7809,922.3553,17.7857,2534.5486,936.4220,0.000000
NSGA-II,569,56900,98,14.0000,2376.7809,922.3553,17.7857,2534.0767,936.2860,0.000000
NSGA-II,570,57000,99,14.0000,2376.7809,922.3553,17.7677,2533.0395,936.3329,0.000000
NSGA-II,571,57100,99,14.0000,2376.7809,922.3553,17.7879,2533.6330,936.1359,0.000000
NSGA-II,572,57200,99,14.0000,2376.7809,922.3553,17.8182,2528.6061,936.1416,0.000000
NSGA-II,573,57300,99,14.0000,2376.7809,922.3553,17.8384,2527.5964,935.9860,0.000000
NSGA-II,574,57400,98,14.0000,2376.7809,922.3553,17.8265,2529.3685,935.8830,0.000000
NSGA-II,575,57500,98,14.0000,2376.7809,922.3553,17.9184,2530.3065,935.0144,0.000000
NSGA-II,576,57600,98,14.0000,2376.7809,922.3553,17.9082,2528.2638,935.1168,0.000000
NSGA-II,577,57700,98,14.0000,2376.7809,922.3553,17.8265,2529.9588,935.1639,0.000000
NSGA-II,578,57800,98,14.0000,2376.7809,922.3553,17.8469,2524.2389,935.8030,0.000000
NSGA-II,579,57900,98,14.0000,2376.7809,922.3553,17.8163,2523.2557,935.2042,0.000000
NSGA-II,580,58000,98,14.0000,2376.7809,922.3553,17.8163,2522.2524,935.4816,0.000000
NSGA-II,581,58100,98,14.0000,2376.7809,922.3553,17.8367,2521.6358,935.3792,0.000000
NSGA-II,582,58200,98,14.0000,2376.7809,922.3553,17.8265,2521.8882,935.1736,0.000000
NSGA-II,583,58300,98,14.0000,2376.7809,922.3553,17.8469,2523.7619,934.4328,0.000000
NSGA-II,584,58400,98,14.0000,2376.7809,922.3553,17.8878,2520.4290,934.5987,0.000000
NSGA-II,585,58500,98,14.0000,2376.7809,922.3553,18.0000,2519.2059,933.9698,0.000000
NSGA-II,586,58600,98,14.0000,2376.7809,922.3553,17.8980,2520.6262,934.2620,0.000000
NSGA-II,587,58700,98,14.0000,2376.7809,922.3553,17.9694,2518.9122,933.5386,0.000000
NSGA-II,588,58800,98,14.0000,2376.7809,922.3553,17.9082,2519.0545,933.6862,0.000000
NSGA-II,589,58900,98,14.0000,2376.7809,922.3553,17.8878,2517.9172,933.7648,0.000000
NSGA-II,590,59000,98,14.0000,2376.7809,922.3553,17.8776,2521.3673,933.4766,0.000000
NSGA-II,591,59100,98,14.0000,2376.7809,922.3553,17.9898,2521.3077,933.1760,0.000000
NSGA-II,592,59200,98,14.0000,2376.7809,922.3553,17.8878,2518.7516,933.7517,0.000000
NSGA-II,593,59300,98,14.0000,2376.7809,922.3553,17.8571,2518.5236,933.8475,0.000000
NSGA-II,594,59400,98,14.0000,2376.7809,922.3553,17.8367,2515.9192,934.1851,0.000000
NSGA-II,595,59500,98,14.0000,2376.7809,922.3553,17.8980,2515.4045,934.0736,0.000000
NSGA-II,596,59600,98,14.0000,2376.7809,922.3553,17.8980,2513.7226,934.1608,0.000000
NSGA-II,597,59700,98,14.0000,2376.7809,922.3553,17.8469,2517.2394,934.1954,0.000000
NSGA-II,598,59800,98,14.0000,2376.7809,922.3553,17.8367,2514.0431,934.4476,0.000000
NSGA-II,599,59900,98,14.0000,2364.2060,922.3553,17.8673,2513.4042,934.6372,0.000000
NSGA-II,600,60000,98,14.0000,2364.2060,922.3553,17.9184,2512.0418,934.7140,0.000000
NSGA-II,601,60100,98,14.0000,2364.2060,922.3553,17.9286,2511.4340,934.8953,0.000000
NSGA-II,602,60200,98,14.0000,2364.2060,922.3553,17.9388,2507.0173,935.5287,0.000000
NSGA-II,603,60300,98,14.0000,2364.2060,922.3553,18.0510,2507.9458,934.7267,0.000000
NSGA-II,604,60400,98,14.0000,2364.2060,922.3553,18.0510,2504.7057,934.8981,0.000000
NSGA-II,605,60500,98,14.0000,2364.2060,922.3553,18.0306,2506.2125,934.4380,0.000000
NSGA-II,606,60600,98,14.0000,2364.2060,922.3553,18.1122,2503.7875,934.4565,0.000000
NSGA-II,607,60700,98,14.0000,2364.2060,922.3553,18.1020,2501.5527,934.6725,0.000000
NSGA-II,608,60800,98,14.0000,2364.2060,922.3553,18.1020,2501.1187,934.6725,0.000000
NSGA-II,609,60900,98,14.0000,2364.2060,922.3553,18.0918,2500.9905,934.4343,0.000000
NSGA-II,610,61000,98,14.0000,2364.2060,922.3553,18.0816,2499.3845,934.4812,0.000000
NSGA-II,611,61100,98,14.0000,2364.2060,922.3553,18.1122,2500.4312,934.2849,0.000000
NSGA-II,612,61200,98,14.0000,2364.2060,922.3553,18.0918,2499.1358,934.6619,0.000000
NSGA-II,613,61300,98,14.0000,2364.2060,922.3553,18.0816,2499.8294,934.5424,0.000000
NSGA-II,614,61400,98,14.0000,2364.2060,922.3553,18.0714,2497.3681,934.6383,0.000000
NSGA-II,615,61500,98,14.0000,2364.2060,922.3553,18.0816,2499.2033,934.3729,0.000000
NSGA-II,616,61600,98,14.0000,2364.2060,922.3553,18.1224,2496.0203,934.3729,0.000000
NSGA-II,617,61700,98,14.0000,2364.2060,922.3553,17.9592,2498.6684,934.8578,0.000000
NSGA-II,618,61800,98,14.0000,2364.2060,922.3553,17.9286,2497.9644,935.2546,0.000000
NSGA-II,619,61900,98,14.0000,2364.2060,922.3553,17.9694,2496.2238,935.3942,0.000000
NSGA-II,620,62000,98,14.0000,2364.2060,922.3553,17.8878,2498.3850,935.4478,0.000000
NSGA-II,621,62100,98,14.0000,2364.2060,922.3553,17.9286,2495.9287,935.3629,0.000000
NSGA-II,622,62200,98,14.0000,2364.2060,922.3553,17.9286,2494.0856,935.7406,0.000000
NSGA-II,623,62300,98,14.0000,2364.2060,922.3553,17.9490,2493.4895,935.9450,0.000000
NSGA-II,624,62400,98,14.0000,2364.2060,922.3553,17.9184,2492.3595,936.2258,0.000000
NSGA-II,625,62500,100,14.0000,2364.2060,922.3553,18.0100,2489.9058,935.8662,0.000000
NSGA-II,626,62600,100,14.0000,2364.2060,922.3553,18.0100,2489.9058,935.8662,0.000000
NSGA-II,627,62700,100,14.0000,2364.2060,922.3553,18.0100,2489.6411,935.7952,0.000000
NSGA-II,628,62800,100,14.0000,2364.2060,922.3553,18.0000,2487.9231,935.7936,0.000000
NSGA-II,629,62900,100,14.0000,2364.2060,922.3553,18.0700,2485.9852,935.5286,0.000000
NSGA-II,630,63000,100,14.0000,2364.2060,922.3553,18.1000,2482.9929,935.6570,0.000000
NSGA-II,631,63100,100,14.0000,2364.2060,922.3553,17.8900,2486.5465,935.9094,0.000000
NSGA-II,632,63200,100,14.0000,2364.2060,922.3553,17.8600,2487.3854,935.9818,0.000000
NSGA-II,633,63300,100,14.0000,2364.2060,922.3553,17.8900,2486.9193,935.5309,0.000000
NSGA-II,634,63400,100,14.0000,2364.2060,922.3553,17.8400,2487.4481,935.3703,0.000000
NSGA-II,635,63500,100,14.0000,2364.2060,922.3553,17.8200,2487.7394,935.3703,0.000000
NSGA-II,636,63600,100,14.0000,2364.2060,922.3553,17.7800,2487.6782,935.7888,0.000000
NSGA-II,637,63700,100,14.0000,2364.2060,922.3553,17.7700,2487.0344,935.6566,0.000000
NSGA-II,638,63800,100,14.0000,2364.2060,922.3553,17.7100,2486.8168,935.7800,0.000000
NSGA-II,639,63900,100,14.0000,2364.2060,922.3553,17.7100,2486.8168,935.7800,0.000000
NSGA-II,640,64000,100,14.0000,2364.2060,922.3553,17.7100,2486.2868,935.7800,0.000000
NSGA-II,641,64100,100,14.0000,2364.2060,922.3553,17.6800,2485.3096,935.9864,0.000000
NSGA-II,642,64200,100,14.0000,2364.2060,922.3553,17.7400,2483.1564,936.0110,0.000000
NSGA-II,643,64300,100,14.0000,2364.2060,922.3553,17.7300,2485.3067,935.7134,0.000000
NSGA-II,644,64400,100,14.0000,2364.2060,922.3553,17.7100,2483.2065,935.5263,0.000000
NSGA-II,645,64500,100,14.0000,2364.2060,922.3553,17.6700,2481.5859,936.2770,0.000000
NSGA-II,646,64600,100,14.0000,2364.2060,922.3553,17.7300,2480.7918,936.1841,0.000000
NSGA-II,647,64700,100,14.0000,2364.2060,922.3553,17.6600,2481.8364,936.4908,0.000000
NSGA-II,648,64800,100,14.0000,2364.2060,922.3553,17.6100,2483.7222,936.5754,0.000000
NSGA-II,649,64900,100,14.0000,2364.2060,922.3553,17.6400,2482.2337,936.6032,0.000000
NSGA-II,650,65000,100,14.0000,2364.2060,922.3553,17.6400,2480.0588,936.9094,0.000000
NSGA-II,651,65100,100,14.0000,2364.2060,922.3553,17.6800,2480.6392,936.6730,0.000000
NSGA-II,652,65200,100,14.0000,2364.2060,922.3553,17.7100,2480.5127,937.5968,0.000000
NSGA-II,653,65300,100,14.0000,2364.2060,922.3553,17.6700,2479.9386,937.4369,0.000000
NSGA-II,654,65400,100,14.0000,2355.7178,922.3553,17.7400,2477.1284,937.5590,0.000000
NSGA-II,655,65500,100,14.0000,2355.7178,922.3553,17.7200,2478.0212,937.6530,0.000000
NSGA-II,656,65600,100,14.0000,2355.7178,922.3553,17.7500,2478.9153,937.3786,0.000000
NSGA-II,657,65700,100,14.0000,2355.7178,922.3553,17.6500,2479.8290,937.4726,0.000000
NSGA-II,658,65800,100,14.0000,2355.7178,922.3553,17.6400,2480.2534,936.9392,0.000000
NSGA-II,659,65900,100,14.0000,2355.7178,922.3553,17.6600,2479.4069,936.7329,0.000000
NSGA-II,660,66000,100,14.0000,2355.7178,922.3553,17.6000,2480.6831,936.6027,0.000000
NSGA-II,661,66100,100,14.0000,2355.7178,922.3553,17.7500,2477.8662,936.2171,0.000000
NSGA-II,662,66200,99,14.0000,2355.7178,922.3553,17.7273,2477.4898,935.9343,0.000000
NSGA-II,663,66300,99,14.0000,2355.7178,922.3553,17.7576,2475.9279,935.8789,0.000000
NSGA-II,664,66400,99,14.0000,2355.7178,922.3553,17.7273,2475.9755,935.8695,0.000000
NSGA-II,665,66500,100,14.0000,2355.7178,922.3553,17.6600,2476.7625,935.9856,0.000000
NSGA-II,666,66600,100,14.0000,2355.7178,922.3553,17.6600,2476.7625,935.9856,0.000000
NSGA-II,667,66700,100,14.0000,2355.7178,922.3553,17.6900,2475.3987,936.1714,0.000000
NSGA-II,668,66800,100,14.0000,2355.7178,922.3553,17.6900,2475.3987,936.1714,0.000000
NSGA-II,669,66900,100,14.0000,2355.7178,922.3553,17.7100,2475.2592,935.9696,0.000000
NSGA-II,670,67000,100,14.0000,2355.7178,922.3553,17.6700,2473.6083,935.9762,0.000000
NSGA-II,671,67100,100,14.0000,2355.7178,922.3553,17.6700,2473.6083,935.9762,0.000000
NSGA-II,672,67200,100,14.0000,2355.7178,922.3553,17.7600,2473.2342,935.8589,0.000000
NSGA-II,673,67300,100,14.0000,2355.7178,922.3553,17.7200,2474.3680,935.9079,0.000000
NSGA-II,674,67400,100,14.0000,2355.7178,922.3553,17.7400,2474.7078,935.4894,0.000000
NSGA-II,675,67500,100,14.0000,2355.7178,922.3553,17.7100,2472.7075,935.6679,0.000000
NSGA-II,676,67600,100,14.0000,2355.7178,922.3553,17.7100,2472.8344,935.6230,0.000000
NSGA-II,677,67700,100,14.0000,2355.7178,922.3553,17.7100,2472.8344,935.6230,0.000000
NSGA-II,678,67800,100,14.0000,2355.7178,922.3553,17.7100,2472.8344,935.6230,0.000000
NSGA-II,679,67900,100,14.0000,2355.7178,922.3553,17.7100,2472.8344,935.6230,0.000000
NSGA-II,680,68000,100,14.0000,2355.3438,922.3553,17.6700,2471.5483,935.8247,0.000000
NSGA-II,681,68100,100,14.0000,2355.3438,922.3553,17.6000,2472.1790,936.0575,0.000000
NSGA-II,682,68200,100,14.0000,2355.3438,922.3553,17.5300,2472.1304,936.2902,0.000000
NSGA-II,683,68300,100,14.0000,2355.3438,922.3553,17.6100,2470.1391,936.4862,0.000000
NSGA-II,684,68400,100,14.0000,2355.3438,922.3553,17.6000,2467.1663,936.7048,0.000000
NSGA-II,685,68500,100,14.0000,2355.3438,922.3553,17.5800,2466.5349,936.7048,0.000000
NSGA-II,686,68600,100,14.0000,2355.3438,922.3553,17.6300,2464.7453,936.6310,0.000000
NSGA-II,687,68700,100,14.0000,2355.3438,922.3553,17.6300,2464.7453,936.6310,0.000000
NSGA-II,688,68800,100,14.0000,2355.3438,922.3553,17.6600,2463.7196,936.5568,0.000000
NSGA-II,689,68900,100,14.0000,2355.3438,922.3553,17.6600,2463.6929,936.5568,0.000000
NSGA-II,690,69000,100,14.0000,2355.3438,922.3553,17.6700,2463.5455,936.3061,0.000000
NSGA-II,691,69100,100,14.0000,2355.3438,922.3553,17.7200,2462.4501,935.8002,0.000000
NSGA-II,692,69200,100,14.0000,2355.3438,922.3553,17.6600,2464.1472,935.9390,0.000000
NSGA-II,693,69300,100,14.0000,2355.3438,922.3553,17.6600,2464.1472,935.9390,0.000000
NSGA-II,694,69400,100,14.0000,2355.3438,922.3553,17.6600,2464.1472,935.9390,0.000000
NSGA-II,695,69500,100,14.0000,2354.9621,922.3553,17.5600,2466.6083,935.6164,0.000000
NSGA-II,696,69600,100,14.0000,2354.9621,922.3553,17.5400,2466.7136,935.9027,0.000000
NSGA-II,697,69700,100,14.0000,2354.9621,922.3553,17.5800,2464.9543,935.6164,0.000000
NSGA-II,698,69800,100,14.0000,2354.9621,922.3553,17.5500,2466.8656,935.6164,0.000000
NSGA-II,699,69900,100,14.0000,2354.9621,922.3553,17.4800,2467.8360,935.9027,0.000000
NSGA-II,700,70000,100,14.0000,2354.9621,922.3553,17.5400,2467.8561,935.6164,0.000000
NSGA-II,701,70100,100,14.0000,2354.9621,922.3553,17.5000,2467.2379,936.0350,0.000000
NSGA-II,702,70200,100,14.0000,2354.9621,922.3553,17.5000,2467.2379,936.0350,0.000000
NSGA-II,703,70300,100,14.0000,2354.9621,922.3553,17.5100,2468.7674,935.7960,0.000000
NSGA-II,704,70400,100,14.0000,2354.9621,922.3553,17.5300,2466.4483,935.7960,0.000000
NSGA-II,705,70500,100,14.0000,2354.9621,922.3553,17.5700,2465.4813,935.7960,0.000000
NSGA-II,706,70600,100,14.0000,2354.9621,922.3553,17.5200,2467.7431,935.2897,0.000000
NSGA-II,707,70700,100,14.0000,2354.9621,922.3553,17.5200,2467.7431,935.2897,0.000000
NSGA-II,708,70800,100,14.0000,2354.9621,922.3553,17.5200,2467.7431,935.2897,0.000000
NSGA-II,709,70900,100,14.0000,2354.9621,922.3553,17.5200,2467.7396,935.2897,0.000000
NSGA-II,710,71000,100,14.0000,2354.9621,922.3553,17.5500,2466.2019,935.4608,0.000000
NSGA-II,711,71100,100,14.0000,2354.9621,922.3553,17.5800,2463.1726,935.4608,0.000000
NSGA-II,712,71200,100,14.0000,2354.9621,922.3553,17.5300,2463.5785,935.8793,0.000000
NSGA-II,713,71300,100,14.0000,2354.9621,922.3553,17.5300,2463.5785,935.8793,0.000000
NSGA-II,714,71400,100,14.0000,2354.9621,922.3553,17.6200,2460.3467,935.8798,0.000000
NSGA-II,715,71500,100,14.0000,2354.9621,922.3553,17.6200,2460.3467,935.8798,0.000000
NSGA-II,716,71600,100,14.0000,2354.9621,922.3553,17.5400,2461.4567,935.9289,0.000000
NSGA-II,717,71700,100,14.0000,2354.9621,922.3553,17.5700,2457.8595,936.7150,0.000000
NSGA-II,718,71800,100,14.0000,2354.9621,922.3553,17.6100,2460.1829,936.2642,0.000000
NSGA-II,719,71900,100,14.0000,2354.9621,922.3553,17.5800,2459.3681,936.2642,0.000000
NSGA-II,720,72000,100,14.0000,2354.9621,922.3553,17.5000,2459.1742,936.5292,0.000000
NSGA-II,721,72100,100,14.0000,2354.9621,922.3553,17.5600,2455.8913,936.6304,0.000000
NSGA-II,722,72200,100,14.0000,2354.9621,922.3553,17.5100,2456.2201,937.4690,0.000000
NSGA-II,723,72300,100,14.0000,2354.9621,922.3553,17.5000,2456.7203,937.0167,0.000000
NSGA-II,724,72400,100,14.0000,2354.9621,922.3553,17.4800,2457.3297,936.6921,0.000000
NSGA-II,725,72500,100,14.0000,2354.9621,922.3553,17.5700,2455.4553,936.7171,0.000000
NSGA-II,726,72600,100,14.0000,2354.9621,922.3553,17.5800,2455.3567,937.2980,0.000000
NSGA-II,727,72700,100,14.0000,2354.9621,922.3553,17.6200,2453.2789,937.1356,0.000000
NSGA-II,728,72800,100,14.0000,2354.9621,922.3553,17.6200,2453.0100,937.1356,0.000000
NSGA-II,729,72900,100,14.0000,2354.9621,922.3553,17.4800,2453.8754,937.6231,0.000000
NSGA-II,730,73000,100,14.0000,2354.9621,922.3553,17.4700,2454.5382,937.1690,0.000000
NSGA-II,731,73100,100,14.0000,2354.9621,922.3553,17.4700,2453.3481,937.5735,0.000000
NSGA-II,732,73200,100,14.0000,2354.9621,922.3553,17.4600,2452.1208,937.5505,0.000000
NSGA-II,733,73300,100,14.0000,2354.9621,922.3553,17.4600,2451.1810,937.9200,0.000000
NSGA-II,734,73400,100,14.0000,2354.9621,922.3553,17.4800,2451.1312,937.7825,0.000000
NSGA-II,735,73500,100,14.0000,2354.9621,922.3553,17.4400,2451.4391,937.8830,0.000000
NSGA-II,736,73600,100,14.0000,2349.9674,922.3553,17.3200,2455.3297,938.5079,0.000000
NSGA-II,737,73700,100,14.0000,2349.9674,922.3553,17.3800,2451.7549,938.0894,0.000000
NSGA-II,738,73800,100,14.0000,2349.9674,922.3553,17.3800,2452.8786,937.8945,0.000000
NSGA-II,739,73900,100,14.0000,2349.7160,922.3553,17.4000,2451.1701,937.5421,0.000000
NSGA-II,740,74000,100,14.0000,2349.7160,922.3553,17.4000,2451.1701,937.5421,0.000000
NSGA-II,741,74100,100,14.0000,2349.7160,922.3553,17.4500,2450.4357,937.2557,0.000000
NSGA-II,742,74200,100,14.0000,2349.7160,922.3553,17.4300,2451.9111,936.9861,0.000000
NSGA-II,743,74300,100,14.0000,2349.7160,922.3553,17.4300,2451.8869,936.8943,0.000000
NSGA-II,744,74400,100,14.0000,2349.7160,922.3553,17.4500,2452.8740,936.2741,0.000000
NSGA-II,745,74500,100,14.0000,2349.7160,922.3553,17.4800,2449.1575,936.6437,0.000000
NSGA-II,746,74600,100,14.0000,2349.7160,922.3553,17.5800,2447.4920,936.6322,0.000000
NSGA-II,747,74700,100,14.0000,2349.7160,922.3553,17.5700,2446.9201,936.6322,0.000000
NSGA-II,748,74800,99,14.0000,2349.7160,922.3553,17.4949,2446.8630,936.7764,0.000000
NSGA-II,749,74900,100,14.0000,2349.7160,922.3553,17.4900,2446.8248,936.7631,0.000000
NSGA-II,750,75000,100,14.0000,2349.7160,922.3553,17.4900,2446.9107,936.7491,0.000000
NSGA-II,751,75100,100,14.0000,2349.7160,922.3553,17.4900,2446.3046,936.7491,0.000000
NSGA-II,752,75200,100,14.0000,2349.7160,922.3553,17.4600,2447.2507,936.7348,0.000000
NSGA-II,753,75300,100,14.0000,2349.7160,922.3553,17.5300,2445.6962,936.4485,0.000000
NSGA-II,754,75400,100,14.0000,2349.7160,922.3553,17.4500,2446.8300,936.5793,0.000000
NSGA-II,755,75500,99,14.0000,2349.7160,922.3553,17.4646,2445.8617,936.6281,0.000000
NSGA-II,756,75600,99,14.0000,2349.7160,922.3553,17.4646,2445.7617,936.6281,0.000000
NSGA-II,757,75700,99,14.0000,2349.7160,922.3553,17.4545,2445.2047,936.6281,0.000000
NSGA-II,758,75800,99,14.0000,2349.7160,922.3553,17.4444,2445.9088,936.4730,0.000000
NSGA-II,759,75900,99,14.0000,2349.7160,922.3553,17.4444,2445.3825,936.7020,0.000000
NSGA-II,760,76000,99,14.0000,2345.0270,922.3553,17.4040,2446.5964,936.5143,0.000000
NSGA-II,761,76100,99,14.0000,2345.0270,922.3553,17.4040,2444.8763,936.7020,0.000000
NSGA-II,762,76200,98,14.0000,2345.0270,922.3553,17.3673,2444.7745,937.0859,0.000000
NSGA-II,763,76300,99,14.0000,2345.0270,922.3553,17.3939,2443.7670,937.1248,0.000000
NSGA-II,764,76400,99,14.0000,2345.0270,922.3553,17.3939,2444.1549,936.7969,0.000000
NSGA-II,765,76500,99,14.0000,2345.0270,922.3553,17.3939,2444.1549,936.7969,0.000000
NSGA-II,766,76600,99,14.0000,2345.0270,922.3553,17.4444,2443.1492,936.4189,0.000000
NSGA-II,767,76700,100,14.0000,2313.4788,922.3553,17.5600,2442.5128,936.0670,0.000000
NSGA-II,768,76800,100,14.0000,2313.4788,922.3553,17.5100,2441.1130,936.3019,0.000000
NSGA-II,769,76900,100,14.0000,2313.4788,922.3553,17.5200,2441.2004,936.0518,0.000000
NSGA-II,770,77000,100,14.0000,2313.4788,922.3553,17.5600,2438.5142,936.3580,0.000000
NSGA-II,771,77100,100,14.0000,2313.4788,922.3553,17.5800,2440.6674,936.3601,0.000000
NSGA-II,772,77200,100,14.0000,2313.4788,922.3553,17.6100,2438.0925,936.2687,0.000000
NSGA-II,773,77300,100,14.0000,2313.4788,922.3553,17.6700,2436.1537,936.2687,0.000000
NSGA-II,774,77400,100,14.0000,2313.4788,922.3553,17.7100,2435.7695,936.4824,0.000000
NSGA-II,775,77500,100,14.0000,2313.4788,922.3553,17.6600,2436.0864,936.6724,0.000000
NSGA-II,776,77600,100,14.0000,2313.4788,922.3553,17.6500,2436.6645,936.6724,0.000000
NSGA-II,777,77700,100,14.0000,2313.4788,922.3553,17.6500,2436.6645,936.6724,0.000000
NSGA-II,778,77800,100,14.0000,2313.4788,922.3553,17.5700,2438.6898,936.6838,0.000000
NSGA-II,779,77900,100,14.0000,2313.4788,922.3553,17.5600,2439.8941,936.7177,0.000000
NSGA-II,780,78000,100,14.0000,2313.4788,922.3553,17.5400,2439.7941,936.4443,0.000000
NSGA-II,781,78100,100,14.0000,2294.4622,922.3553,17.5000,2439.6607,936.3836,0.000000
NSGA-II,782,78200,100,14.0000,2294.4622,922.3553,17.5700,2439.2463,936.0973,0.000000
NSGA-II,783,78300,100,14.0000,2294.4622,922.3553,17.5300,2440.0030,936.5848,0.000000
NSGA-II,784,78400,100,14.0000,2294.4622,922.3553,17.4600,2439.8564,936.2930,0.000000
NSGA-II,785,78500,100,14.0000,2294.4622,922.3553,17.5300,2437.0885,936.2592,0.000000
NSGA-II,786,78600,100,14.0000,2294.4622,922.3553,17.4800,2437.2367,936.3531,0.000000
NSGA-II,787,78700,100,14.0000,2294.4622,922.3553,17.5000,2435.6675,936.8029,0.000000
NSGA-II,788,78800,100,14.0000,2294.4622,922.3553,17.5000,2435.6675,936.8029,0.000000
NSGA-II,789,78900,100,14.0000,2294.4622,922.3553,17.5000,2435.2890,937.1275,0.000000
NSGA-II,790,79000,100,14.0000,2294.4622,922.3553,17.5200,2433.0718,937.3571,0.000000
NSGA-II,791,79100,100,14.0000,2294.4622,922.3553,17.5500,2429.4627,937.2484,0.000000
NSGA-II,792,79200,100,14.0000,2294.4622,922.3553,17.5000,2429.7042,937.3793,0.000000
NSGA-II,793,79300,100,14.0000,2294.4622,922.3553,17.5200,2427.5273,937.8645,0.000000
NSGA-II,794,79400,100,14.0000,2294.4622,922.3553,17.5600,2426.7528,937.6317,0.000000
NSGA-II,795,79500,100,14.0000,2294.4622,922.3553,17.5500,2426.0829,937.9642,0.000000
NSGA-II,796,79600,100,14.0000,2294.4622,922.3553,17.5500,2427.9616,937.7784,0.000000
NSGA-II,797,79700,100,14.0000,2294.4622,922.3553,17.5000,2428.0339,937.7784,0.000000
NSGA-II,798,79800,100,14.0000,2294.4622,922.3553,17.5000,2428.0339,937.7784,0.000000
NSGA-II,799,79900,100,14.0000,2294.4622,922.3553,17.5800,2426.2631,937.7670,0.000000
NSGA-II,800,80000,100,14.0000,2294.4622,922.3553,17.5500,2425.0312,938.6058,0.000000
NSGA-II,801,80100,100,14.0000,2294.4622,922.3553,17.4700,2426.7747,938.1485,0.000000
NSGA-II,802,80200,100,14.0000,2294.4622,922.3553,17.5100,2424.6225,938.3343,0.000000
NSGA-II,803,80300,100,14.0000,2294.4622,922.3553,17.5400,2424.4229,938.0457,0.000000
NSGA-II,804,80400,100,14.0000,2286.4000,922.3553,17.4400,2425.5623,938.3630,0.000000
NSGA-II,805,80500,100,14.0000,2286.4000,922.3553,17.4200,2424.4083,938.0757,0.000000
NSGA-II,806,80600,100,14.0000,2286.4000,922.3553,17.4400,2424.4063,937.8816,0.000000
NSGA-II,807,80700,100,14.0000,2286.4000,922.3553,17.4400,2424.3594,937.7865,0.000000
NSGA-II,808,80800,100,14.0000,2286.4000,922.3553,17.4100,2426.1520,937.6006,0.000000
NSGA-II,809,80900,100,14.0000,2286.4000,922.3553,17.4500,2425.1255,937.6376,0.000000
NSGA-II,810,81000,100,14.0000,2286.4000,922.3553,17.5100,2425.8424,937.2408,0.000000
NSGA-II,811,81100,100,14.0000,2286.4000,922.3553,17.5400,2427.0798,936.8299,0.000000
NSGA-II,812,81200,100,14.0000,2286.4000,922.3553,17.5800,2424.6241,936.9162,0.000000
NSGA-II,813,81300,100,14.0000,2286.4000,922.3553,17.5300,2423.3032,937.0117,0.000000
NSGA-II,814,81400,100,14.0000,2286.4000,922.3553,17.5300,2423.3032,937.0117,0.000000
NSGA-II,815,81500,100,14.0000,2286.4000,922.3553,17.5100,2423.4958,937.1595,0.000000
NSGA-II,816,81600,100,14.0000,2286.4000,922.3553,17.4700,2423.4859,937.7405,0.000000
NSGA-II,817,81700,100,14.0000,2286.4000,922.3553,17.4800,2423.9188,937.4542,0.000000
NSGA-II,818,81800,100,14.0000,2286.4000,922.3553,17.4600,2425.0172,937.1897,0.000000
NSGA-II,819,81900,100,14.0000,2286.4000,922.3553,17.4500,2426.1654,937.1897,0.000000
NSGA-II,820,82000,100,14.0000,2286.4000,922.3553,17.4500,2425.6298,937.2743,0.000000
NSGA-II,821,82100,100,14.0000,2286.4000,922.3553,17.5000,2424.9342,936.9512,0.000000
NSGA-II,822,82200,100,14.0000,2286.4000,922.3553,17.4900,2425.0151,936.9392,0.000000
NSGA-II,823,82300,100,14.0000,2286.4000,922.3553,17.5000,2424.2850,936.7790,0.000000
NSGA-II,824,82400,100,14.0000,2286.4000,922.3553,17.4900,2421.6204,937.3628,0.000000
NSGA-II,825,82500,100,14.0000,2286.4000,922.3553,17.4700,2420.3835,937.9466,0.000000
NSGA-II,826,82600,100,14.0000,2286.4000,922.3553,17.4700,2420.3835,937.9466,0.000000
NSGA-II,827,82700,100,14.0000,2286.4000,922.3553,17.4700,2420.3835,937.9466,0.000000
NSGA-II,828,82800,100,14.0000,2286.4000,922.3553,17.4700,2420.3688,937.9466,0.000000
NSGA-II,829,82900,100,14.0000,2286.4000,922.3553,17.4300,2421.1674,938.2253,0.000000
NSGA-II,830,83000,100,14.0000,2286.4000,922.3553,17.4400,2419.7452,938.6100,0.000000
NSGA-II,831,83100,100,14.0000,2286.4000,922.3553,17.4300,2419.9728,938.6100,0.000000
NSGA-II,832,83200,100,14.0000,2286.4000,922.3553,17.4800,2417.3188,938.3696,0.000000
NSGA-II,833,83300,100,14.0000,2286.4000,922.3553,17.5100,2416.8046,938.2043,0.000000
NSGA-II,834,83400,100,14.0000,2286.4000,922.3553,17.5600,2416.3558,938.3132,0.000000
NSGA-II,835,83500,100,14.0000,2286.4000,922.3553,17.3900,2419.0786,938.3081,0.000000
NSGA-II,836,83600,100,14.0000,2286.4000,922.3553,17.3900,2418.9686,938.1998,0.000000
NSGA-II,837,83700,100,14.0000,2286.4000,922.3553,17.3900,2419.5316,938.3933,0.000000
NSGA-II,838,83800,100,14.0000,2286.4000,922.3553,17.3800,2417.5233,938.6680,0.000000
NSGA-II,839,83900,100,14.0000,2286.4000,922.3553,17.3800,2418.3410,938.5652,0.000000
NSGA-II,840,84000,100,14.0000,2285.0934,922.3553,17.3800,2415.8896,939.1520,0.000000
NSGA-II,841,84100,100,14.0000,2285.0934,922.3553,17.4500,2415.9069,938.6032,0.000000
NSGA-II,842,84200,100,14.0000,2285.0934,922.3553,17.3400,2413.8333,939.0379,0.000000
NSGA-II,843,84300,100,14.0000,2285.0934,922.3553,17.3500,2413.4397,939.0112,0.000000
NSGA-II,844,84400,100,14.0000,2285.0934,922.3553,17.3300,2414.2718,938.8847,0.000000
NSGA-II,845,84500,100,14.0000,2285.0934,922.3553,17.3100,2413.8304,939.0759,0.000000
NSGA-II,846,84600,100,14.0000,2285.0934,922.3553,17.2600,2415.5149,939.1515,0.000000
NSGA-II,847,84700,100,14.0000,2285.0934,922.3553,17.2600,2414.7734,939.1309,0.000000
NSGA-II,848,84800,100,14.0000,2285.0934,922.3553,17.2600,2414.7734,939.1309,0.000000
NSGA-II,849,84900,100,14.0000,2285.0934,922.3553,17.2700,2413.3000,939.3621,0.000000
NSGA-II,850,85000,100,14.0000,2285.0934,922.3553,17.2700,2413.0946,939.4190,0.000000
NSGA-II,851,85100,100,14.0000,2285.0934,922.3553,17.2500,2413.2117,939.6037,0.000000
NSGA-II,852,85200,100,14.0000,2285.0934,922.3553,17.2900,2410.9370,939.7895,0.000000
NSGA-II,853,85300,100,14.0000,2285.0934,922.3553,17.3500,2408.9818,939.7448,0.000000
NSGA-II,854,85400,100,14.0000,2285.0934,922.3553,17.4300,2406.9112,939.1761,0.000000
NSGA-II,855,85500,100,14.0000,2285.0934,922.3553,17.5600,2404.0895,938.9000,0.000000
NSGA-II,856,85600,100,14.0000,2285.0934,922.3553,17.5000,2404.6064,939.2815,0.000000
NSGA-II,857,85700,100,14.0000,2285.0934,922.3553,17.4600,2405.1727,939.3661,0.000000
NSGA-II,858,85800,100,14.0000,2284.9565,922.3553,17.3600,2409.6716,939.0562,0.000000
NSGA-II,859,85900,100,14.0000,2284.9565,922.3553,17.2900,2413.4460,938.6697,0.000000
NSGA-II,860,86000,100,14.0000,2284.9565,922.3553,17.3000,2410.8288,938.9609,0.000000
NSGA-II,861,86100,100,14.0000,2284.9565,922.3553,17.2400,2410.6277,938.6831,0.000000
NSGA-II,862,86200,100,14.0000,2284.9565,922.3553,17.2600,2408.7056,939.2228,0.000000
NSGA-II,863,86300,100,14.0000,2284.9565,922.3553,17.2900,2406.7897,939.4029,0.000000
NSGA-II,864,86400,100,14.0000,2284.9565,922.3553,17.2500,2407.0442,939.6109,0.000000
NSGA-II,865,86500,100,14.0000,2284.9565,922.3553,17.2900,2405.5100,939.4195,0.000000
NSGA-II,866,86600,100,14.0000,2284.9565,922.3553,17.2900,2405.5100,939.4195,0.000000
NSGA-II,867,86700,100,14.0000,2284.9565,922.3553,17.2900,2405.5100,939.4195,0.000000
NSGA-II,868,86800,100,14.0000,2284.9565,922.3553,17.3200,2406.7040,938.8981,0.000000
NSGA-II,869,86900,100,14.0000,2284.9565,922.3553,17.3900,2404.0436,938.7072,0.000000
NSGA-II,870,87000,100,14.0000,2284.9565,922.3553,17.3300,2404.2831,938.6226,0.000000
NSGA-II,871,87100,100,14.0000,2284.9565,922.3553,17.3200,2404.0341,938.7166,0.000000
NSGA-II,872,87200,100,14.0000,2284.9565,922.3553,17.3100,2403.9532,938.8012,0.000000
NSGA-II,873,87300,100,14.0000,2284.9565,922.3553,17.3300,2402.4046,939.5267,0.000000
NSGA-II,874,87400,100,14.0000,2284.9565,922.3553,17.3200,2401.4745,939.9143,0.000000
NSGA-II,875,87500,100,14.0000,2284.9565,922.3553,17.3200,2401.2932,939.8894,0.000000
NSGA-II,876,87600,100,14.0000,2284.9565,922.3553,17.3300,2399.5805,940.2395,0.000000
NSGA-II,877,87700,100,14.0000,2284.9565,922.3553,17.3300,2400.0220,940.1549,0.000000
NSGA-II,878,87800,100,14.0000,2284.9565,922.3553,17.3000,2401.4983,939.8603,0.000000
NSGA-II,879,87900,100,14.0000,2284.9565,922.3553,17.2900,2400.4293,939.6978,0.000000
NSGA-II,880,88000,100,14.0000,2284.9565,922.3553,17.2900,2400.4293,939.6978,0.000000
NSGA-II,881,88100,100,14.0000,2284.9565,922.3553,17.2900,2398.7799,940.1849,0.000000
NSGA-II,882,88200,100,14.0000,2284.9565,922.3553,17.2400,2399.6185,940.1740,0.000000
NSGA-II,883,88300,100,14.0000,2284.9565,922.3553,17.2900,2399.1211,940.0979,0.000000
NSGA-II,884,88400,100,14.0000,2284.9565,922.3553,17.2500,2398.8098,940.3139,0.000000
NSGA-II,885,88500,100,14.0000,2284.9565,922.3553,17.2500,2398.8098,940.3139,0.000000
NSGA-II,886,88600,100,14.0000,2284.9565,922.3553,17.2500,2398.8450,940.1535,0.000000
NSGA-II,887,88700,100,14.0000,2284.9565,922.3553,17.1600,2403.0884,940.8360,0.000000
NSGA-II,888,88800,100,14.0000,2284.9565,922.3553,17.1600,2398.4958,940.7749,0.000000
NSGA-II,889,88900,100,14.0000,2284.9565,922.3553,17.0400,2399.2757,941.4941,0.000000
NSGA-II,890,89000,100,14.0000,2284.9565,922.3553,17.0400,2399.2757,941.4941,0.000000
NSGA-II,891,89100,100,14.0000,2284.9565,922.3553,17.0200,2399.2106,941.6982,0.000000
NSGA-II,892,89200,100,14.0000,2284.9565,922.3553,16.9900,2401.4958,941.6859,0.000000
NSGA-II,893,89300,100,14.0000,2284.9565,922.3553,17.0300,2400.1975,941.7363,0.000000
NSGA-II,894,89400,100,14.0000,2284.9565,922.3553,17.0300,2397.6013,941.9454,0.000000
NSGA-II,895,89500,100,14.0000,2284.9565,922.3553,17.0600,2399.6072,941.3644,0.000000
NSGA-II,896,89600,100,14.0000,2284.9565,922.3553,17.0600,2399.6072,941.3644,0.000000
NSGA-II,897,89700,100,14.0000,2284.9565,922.3553,17.0100,2396.7789,941.7830,0.000000
NSGA-II,898,89800,100,14.0000,2284.9565,922.3553,17.0700,2397.6000,941.1111,0.000000
NSGA-II,899,89900,100,14.0000,2284.9565,922.3553,16.9600,2400.8200,941.3898,0.000000
NSGA-II,900,90000,100,14.0000,2284.9565,922.3553,16.9700,2396.4362,941.7196,0.000000
NSGA-II,901,90100,100,14.0000,2284.9565,922.3553,17.0000,2402.4755,941.5589,0.000000
NSGA-II,902,90200,100,14.0000,2284.9565,922.3553,16.9200,2403.2607,941.1785,0.000000
NSGA-II,903,90300,100,14.0000,2284.9565,922.3553,16.9100,2399.0536,941.3085,0.000000
NSGA-II,904,90400,100,14.0000,2284.9565,922.3553,16.8600,2399.3681,941.6108,0.000000
NSGA-II,905,90500,100,14.0000,2284.9565,922.3553,16.9500,2397.8241,940.6320,0.000000
NSGA-II,906,90600,100,14.0000,2284.9565,922.3553,16.9900,2395.7999,940.6320,0.000000
NSGA-II,907,90700,100,14.0000,2284.9565,922.3553,16.9000,2399.8132,940.8095,0.000000
NSGA-II,908,90800,100,14.0000,2284.9565,922.3553,16.9100,2399.5603,940.9953,0.000000
NSGA-II,909,90900,100,14.0000,2284.9565,922.3553,16.9000,2401.1252,940.7464,0.000000
NSGA-II,910,91000,100,14.0000,2284.9565,922.3553,16.8300,2399.8356,940.9390,0.000000
NSGA-II,911,91100,100,14.0000,2284.9565,922.3553,16.7500,2403.5304,941.4807,0.000000
NSGA-II,912,91200,100,14.0000,2284.9565,922.3553,16.7400,2402.1653,941.7776,0.000000
NSGA-II,913,91300,100,14.0000,2284.9565,922.3553,16.7400,2402.2731,941.8131,0.000000
NSGA-II,914,91400,100,14.0000,2284.9565,922.3553,16.7100,2402.5589,942.3941,0.000000
NSGA-II,915,91500,100,14.0000,2284.9565,922.3553,16.7200,2403.4788,942.2822,0.000000
NSGA-II,916,91600,100,14.0000,2284.9565,922.3553,16.7800,2399.7448,942.1826,0.000000
NSGA-II,917,91700,100,14.0000,2226.6654,922.3553,16.6100,2400.2384,942.9627,0.000000
NSGA-II,918,91800,100,14.0000,2226.6654,922.3553,16.6300,2400.3094,941.7897,0.000000
NSGA-II,919,91900,100,14.0000,2226.6654,922.3553,16.5900,2401.3424,941.8826,0.000000
NSGA-II,920,92000,100,14.0000,2226.6654,922.3553,16.5800,2399.0354,942.3359,0.000000
NSGA-II,921,92100,100,14.0000,2226.6654,922.3553,16.5800,2398.6664,942.2988,0.000000
NSGA-II,922,92200,100,14.0000,2226.6654,922.3553,16.6100,2397.4771,942.6643,0.000000
NSGA-II,923,92300,100,14.0000,2226.6654,922.3553,16.5900,2396.4870,942.4785,0.000000
NSGA-II,924,92400,100,14.0000,2226.6654,922.3553,16.5500,2398.4420,942.5724,0.000000
NSGA-II,925,92500,100,14.0000,2226.6654,922.3553,16.5800,2396.2901,942.2138,0.000000
NSGA-II,926,92600,100,14.0000,2226.6654,922.3553,16.5400,2397.5809,942.2946,0.000000
NSGA-II,927,92700,100,14.0000,2226.6654,922.3553,16.5700,2395.6864,941.4297,0.000000
NSGA-II,928,92800,100,14.0000,2226.6654,922.3553,16.5700,2394.4623,941.5905,0.000000
NSGA-II,929,92900,100,14.0000,2226.6654,922.3553,16.5400,2394.4145,941.4633,0.000000
NSGA-II,930,93000,100,14.0000,2226.6654,922.3553,16.5400,2394.4093,941.4633,0.000000
NSGA-II,931,93100,100,14.0000,2226.6654,922.3553,16.5500,2391.9996,941.6935,0.000000
NSGA-II,932,93200,100,14.0000,2226.6654,922.3553,16.5600,2393.1831,941.2064,0.000000
NSGA-II,933,93300,100,14.0000,2226.6654,922.3553,16.5400,2393.5818,941.3880,0.000000
NSGA-II,934,93400,100,14.0000,2226.6654,922.3553,16.6000,2393.2657,941.1855,0.000000
NSGA-II,935,93500,100,14.0000,2226.6654,922.3553,16.6000,2393.2657,941.1855,0.000000
NSGA-II,936,93600,100,14.0000,2226.6654,922.3553,16.5300,2393.4442,941.2737,0.000000
NSGA-II,937,93700,100,14.0000,2226.6654,922.3553,16.5300,2392.5649,941.9169,0.000000
NSGA-II,938,93800,100,14.0000,2226.6654,922.3553,16.5100,2393.7231,941.8929,0.000000
NSGA-II,939,93900,100,14.0000,2226.6654,922.3553,16.5100,2393.7231,941.8929,0.000000
NSGA-II,940,94000,100,14.0000,2226.6654,922.3553,16.5100,2393.7231,941.8929,0.000000
NSGA-II,941,94100,100,14.0000,2226.6654,922.3553,16.5100,2393.7231,941.8929,0.000000
NSGA-II,942,94200,100,14.0000,2226.6654,922.3553,16.4900,2393.5962,941.7504,0.000000
NSGA-II,943,94300,100,14.0000,2226.6654,922.3553,16.4500,2393.0941,941.0042,0.000000
NSGA-II,944,94400,100,14.0000,2226.6654,922.3553,16.4500,2393.5861,940.7652,0.000000
NSGA-II,945,94500,100,14.0000,2226.6654,922.3553,16.4500,2392.3706,940.9500,0.000000
NSGA-II,946,94600,100,14.0000,2226.6654,922.3553,16.4300,2390.7481,941.0156,0.000000
NSGA-II,947,94700,100,14.0000,2226.6654,922.3553,16.3600,2391.3733,941.1087,0.000000
NSGA-II,948,94800,100,14.0000,2226.6654,922.3553,16.3400,2392.2934,941.1324,0.000000
NSGA-II,949,94900,100,14.0000,2226.6654,922.3553,16.3400,2391.4414,941.1324,0.000000
NSGA-II,950,95000,100,14.0000,2219.4554,922.3553,16.2700,2391.7376,940.8762,0.000000
NSGA-II,951,95100,100,14.0000,2219.4554,922.3553,16.2300,2392.5201,940.8685,0.000000
NSGA-II,952,95200,100,14.0000,2219.4554,922.3553,16.2400,2392.8806,940.4870,0.000000
NSGA-II,953,95300,100,14.0000,2219.4554,922.3553,16.2800,2391.8526,940.3930,0.000000
NSGA-II,954,95400,100,14.0000,2219.4554,922.3553,16.2400,2394.2587,940.4269,0.000000
NSGA-II,955,95500,100,14.0000,2219.4554,922.3553,16.2400,2394.1874,940.4269,0.000000
NSGA-II,956,95600,100,14.0000,2189.4605,922.3553,16.2100,2394.8624,940.0234,0.000000
NSGA-II,957,95700,100,14.0000,2189.4605,922.3553,16.1900,2392.5686,940.0515,0.000000
NSGA-II,958,95800,100,14.0000,2189.4605,922.3553,16.1900,2391.4726,940.0515,0.000000
NSGA-II,959,95900,100,14.0000,2189.4605,922.3553,16.2000,2390.5694,940.0515,0.000000
NSGA-II,960,96000,100,14.0000,2189.4605,922.3553,16.1900,2390.6047,940.2311,0.000000
NSGA-II,961,96100,100,14.0000,2189.4605,922.3553,16.1700,2390.9518,940.2311,0.000000
NSGA-II,962,96200,100,14.0000,2189.4605,922.3553,16.1700,2390.8379,940.1957,0.000000
NSGA-II,963,96300,100,14.0000,2189.4605,922.3553,16.2600,2386.3654,939.7192,0.000000
NSGA-II,964,96400,100,14.0000,2189.4605,922.3553,16.2600,2386.5869,939.3989,0.000000
NSGA-II,965,96500,99,14.0000,2189.4605,922.3553,16.2626,2386.0428,939.2837,0.000000
NSGA-II,966,96600,99,14.0000,2189.4605,922.3553,16.2727,2385.8914,939.0990,0.000000
NSGA-II,967,96700,99,14.0000,2189.4605,922.3553,16.2626,2384.8023,939.1939,0.000000
NSGA-II,968,96800,100,14.0000,2189.4605,922.3553,16.2600,2384.4224,939.2242,0.000000
NSGA-II,969,96900,100,14.0000,2189.4605,922.3553,16.2800,2383.4767,939.1631,0.000000
NSGA-II,970,97000,100,14.0000,2189.4605,922.3553,16.2900,2382.0109,939.1292,0.000000
NSGA-II,971,97100,100,14.0000,2189.4605,922.3553,16.3300,2379.6871,938.1359,0.000000
NSGA-II,972,97200,100,14.0000,2189.4605,922.3553,16.3900,2379.5484,937.2302,0.000000
NSGA-II,973,97300,100,14.0000,2189.4605,922.3553,16.3900,2376.5727,937.2203,0.000000
NSGA-II,974,97400,100,14.0000,2189.4605,922.3553,16.3200,2380.7929,937.6198,0.000000
NSGA-II,975,97500,100,14.0000,2189.4605,922.3553,16.3200,2380.7929,937.6198,0.000000
NSGA-II,976,97600,100,14.0000,2189.4605,922.3553,16.3300,2378.7425,937.3568,0.000000
NSGA-II,977,97700,100,14.0000,2189.4605,922.3553,16.3300,2378.7425,937.3568,0.000000
NSGA-II,978,97800,100,14.0000,2189.4605,922.3553,16.3200,2378.8752,937.4408,0.000000
NSGA-II,979,97900,100,14.0000,2189.4605,922.3553,16.3300,2378.7946,937.5450,0.000000
NSGA-II,980,98000,100,14.0000,2189.4605,922.3553,16.3200,2378.8883,937.3055,0.000000
NSGA-II,981,98100,99,14.0000,2189.4605,922.3553,16.3131,2378.1548,937.3067,0.000000
NSGA-II,982,98200,99,14.0000,2189.4605,922.3553,16.3535,2376.6005,936.4827,0.000000
NSGA-II,983,98300,99,14.0000,2189.4605,922.3553,16.3030,2377.0700,937.2089,0.000000
NSGA-II,984,98400,99,14.0000,2189.4605,922.3553,16.3333,2372.9873,936.5169,0.000000
NSGA-II,985,98500,99,14.0000,2189.4605,922.3553,16.3333,2372.9873,936.5169,0.000000
NSGA-II,986,98600,99,14.0000,2189.4605,922.3553,16.3535,2370.2907,936.5840,0.000000
NSGA-II,987,98700,99,14.0000,2179.2470,922.3553,16.3333,2369.5483,936.5840,0.000000
NSGA-II,988,98800,99,14.0000,2179.2470,922.3553,16.3030,2372.5839,936.6694,0.000000
NSGA-II,989,98900,99,14.0000,2179.2470,922.3553,16.3030,2367.1972,936.8313,0.000000
NSGA-II,990,99000,99,14.0000,2179.2470,922.3553,16.3030,2367.0838,936.8313,0.000000
NSGA-II,991,99100,99,14.0000,2179.2470,922.3553,16.3535,2364.4149,936.6390,0.000000
NSGA-II,992,99200,99,14.0000,2179.2470,922.3553,16.3434,2365.3386,936.6689,0.000000
NSGA-II,993,99300,99,14.0000,2179.2470,922.3553,16.3434,2365.0863,936.6689,0.000000
NSGA-II,994,99400,99,14.0000,2179.2470,922.3553,16.3333,2365.6316,936.7580,0.000000
NSGA-II,995,99500,99,14.0000,2179.2470,922.3553,16.3535,2365.3945,936.8403,0.000000
NSGA-II,996,99600,99,14.0000,2179.2470,922.3553,16.4040,2359.5858,936.7779,0.000000
NSGA-II,997,99700,99,14.0000,2179.2470,922.3553,16.4141,2356.2819,936.8532,0.000000
NSGA-II,998,99800,99,14.0000,2179.2470,922.3553,16.3838,2357.1640,936.8590,0.000000
NSGA-II,999,99900,98,14.0000,2179.2470,922.3553,16.3980,2351.4275,937.1043,0.000000
NSGA-II,1000,100000,98,14.0000,2179.2470,922.3553,16.3980,2351.4275,937.1043,0.000000
MOEA/D,1,105,43,28.0000,3568.0444,922.3553,36.5116,3885.6520,961.8380,0.000000
MOEA/D,2,210,105,29.0000,3421.6530,922.3553,32.5810,3458.5136,929.6014,0.000000
MOEA/D,3,315,105,28.0000,3303.8151,922.3553,32.9429,3379.8300,933.1766,0.000000
MOEA/D,4,420,105,29.0000,3220.7151,922.3553,30.9524,3254.4489,922.4469,0.000000
MOEA/D,5,525,105,28.0000,3155.9572,922.3553,30.2095,3200.3400,929.4576,0.000000
MOEA/D,6,630,105,28.0000,3091.7151,922.3553,29.8381,3130.1094,933.8044,0.000000
MOEA/D,7,735,105,28.0000,3066.2076,931.9737,29.8857,3101.6260,933.7960,0.000000
MOEA/D,8,840,105,28.0000,3056.1791,931.9737,29.6190,3084.5801,933.6511,0.000000
MOEA/D,9,945,105,28.0000,3009.0186,922.3553,29.5905,3052.3466,934.0479,0.000000
MOEA/D,10,1050,105,28.0000,2995.1094,922.3553,29.8762,3038.5669,933.5216,0.000000
MOEA/D,11,1155,105,29.0000,2953.8951,922.3553,30.1333,3001.7991,932.2339,0.000000
MOEA/D,12,1260,105,28.0000,2922.1977,922.3553,29.6571,2965.1646,931.1624,0.000000
MOEA/D,13,1365,105,28.0000,2881.5525,922.3553,29.4571,2944.9443,930.6411,0.000000
MOEA/D,14,1470,105,27.0000,2859.0090,922.3553,29.2000,2903.2765,929.6836,0.000000
MOEA/D,15,1575,105,28.0000,2859.0090,931.9737,30.4571,2882.6239,933.1408,0.000000
MOEA/D,16,1680,105,29.0000,2854.4793,922.3553,30.2571,2869.2451,929.0926,0.000000
MOEA/D,17,1785,105,29.0000,2829.5303,922.3553,30.0952,2857.8583,930.0605,0.000000
MOEA/D,18,1890,105,28.0000,2821.0991,922.3553,29.7143,2844.0490,926.9355,0.000000
MOEA/D,19,1995,105,28.0000,2772.6970,922.3553,29.1714,2813.0685,924.7370,0.000000
MOEA/D,20,2100,105,28.0000,2748.2287,922.3553,28.2095,2774.7530,924.7591,0.000000
MOEA/D,21,2205,105,28.0000,2748.2287,922.3553,28.1810,2773.7749,925.0418,0.000000
MOEA/D,22,2310,105,28.0000,2748.2287,922.3553,28.2190,2773.3732,925.7488,0.000000
MOEA/D,23,2415,105,28.0000,2748.2287,922.3553,28.2571,2773.1837,925.1832,0.000000
MOEA/D,24,2520,105,28.0000,2748.2287,922.3553,28.3905,2767.5626,923.3451,0.000000
MOEA/D,25,2625,105,28.0000,2743.9583,922.3553,28.4762,2762.9812,922.3553,0.000000
MOEA/D,26,2730,105,28.0000,2743.9583,922.3553,28.6571,2757.8459,922.3553,0.000000
MOEA/D,27,2835,105,28.0000,2743.9583,922.3553,28.7048,2752.1804,922.3553,0.000000
MOEA/D,28,2940,105,28.0000,2733.3889,922.3553,29.0476,2743.7305,922.3553,0.000000
MOEA/D,29,3045,105,28.0000,2733.3889,922.3553,29.1143,2743.1674,923.1423,0.000000
MOEA/D,30,3150,105,28.0000,2733.3889,922.3553,29.1143,2743.1674,923.1423,0.000000
MOEA/D,31,3255,105,28.0000,2730.6543,922.3553,28.6952,2740.1596,922.8800,0.000000
MOEA/D,32,3360,105,28.0000,2696.5671,922.3553,28.7524,2727.8077,922.8800,0.000000
MOEA/D,33,3465,105,28.0000,2688.3273,922.3553,28.9143,2721.4612,922.8800,0.000000
MOEA/D,34,3570,105,28.0000,2688.3273,922.3553,28.7619,2716.8778,922.6799,0.000000
MOEA/D,35,3675,105,28.0000,2688.3273,922.3553,28.7429,2714.6220,922.5284,0.000000
MOEA/D,36,3780,105,28.0000,2688.3273,922.3553,28.7238,2707.4571,922.5825,0.000000
MOEA/D,37,3885,105,28.0000,2688.3273,922.3553,28.8095,2704.2924,922.5609,0.000000
MOEA/D,38,3990,105,28.0000,2672.7412,922.3553,28.6381,2699.1195,923.4562,0.000000
MOEA/D,39,4095,105,28.0000,2672.7412,922.3553,28.4857,2696.4216,923.9308,0.000000
MOEA/D,40,4200,105,28.0000,2672.7412,922.3553,28.4857,2696.4216,923.9308,0.000000
MOEA/D,41,4305,105,27.0000,2672.7412,922.3553,28.3333,2694.0907,924.0707,0.000000
MOEA/D,42,4410,105,27.0000,2672.7412,922.3553,28.3905,2692.9147,923.9142,0.000000
MOEA/D,43,4515,105,27.0000,2672.7412,922.3553,28.4000,2692.6154,924.1624,0.000000
MOEA/D,44,4620,105,27.0000,2672.7412,922.3553,28.4095,2688.3904,924.0282,0.000000
MOEA/D,45,4725,105,26.0000,2649.8053,922.3553,28.2286,2679.1383,923.0680,0.000000
MOEA/D,46,4830,105,26.0000,2649.8053,922.3553,28.2952,2672.3521,922.8148,0.000000
MOEA/D,47,4935,105,26.0000,2649.8053,922.3553,28.3524,2672.2393,922.8148,0.000000
MOEA/D,48,5040,105,27.0000,2649.8053,922.3553,28.1905,2670.2621,923.4358,0.000000
MOEA/D,49,5145,105,27.0000,2635.7309,922.3553,28.1714,2659.4120,922.5659,0.000000
MOEA/D,50,5250,105,27.0000,2573.5971,922.3553,28.1429,2616.6674,925.9120,0.000000
MOEA/D,51,5355,105,27.0000,2573.5971,922.3553,28.0286,2611.5820,927.0112,0.000000
MOEA/D,52,5460,105,27.0000,2573.5971,922.3553,28.2476,2603.7152,930.3769,0.000000
MOEA/D,53,5565,105,27.0000,2573.5971,922.3553,28.3905,2597.7842,931.5205,0.000000
MOEA/D,54,5670,105,27.0000,2558.4816,922.3553,28.2286,2587.6935,930.0444,0.000000
MOEA/D,55,5775,105,27.0000,2557.3564,922.3553,28.1714,2584.6074,930.6746,0.000000
MOEA/D,56,5880,105,27.0000,2557.3564,922.3553,28.0667,2578.5537,929.3701,0.000000
MOEA/D,57,5985,105,27.0000,2557.3564,922.3553,28.4667,2575.0927,928.6537,0.000000
MOEA/D,58,6090,105,27.0000,2557.3564,922.3553,28.4571,2574.8651,928.6537,0.000000
MOEA/D,59,6195,105,27.0000,2550.9233,922.3553,28.3238,2566.2122,928.3276,0.000000
MOEA/D,60,6300,105,26.0000,2547.5825,922.3553,27.8571,2562.7641,928.1285,0.000000
MOEA/D,61,6405,105,26.0000,2547.5825,922.3553,27.9238,2562.1945,928.1285,0.000000
MOEA/D,62,6510,105,26.0000,2540.7977,922.3553,27.8952,2557.9158,926.9758,0.000000
MOEA/D,63,6615,105,26.0000,2540.7977,922.3553,27.5619,2556.6861,926.8142,0.000000
MOEA/D,64,6720,105,26.0000,2540.7977,922.3553,27.2857,2555.9680,926.7335,0.000000
MOEA/D,65,6825,105,26.0000,2540.7977,923.4912,27.0762,2552.7074,926.3187,0.000000
MOEA/D,66,6930,105,26.0000,2540.7977,923.4912,27.0381,2550.1819,925.2685,0.000000
MOEA/D,67,7035,105,26.0000,2540.7977,923.4912,27.1619,2549.9292,925.2685,0.000000
MOEA/D,68,7140,105,26.0000,2540.7977,923.4912,27.1619,2549.9292,925.2685,0.000000
MOEA/D,69,7245,105,26.0000,2538.5109,923.4912,27.0381,2545.8248,924.7030,0.000000
MOEA/D,70,7350,105,26.0000,2520.1670,922.3553,26.7143,2539.8221,923.7596,0.000000
MOEA/D,71,7455,105,26.0000,2520.1670,922.3553,26.6476,2537.7783,923.2042,0.000000
MOEA/D,72,7560,105,26.0000,2520.1670,922.3553,26.7048,2535.7055,923.2208,0.000000
MOEA/D,73,7665,105,26.0000,2520.1670,922.3553,26.6667,2535.6984,923.2208,0.000000
MOEA/D,74,7770,105,26.0000,2507.8367,922.3553,26.4667,2528.8069,923.0801,0.000000
MOEA/D,75,7875,105,26.0000,2498.6105,922.3553,26.4952,2519.8102,923.2424,0.000000
MOEA/D,76,7980,105,26.0000,2498.6105,922.3553,26.4667,2519.4052,923.2748,0.000000
MOEA/D,77,8085,105,26.0000,2498.6105,922.3553,26.4762,2519.1976,923.8403,0.000000
MOEA/D,78,8190,105,26.0000,2498.6105,922.3553,26.6667,2516.6016,924.8245,0.000000
MOEA/D,79,8295,105,26.0000,2498.6105,922.3553,26.6381,2514.6851,925.9513,0.000000
MOEA/D,80,8400,105,26.0000,2498.6105,922.3553,26.5619,2513.7291,926.5275,0.000000
MOEA/D,81,8505,105,26.0000,2493.0442,923.4912,26.4095,2508.9857,927.2626,0.000000
MOEA/D,82,8610,105,25.0000,2471.2252,923.4912,26.0286,2499.9645,927.4439,0.000000
MOEA/D,83,8715,105,25.0000,2471.2252,923.4912,25.9429,2498.6840,927.7893,0.000000
MOEA/D,84,8820,105,25.0000,2471.2252,923.4912,25.9429,2498.8511,927.8741,0.000000
MOEA/D,85,8925,105,25.0000,2471.2252,923.4912,25.9429,2498.8511,927.8741,0.000000
MOEA/D,86,9030,105,25.0000,2471.2252,923.4912,25.9429,2498.8511,927.8741,0.000000
MOEA/D,87,9135,105,25.0000,2471.2252,923.4912,25.7905,2498.1070,927.8501,0.000000
MOEA/D,88,9240,105,25.0000,2471.2252,923.4912,25.7905,2498.1070,927.8501,0.000000
MOEA/D,89,9345,105,25.0000,2471.2252,923.4912,25.8000,2497.9022,927.6216,0.000000
MOEA/D,90,9450,105,25.0000,2471.2252,923.4912,25.8000,2496.8682,927.6216,0.000000
MOEA/D,91,9555,105,25.0000,2454.4390,923.4912,25.6190,2490.0759,927.5368,0.000000
MOEA/D,92,9660,105,24.0000,2454.4390,922.3553,25.2952,2487.1735,927.6721,0.000000
MOEA/D,93,9765,105,25.0000,2454.4390,923.4912,25.5333,2486.1497,927.0423,0.000000
MOEA/D,94,9870,105,25.0000,2454.4390,923.4912,25.4857,2482.9468,927.2965,0.000000
MOEA/D,95,9975,105,25.0000,2454.4390,923.4912,25.3619,2480.7499,926.9892,0.000000
MOEA/D,96,10080,105,25.0000,2454.4390,923.4912,25.3810,2480.1764,927.8938,0.000000
MOEA/D,97,10185,105,25.0000,2454.4390,922.3553,25.1905,2474.2289,925.8506,0.000000
MOEA/D,98,10290,105,25.0000,2454.4390,922.3553,25.2000,2474.0317,925.7185,0.000000
MOEA/D,99,10395,105,24.0000,2454.4390,922.3553,25.1143,2471.4164,925.1885,0.000000
MOEA/D,100,10500,105,24.0000,2454.4390,922.3553,25.0857,2470.8061,924.4564,0.000000
MOEA/D,101,10605,105,24.0000,2447.7593,922.3553,25.0476,2466.3189,923.6587,0.000000
MOEA/D,102,10710,105,24.0000,2447.7593,922.3553,25.0667,2465.5708,923.4026,0.000000
MOEA/D,103,10815,105,24.0000,2447.7593,922.3553,24.8571,2460.2077,924.9116,0.000000
MOEA/D,104,10920,105,24.0000,2447.7593,922.3553,24.8476,2457.7882,924.6448,0.000000
MOEA/D,105,11025,105,24.0000,2447.7593,922.3553,24.8476,2457.4803,924.6448,0.000000
MOEA/D,106,11130,105,24.0000,2441.1202,922.3553,24.9810,2455.1317,924.1281,0.000000
MOEA/D,107,11235,105,24.0000,2441.1202,922.3553,24.9810,2455.1317,924.1281,0.000000
MOEA/D,108,11340,105,24.0000,2441.1202,922.3553,24.9810,2455.1317,924.1281,0.000000
MOEA/D,109,11445,105,24.0000,2441.1202,922.3553,25.0000,2453.1255,924.1931,0.000000
MOEA/D,110,11550,105,24.0000,2441.1202,922.3553,25.0000,2453.1255,924.1931,0.000000
MOEA/D,111,11655,105,24.0000,2441.1202,922.3553,25.0000,2453.1255,924.1931,0.000000
MOEA/D,112,11760,105,24.0000,2441.1202,922.3553,24.9714,2452.9118,924.1931,0.000000
MOEA/D,113,11865,105,24.0000,2441.1202,922.3553,24.9714,2452.9118,924.1931,0.000000
MOEA/D,114,11970,105,24.0000,2441.1202,922.3553,24.9810,2451.6724,924.1281,0.000000
MOEA/D,115,12075,105,24.0000,2440.3336,922.3553,24.9810,2450.1184,924.2363,0.000000
MOEA/D,116,12180,105,24.0000,2436.3981,922.3553,24.9810,2447.5966,922.8097,0.000000
MOEA/D,117,12285,105,24.0000,2436.3981,922.3553,24.9714,2447.5748,922.8205,0.000000
MOEA/D,118,12390,105,24.0000,2433.0475,922.3553,25.1619,2444.6835,923.1667,0.000000
MOEA/D,119,12495,105,24.0000,2431.2700,922.3553,25.1619,2443.1254,923.2532,0.000000
MOEA/D,120,12600,105,24.0000,2431.2700,922.3553,25.2000,2443.0601,923.2532,0.000000
MOEA/D,121,12705,105,24.0000,2431.2700,922.3553,25.2667,2443.0513,923.3289,0.000000
MOEA/D,122,12810,105,24.0000,2431.2700,922.3553,25.2381,2442.8856,923.3614,0.000000
MOEA/D,123,12915,105,24.0000,2431.2700,922.3553,25.2571,2442.8710,923.3614,0.000000
MOEA/D,124,13020,105,24.0000,2431.2700,922.3553,25.2667,2442.8657,923.3614,0.000000
MOEA/D,125,13125,105,24.0000,2431.2700,922.3553,25.2095,2441.9791,923.3614,0.000000
MOEA/D,126,13230,105,24.0000,2431.2700,922.3553,25.2095,2440.9576,923.3722,0.000000
MOEA/D,127,13335,105,24.0000,2431.2700,922.3553,25.2000,2440.9282,923.3722,0.000000
MOEA/D,128,13440,105,24.0000,2431.2700,922.3553,25.2000,2440.9282,923.3722,0.000000
MOEA/D,129,13545,105,24.0000,2431.2700,922.3553,25.2000,2439.3199,923.3830,0.000000
MOEA/D,130,13650,105,25.0000,2431.2700,922.3553,25.1905,2438.0265,923.4263,0.000000
MOEA/D,131,13755,105,25.0000,2431.2700,922.3553,25.1905,2437.7583,923.4479,0.000000
MOEA/D,132,13860,105,25.0000,2431.2580,922.3553,25.1905,2437.6237,923.4479,0.000000
MOEA/D,133,13965,105,25.0000,2431.2580,922.3553,25.1905,2437.5670,923.4371,0.000000
MOEA/D,134,14070,105,25.0000,2431.2580,922.3553,25.1905,2437.5670,923.4371,0.000000
MOEA/D,135,14175,105,25.0000,2431.2580,922.3553,25.2667,2436.6220,923.4371,0.000000
MOEA/D,136,14280,105,25.0000,2431.2580,922.3553,25.2667,2436.6220,923.4371,0.000000
MOEA/D,137,14385,105,25.0000,2431.2580,922.3553,25.2667,2436.6220,923.4371,0.000000
MOEA/D,138,14490,105,25.0000,2431.2580,922.3553,25.2667,2436.6220,923.4371,0.000000
MOEA/D,139,14595,105,25.0000,2431.2580,922.3553,25.2667,2436.6318,923.4371,0.000000
MOEA/D,140,14700,105,25.0000,2431.2580,922.3553,25.2571,2436.5881,923.4371,0.000000
MOEA/D,141,14805,105,25.0000,2431.2580,922.3553,25.0762,2435.1786,923.4371,0.000000
MOEA/D,142,14910,105,25.0000,2431.2580,922.3553,25.0762,2435.2156,923.4479,0.000000
MOEA/D,143,15015,105,25.0000,2431.2580,922.3553,25.0762,2435.2156,923.4479,0.000000
MOEA/D,144,15120,105,25.0000,2431.2580,922.3553,25.0762,2435.2156,923.4479,0.000000
MOEA/D,145,15225,105,25.0000,2431.2700,922.3553,25.0762,2435.1020,923.4479,0.000000
MOEA/D,146,15330,105,25.0000,2431.2700,922.3553,25.0762,2435.1020,923.4479,0.000000
MOEA/D,147,15435,105,25.0000,2431.2700,922.3553,25.0762,2434.8796,923.4479,0.000000
MOEA/D,148,15540,105,25.0000,2431.2700,922.3553,25.0762,2434.8796,923.4479,0.000000
MOEA/D,149,15645,105,25.0000,2431.2700,922.3553,25.0762,2434.8796,923.4479,0.000000
MOEA/D,150,15750,105,25.0000,2431.2700,922.3553,25.0762,2434.8736,923.4479,0.000000
MOEA/D,151,15855,105,25.0000,2431.2700,922.3553,25.0571,2434.7432,923.4047,0.000000
MOEA/D,152,15960,105,25.0000,2431.2700,922.3553,25.0571,2434.7432,923.4047,0.000000
MOEA/D,153,16065,105,25.0000,2430.6358,922.3553,25.0476,2433.6372,923.4047,0.000000
MOEA/D,154,16170,105,25.0000,2430.6358,922.3553,25.0476,2433.6372,923.4047,0.000000
MOEA/D,155,16275,105,25.0000,2430.6358,922.3553,25.0476,2433.3916,923.4047,0.000000
MOEA/D,156,16380,105,25.0000,2430.6358,922.3553,25.0476,2433.3824,923.4155,0.000000
MOEA/D,157,16485,105,25.0000,2430.6358,922.3553,25.0190,2433.3448,923.6697,0.000000
MOEA/D,158,16590,105,25.0000,2430.6358,922.3553,25.0190,2433.3448,923.6697,0.000000
MOEA/D,159,16695,105,25.0000,2430.6358,922.3553,25.0190,2433.3367,923.6481,0.000000
MOEA/D,160,16800,105,25.0000,2430.6358,922.3553,25.0190,2433.3367,923.6481,0.000000
MOEA/D,161,16905,105,25.0000,2430.6358,922.3553,25.0190,2433.1321,923.6589,0.000000
MOEA/D,162,17010,105,25.0000,2425.1724,922.3553,25.0190,2431.6210,923.6589,0.000000
MOEA/D,163,17115,105,25.0000,2425.1724,922.3553,25.0190,2431.5384,923.6913,0.000000
MOEA/D,164,17220,105,25.0000,2425.1724,922.3553,25.0190,2430.4610,923.7022,0.000000
MOEA/D,165,17325,105,25.0000,2425.1724,922.3553,25.0190,2430.4610,923.7022,0.000000
MOEA/D,166,17430,105,25.0000,2425.1724,922.3553,25.0190,2430.4610,923.7022,0.000000
MOEA/D,167,17535,105,25.0000,2423.1159,922.3553,25.0095,2428.6605,923.7022,0.000000
MOEA/D,168,17640,105,24.0000,2423.1159,922.3553,24.9524,2427.9649,923.7022,0.000000
MOEA/D,169,17745,105,24.0000,2412.7155,922.3553,24.9524,2425.7192,923.7022,0.000000
MOEA/D,170,17850,105,24.0000,2412.7155,922.3553,24.9333,2425.6755,923.5327,0.000000
MOEA/D,171,17955,105,24.0000,2412.7155,922.3553,24.8286,2424.9502,923.4696,0.000000
MOEA/D,172,18060,105,24.0000,2412.7155,922.3553,24.8286,2424.9502,923.4696,0.000000
MOEA/D,173,18165,105,24.0000,2412.7155,922.3553,24.8286,2424.9025,923.4696,0.000000
MOEA/D,174,18270,105,24.0000,2412.7155,922.3553,24.8286,2424.8837,923.4696,0.000000
MOEA/D,175,18375,105,24.0000,2412.7155,922.3553,24.8667,2424.4598,923.4696,0.000000
MOEA/D,176,18480,105,24.0000,2412.7155,922.3553,24.8667,2424.4598,923.4696,0.000000
MOEA/D,177,18585,105,24.0000,2407.4867,922.3553,24.7524,2420.5307,925.1644,0.000000
MOEA/D,178,18690,105,24.0000,2407.4867,922.3553,24.6762,2420.8291,925.8423,0.000000
MOEA/D,179,18795,105,23.0000,2407.4867,922.3553,24.6095,2420.2218,926.4886,0.000000
MOEA/D,180,18900,105,23.0000,2407.4867,922.3553,24.5810,2420.0878,926.8276,0.000000
MOEA/D,181,19005,105,23.0000,2405.4561,922.3553,24.5810,2418.2579,926.8384,0.000000
MOEA/D,182,19110,105,23.0000,2405.4561,922.3553,24.5905,2417.5017,927.0926,0.000000
MOEA/D,183,19215,105,23.0000,2405.4561,922.3553,24.6000,2416.0727,927.2621,0.000000
MOEA/D,184,19320,105,23.0000,2405.4561,922.3553,24.6000,2416.0727,927.2621,0.000000
MOEA/D,185,19425,105,23.0000,2405.4561,922.3553,24.5905,2415.9947,927.3468,0.000000
MOEA/D,186,19530,105,23.0000,2405.4561,922.3553,24.5905,2415.9947,927.3468,0.000000
MOEA/D,187,19635,105,23.0000,2405.4561,922.3553,24.6000,2415.8837,926.9547,0.000000
MOEA/D,188,19740,105,23.0000,2405.4561,922.3553,24.6000,2415.5139,926.8682,0.000000
MOEA/D,189,19845,105,24.0000,2405.4561,922.3553,24.5905,2415.0427,927.3824,0.000000
MOEA/D,190,19950,105,24.0000,2405.4561,922.3553,24.5810,2415.0297,927.4672,0.000000
MOEA/D,191,20055,105,24.0000,2405.4561,922.3553,24.5810,2415.0297,927.4672,0.000000
MOEA/D,192,20160,105,23.0000,2405.4561,922.3553,24.4952,2413.8823,927.5569,0.000000
MOEA/D,193,20265,105,23.0000,2405.4561,922.3553,24.4571,2413.2249,927.9806,0.000000
MOEA/D,194,20370,105,24.0000,2387.1953,922.3553,24.4381,2406.4638,926.2858,0.000000
MOEA/D,195,20475,105,23.0000,2378.2756,922.3553,24.2000,2402.1396,926.5509,0.000000
MOEA/D,196,20580,105,23.0000,2378.2756,922.3553,24.0857,2400.6634,926.6356,0.000000
MOEA/D,197,20685,105,23.0000,2378.2756,922.3553,24.1714,2398.1231,927.6408,0.000000
MOEA/D,198,20790,105,23.0000,2378.2756,922.3553,24.1714,2396.5847,927.1765,0.000000
MOEA/D,199,20895,105,23.0000,2378.2756,922.3553,24.1714,2396.5847,927.1765,0.000000
MOEA/D,200,21000,105,23.0000,2378.2756,922.3553,24.2476,2393.7577,927.5537,0.000000
MOEA/D,201,21105,105,23.0000,2377.6221,922.3553,24.1810,2391.9437,927.0486,0.000000
MOEA/D,202,21210,105,23.0000,2377.6221,923.4912,24.2000,2389.1209,928.5956,0.000000
MOEA/D,203,21315,105,23.0000,2377.6221,923.4912,24.2000,2389.1209,928.5956,0.000000
MOEA/D,204,21420,105,23.0000,2374.5160,923.4912,23.7524,2383.5478,928.5540,0.000000
MOEA/D,205,21525,105,23.0000,2374.5160,923.4912,23.6952,2383.4216,928.4693,0.000000
MOEA/D,206,21630,105,23.0000,2374.5160,923.4912,23.4857,2382.9489,927.4524,0.000000
MOEA/D,207,21735,105,23.0000,2374.5160,923.4912,23.2381,2380.2047,926.2660,0.000000
MOEA/D,208,21840,105,23.0000,2374.5160,923.4912,23.2381,2380.2047,926.2660,0.000000
MOEA/D,209,21945,105,23.0000,2374.5160,923.4912,23.2667,2380.2242,926.5203,0.000000
MOEA/D,210,22050,105,23.0000,2374.5160,923.4912,23.2667,2380.0941,926.3508,0.000000
MOEA/D,211,22155,105,23.0000,2374.5160,923.4912,23.2286,2378.4839,926.8592,0.000000
MOEA/D,212,22260,105,23.0000,2374.5160,923.4912,23.2286,2378.4839,926.8592,0.000000
MOEA/D,213,22365,105,23.0000,2374.5160,923.4912,23.1905,2378.3083,926.8592,0.000000
MOEA/D,214,22470,105,23.0000,2374.5160,923.4912,23.1905,2378.3083,926.8592,0.000000
MOEA/D,215,22575,105,23.0000,2374.5160,923.4912,23.1810,2378.1870,926.7745,0.000000
MOEA/D,216,22680,105,23.0000,2374.5160,923.4912,23.1238,2377.8208,926.7745,0.000000
MOEA/D,217,22785,105,23.0000,2374.5160,923.4912,23.1238,2377.8208,926.7745,0.000000
MOEA/D,218,22890,105,23.0000,2374.5160,923.4912,23.1238,2377.8208,926.7745,0.000000
MOEA/D,219,22995,105,22.0000,2372.2680,923.4912,22.8667,2376.1957,927.8761,0.000000
MOEA/D,220,23100,105,22.0000,2372.2680,923.4912,22.7619,2376.0046,928.2367,0.000000
MOEA/D,221,23205,105,21.0000,2372.2680,923.4912,22.7048,2376.2356,927.6435,0.000000
MOEA/D,222,23310,105,21.0000,2372.2680,923.4912,22.7238,2376.2798,927.6435,0.000000
MOEA/D,223,23415,105,21.0000,2366.9004,923.4912,22.8857,2375.3024,927.6435,0.000000
MOEA/D,224,23520,105,21.0000,2366.9004,923.4912,22.8857,2375.3024,927.6435,0.000000
MOEA/D,225,23625,105,21.0000,2366.9004,923.4912,22.8857,2375.2852,927.6435,0.000000
MOEA/D,226,23730,105,21.0000,2366.9004,923.4912,22.8857,2375.2852,927.6435,0.000000
MOEA/D,227,23835,105,21.0000,2366.9004,923.4912,22.8857,2375.2852,927.6435,0.000000
MOEA/D,228,23940,105,21.0000,2366.9004,923.4912,22.8857,2375.2852,927.6435,0.000000
MOEA/D,229,24045,105,21.0000,2366.9004,923.4912,22.8857,2375.2852,927.6435,0.000000
MOEA/D,230,24150,105,21.0000,2366.9004,923.4912,22.8857,2375.2852,927.6435,0.000000
MOEA/D,231,24255,105,21.0000,2366.9004,923.4912,22.8857,2375.2852,927.6435,0.000000
MOEA/D,232,24360,105,21.0000,2366.9004,923.4912,22.8857,2375.4496,927.6435,0.000000
MOEA/D,233,24465,105,21.0000,2366.9004,923.4912,22.8857,2375.4496,927.6435,0.000000
MOEA/D,234,24570,105,21.0000,2366.9004,923.4912,22.8857,2375.4496,927.6435,0.000000
MOEA/D,235,24675,105,21.0000,2366.9004,923.4912,22.8857,2375.4496,927.6435,0.000000
MOEA/D,236,24780,105,21.0000,2366.9004,923.4912,22.8857,2375.1882,928.0672,0.000000
MOEA/D,237,24885,105,22.0000,2366.9004,923.4912,22.8381,2374.5345,928.3214,0.000000
MOEA/D,238,24990,105,22.0000,2366.9004,923.4912,22.8381,2374.5345,928.3214,0.000000
MOEA/D,239,25095,105,22.0000,2366.9004,923.4912,22.8381,2374.5345,928.3214,0.000000
MOEA/D,240,25200,105,22.0000,2366.9004,923.4912,22.8381,2374.5345,928.3214,0.000000
MOEA/D,241,25305,105,22.0000,2366.9004,923.4912,22.8762,2374.1661,928.6604,0.000000
MOEA/D,242,25410,105,22.0000,2366.9004,923.4912,22.8762,2374.1661,928.6604,0.000000
MOEA/D,243,25515,105,22.0000,2363.9131,923.4912,22.8762,2372.8369,928.7451,0.000000
MOEA/D,244,25620,105,22.0000,2363.9131,923.4912,22.8762,2372.8369,928.7451,0.000000
MOEA/D,245,25725,105,22.0000,2363.9131,923.4912,22.8762,2372.8369,928.7451,0.000000
MOEA/D,246,25830,105,22.0000,2363.9131,923.4912,22.8762,2372.7556,928.7451,0.000000
MOEA/D,247,25935,105,21.0000,2358.1696,923.4912,22.6571,2371.0157,929.6773,0.000000
MOEA/D,248,26040,105,21.0000,2358.1696,923.4912,22.6095,2370.9753,929.6773,0.000000
MOEA/D,249,26145,105,21.0000,2358.1696,923.4912,22.6095,2370.9679,929.6773,0.000000
MOEA/D,250,26250,105,21.0000,2358.1696,923.4912,22.6095,2370.9679,929.6773,0.000000
MOEA/D,251,26355,105,21.0000,2358.1696,923.4912,22.6476,2370.7666,929.6773,0.000000
MOEA/D,252,26460,105,21.0000,2358.1696,923.4912,22.6952,2370.7985,928.9993,0.000000
MOEA/D,253,26565,105,21.0000,2358.1696,923.4912,22.6952,2370.7985,928.9993,0.000000
MOEA/D,254,26670,105,21.0000,2358.1696,923.4912,22.6190,2370.1532,928.9993,0.000000
MOEA/D,255,26775,105,21.0000,2358.1696,923.4912,22.6286,2370.3348,928.9993,0.000000
MOEA/D,256,26880,105,21.0000,2358.1696,923.4912,22.6286,2370.3348,928.9993,0.000000
MOEA/D,257,26985,105,21.0000,2358.1696,923.4912,22.6286,2369.8582,929.2536,0.000000
MOEA/D,258,27090,105,21.0000,2358.1696,923.4912,22.6286,2369.8483,929.4230,0.000000
MOEA/D,259,27195,105,21.0000,2358.1696,923.4912,22.6286,2369.8483,929.4230,0.000000
MOEA/D,260,27300,105,21.0000,2358.1696,923.4912,22.6286,2369.8483,929.4230,0.000000
MOEA/D,261,27405,105,21.0000,2358.1696,923.4912,22.6286,2369.8483,929.4230,0.000000
MOEA/D,262,27510,105,21.0000,2358.1696,923.4912,22.6286,2369.8483,929.4230,0.000000
MOEA/D,263,27615,105,21.0000,2358.1696,923.4912,22.6286,2369.8552,929.1688,0.000000
MOEA/D,264,27720,105,21.0000,2358.1696,923.4912,22.6286,2369.8552,929.1688,0.000000
MOEA/D,265,27825,105,21.0000,2358.1696,923.4912,22.6286,2369.8552,929.1688,0.000000
MOEA/D,266,27930,105,21.0000,2358.1696,923.4912,22.6286,2369.8552,929.1688,0.000000
MOEA/D,267,28035,105,22.0000,2358.8868,923.4912,22.6762,2370.0556,929.1688,0.000000
MOEA/D,268,28140,105,22.0000,2358.8868,923.4912,22.6857,2370.1212,929.0841,0.000000
MOEA/D,269,28245,105,22.0000,2358.8868,923.4912,22.6857,2370.1212,929.0841,0.000000
MOEA/D,270,28350,105,22.0000,2358.8868,923.4912,22.6286,2369.7622,929.1688,0.000000
MOEA/D,271,28455,105,22.0000,2358.8868,923.4912,22.7238,2369.5373,929.1688,0.000000
MOEA/D,272,28560,105,22.0000,2358.8868,923.4912,22.7238,2369.5373,929.1688,0.000000
MOEA/D,273,28665,105,22.0000,2358.8868,923.4912,22.7238,2369.5373,929.1688,0.000000
MOEA/D,274,28770,105,22.0000,2358.8868,923.4912,22.7238,2369.5373,929.1688,0.000000
MOEA/D,275,28875,105,22.0000,2358.8868,923.4912,22.7429,2369.4428,929.2536,0.000000
MOEA/D,276,28980,105,22.0000,2358.8868,923.4912,22.7429,2369.4428,929.2536,0.000000
MOEA/D,277,29085,105,22.0000,2358.8868,923.4912,22.7619,2369.2185,929.2536,0.000000
MOEA/D,278,29190,105,22.0000,2358.8868,923.4912,22.6857,2367.5801,929.9315,0.000000
MOEA/D,279,29295,105,22.0000,2358.8868,923.4912,22.6857,2367.5801,929.9315,0.000000
MOEA/D,280,29400,105,22.0000,2358.8868,923.4912,22.6857,2367.5801,929.9315,0.000000
MOEA/D,281,29505,105,22.0000,2358.8868,923.4912,22.6857,2367.6379,929.9315,0.000000
MOEA/D,282,29610,105,22.0000,2358.8868,923.4912,22.6857,2367.6379,929.9315,0.000000
MOEA/D,283,29715,105,21.0000,2354.0610,923.4912,22.4286,2364.3075,930.7789,0.000000
MOEA/D,284,29820,105,21.0000,2354.0610,923.4912,22.4286,2364.3075,930.7789,0.000000
MOEA/D,285,29925,105,21.0000,2354.0610,923.4912,22.4286,2364.3075,930.7789,0.000000
MOEA/D,286,30030,105,21.0000,2354.0610,923.4912,22.4286,2364.3075,930.7789,0.000000
MOEA/D,287,30135,105,21.0000,2354.0610,923.4912,22.4286,2364.3075,930.7789,0.000000
MOEA/D,288,30240,105,21.0000,2354.0610,923.4912,22.4095,2363.8738,930.8636,0.000000
MOEA/D,289,30345,105,21.0000,2354.0610,923.4912,22.4095,2363.8738,930.8636,0.000000
MOEA/D,290,30450,105,21.0000,2354.0610,923.4912,22.4095,2363.8738,930.8636,0.000000
MOEA/D,291,30555,105,21.0000,2354.0610,923.4912,22.4095,2363.8738,930.8636,0.000000
MOEA/D,292,30660,105,21.0000,2354.0610,923.4912,22.4381,2363.8151,930.8636,0.000000
MOEA/D,293,30765,105,21.0000,2354.0610,923.4912,22.4381,2363.8151,930.8636,0.000000
MOEA/D,294,30870,105,21.0000,2354.0610,923.4912,22.4381,2363.9036,930.9484,0.000000
MOEA/D,295,30975,105,21.0000,2354.0610,923.4912,22.4381,2363.9036,930.9484,0.000000
MOEA/D,296,31080,105,21.0000,2354.0610,923.4912,22.4381,2363.9036,930.9484,0.000000
MOEA/D,297,31185,105,21.0000,2354.0610,923.4912,22.5333,2362.6122,930.9484,0.000000
MOEA/D,298,31290,105,21.0000,2354.0610,923.4912,22.5524,2362.5837,930.9484,0.000000
MOEA/D,299,31395,105,21.0000,2354.0610,923.4912,22.5619,2362.6564,930.9484,0.000000
MOEA/D,300,31500,105,21.0000,2354.0610,923.4912,22.6476,2362.1035,931.0331,0.000000
MOEA/D,301,31605,105,21.0000,2354.0610,923.4912,22.6476,2362.1035,931.0331,0.000000
MOEA/D,302,31710,105,21.0000,2354.0610,923.4912,22.6476,2362.1306,931.0331,0.000000
MOEA/D,303,31815,105,21.0000,2354.0610,923.4912,22.6476,2362.0887,931.0331,0.000000
MOEA/D,304,31920,105,21.0000,2354.0610,923.4912,22.6476,2362.0887,931.0331,0.000000
MOEA/D,305,32025,105,21.0000,2354.0610,923.4912,22.6571,2362.0054,931.0331,0.000000
MOEA/D,306,32130,105,21.0000,2354.0610,923.4912,22.6571,2362.0054,931.0331,0.000000
MOEA/D,307,32235,105,21.0000,2354.0610,923.4912,22.6762,2362.0163,931.0331,0.000000
MOEA/D,308,32340,105,21.0000,2354.0610,923.4912,22.6762,2362.0163,931.0331,0.000000
MOEA/D,309,32445,105,21.0000,2354.0610,923.4912,22.6571,2362.0206,931.0331,0.000000
MOEA/D,310,32550,105,21.0000,2354.0610,923.4912,22.6571,2362.0206,931.0331,0.000000
MOEA/D,311,32655,105,21.0000,2354.0610,923.4912,22.6381,2361.7883,931.0331,0.000000
MOEA/D,312,32760,105,21.0000,2348.3114,923.4912,22.4952,2360.4427,931.0331,0.000000
MOEA/D,313,32865,105,21.0000,2348.3114,923.4912,22.4952,2360.4427,931.0331,0.000000
MOEA/D,314,32970,105,21.0000,2348.3114,923.4912,22.4952,2360.4427,931.0331,0.000000
MOEA/D,315,33075,105,21.0000,2348.3114,923.4912,22.5048,2360.5645,931.1139,0.000000
MOEA/D,316,33180,105,21.0000,2348.3114,923.4912,22.5048,2360.5645,931.1139,0.000000
MOEA/D,317,33285,105,21.0000,2348.3114,923.4912,22.5429,2360.2598,931.1139,0.000000
MOEA/D,318,33390,105,21.0000,2348.3114,923.4912,22.5429,2360.2598,931.1139,0.000000
MOEA/D,319,33495,105,21.0000,2348.3114,923.4912,22.5429,2360.2598,931.1139,0.000000
MOEA/D,320,33600,105,21.0000,2348.3114,923.4912,22.5429,2360.2664,931.1139,0.000000
MOEA/D,321,33705,105,21.0000,2348.3114,923.4912,22.5429,2360.2664,931.1139,0.000000
MOEA/D,322,33810,105,21.0000,2348.3114,923.4912,22.5429,2360.2664,931.1139,0.000000
MOEA/D,323,33915,105,21.0000,2348.3114,923.4912,22.5429,2360.2664,931.1139,0.000000
MOEA/D,324,34020,105,21.0000,2348.3114,923.4912,22.5238,2359.5039,931.2873,0.000000
MOEA/D,325,34125,105,21.0000,2348.3114,923.4912,22.4000,2359.3687,931.2873,0.000000
MOEA/D,326,34230,105,21.0000,2348.3114,923.4912,22.4000,2359.3687,931.2873,0.000000
MOEA/D,327,34335,105,21.0000,2348.3114,923.4912,22.4476,2358.1709,931.2873,0.000000
MOEA/D,328,34440,105,21.0000,2348.3114,923.4912,22.4476,2358.1709,931.2873,0.000000
MOEA/D,329,34545,105,21.0000,2348.3114,923.4912,22.4952,2357.8214,931.5415,0.000000
MOEA/D,330,34650,105,21.0000,2348.3114,923.4912,22.5048,2357.6464,931.5415,0.000000
MOEA/D,331,34755,105,21.0000,2348.3114,923.4912,22.5048,2357.6464,931.5415,0.000000
MOEA/D,332,34860,105,21.0000,2348.3114,923.4912,22.5048,2357.6464,931.5415,0.000000
MOEA/D,333,34965,105,21.0000,2337.9907,923.4912,22.3905,2354.5111,931.5415,0.000000
MOEA/D,334,35070,105,21.0000,2337.9907,923.4912,22.3905,2354.5111,931.5415,0.000000
MOEA/D,335,35175,105,21.0000,2337.9907,923.4912,22.3714,2354.4790,931.5415,0.000000
MOEA/D,336,35280,105,21.0000,2337.9907,923.4912,22.3714,2354.4790,931.5415,0.000000
MOEA/D,337,35385,105,21.0000,2337.9907,923.4912,22.3714,2354.4790,931.5415,0.000000
MOEA/D,338,35490,105,21.0000,2337.9907,923.4912,22.3714,2354.4790,931.5415,0.000000
MOEA/D,339,35595,105,21.0000,2337.9907,923.4912,22.3429,2354.1791,931.7110,0.000000
MOEA/D,340,35700,105,21.0000,2337.9907,923.4912,22.3810,2354.0516,931.7958,0.000000
MOEA/D,341,35805,105,21.0000,2337.9907,923.4912,22.3619,2354.0877,931.7958,0.000000
MOEA/D,342,35910,105,21.0000,2337.9907,923.4912,22.4190,2352.6830,931.7958,0.000000
MOEA/D,343,36015,105,21.0000,2337.9907,923.4912,22.4190,2352.6830,931.7958,0.000000
MOEA/D,344,36120,105,21.0000,2337.9907,923.4912,22.3143,2351.9356,931.7958,0.000000
MOEA/D,345,36225,105,21.0000,2337.9907,923.4912,22.3143,2351.9356,931.7958,0.000000
MOEA/D,346,36330,105,21.0000,2337.9907,923.4912,22.3143,2351.9356,931.7958,0.000000
MOEA/D,347,36435,105,21.0000,2337.9907,923.4912,22.1905,2350.5057,931.9652,0.000000
MOEA/D,348,36540,105,21.0000,2337.9907,923.4912,22.1429,2350.3916,932.5010,0.000000
MOEA/D,349,36645,105,21.0000,2337.9907,923.4912,22.0000,2349.9734,931.9652,0.000000
MOEA/D,350,36750,105,21.0000,2337.9907,923.4912,22.0000,2349.9734,931.9652,0.000000
MOEA/D,351,36855,105,21.0000,2337.9907,923.4912,22.0095,2350.0054,931.9652,0.000000
MOEA/D,352,36960,105,21.0000,2337.9907,923.4912,21.9619,2349.9358,931.9652,0.000000
MOEA/D,353,37065,105,21.0000,2337.9907,923.4912,21.8857,2349.6636,931.9652,0.000000
MOEA/D,354,37170,105,21.0000,2337.9907,923.4912,21.8857,2349.6636,931.9652,0.000000
MOEA/D,355,37275,105,21.0000,2337.9907,923.4912,21.8857,2349.6636,931.9652,0.000000
MOEA/D,356,37380,105,21.0000,2337.9907,923.4912,21.8857,2349.6636,931.9652,0.000000
MOEA/D,357,37485,105,21.0000,2337.9907,923.4912,21.8857,2349.6636,931.9652,0.000000
MOEA/D,358,37590,105,21.0000,2337.9907,923.4912,21.8857,2349.6636,931.9652,0.000000
MOEA/D,359,37695,105,21.0000,2337.9907,923.4912,21.8857,2349.6636,931.9652,0.000000
MOEA/D,360,37800,105,21.0000,2337.9907,923.4912,21.8857,2349.6636,931.9652,0.000000
MOEA/D,361,37905,105,21.0000,2337.9907,923.4912,21.8667,2349.6560,931.9652,0.000000
MOEA/D,362,38010,105,21.0000,2337.9907,923.4912,21.8667,2349.6560,931.9652,0.000000
MOEA/D,363,38115,105,21.0000,2337.9907,923.4912,21.8476,2349.7063,931.9652,0.000000
MOEA/D,364,38220,105,21.0000,2337.9907,923.4912,21.8381,2349.7272,931.9652,0.000000
MOEA/D,365,38325,105,21.0000,2337.9907,923.4912,21.8381,2349.7272,931.9652,0.000000
MOEA/D,366,38430,105,21.0000,2337.9907,923.4912,21.7714,2349.5652,931.9652,0.000000
MOEA/D,367,38535,105,21.0000,2337.9907,923.4912,21.7714,2349.5652,931.9652,0.000000
MOEA/D,368,38640,105,21.0000,2337.3372,923.4912,21.7714,2349.3410,931.9652,0.000000
MOEA/D,369,38745,105,21.0000,2337.3372,923.4912,21.9714,2349.2109,931.9652,0.000000
MOEA/D,370,38850,105,21.0000,2337.3372,923.4912,21.9714,2349.2109,931.9652,0.000000
MOEA/D,371,38955,105,21.0000,2337.3372,923.4912,21.9714,2349.2109,931.9652,0.000000
MOEA/D,372,39060,105,21.0000,2337.3372,923.4912,21.9714,2349.2109,931.9652,0.000000
MOEA/D,373,39165,105,21.0000,2337.3372,923.4912,21.9524,2349.0489,931.9652,0.000000
MOEA/D,374,39270,105,21.0000,2337.3372,923.4912,21.9238,2348.8731,931.9652,0.000000
MOEA/D,375,39375,105,21.0000,2322.0995,923.4912,21.4381,2340.1779,931.9652,0.000000
MOEA/D,376,39480,105,21.0000,2322.0995,923.4912,21.4476,2339.0043,931.9652,0.000000
MOEA/D,377,39585,105,21.0000,2322.0995,923.4912,21.3905,2338.7552,931.9652,0.000000
MOEA/D,378,39690,105,21.0000,2322.0995,923.4912,21.3048,2336.4125,931.9652,0.000000
MOEA/D,379,39795,105,21.0000,2322.0995,923.4912,21.2857,2336.3784,931.9652,0.000000
MOEA/D,380,39900,105,21.0000,2322.0995,923.4912,21.2857,2336.3416,931.9652,0.000000
MOEA/D,381,40005,105,21.0000,2312.4972,932.3889,21.0286,2330.4491,932.3889,0.000000
MOEA/D,382,40110,105,21.0000,2312.4972,932.3889,21.0286,2330.4491,932.3889,0.000000
MOEA/D,383,40215,105,21.0000,2312.4972,932.3889,21.0286,2330.4491,932.3889,0.000000
MOEA/D,384,40320,105,21.0000,2312.4972,932.3889,21.0286,2330.4491,932.3889,0.000000
MOEA/D,385,40425,105,21.0000,2312.4972,932.3889,21.0286,2330.4491,932.3889,0.000000
MOEA/D,386,40530,105,21.0000,2312.4972,932.3889,21.0286,2330.4491,932.3889,0.000000
MOEA/D,387,40635,105,21.0000,2312.4972,932.3889,21.0286,2330.4080,932.3889,0.000000
MOEA/D,388,40740,105,20.0000,2312.4972,932.3889,20.9810,2330.3639,932.3889,0.000000
MOEA/D,389,40845,105,20.0000,2312.4972,932.3889,20.9810,2330.4486,932.3889,0.000000
MOEA/D,390,40950,105,20.0000,2312.4972,932.3889,21.1048,2329.6104,932.3889,0.000000
MOEA/D,391,41055,105,20.0000,2312.4972,932.3889,21.1048,2329.6104,932.3889,0.000000
MOEA/D,392,41160,105,20.0000,2312.4972,932.3889,21.1143,2329.5618,932.3889,0.000000
MOEA/D,393,41265,105,20.0000,2312.4972,932.3889,21.1143,2329.5618,932.3889,0.000000
MOEA/D,394,41370,105,20.0000,2312.4972,932.3889,21.1143,2329.5618,932.3889,0.000000
MOEA/D,395,41475,105,20.0000,2312.4972,932.3889,21.1429,2329.4319,932.3889,0.000000
MOEA/D,396,41580,105,20.0000,2312.4972,932.3889,21.1524,2327.8898,932.3889,0.000000
MOEA/D,397,41685,105,21.0000,2312.4972,932.3889,21.1714,2327.0405,932.3889,0.000000
MOEA/D,398,41790,105,21.0000,2312.4972,932.3889,21.0952,2323.2515,932.3889,0.000000
MOEA/D,399,41895,105,21.0000,2312.4972,932.3889,21.0952,2323.2515,932.3889,0.000000
MOEA/D,400,42000,105,20.0000,2304.3836,932.3889,20.8762,2319.9099,932.3889,0.000000
MOEA/D,401,42105,105,20.0000,2304.3836,932.3889,20.9048,2319.0755,932.3889,0.000000
MOEA/D,402,42210,105,20.0000,2304.3836,932.3889,20.9048,2319.0755,932.3889,0.000000
MOEA/D,403,42315,105,20.0000,2304.3836,932.3889,20.9048,2319.0755,932.3889,0.000000
MOEA/D,404,42420,105,20.0000,2304.3836,932.3889,20.9048,2319.0755,932.3889,0.000000
MOEA/D,405,42525,105,20.0000,2293.4748,932.3889,20.7429,2314.6969,932.3889,0.000000
MOEA/D,406,42630,105,20.0000,2293.4748,932.3889,20.7429,2314.6969,932.3889,0.000000
MOEA/D,407,42735,105,20.0000,2293.4748,932.3889,20.4762,2310.7458,932.3889,0.000000
MOEA/D,408,42840,105,20.0000,2293.4748,932.3889,20.3238,2308.0616,932.3889,0.000000
MOEA/D,409,42945,105,20.0000,2293.4748,932.3889,20.3238,2308.0616,932.3889,0.000000
MOEA/D,410,43050,105,20.0000,2293.4748,932.3889,20.3238,2308.0616,932.3889,0.000000
MOEA/D,411,43155,105,20.0000,2293.4748,932.3889,20.3238,2308.0616,932.3889,0.000000
MOEA/D,412,43260,105,20.0000,2293.4748,932.3889,20.2571,2306.3390,932.3889,0.000000
MOEA/D,413,43365,105,20.0000,2293.4748,932.3889,20.2571,2306.3390,932.3889,0.000000
MOEA/D,414,43470,105,20.0000,2293.4748,932.3889,20.1238,2305.5901,932.3889,0.000000
MOEA/D,415,43575,105,20.0000,2293.4748,932.3889,20.1238,2305.5700,932.3889,0.000000
MOEA/D,416,43680,105,20.0000,2293.4748,932.3889,20.1238,2305.5700,932.3889,0.000000
MOEA/D,417,43785,105,20.0000,2293.4748,932.3889,20.0857,2302.0384,932.3889,0.000000
MOEA/D,418,43890,105,20.0000,2291.2722,932.3889,20.0667,2301.1244,932.3889,0.000000
MOEA/D,419,43995,105,20.0000,2291.2722,932.3889,20.0571,2301.2217,932.3889,0.000000
MOEA/D,420,44100,105,20.0000,2291.2722,932.3889,20.0571,2301.1507,932.3889,0.000000
MOEA/D,421,44205,105,20.0000,2291.2722,932.3889,20.0571,2301.1507,932.3889,0.000000
MOEA/D,422,44310,105,20.0000,2291.2722,932.3889,20.0571,2301.1507,932.3889,0.000000
MOEA/D,423,44415,105,20.0000,2291.2722,932.3889,20.0571,2300.9749,932.3889,0.000000
MOEA/D,424,44520,105,20.0000,2291.2722,932.3889,20.0571,2300.6812,932.3889,0.000000
MOEA/D,425,44625,105,20.0000,2291.2722,932.3889,20.0286,2300.2317,932.3889,0.000000
MOEA/D,426,44730,105,20.0000,2291.2722,932.3889,20.0571,2300.1785,932.3889,0.000000
MOEA/D,427,44835,105,20.0000,2291.2722,932.3889,20.0762,2299.9579,932.3889,0.000000
MOEA/D,428,44940,105,20.0000,2291.2722,932.3889,20.0762,2299.9579,932.3889,0.000000
MOEA/D,429,45045,105,20.0000,2291.2722,932.3889,20.0762,2299.9579,932.3889,0.000000
MOEA/D,430,45150,105,20.0000,2291.2722,932.3889,20.0762,2299.8736,932.3889,0.000000
MOEA/D,431,45255,105,20.0000,2291.2722,932.3889,20.0762,2300.1490,932.3889,0.000000
MOEA/D,432,45360,105,20.0000,2291.2722,932.3889,20.0762,2299.4470,932.3889,0.000000
MOEA/D,433,45465,105,20.0000,2291.2722,932.3889,20.0762,2299.4808,932.3889,0.000000
MOEA/D,434,45570,105,20.0000,2291.2722,932.3889,20.0762,2299.3135,932.3889,0.000000
MOEA/D,435,45675,105,20.0000,2291.2722,932.3889,20.0476,2298.5670,932.3889,0.000000
MOEA/D,436,45780,105,20.0000,2291.2722,932.3889,20.0476,2298.5670,932.3889,0.000000
MOEA/D,437,45885,105,20.0000,2289.8750,932.3889,20.0476,2297.4591,932.3889,0.000000
MOEA/D,438,45990,105,20.0000,2289.8750,932.3889,20.0476,2297.4145,932.3889,0.000000
MOEA/D,439,46095,105,20.0000,2289.8750,932.3889,20.0381,2297.4280,932.3889,0.000000
MOEA/D,440,46200,105,20.0000,2289.8750,932.3889,20.0381,2297.2549,932.3889,0.000000
MOEA/D,441,46305,105,20.0000,2288.5824,932.3889,20.0381,2296.7321,932.3889,0.000000
MOEA/D,442,46410,105,20.0000,2288.5824,932.3889,20.0286,2296.7227,932.3889,0.000000
MOEA/D,443,46515,105,20.0000,2288.5824,932.3889,20.0095,2296.5736,932.3889,0.000000
MOEA/D,444,46620,105,20.0000,2288.5824,932.3889,20.0476,2296.7355,932.3889,0.000000
MOEA/D,445,46725,105,20.0000,2286.8363,932.3889,20.0476,2295.5350,932.3889,0.000000
MOEA/D,446,46830,105,20.0000,2286.8363,932.3889,20.0476,2295.2628,932.3889,0.000000
MOEA/D,447,46935,105,20.0000,2286.8363,932.3889,20.0476,2295.2628,932.3889,0.000000
MOEA/D,448,47040,105,20.0000,2286.8363,932.3889,20.0381,2294.4967,932.3889,0.000000
MOEA/D,449,47145,105,20.0000,2286.8363,932.3889,20.2190,2293.8945,932.3889,0.000000
MOEA/D,450,47250,105,20.0000,2286.8363,932.3889,20.2190,2293.8945,932.3889,0.000000
MOEA/D,451,47355,105,20.0000,2286.8363,932.3889,20.2190,2293.8945,932.3889,0.000000
MOEA/D,452,47460,105,20.0000,2286.8363,932.3889,20.2190,2293.6573,932.3889,0.000000
MOEA/D,453,47565,105,20.0000,2286.8363,932.3889,20.3048,2293.8328,932.3889,0.000000
MOEA/D,454,47670,105,20.0000,2286.8363,932.3889,20.3048,2293.8328,932.3889,0.000000
MOEA/D,455,47775,105,20.0000,2286.8363,932.3889,20.3048,2293.8328,932.3889,0.000000
MOEA/D,456,47880,105,20.0000,2286.8363,932.3889,20.3048,2293.4719,932.3889,0.000000
MOEA/D,457,47985,105,20.0000,2286.8363,932.3889,20.3048,2293.3627,932.3889,0.000000
MOEA/D,458,48090,105,20.0000,2286.8363,932.3889,20.3048,2293.3627,932.3889,0.000000
MOEA/D,459,48195,105,20.0000,2286.8363,932.3889,20.1905,2293.1842,932.3889,0.000000
MOEA/D,460,48300,105,20.0000,2286.7226,932.3889,20.2000,2292.4980,932.3889,0.000000
MOEA/D,461,48405,105,20.0000,2286.7226,932.3889,20.1905,2292.4950,932.3889,0.000000
MOEA/D,462,48510,105,20.0000,2286.7226,932.3889,20.1905,2292.4701,932.3889,0.000000
MOEA/D,463,48615,105,20.0000,2286.7226,932.3889,20.1905,2292.4701,932.3889,0.000000
MOEA/D,464,48720,105,20.0000,2286.7226,932.3889,20.1905,2292.5033,932.3889,0.000000
MOEA/D,465,48825,105,20.0000,2286.7226,932.3889,20.1905,2292.5033,932.3889,0.000000
MOEA/D,466,48930,105,20.0000,2286.7226,932.3889,20.1905,2292.5033,932.3889,0.000000
MOEA/D,467,49035,105,20.0000,2286.7226,932.3889,20.1905,2292.5033,932.3889,0.000000
MOEA/D,468,49140,105,20.0000,2284.3211,932.3889,20.1714,2292.0814,932.3889,0.000000
MOEA/D,469,49245,105,20.0000,2284.3211,932.3889,20.1714,2292.0814,932.3889,0.000000
MOEA/D,470,49350,105,20.0000,2284.3211,932.3889,20.1619,2292.0687,932.3889,0.000000
MOEA/D,471,49455,105,20.0000,2284.3211,932.3889,20.1619,2291.9960,932.3889,0.000000
MOEA/D,472,49560,105,20.0000,2284.3211,932.3889,20.1619,2291.9564,932.3889,0.000000
MOEA/D,473,49665,105,20.0000,2284.3211,932.3889,20.1619,2291.9381,932.3889,0.000000
MOEA/D,474,49770,105,20.0000,2284.3211,932.3889,20.1619,2291.9381,932.3889,0.000000
MOEA/D,475,49875,105,20.0000,2284.3211,932.3889,20.1429,2291.6848,932.3889,0.000000
MOEA/D,476,49980,105,20.0000,2286.7226,932.3889,20.1333,2291.5015,932.3889,0.000000
MOEA/D,477,50085,105,20.0000,2286.7226,932.3889,20.1333,2291.5015,932.3889,0.000000
MOEA/D,478,50190,105,20.0000,2286.6515,932.3889,20.1333,2291.4117,932.3889,0.000000
MOEA/D,479,50295,105,20.0000,2286.6515,932.3889,20.0952,2291.1156,932.3889,0.000000
MOEA/D,480,50400,105,20.0000,2286.6515,932.3889,20.0952,2291.1156,932.3889,0.000000
MOEA/D,481,50505,105,20.0000,2286.6515,932.3889,20.0952,2291.1156,932.3889,0.000000
MOEA/D,482,50610,105,20.0000,2286.6515,932.3889,20.1048,2291.1839,932.3889,0.000000
MOEA/D,483,50715,105,20.0000,2286.6515,932.3889,20.1048,2291.1224,932.3889,0.000000
MOEA/D,484,50820,105,20.0000,2286.6515,932.3889,20.1048,2291.1224,932.3889,0.000000
MOEA/D,485,50925,105,20.0000,2286.6515,932.3889,20.1048,2291.1224,932.3889,0.000000
MOEA/D,486,51030,105,20.0000,2286.6515,932.3889,20.1048,2291.0394,932.3889,0.000000
MOEA/D,487,51135,105,20.0000,2286.6515,932.3889,20.1143,2291.0812,932.3889,0.000000
MOEA/D,488,51240,105,20.0000,2286.6515,932.3889,20.1143,2291.0812,932.3889,0.000000
MOEA/D,489,51345,105,20.0000,2286.6515,932.3889,20.1143,2291.0812,932.3889,0.000000
MOEA/D,490,51450,105,20.0000,2281.1049,932.3889,20.1048,2290.2624,932.3889,0.000000
MOEA/D,491,51555,105,20.0000,2281.1049,932.3889,20.1048,2289.5144,932.3889,0.000000
MOEA/D,492,51660,105,20.0000,2281.1049,932.3889,20.1048,2289.5144,932.3889,0.000000
MOEA/D,493,51765,105,20.0000,2281.1049,932.3889,20.1048,2288.6386,932.3889,0.000000
MOEA/D,494,51870,105,20.0000,2281.1049,932.3889,20.0952,2288.3260,932.3889,0.000000
MOEA/D,495,51975,105,20.0000,2281.1049,932.3889,20.0952,2288.3417,932.3889,0.000000
MOEA/D,496,52080,105,19.0000,2261.6221,932.3889,19.7524,2280.3323,932.3889,0.000000
MOEA/D,497,52185,105,19.0000,2261.6221,932.3889,19.7333,2279.3104,932.3889,0.000000
MOEA/D,498,52290,105,19.0000,2261.6221,932.3889,19.7333,2279.3104,932.3889,0.000000
MOEA/D,499,52395,105,19.0000,2261.6221,932.3889,19.7333,2279.3104,932.3889,0.000000
MOEA/D,500,52500,105,19.0000,2261.6221,932.3889,19.4381,2274.2902,932.3889,0.000000
MOEA/D,501,52605,105,19.0000,2261.6221,932.3889,19.4381,2274.2902,932.3889,0.000000
MOEA/D,502,52710,105,19.0000,2261.6221,932.3889,19.4667,2274.1149,932.3889,0.000000
MOEA/D,503,52815,105,19.0000,2261.6221,932.3889,19.4667,2274.1095,932.3889,0.000000
MOEA/D,504,52920,105,19.0000,2261.6221,932.3889,19.4667,2274.1095,932.3889,0.000000
MOEA/D,505,53025,105,19.0000,2261.6221,932.3889,19.4667,2274.1095,932.3889,0.000000
MOEA/D,506,53130,105,19.0000,2261.6221,932.3889,19.4667,2274.1095,932.3889,0.000000
MOEA/D,507,53235,105,19.0000,2261.6221,932.3889,19.2857,2271.7582,932.3889,0.000000
MOEA/D,508,53340,105,19.0000,2261.6221,932.3889,19.2000,2269.4418,932.3889,0.000000
MOEA/D,509,53445,105,19.0000,2261.6221,932.3889,19.1429,2268.5453,932.3889,0.000000
MOEA/D,510,53550,105,19.0000,2261.6221,932.3889,19.1238,2268.6255,932.3889,0.000000
MOEA/D,511,53655,105,19.0000,2261.6221,932.3889,19.1238,2268.6292,932.3889,0.000000
MOEA/D,512,53760,105,19.0000,2261.6221,932.3889,19.1143,2268.5603,932.3889,0.000000
MOEA/D,513,53865,105,19.0000,2261.6221,932.3889,19.0762,2268.1131,932.3889,0.000000
MOEA/D,514,53970,105,19.0000,2261.6221,932.3889,19.0762,2268.1332,932.3889,0.000000
MOEA/D,515,54075,105,19.0000,2261.6221,932.3889,19.0762,2268.1332,932.3889,0.000000
MOEA/D,516,54180,105,19.0000,2261.6221,932.3889,19.0857,2267.9809,932.3889,0.000000
MOEA/D,517,54285,105,19.0000,2261.6221,932.3889,19.0857,2267.9809,932.3889,0.000000
MOEA/D,518,54390,105,19.0000,2261.6221,932.3889,19.1143,2267.4669,932.3889,0.000000
MOEA/D,519,54495,105,19.0000,2261.6221,932.3889,19.1238,2267.4361,932.3889,0.000000
MOEA/D,520,54600,105,19.0000,2261.6221,932.3889,19.1238,2266.6918,932.3889,0.000000
MOEA/D,521,54705,105,19.0000,2261.6221,932.3889,19.1238,2266.6918,932.3889,0.000000
MOEA/D,522,54810,105,19.0000,2261.6221,932.3889,19.1238,2266.6918,932.3889,0.000000
MOEA/D,523,54915,105,19.0000,2261.6221,932.3889,19.1238,2266.6918,932.3889,0.000000
MOEA/D,524,55020,105,19.0000,2261.6221,932.3889,19.1238,2266.6652,932.3889,0.000000
MOEA/D,525,55125,105,19.0000,2261.6221,932.3889,19.1619,2266.7983,932.3889,0.000000
MOEA/D,526,55230,105,19.0000,2261.6221,932.3889,19.1619,2266.8101,932.3889,0.000000
MOEA/D,527,55335,105,19.0000,2261.6221,932.3889,19.1619,2266.8101,932.3889,0.000000
MOEA/D,528,55440,105,19.0000,2261.6221,932.3889,19.1619,2266.8101,932.3889,0.000000
MOEA/D,529,55545,105,19.0000,2261.6221,932.3889,19.1619,2266.8101,932.3889,0.000000
MOEA/D,530,55650,105,19.0000,2261.6221,932.3889,19.1619,2266.8101,932.3889,0.000000
MOEA/D,531,55755,105,19.0000,2261.6221,932.3889,19.1619,2266.8101,932.3889,0.000000
MOEA/D,532,55860,105,19.0000,2257.1931,932.3889,19.1714,2265.3857,932.3889,0.000000
MOEA/D,533,55965,105,19.0000,2257.1931,932.3889,19.1714,2265.3168,932.3889,0.000000
MOEA/D,534,56070,105,19.0000,2257.1931,932.3889,19.1714,2265.3168,932.3889,0.000000
MOEA/D,535,56175,105,19.0000,2257.1931,932.3889,19.1714,2265.3168,932.3889,0.000000
MOEA/D,536,56280,105,19.0000,2257.1931,932.3889,19.1714,2265.3168,932.3889,0.000000
MOEA/D,537,56385,105,19.0000,2257.1931,932.3889,19.1714,2265.3168,932.3889,0.000000
MOEA/D,538,56490,105,19.0000,2257.1931,932.3889,19.1714,2265.3168,932.3889,0.000000
MOEA/D,539,56595,105,19.0000,2257.1931,932.3889,19.1714,2265.3168,932.3889,0.000000
MOEA/D,540,56700,105,19.0000,2257.1931,932.3889,19.1714,2265.3168,932.3889,0.000000
MOEA/D,541,56805,105,19.0000,2257.1931,932.3889,19.1714,2265.3168,932.3889,0.000000
MOEA/D,542,56910,105,19.0000,2257.1931,932.3889,19.1524,2265.1831,932.3889,0.000000
MOEA/D,543,57015,105,19.0000,2257.1931,932.3889,19.1524,2265.1778,932.3889,0.000000
MOEA/D,544,57120,105,19.0000,2257.1931,932.3889,19.1429,2265.0661,932.3889,0.000000
MOEA/D,545,57225,105,19.0000,2257.1931,932.3889,19.1429,2265.0661,932.3889,0.000000
MOEA/D,546,57330,105,19.0000,2257.1931,932.3889,19.0952,2264.4188,932.3889,0.000000
MOEA/D,547,57435,105,19.0000,2257.1931,932.3889,19.0952,2264.4188,932.3889,0.000000
MOEA/D,548,57540,105,19.0000,2257.1931,932.3889,19.0952,2264.4188,932.3889,0.000000
MOEA/D,549,57645,105,19.0000,2257.1931,932.3889,19.0952,2264.4188,932.3889,0.000000
MOEA/D,550,57750,105,18.0000,2257.1931,932.3889,19.0381,2264.0853,932.3889,0.000000
MOEA/D,551,57855,105,18.0000,2257.1931,932.3889,19.0476,2264.0806,932.3889,0.000000
MOEA/D,552,57960,105,18.0000,2257.1931,932.3889,19.0476,2264.0806,932.3889,0.000000
MOEA/D,553,58065,105,18.0000,2257.1931,932.3889,19.0476,2264.0281,932.3889,0.000000
MOEA/D,554,58170,105,18.0000,2257.1931,932.3889,19.0476,2264.0281,932.3889,0.000000
MOEA/D,555,58275,105,18.0000,2257.1931,932.3889,19.0476,2264.0281,932.3889,0.000000
MOEA/D,556,58380,105,18.0000,2257.1931,932.3889,19.0476,2264.0281,932.3889,0.000000
MOEA/D,557,58485,105,18.0000,2257.1931,932.3889,19.0571,2263.8837,932.3889,0.000000
MOEA/D,558,58590,105,18.0000,2257.1931,932.3889,19.0571,2263.8837,932.3889,0.000000
MOEA/D,559,58695,105,18.0000,2257.1931,932.3889,19.0571,2263.8837,932.3889,0.000000
MOEA/D,560,58800,105,18.0000,2257.1931,932.3889,19.1048,2263.7218,932.3889,0.000000
MOEA/D,561,58905,105,18.0000,2257.1931,932.3889,19.1048,2263.7218,932.3889,0.000000
MOEA/D,562,59010,105,18.0000,2257.1931,932.3889,19.1048,2263.7218,932.3889,0.000000
MOEA/D,563,59115,105,18.0000,2257.1931,932.3889,19.1048,2263.6026,932.3889,0.000000
MOEA/D,564,59220,105,18.0000,2257.1931,932.3889,19.0952,2263.5908,932.3889,0.000000
MOEA/D,565,59325,105,18.0000,2257.1931,932.3889,19.0952,2263.5908,932.3889,0.000000
MOEA/D,566,59430,105,18.0000,2257.1931,932.3889,19.0952,2263.5908,932.3889,0.000000
MOEA/D,567,59535,105,18.0000,2257.1931,932.3889,19.0952,2263.5908,932.3889,0.000000
MOEA/D,568,59640,105,18.0000,2257.1931,932.3889,19.0952,2263.5908,932.3889,0.000000
MOEA/D,569,59745,105,18.0000,2257.1931,932.3889,19.0952,2263.5908,932.3889,0.000000
MOEA/D,570,59850,105,18.0000,2257.1931,932.3889,19.0952,2263.5908,932.3889,0.000000
MOEA/D,571,59955,105,18.0000,2257.1931,932.3889,19.0952,2263.4902,932.3889,0.000000
MOEA/D,572,60060,105,18.0000,2257.1931,932.3889,19.0952,2262.8326,932.3889,0.000000
MOEA/D,573,60165,105,18.0000,2257.1931,932.3889,19.0952,2262.8326,932.3889,0.000000
MOEA/D,574,60270,105,18.0000,2257.1931,932.3889,19.0952,2262.8326,932.3889,0.000000
MOEA/D,575,60375,105,18.0000,2257.1931,932.3889,19.0952,2262.8699,932.3889,0.000000
MOEA/D,576,60480,105,18.0000,2257.1931,932.3889,19.0952,2262.7315,932.3889,0.000000
MOEA/D,577,60585,105,18.0000,2257.1931,932.3889,19.0952,2262.7315,932.3889,0.000000
MOEA/D,578,60690,105,18.0000,2257.1931,932.3889,19.0762,2262.7370,932.3889,0.000000
MOEA/D,579,60795,105,18.0000,2257.1931,932.3889,19.0762,2262.5819,932.3889,0.000000
MOEA/D,580,60900,105,18.0000,2256.4630,932.3889,19.0762,2262.2336,932.3889,0.000000
MOEA/D,581,61005,105,18.0000,2256.4630,932.3889,19.0667,2262.0498,932.3889,0.000000
MOEA/D,582,61110,105,18.0000,2256.4630,932.3889,19.0667,2262.0623,932.3889,0.000000
MOEA/D,583,61215,105,18.0000,2256.4630,932.3889,19.0667,2262.0623,932.3889,0.000000
MOEA/D,584,61320,105,18.0000,2256.2070,932.3889,19.0667,2261.9162,932.3889,0.000000
MOEA/D,585,61425,105,18.0000,2256.2070,932.3889,19.0571,2261.0522,932.3889,0.000000
MOEA/D,586,61530,105,18.0000,2256.2070,932.3889,19.0571,2261.0522,932.3889,0.000000
MOEA/D,587,61635,105,18.0000,2255.5316,932.3889,19.0381,2260.8685,932.3889,0.000000
MOEA/D,588,61740,105,18.0000,2255.5316,932.3889,19.0381,2260.8685,932.3889,0.000000
MOEA/D,589,61845,105,18.0000,2216.4084,932.3889,18.8095,2251.6764,932.8486,0.000000
MOEA/D,590,61950,105,18.0000,2216.4084,932.3889,18.8095,2247.7215,932.8486,0.000000
MOEA/D,591,62055,105,18.0000,2216.4084,932.3889,18.8095,2247.7215,932.8486,0.000000
MOEA/D,592,62160,105,18.0000,2214.9875,932.3889,18.6952,2241.8471,933.8828,0.000000
MOEA/D,593,62265,105,18.0000,2214.9875,932.3889,18.6952,2239.4733,933.8828,0.000000
MOEA/D,594,62370,105,18.0000,2214.9875,932.3889,18.7619,2239.5269,933.8828,0.000000
MOEA/D,595,62475,105,18.0000,2214.9875,932.3889,18.7619,2238.6149,933.8828,0.000000
MOEA/D,596,62580,105,18.0000,2214.9875,932.3889,18.7714,2238.1445,933.7679,0.000000
MOEA/D,597,62685,105,18.0000,2214.9875,932.3889,18.7333,2233.8168,933.6530,0.000000
MOEA/D,598,62790,105,18.0000,2214.9875,932.3889,18.7333,2233.4451,933.8158,0.000000
MOEA/D,599,62895,105,18.0000,2214.9875,932.3889,18.7048,2233.4956,933.7008,0.000000
MOEA/D,600,63000,105,18.0000,2214.9875,932.3889,18.5524,2233.0360,932.7815,0.000000
MOEA/D,601,63105,105,18.0000,2214.9875,923.4912,18.5524,2232.9411,932.5273,0.000000
MOEA/D,602,63210,105,18.0000,2214.9875,923.4912,18.5429,2232.9035,932.5752,0.000000
MOEA/D,603,63315,105,18.0000,2214.9875,923.4912,18.5524,2232.7419,932.4124,0.000000
MOEA/D,604,63420,105,18.0000,2214.9875,923.4912,18.5524,2232.4295,932.4124,0.000000
MOEA/D,605,63525,105,18.0000,2214.9875,923.4912,18.5619,2232.4343,932.4124,0.000000
MOEA/D,606,63630,105,18.0000,2214.9875,923.4912,18.5619,2232.4343,932.4124,0.000000
MOEA/D,607,63735,105,18.0000,2214.9875,923.4912,18.5429,2232.3912,932.4124,0.000000
MOEA/D,608,63840,105,18.0000,2214.9875,923.4912,18.5524,2231.6360,932.4124,0.000000
MOEA/D,609,63945,105,18.0000,2214.9875,923.4912,18.5524,2231.6360,932.4124,0.000000
MOEA/D,610,64050,105,18.0000,2214.9875,923.4912,18.4952,2230.7556,932.4124,0.000000
MOEA/D,611,64155,105,18.0000,2214.9875,932.3889,18.2381,2226.0656,932.5039,0.000000
MOEA/D,612,64260,105,18.0000,2214.9875,932.3889,18.3048,2226.0943,932.3889,0.000000
MOEA/D,613,64365,105,18.0000,2214.9875,932.3889,18.3048,2226.0943,932.3889,0.000000
MOEA/D,614,64470,105,18.0000,2214.9875,932.3889,18.2952,2226.0530,932.3889,0.000000
MOEA/D,615,64575,105,18.0000,2214.9875,932.3889,18.2952,2225.1886,932.3889,0.000000
MOEA/D,616,64680,105,18.0000,2214.9875,932.3889,18.2952,2225.1886,932.3889,0.000000
MOEA/D,617,64785,105,18.0000,2214.9875,932.3889,18.2952,2224.1280,932.3889,0.000000
MOEA/D,618,64890,105,18.0000,2214.9875,932.3889,18.2952,2224.1102,932.3889,0.000000
MOEA/D,619,64995,105,18.0000,2214.2568,932.3889,18.2857,2223.6438,932.3889,0.000000
MOEA/D,620,65100,105,18.0000,2214.0560,932.3889,18.2857,2223.4921,932.3889,0.000000
MOEA/D,621,65205,105,18.0000,2214.0560,932.3889,18.2857,2223.4921,932.3889,0.000000
MOEA/D,622,65310,105,18.0000,2214.0560,932.3889,18.2952,2223.0555,932.3889,0.000000
MOEA/D,623,65415,105,18.0000,2210.6651,932.3889,18.2952,2222.0400,932.3889,0.000000
MOEA/D,624,65520,105,18.0000,2210.6651,932.3889,18.2952,2222.0400,932.3889,0.000000
MOEA/D,625,65625,105,18.0000,2210.6651,932.3889,18.2952,2222.0400,932.3889,0.000000
MOEA/D,626,65730,105,18.0000,2210.6651,932.3889,18.2952,2222.0400,932.3889,0.000000
MOEA/D,627,65835,105,18.0000,2210.6651,932.3889,18.2952,2222.0400,932.3889,0.000000
MOEA/D,628,65940,105,18.0000,2210.6651,932.3889,18.2571,2222.0258,932.3889,0.000000
MOEA/D,629,66045,105,18.0000,2210.6651,932.3889,18.2571,2222.0797,932.3889,0.000000
MOEA/D,630,66150,105,18.0000,2210.6651,932.3889,18.2571,2222.0797,932.3889,0.000000
MOEA/D,631,66255,105,18.0000,2210.6651,932.3889,18.2571,2222.0797,932.3889,0.000000
MOEA/D,632,66360,105,18.0000,2210.6651,932.3889,18.1429,2218.5175,932.3889,0.000000
MOEA/D,633,66465,105,18.0000,2210.6651,932.3889,18.1429,2218.4848,932.3889,0.000000
MOEA/D,634,66570,105,18.0000,2210.6651,932.3889,18.1429,2218.4848,932.3889,0.000000
MOEA/D,635,66675,105,18.0000,2210.6651,932.3889,18.1429,2218.4848,932.3889,0.000000
MOEA/D,636,66780,105,18.0000,2210.6651,932.3889,18.1333,2218.4638,932.3889,0.000000
MOEA/D,637,66885,105,18.0000,2210.6651,932.3889,18.1333,2218.4638,932.3889,0.000000
MOEA/D,638,66990,105,18.0000,2210.6651,932.3889,18.1333,2218.4565,932.3889,0.000000
MOEA/D,639,67095,105,18.0000,2210.6651,932.3889,18.1333,2218.4565,932.3889,0.000000
MOEA/D,640,67200,105,18.0000,2210.6651,932.3889,18.1333,2218.4565,932.3889,0.000000
MOEA/D,641,67305,105,18.0000,2210.6651,932.3889,18.1333,2218.4565,932.3889,0.000000
MOEA/D,642,67410,105,18.0000,2210.6651,932.3889,18.1333,2218.4565,932.3889,0.000000
MOEA/D,643,67515,105,18.0000,2210.6651,932.3889,18.1333,2218.4565,932.3889,0.000000
MOEA/D,644,67620,105,18.0000,2210.6651,932.3889,18.1333,2218.4565,932.3889,0.000000
MOEA/D,645,67725,105,18.0000,2210.6651,932.3889,18.1333,2218.4099,932.3889,0.000000
MOEA/D,646,67830,105,18.0000,2210.6651,932.3889,18.1333,2218.4099,932.3889,0.000000
MOEA/D,647,67935,105,18.0000,2210.6651,932.3889,18.1333,2218.4099,932.3889,0.000000
MOEA/D,648,68040,105,18.0000,2210.6651,932.3889,18.1333,2218.4099,932.3889,0.000000
MOEA/D,649,68145,105,18.0000,2210.6651,932.3889,18.1333,2218.4099,932.3889,0.000000
MOEA/D,650,68250,105,18.0000,2210.6651,932.3889,18.1333,2218.4099,932.3889,0.000000
MOEA/D,651,68355,105,18.0000,2210.6651,932.3889,18.1333,2218.4099,932.3889,0.000000
MOEA/D,652,68460,105,18.0000,2206.2298,932.3889,18.1333,2216.8100,932.3889,0.000000
MOEA/D,653,68565,105,18.0000,2206.2298,932.3889,18.1333,2215.2393,932.3889,0.000000
MOEA/D,654,68670,105,18.0000,2206.2298,932.3889,18.1333,2215.2393,932.3889,0.000000
MOEA/D,655,68775,105,18.0000,2206.2298,932.3889,18.1333,2215.2124,932.3889,0.000000
MOEA/D,656,68880,105,18.0000,2205.4624,932.3889,18.1238,2214.4013,932.3889,0.000000
MOEA/D,657,68985,105,18.0000,2205.4624,932.3889,18.1238,2214.2628,932.3889,0.000000
MOEA/D,658,69090,105,18.0000,2205.4624,932.3889,18.1238,2214.1876,932.3889,0.000000
MOEA/D,659,69195,105,18.0000,2205.4624,932.3889,18.1238,2214.1592,932.3889,0.000000
MOEA/D,660,69300,105,18.0000,2205.4624,932.3889,18.0762,2213.9497,932.3889,0.000000
MOEA/D,661,69405,105,18.0000,2205.4624,932.3889,18.0762,2213.9497,932.3889,0.000000
MOEA/D,662,69510,105,18.0000,2203.6153,932.3889,18.0762,2213.5755,932.3889,0.000000
MOEA/D,663,69615,105,18.0000,2203.6153,932.3889,18.0762,2213.2787,932.3889,0.000000
MOEA/D,664,69720,105,18.0000,2203.6153,932.3889,18.0762,2213.2787,932.3889,0.000000
MOEA/D,665,69825,105,18.0000,2203.6153,932.3889,18.0857,2213.2613,932.3889,0.000000
MOEA/D,666,69930,105,18.0000,2203.6153,932.3889,18.0571,2211.7979,932.3889,0.000000
MOEA/D,667,70035,105,18.0000,2203.6153,932.3889,18.0571,2211.8934,932.3889,0.000000
MOEA/D,668,70140,105,18.0000,2203.6153,932.3889,18.0571,2211.8934,932.3889,0.000000
MOEA/D,669,70245,105,18.0000,2203.6153,932.3889,18.0571,2211.8934,932.3889,0.000000
MOEA/D,670,70350,105,18.0000,2203.6153,932.3889,18.0381,2211.7725,932.3889,0.000000
MOEA/D,671,70455,105,18.0000,2203.6153,932.3889,18.0381,2211.7725,932.3889,0.000000
MOEA/D,672,70560,105,18.0000,2203.6153,932.3889,18.0381,2211.5677,932.3889,0.000000
MOEA/D,673,70665,105,18.0000,2203.6153,932.3889,18.1429,2211.5177,932.3889,0.000000
MOEA/D,674,70770,105,18.0000,2203.6153,932.3889,18.1429,2211.4750,932.3889,0.000000
MOEA/D,675,70875,105,18.0000,2203.6153,932.3889,18.1429,2211.3221,932.3889,0.000000
MOEA/D,676,70980,105,18.0000,2203.6153,932.3889,18.1429,2211.3221,932.3889,0.000000
MOEA/D,677,71085,105,18.0000,2203.6153,932.3889,18.1429,2211.3221,932.3889,0.000000
MOEA/D,678,71190,105,18.0000,2203.6153,932.3889,18.1429,2210.2292,932.3889,0.000000
MOEA/D,679,71295,105,18.0000,2203.6153,932.3889,18.1333,2209.8388,932.3889,0.000000
MOEA/D,680,71400,105,18.0000,2203.6153,932.3889,18.1333,2209.8388,932.3889,0.000000
MOEA/D,681,71505,105,18.0000,2203.6153,932.3889,18.1333,2209.8388,932.3889,0.000000
MOEA/D,682,71610,105,18.0000,2203.6153,932.3889,18.1333,2209.8376,932.3889,0.000000
MOEA/D,683,71715,105,18.0000,2203.6153,932.3889,18.1333,2209.8376,932.3889,0.000000
MOEA/D,684,71820,105,18.0000,2203.6153,932.3889,18.1333,2209.8376,932.3889,0.000000
MOEA/D,685,71925,105,18.0000,2203.6153,932.3889,18.1333,2209.8376,932.3889,0.000000
MOEA/D,686,72030,105,18.0000,2203.6153,932.3889,18.1238,2209.8020,932.3889,0.000000
MOEA/D,687,72135,105,18.0000,2203.6153,932.3889,18.1238,2209.8020,932.3889,0.000000
MOEA/D,688,72240,105,18.0000,2203.6153,932.3889,18.1238,2209.8020,932.3889,0.000000
MOEA/D,689,72345,105,18.0000,2203.6153,932.3889,18.1238,2209.7930,932.3889,0.000000
MOEA/D,690,72450,105,18.0000,2203.6153,932.3889,18.1238,2209.7930,932.3889,0.000000
MOEA/D,691,72555,105,18.0000,2203.6153,932.3889,18.1238,2209.7930,932.3889,0.000000
MOEA/D,692,72660,105,18.0000,2203.6153,932.3889,18.2667,2208.6781,932.3889,0.000000
MOEA/D,693,72765,105,18.0000,2203.6153,932.3889,18.2667,2208.6781,932.3889,0.000000
MOEA/D,694,72870,105,18.0000,2203.6153,932.3889,18.2571,2208.5887,932.3889,0.000000
MOEA/D,695,72975,105,18.0000,2203.6153,932.3889,18.2762,2208.7024,932.3889,0.000000
MOEA/D,696,73080,105,18.0000,2203.6153,932.3889,18.2667,2208.6564,932.3889,0.000000
MOEA/D,697,73185,105,18.0000,2203.6153,932.3889,18.2476,2208.4906,932.3889,0.000000
MOEA/D,698,73290,105,18.0000,2202.4912,932.3889,18.2571,2207.7991,932.3889,0.000000
MOEA/D,699,73395,105,18.0000,2202.4912,932.3889,18.2667,2207.9866,932.5517,0.000000
MOEA/D,700,73500,105,18.0000,2202.4912,932.3889,18.2667,2207.6450,932.3889,0.000000
MOEA/D,701,73605,105,18.0000,2202.4912,932.3889,18.2667,2207.6450,932.3889,0.000000
MOEA/D,702,73710,105,18.0000,2202.4912,932.3889,18.2667,2207.6450,932.3889,0.000000
MOEA/D,703,73815,105,18.0000,2202.4912,932.3889,18.2667,2207.6450,932.3889,0.000000
MOEA/D,704,73920,105,18.0000,2202.4912,932.3889,18.2667,2207.6477,932.3889,0.000000
MOEA/D,705,74025,105,18.0000,2202.4912,932.3889,18.2667,2207.6477,932.3889,0.000000
MOEA/D,706,74130,105,18.0000,2202.4912,932.3889,18.2667,2207.6477,932.3889,0.000000
MOEA/D,707,74235,105,18.0000,2202.4912,932.3889,18.2667,2207.4478,932.3889,0.000000
MOEA/D,708,74340,105,18.0000,2202.4912,932.3889,18.2667,2207.4478,932.3889,0.000000
MOEA/D,709,74445,105,18.0000,2202.4912,932.3889,18.3048,2207.4022,932.3889,0.000000
MOEA/D,710,74550,105,18.0000,2202.4912,932.3889,18.3048,2207.4022,932.3889,0.000000
MOEA/D,711,74655,105,18.0000,2202.4912,932.3889,18.3048,2207.4022,932.3889,0.000000
MOEA/D,712,74760,105,18.0000,2202.4912,932.3889,18.3048,2207.4022,932.3889,0.000000
MOEA/D,713,74865,105,18.0000,2202.4912,932.3889,18.3048,2207.4022,932.3889,0.000000
MOEA/D,714,74970,105,18.0000,2202.4912,932.3889,18.3048,2207.4022,932.3889,0.000000
MOEA/D,715,75075,105,18.0000,2202.4912,932.3889,18.3048,2207.4022,932.3889,0.000000
MOEA/D,716,75180,105,18.0000,2202.4912,932.3889,18.3048,2207.4022,932.3889,0.000000
MOEA/D,717,75285,105,18.0000,2202.4912,932.3889,18.3048,2207.4022,932.3889,0.000000
MOEA/D,718,75390,105,18.0000,2202.4912,932.3889,18.3048,2207.4022,932.3889,0.000000
MOEA/D,719,75495,105,18.0000,2202.4912,932.3889,18.3048,2207.4022,932.3889,0.000000
MOEA/D,720,75600,105,18.0000,2202.4912,932.3889,18.3048,2207.4022,932.3889,0.000000
MOEA/D,721,75705,105,18.0000,2202.4912,932.3889,18.3048,2207.4022,932.3889,0.000000
MOEA/D,722,75810,105,18.0000,2202.4912,932.3889,18.3048,2207.4022,932.3889,0.000000
MOEA/D,723,75915,105,18.0000,2202.4912,932.3889,18.3048,2207.4217,932.3889,0.000000
MOEA/D,724,76020,105,18.0000,2202.4912,932.3889,18.3048,2207.4217,932.3889,0.000000
MOEA/D,725,76125,105,18.0000,2202.4912,932.3889,18.3048,2207.4217,932.3889,0.000000
MOEA/D,726,76230,105,18.0000,2202.4912,932.3889,18.2952,2207.5113,932.3889,0.000000
MOEA/D,727,76335,105,18.0000,2202.4912,932.3889,18.3048,2207.4958,932.3889,0.000000
MOEA/D,728,76440,105,18.0000,2202.4912,932.3889,18.3048,2207.4958,932.3889,0.000000
MOEA/D,729,76545,105,18.0000,2202.4912,932.3889,18.3048,2207.2603,932.3889,0.000000
MOEA/D,730,76650,105,18.0000,2202.4912,932.3889,18.3048,2207.2439,932.3889,0.000000
MOEA/D,731,76755,105,18.0000,2202.4912,932.3889,18.3048,2207.2439,932.3889,0.000000
MOEA/D,732,76860,105,18.0000,2202.4912,932.3889,18.3048,2207.2439,932.3889,0.000000
MOEA/D,733,76965,105,18.0000,2202.4912,932.3889,18.3048,2207.2439,932.3889,0.000000
MOEA/D,734,77070,105,18.0000,2202.4912,932.3889,18.3048,2207.2439,932.3889,0.000000
MOEA/D,735,77175,105,18.0000,2202.4912,932.3889,18.3048,2207.2439,932.3889,0.000000
MOEA/D,736,77280,105,18.0000,2202.4912,932.3889,18.3048,2207.2439,932.3889,0.000000
MOEA/D,737,77385,105,18.0000,2202.4912,932.3889,18.3048,2207.1921,932.3889,0.000000
MOEA/D,738,77490,105,18.0000,2202.4912,932.3889,18.3048,2207.2091,932.3889,0.000000
MOEA/D,739,77595,105,18.0000,2202.4912,932.3889,18.3048,2207.2091,932.3889,0.000000
MOEA/D,740,77700,105,18.0000,2202.4912,932.3889,18.3048,2207.2091,932.3889,0.000000
MOEA/D,741,77805,105,18.0000,2202.4912,932.3889,18.3048,2207.2091,932.3889,0.000000
MOEA/D,742,77910,105,18.0000,2202.4912,932.3889,18.3048,2207.2095,932.3889,0.000000
MOEA/D,743,78015,105,18.0000,2202.4912,932.3889,18.3048,2207.2095,932.3889,0.000000
MOEA/D,744,78120,105,18.0000,2202.4912,932.3889,18.3333,2207.2260,932.3889,0.000000
MOEA/D,745,78225,105,18.0000,2202.4912,932.3889,18.3333,2207.2260,932.3889,0.000000
MOEA/D,746,78330,105,18.0000,2202.4912,932.3889,18.3333,2207.2260,932.3889,0.000000
MOEA/D,747,78435,105,18.0000,2202.4912,932.3889,18.3333,2207.1396,932.3889,0.000000
MOEA/D,748,78540,105,18.0000,2202.4912,932.3889,18.3429,2207.1945,932.3889,0.000000
MOEA/D,749,78645,105,18.0000,2202.4912,932.3889,18.3429,2207.1945,932.3889,0.000000
MOEA/D,750,78750,105,18.0000,2202.4912,932.3889,18.3429,2207.1945,932.3889,0.000000
MOEA/D,751,78855,105,18.0000,2202.4912,932.3889,18.3429,2207.1945,932.3889,0.000000
MOEA/D,752,78960,105,18.0000,2202.4912,932.3889,18.3429,2207.2117,932.3889,0.000000
MOEA/D,753,79065,105,18.0000,2202.4912,932.3889,18.3429,2207.2117,932.3889,0.000000
MOEA/D,754,79170,105,18.0000,2202.4912,932.3889,18.3429,2207.2117,932.3889,0.000000
MOEA/D,755,79275,105,18.0000,2202.4912,932.3889,18.3429,2207.2117,932.3889,0.000000
MOEA/D,756,79380,105,18.0000,2202.4912,932.3889,18.3429,2207.2097,932.3889,0.000000
MOEA/D,757,79485,105,18.0000,2202.4912,932.3889,18.3905,2207.3428,932.3889,0.000000
MOEA/D,758,79590,105,18.0000,2202.4912,932.3889,18.3810,2207.3539,932.3889,0.000000
MOEA/D,759,79695,105,18.0000,2202.4912,932.3889,18.3810,2207.3539,932.3889,0.000000
MOEA/D,760,79800,105,18.0000,2202.4912,932.3889,18.3810,2207.3539,932.3889,0.000000
MOEA/D,761,79905,105,18.0000,2202.4912,932.3889,18.3810,2207.1871,932.3889,0.000000
MOEA/D,762,80010,105,18.0000,2202.4912,932.3889,18.3810,2207.1871,932.3889,0.000000
MOEA/D,763,80115,105,18.0000,2202.4912,932.3889,18.3810,2207.3316,932.3889,0.000000
MOEA/D,764,80220,105,18.0000,2202.4912,932.3889,18.3810,2207.3316,932.3889,0.000000
MOEA/D,765,80325,105,18.0000,2202.4912,932.3889,18.3810,2207.3316,932.3889,0.000000
MOEA/D,766,80430,105,18.0000,2202.4912,932.3889,18.3810,2207.3316,932.3889,0.000000
MOEA/D,767,80535,105,18.0000,2202.4912,932.3889,18.3619,2207.2946,932.3889,0.000000
MOEA/D,768,80640,105,18.0000,2202.4912,932.3889,18.3619,2207.2946,932.3889,0.000000
MOEA/D,769,80745,105,18.0000,2202.4912,932.3889,18.3810,2207.3554,932.3889,0.000000
MOEA/D,770,80850,105,18.0000,2200.3318,932.3889,18.3810,2206.8562,932.3889,0.000000
MOEA/D,771,80955,105,18.0000,2200.3318,932.3889,18.3810,2206.6121,932.3889,0.000000
MOEA/D,772,81060,105,18.0000,2200.3318,932.3889,18.3810,2206.6121,932.3889,0.000000
MOEA/D,773,81165,105,18.0000,2200.3318,932.3889,18.3810,2206.6121,932.3889,0.000000
MOEA/D,774,81270,105,18.0000,2200.3318,932.3889,18.3810,2206.6121,932.3889,0.000000
MOEA/D,775,81375,105,18.0000,2200.3318,932.3889,18.3429,2206.3376,932.3889,0.000000
MOEA/D,776,81480,105,18.0000,2200.3318,932.3889,18.3429,2206.3376,932.3889,0.000000
MOEA/D,777,81585,105,18.0000,2200.3318,932.3889,18.3333,2206.3399,932.3889,0.000000
MOEA/D,778,81690,105,18.0000,2200.3318,932.3889,18.3333,2206.3399,932.3889,0.000000
MOEA/D,779,81795,105,18.0000,2200.3318,932.3889,18.3048,2206.3015,932.3889,0.000000
MOEA/D,780,81900,105,18.0000,2200.3318,932.3889,18.3048,2206.3015,932.3889,0.000000
MOEA/D,781,82005,105,18.0000,2200.3318,932.3889,18.3143,2206.2678,932.3889,0.000000
MOEA/D,782,82110,105,18.0000,2200.3318,932.3889,18.3143,2206.2678,932.3889,0.000000
MOEA/D,783,82215,105,18.0000,2200.3318,932.3889,18.3143,2206.2678,932.3889,0.000000
MOEA/D,784,82320,105,18.0000,2200.3318,932.3889,18.3143,2206.2678,932.3889,0.000000
MOEA/D,785,82425,105,18.0000,2200.3318,932.3889,18.3143,2206.2678,932.3889,0.000000
MOEA/D,786,82530,105,18.0000,2200.3318,932.3889,18.3143,2206.2678,932.3889,0.000000
MOEA/D,787,82635,105,18.0000,2200.3318,932.3889,18.2857,2205.7368,932.3889,0.000000
MOEA/D,788,82740,105,18.0000,2200.3318,932.3889,18.2857,2205.7368,932.3889,0.000000
MOEA/D,789,82845,105,18.0000,2200.3318,932.3889,18.2857,2205.7368,932.3889,0.000000
MOEA/D,790,82950,105,18.0000,2200.3318,932.3889,18.2857,2205.7368,932.3889,0.000000
MOEA/D,791,83055,105,18.0000,2200.3318,932.3889,18.2857,2205.7368,932.3889,0.000000
MOEA/D,792,83160,105,18.0000,2200.3318,932.3889,18.2857,2205.7368,932.3889,0.000000
MOEA/D,793,83265,105,18.0000,2200.3318,932.3889,18.2762,2205.7202,932.3889,0.000000
MOEA/D,794,83370,105,18.0000,2200.3318,932.3889,18.2286,2205.3318,932.3889,0.000000
MOEA/D,795,83475,105,18.0000,2200.3318,932.3889,18.2286,2205.3318,932.3889,0.000000
MOEA/D,796,83580,105,18.0000,2200.3318,932.3889,18.2286,2205.3253,932.3889,0.000000
MOEA/D,797,83685,105,18.0000,2200.3318,932.3889,18.2381,2205.3163,932.3889,0.000000
MOEA/D,798,83790,105,18.0000,2200.3318,932.3889,18.2381,2205.3163,932.3889,0.000000
MOEA/D,799,83895,105,18.0000,2200.3318,932.3889,18.2381,2205.3163,932.3889,0.000000
MOEA/D,800,84000,105,18.0000,2200.3318,932.3889,18.2381,2205.2849,932.3889,0.000000
MOEA/D,801,84105,105,18.0000,2200.3318,932.3889,18.2381,2205.2849,932.3889,0.000000
MOEA/D,802,84210,105,18.0000,2200.3318,932.3889,18.2095,2205.2512,932.3889,0.000000
MOEA/D,803,84315,105,18.0000,2200.3318,932.3889,18.2095,2205.2512,932.3889,0.000000
MOEA/D,804,84420,105,18.0000,2200.3318,932.3889,18.2095,2205.2512,932.3889,0.000000
MOEA/D,805,84525,105,18.0000,2200.3318,932.3889,18.2000,2205.2163,932.3889,0.000000
MOEA/D,806,84630,105,18.0000,2200.3318,932.3889,18.2000,2205.2163,932.3889,0.000000
MOEA/D,807,84735,105,18.0000,2200.3318,932.3889,18.2000,2205.2163,932.3889,0.000000
MOEA/D,808,84840,105,18.0000,2200.3318,932.3889,18.2286,2205.3839,932.3889,0.000000
MOEA/D,809,84945,105,18.0000,2200.3318,932.3889,18.2286,2205.3839,932.3889,0.000000
MOEA/D,810,85050,105,18.0000,2200.3318,932.3889,18.2286,2205.3839,932.3889,0.000000
MOEA/D,811,85155,105,18.0000,2200.3318,932.3889,18.2286,2205.3897,932.3889,0.000000
MOEA/D,812,85260,105,18.0000,2200.3318,932.3889,18.2286,2205.3897,932.3889,0.000000
MOEA/D,813,85365,105,18.0000,2200.3318,932.3889,18.2286,2205.3897,932.3889,0.000000
MOEA/D,814,85470,105,18.0000,2200.3318,932.3889,18.2286,2205.3897,932.3889,0.000000
MOEA/D,815,85575,105,18.0000,2200.3318,932.3889,18.2286,2205.3897,932.3889,0.000000
MOEA/D,816,85680,105,18.0000,2200.3318,932.3889,18.2286,2205.3897,932.3889,0.000000
MOEA/D,817,85785,105,18.0000,2200.3318,932.3889,18.2286,2205.3880,932.3889,0.000000
MOEA/D,818,85890,105,18.0000,2200.3318,932.3889,18.2286,2205.3880,932.3889,0.000000
MOEA/D,819,85995,105,18.0000,2200.3318,932.3889,18.2286,2205.3880,932.3889,0.000000
MOEA/D,820,86100,105,18.0000,2200.3318,932.3889,18.2286,2205.3880,932.3889,0.000000
MOEA/D,821,86205,105,18.0000,2200.3318,932.3889,18.2286,2205.3880,932.3889,0.000000
MOEA/D,822,86310,105,18.0000,2199.4003,932.3889,18.3333,2204.7761,932.3889,0.000000
MOEA/D,823,86415,105,18.0000,2199.4003,932.3889,18.3333,2204.4175,932.3889,0.000000
MOEA/D,824,86520,105,18.0000,2199.4003,932.3889,18.3333,2204.3969,932.3889,0.000000
MOEA/D,825,86625,105,18.0000,2199.4003,932.3889,18.3333,2204.3787,932.3889,0.000000
MOEA/D,826,86730,105,18.0000,2199.4003,932.3889,18.3333,2204.3787,932.3889,0.000000
MOEA/D,827,86835,105,18.0000,2199.4003,932.3889,18.3333,2204.4074,932.3889,0.000000
MOEA/D,828,86940,105,18.0000,2199.4003,932.3889,18.3333,2204.4074,932.3889,0.000000
MOEA/D,829,87045,105,18.0000,2199.4003,932.3889,18.3333,2204.4074,932.3889,0.000000
MOEA/D,830,87150,105,18.0000,2199.4003,932.3889,18.3429,2204.4600,932.3889,0.000000
MOEA/D,831,87255,105,18.0000,2199.4003,932.3889,18.4000,2204.4337,932.3889,0.000000
MOEA/D,832,87360,105,18.0000,2199.4003,932.3889,18.4000,2204.4337,932.3889,0.000000
MOEA/D,833,87465,105,18.0000,2199.4003,932.3889,18.3905,2204.4509,932.3889,0.000000
MOEA/D,834,87570,105,18.0000,2199.4003,932.3889,18.3905,2204.4509,932.3889,0.000000
MOEA/D,835,87675,105,18.0000,2199.4003,932.3889,18.3905,2204.4509,932.3889,0.000000
MOEA/D,836,87780,105,18.0000,2199.4003,932.3889,18.3905,2204.4509,932.3889,0.000000
MOEA/D,837,87885,105,18.0000,2199.4003,932.3889,18.3905,2204.4509,932.3889,0.000000
MOEA/D,838,87990,105,18.0000,2199.4003,932.3889,18.3905,2204.4509,932.3889,0.000000
MOEA/D,839,88095,105,18.0000,2199.4003,932.3889,18.3905,2204.4509,932.3889,0.000000
MOEA/D,840,88200,105,18.0000,2199.4003,932.3889,18.3905,2204.4509,932.3889,0.000000
MOEA/D,841,88305,105,18.0000,2199.4003,932.3889,18.3905,2204.4385,932.3889,0.000000
MOEA/D,842,88410,105,18.0000,2199.4003,932.3889,18.3905,2204.4385,932.3889,0.000000
MOEA/D,843,88515,105,18.0000,2199.4003,932.3889,18.3905,2204.4385,932.3889,0.000000
MOEA/D,844,88620,105,18.0000,2199.4003,932.3889,18.3810,2204.2904,932.3889,0.000000
MOEA/D,845,88725,105,18.0000,2199.4003,932.3889,18.3810,2204.2904,932.3889,0.000000
MOEA/D,846,88830,105,18.0000,2199.4003,932.3889,18.3810,2204.2904,932.3889,0.000000
MOEA/D,847,88935,105,18.0000,2199.4003,932.3889,18.3810,2204.2904,932.3889,0.000000
MOEA/D,848,89040,105,18.0000,2199.4003,932.3889,18.3810,2204.2904,932.3889,0.000000
MOEA/D,849,89145,105,18.0000,2199.4003,932.3889,18.3810,2204.2904,932.3889,0.000000
MOEA/D,850,89250,105,18.0000,2199.4003,932.3889,18.3810,2204.2904,932.3889,0.000000
MOEA/D,851,89355,105,18.0000,2199.4003,932.3889,18.3810,2204.2904,932.3889,0.000000
MOEA/D,852,89460,105,18.0000,2199.4003,932.3889,18.3810,2204.2904,932.3889,0.000000
MOEA/D,853,89565,105,18.0000,2199.4003,932.3889,18.3905,2204.3167,932.3889,0.000000
MOEA/D,854,89670,105,18.0000,2199.4003,932.3889,18.3905,2204.3167,932.3889,0.000000
MOEA/D,855,89775,105,18.0000,2199.4003,932.3889,18.4762,2204.2861,932.3889,0.000000
MOEA/D,856,89880,105,18.0000,2199.4003,932.3889,18.4476,2204.1813,932.3889,0.000000
MOEA/D,857,89985,105,18.0000,2199.4003,932.3889,18.4476,2204.1755,932.3889,0.000000
MOEA/D,858,90090,105,18.0000,2199.4003,932.3889,18.4476,2204.1755,932.3889,0.000000
MOEA/D,859,90195,105,18.0000,2199.4003,932.3889,18.4476,2204.1755,932.3889,0.000000
MOEA/D,860,90300,105,18.0000,2199.4003,932.3889,18.4476,2204.1755,932.3889,0.000000
MOEA/D,861,90405,105,18.0000,2199.4003,932.3889,18.4476,2204.1755,932.3889,0.000000
MOEA/D,862,90510,105,18.0000,2199.4003,932.3889,18.4667,2204.1606,932.3889,0.000000
MOEA/D,863,90615,105,18.0000,2199.4003,932.3889,18.4667,2204.1606,932.3889,0.000000
MOEA/D,864,90720,105,18.0000,2199.4003,932.3889,18.4667,2204.1606,932.3889,0.000000
MOEA/D,865,90825,105,18.0000,2199.4003,932.3889,18.4571,2204.1469,932.3889,0.000000
MOEA/D,866,90930,105,18.0000,2199.4003,932.3889,18.4571,2204.1469,932.3889,0.000000
MOEA/D,867,91035,105,18.0000,2199.4003,932.3889,18.4571,2204.1469,932.3889,0.000000
MOEA/D,868,91140,105,18.0000,2199.4003,932.3889,18.4571,2204.1469,932.3889,0.000000
MOEA/D,869,91245,105,18.0000,2199.4003,932.3889,18.4571,2204.1681,932.3889,0.000000
MOEA/D,870,91350,105,18.0000,2199.4003,932.3889,18.4571,2204.1681,932.3889,0.000000
MOEA/D,871,91455,105,18.0000,2199.4003,932.3889,18.4571,2204.1681,932.3889,0.000000
MOEA/D,872,91560,105,18.0000,2199.4003,932.3889,18.4571,2204.1681,932.3889,0.000000
MOEA/D,873,91665,105,18.0000,2199.4003,932.3889,18.4571,2204.1681,932.3889,0.000000
MOEA/D,874,91770,105,18.0000,2199.4003,932.3889,18.4571,2204.1681,932.3889,0.000000
MOEA/D,875,91875,105,18.0000,2199.4003,932.3889,18.4571,2204.1681,932.3889,0.000000
MOEA/D,876,91980,105,18.0000,2199.4003,932.3889,18.4571,2204.1681,932.3889,0.000000
MOEA/D,877,92085,105,18.0000,2199.4003,932.3889,18.4571,2204.1681,932.3889,0.000000
MOEA/D,878,92190,105,18.0000,2199.4003,932.3889,18.4476,2204.0689,932.3889,0.000000
MOEA/D,879,92295,105,18.0000,2199.4003,932.3889,18.4476,2204.0689,932.3889,0.000000
MOEA/D,880,92400,105,18.0000,2199.4003,932.3889,18.4667,2204.1053,932.3889,0.000000
MOEA/D,881,92505,105,18.0000,2199.4003,932.3889,18.4667,2204.1053,932.3889,0.000000
MOEA/D,882,92610,105,18.0000,2199.4003,932.3889,18.4667,2204.1053,932.3889,0.000000
MOEA/D,883,92715,105,18.0000,2199.4003,932.3889,18.4667,2204.1053,932.3889,0.000000
MOEA/D,884,92820,105,18.0000,2199.4003,932.3889,18.4667,2204.1053,932.3889,0.000000
MOEA/D,885,92925,105,18.0000,2199.4003,932.3889,18.4667,2204.1053,932.3889,0.000000
MOEA/D,886,93030,105,18.0000,2199.4003,932.3889,18.4667,2204.1053,932.3889,0.000000
MOEA/D,887,93135,105,18.0000,2199.4003,932.3889,18.4667,2204.1053,932.3889,0.000000
MOEA/D,888,93240,105,18.0000,2199.4003,932.3889,18.4381,2203.9376,932.3889,0.000000
MOEA/D,889,93345,105,18.0000,2199.4003,932.3889,18.4381,2203.9376,932.3889,0.000000
MOEA/D,890,93450,105,18.0000,2199.4003,932.3889,18.4381,2203.9376,932.3889,0.000000
MOEA/D,891,93555,105,18.0000,2199.4003,932.3889,18.4476,2203.9575,932.3889,0.000000
MOEA/D,892,93660,105,18.0000,2199.4003,932.3889,18.4476,2203.9575,932.3889,0.000000
MOEA/D,893,93765,105,18.0000,2199.4003,932.3889,18.4476,2203.9575,932.3889,0.000000
MOEA/D,894,93870,105,18.0000,2199.4003,932.3889,18.4476,2203.9575,932.3889,0.000000
MOEA/D,895,93975,105,18.0000,2199.4003,932.3889,18.4476,2203.9575,932.3889,0.000000
MOEA/D,896,94080,105,18.0000,2199.4003,932.3889,18.4476,2203.9575,932.3889,0.000000
MOEA/D,897,94185,105,18.0000,2199.4003,932.3889,18.4476,2203.9575,932.3889,0.000000
MOEA/D,898,94290,105,18.0000,2199.4003,932.3889,18.4476,2203.9575,932.3889,0.000000
MOEA/D,899,94395,105,18.0000,2199.4003,932.3889,18.4476,2203.9575,932.3889,0.000000
MOEA/D,900,94500,105,18.0000,2199.4003,932.3889,18.4476,2203.9575,932.3889,0.000000
MOEA/D,901,94605,105,18.0000,2199.4003,932.3889,18.4476,2203.9575,932.3889,0.000000
MOEA/D,902,94710,105,18.0000,2199.4003,932.3889,18.4476,2203.9486,932.3889,0.000000
MOEA/D,903,94815,105,18.0000,2199.4003,932.3889,18.4476,2203.9486,932.3889,0.000000
MOEA/D,904,94920,105,18.0000,2199.4003,932.3889,18.4476,2203.9561,932.3889,0.000000
MOEA/D,905,95025,105,18.0000,2199.4003,932.3889,18.4476,2203.9358,932.3889,0.000000
MOEA/D,906,95130,105,18.0000,2199.4003,932.3889,18.4476,2203.9358,932.3889,0.000000
MOEA/D,907,95235,105,18.0000,2199.4003,932.3889,18.4476,2203.9358,932.3889,0.000000
MOEA/D,908,95340,105,18.0000,2199.4003,932.3889,18.4476,2203.9358,932.3889,0.000000
MOEA/D,909,95445,105,18.0000,2199.4003,932.3889,18.4476,2203.9358,932.3889,0.000000
MOEA/D,910,95550,105,18.0000,2199.4003,932.3889,18.4476,2203.9214,932.3889,0.000000
MOEA/D,911,95655,105,18.0000,2199.4003,932.3889,18.4571,2203.9320,932.3889,0.000000
MOEA/D,912,95760,105,18.0000,2199.4003,932.3889,18.4571,2203.9320,932.3889,0.000000
MOEA/D,913,95865,105,18.0000,2199.4003,932.3889,18.4571,2203.9320,932.3889,0.000000
MOEA/D,914,95970,105,18.0000,2199.4003,932.3889,18.4571,2203.9320,932.3889,0.000000
MOEA/D,915,96075,105,18.0000,2199.4003,932.3889,18.4571,2203.9320,932.3889,0.000000
MOEA/D,916,96180,105,18.0000,2199.4003,932.3889,18.4667,2203.9619,932.3889,0.000000
MOEA/D,917,96285,105,18.0000,2199.4003,932.3889,18.5143,2203.9537,932.3889,0.000000
MOEA/D,918,96390,105,18.0000,2199.4003,932.3889,18.5143,2203.9537,932.3889,0.000000
MOEA/D,919,96495,105,18.0000,2199.4003,932.3889,18.5143,2203.9537,932.3889,0.000000
MOEA/D,920,96600,105,18.0000,2199.4003,932.3889,18.5143,2203.9537,932.3889,0.000000
MOEA/D,921,96705,105,18.0000,2199.4003,932.3889,18.5143,2203.9537,932.3889,0.000000
MOEA/D,922,96810,105,18.0000,2199.4003,932.3889,18.5143,2203.9194,932.3889,0.000000
MOEA/D,923,96915,105,18.0000,2199.4003,932.3889,18.5143,2203.9194,932.3889,0.000000
MOEA/D,924,97020,105,18.0000,2199.4003,932.3889,18.5143,2203.9695,932.3889,0.000000
MOEA/D,925,97125,105,18.0000,2199.4003,932.3889,18.5143,2203.9695,932.3889,0.000000
MOEA/D,926,97230,105,18.0000,2199.4003,932.3889,18.5143,2203.9695,932.3889,0.000000
MOEA/D,927,97335,105,18.0000,2199.4003,932.3889,18.5143,2203.9687,932.3889,0.000000
MOEA/D,928,97440,105,18.0000,2199.4003,932.3889,18.5143,2203.9687,932.3889,0.000000
MOEA/D,929,97545,105,18.0000,2199.4003,932.3889,18.5143,2203.9687,932.3889,0.000000
MOEA/D,930,97650,105,18.0000,2199.4003,932.3889,18.5143,2203.9241,932.3889,0.000000
MOEA/D,931,97755,105,18.0000,2199.4003,932.3889,18.5143,2203.9241,932.3889,0.000000
MOEA/D,932,97860,105,18.0000,2199.4003,932.3889,18.5143,2203.9241,932.3889,0.000000
MOEA/D,933,97965,105,18.0000,2199.4003,932.3889,18.5143,2203.9241,932.3889,0.000000
MOEA/D,934,98070,105,18.0000,2199.4003,932.3889,18.5143,2203.9241,932.3889,0.000000
MOEA/D,935,98175,105,18.0000,2199.4003,932.3889,18.5143,2203.9241,932.3889,0.000000
MOEA/D,936,98280,105,18.0000,2199.4003,932.3889,18.5143,2203.9241,932.3889,0.000000
MOEA/D,937,98385,105,18.0000,2199.4003,932.3889,18.5143,2203.8970,932.3889,0.000000
MOEA/D,938,98490,105,18.0000,2199.4003,932.3889,18.5143,2203.8970,932.3889,0.000000
MOEA/D,939,98595,105,18.0000,2199.4003,932.3889,18.5143,2203.8970,932.3889,0.000000
MOEA/D,940,98700,105,18.0000,2199.4003,932.3889,18.5143,2203.8970,932.3889,0.000000
MOEA/D,941,98805,105,18.0000,2199.4003,932.3889,18.5143,2203.8970,932.3889,0.000000
MOEA/D,942,98910,105,18.0000,2199.4003,932.3889,18.5143,2203.8970,932.3889,0.000000
MOEA/D,943,99015,105,18.0000,2199.4003,932.3889,18.5143,2203.9081,932.3889,0.000000
MOEA/D,944,99120,105,18.0000,2199.4003,932.3889,18.5143,2203.9073,932.3889,0.000000
MOEA/D,945,99225,105,18.0000,2199.4003,932.3889,18.5143,2203.9073,932.3889,0.000000
MOEA/D,946,99330,105,18.0000,2199.4003,932.3889,18.5143,2203.9073,932.3889,0.000000
MOEA/D,947,99435,105,18.0000,2199.4003,932.3889,18.5143,2203.9073,932.3889,0.000000
MOEA/D,948,99540,105,18.0000,2199.4003,932.3889,18.5143,2203.9073,932.3889,0.000000
MOEA/D,949,99645,105,18.0000,2199.4003,932.3889,18.5143,2203.9073,932.3889,0.000000
MOEA/D,950,99750,105,18.0000,2199.4003,932.3889,18.5143,2203.9073,932.3889,0.000000
MOEA/D,951,99855,105,18.0000,2199.4003,932.3889,18.5333,2203.9138,932.3889,0.000000
MOEA/D,952,99960,105,18.0000,2199.4003,932.3889,18.5333,2203.9012,932.3889,0.000000
MOEA/D,953,100065,105,18.0000,2199.4003,932.3889,18.5333,2203.8905,932.3889,0.000000
SMS-EMOA,1,100,38,29.0000,3464.3192,922.3553,36.6579,3908.9917,958.7477,0.000000
SMS-EMOA,2,200,75,28.0000,3464.3192,922.3553,35.4933,3853.4596,954.2773,0.000000
SMS-EMOA,3,300,88,28.0000,3464.3192,922.3553,34.4545,3785.6748,950.0483,0.000000
SMS-EMOA,4,400,91,28.0000,3464.3192,922.3553,33.4945,3737.0593,951.2650,0.000000
SMS-EMOA,5,500,94,28.0000,3464.3192,922.3553,32.6277,3700.2585,952.0409,0.000000
SMS-EMOA,6,600,91,27.0000,3338.7695,922.3553,32.1209,3671.7922,949.7085,0.000000
SMS-EMOA,7,700,91,27.0000,3338.7695,922.3553,31.3626,3625.5800,949.9974,0.000000
SMS-EMOA,8,800,92,27.0000,3315.7454,922.3553,30.9457,3607.1595,948.6134,0.000000
SMS-EMOA,9,900,87,27.0000,3315.7454,922.3553,30.6782,3569.8045,949.7749,0.000000
SMS-EMOA,10,1000,89,26.0000,3315.7454,922.3553,30.1573,3552.5705,951.9240,0.000000
SMS-EMOA,11,1100,89,25.0000,3315.7454,922.3553,29.8989,3537.5637,949.3955,0.000000
SMS-EMOA,12,1200,87,25.0000,3286.9534,922.3553,29.5747,3521.5106,948.2128,0.000000
SMS-EMOA,13,1300,87,25.0000,3286.9534,922.3553,29.6437,3519.9947,946.9939,0.000000
SMS-EMOA,14,1400,87,25.0000,3286.9534,922.3553,29.7931,3512.7358,946.1712,0.000000
SMS-EMOA,15,1500,89,25.0000,3286.9534,922.3553,29.8202,3506.8390,945.0429,0.000000
SMS-EMOA,16,1600,90,25.0000,3221.4649,922.3553,29.6000,3500.6521,944.4128,0.000000
SMS-EMOA,17,1700,87,25.0000,3221.4649,922.3553,29.7241,3497.3080,941.7105,0.000000
SMS-EMOA,18,1800,86,25.0000,3221.4649,922.3553,29.3953,3485.0002,942.1085,0.000000
SMS-EMOA,19,1900,90,25.0000,3221.4649,922.3553,29.4222,3473.3748,942.9913,0.000000
SMS-EMOA,20,2000,90,25.0000,3221.4649,922.3553,29.3111,3466.7777,942.5573,0.000000
SMS-EMOA,21,2100,87,25.0000,3221.4649,922.3553,29.0115,3457.4052,943.1382,0.000000
SMS-EMOA,22,2200,86,25.0000,3221.2435,922.3553,28.9419,3441.6401,943.6914,0.000000
SMS-EMOA,23,2300,84,25.0000,3221.2435,922.3553,28.8810,3420.8384,945.1630,0.000000
SMS-EMOA,24,2400,85,25.0000,3221.2435,922.3553,28.8118,3418.2951,944.1830,0.000000
SMS-EMOA,25,2500,85,24.0000,3221.2435,922.3553,28.6471,3407.1011,944.2177,0.000000
SMS-EMOA,26,2600,85,24.0000,3221.2435,922.3553,28.4588,3391.4020,946.3399,0.000000
SMS-EMOA,27,2700,84,24.0000,3219.9048,922.3553,28.3095,3392.1750,945.6979,0.000000
SMS-EMOA,28,2800,86,24.0000,3219.9048,922.3553,28.1860,3387.6677,944.7385,0.000000
SMS-EMOA,29,2900,86,24.0000,3219.9048,922.3553,27.9535,3385.2326,945.8740,0.000000
SMS-EMOA,30,3000,86,23.0000,3219.9048,922.3553,27.7209,3387.1271,947.2326,0.000000
SMS-EMOA,31,3100,86,23.0000,3219.9048,922.3553,27.7093,3385.8684,946.7237,0.000000
SMS-EMOA,32,3200,88,23.0000,3212.9656,922.3553,27.5568,3384.6699,947.5376,0.000000
SMS-EMOA,33,3300,88,23.0000,3189.6364,922.3553,27.6023,3370.5292,947.9549,0.000000
SMS-EMOA,34,3400,87,23.0000,3189.6364,922.3553,27.5402,3361.7507,949.6443,0.000000
SMS-EMOA,35,3500,86,23.0000,3181.2361,922.3553,27.4767,3354.6884,950.5197,0.000000
SMS-EMOA,36,3600,87,23.0000,3181.2361,922.3553,27.3793,3356.0371,950.4106,0.000000
SMS-EMOA,37,3700,84,23.0000,3181.2361,922.3553,27.2381,3349.1134,950.5840,0.000000
SMS-EMOA,38,3800,80,23.0000,3181.2361,922.3553,27.2000,3350.3196,949.2729,0.000000
SMS-EMOA,39,3900,78,23.0000,3181.2361,922.3553,27.1538,3345.5955,948.9237,0.000000
SMS-EMOA,40,4000,81,23.0000,3181.2361,922.3553,27.1111,3338.9700,948.7223,0.000000
SMS-EMOA,41,4100,81,23.0000,3181.2361,922.3553,27.0247,3335.4484,949.3831,0.000000
SMS-EMOA,42,4200,81,23.0000,3181.2361,922.3553,27.0000,3325.4336,950.1411,0.000000
SMS-EMOA,43,4300,83,23.0000,3181.2361,922.3553,26.9880,3311.6172,948.1921,0.000000
SMS-EMOA,44,4400,84,23.0000,3181.2361,922.3553,27.0000,3305.6670,948.8292,0.000000
SMS-EMOA,45,4500,85,23.0000,3181.2361,922.3553,26.8353,3305.5492,948.0796,0.000000
SMS-EMOA,46,4600,90,23.0000,3181.2361,922.3553,26.8778,3303.1631,947.8299,0.000000
SMS-EMOA,47,4700,90,23.0000,3170.5937,922.3553,26.9111,3293.9997,947.2813,0.000000
SMS-EMOA,48,4800,91,23.0000,3163.6099,922.3553,26.8901,3291.7648,947.6178,0.000000
SMS-EMOA,49,4900,90,23.0000,3163.6099,922.3553,26.8667,3286.9349,947.8771,0.000000
SMS-EMOA,50,5000,89,23.0000,3163.6099,922.3553,26.8764,3283.7343,947.4483,0.000000
SMS-EMOA,51,5100,89,22.0000,3163.6099,922.3553,26.7865,3280.6763,946.3854,0.000000
SMS-EMOA,52,5200,89,22.0000,3163.6099,922.3553,26.4831,3282.0337,946.1628,0.000000
SMS-EMOA,53,5300,90,22.0000,3163.6099,922.3553,26.4667,3280.0390,945.4232,0.000000
SMS-EMOA,54,5400,90,22.0000,3158.5339,922.3553,26.5333,3272.1510,945.1528,0.000000
SMS-EMOA,55,5500,91,22.0000,3131.2702,922.3553,26.4945,3271.8684,944.3124,0.000000
SMS-EMOA,56,5600,92,22.0000,3013.0803,922.3553,26.4674,3265.1139,942.2369,0.000000
SMS-EMOA,57,5700,94,22.0000,3013.0803,922.3553,26.2872,3264.1498,941.5738,0.000000
SMS-EMOA,58,5800,94,22.0000,3013.0803,922.3553,26.2766,3260.9572,941.4976,0.000000
SMS-EMOA,59,5900,94,22.0000,3001.0509,922.3553,26.3085,3246.5820,941.7879,0.000000
SMS-EMOA,60,6000,94,22.0000,3001.0509,922.3553,26.2553,3247.9127,939.9556,0.000000
SMS-EMOA,61,6100,94,22.0000,3001.0509,922.3553,26.2447,3240.4353,939.7368,0.000000
SMS-EMOA,62,6200,95,22.0000,3001.0509,922.3553,26.1474,3231.5274,939.4842,0.000000
SMS-EMOA,63,6300,93,22.0000,3001.0509,922.3553,25.9892,3229.7839,939.9413,0.000000
SMS-EMOA,64,6400,91,22.0000,3001.0509,922.3553,25.6154,3221.6184,939.9296,0.000000
SMS-EMOA,65,6500,93,22.0000,3001.0509,922.3553,25.5269,3216.0595,939.9669,0.000000
SMS-EMOA,66,6600,96,22.0000,3001.0509,922.3553,25.4062,3210.6861,940.9339,0.000000
SMS-EMOA,67,6700,97,22.0000,3001.0509,922.3553,25.4124,3200.4348,940.9548,0.000000
SMS-EMOA,68,6800,97,22.0000,3001.0509,922.3553,25.3402,3199.5722,940.7390,0.000000
SMS-EMOA,69,6900,97,22.0000,3001.0509,922.3553,25.4021,3189.8390,940.8260,0.000000
SMS-EMOA,70,7000,97,22.0000,3001.0509,922.3553,25.3608,3183.3624,940.9114,0.000000
SMS-EMOA,71,7100,97,22.0000,3001.0509,922.3553,25.5052,3173.6144,940.3685,0.000000
SMS-EMOA,72,7200,96,22.0000,3001.0509,922.3553,25.6250,3161.3429,940.6203,0.000000
SMS-EMOA,73,7300,95,22.0000,3001.0509,922.3553,25.5579,3157.2904,940.4680,0.000000
SMS-EMOA,74,7400,94,22.0000,2949.1064,922.3553,25.3936,3155.2429,940.6891,0.000000
SMS-EMOA,75,7500,94,22.0000,2949.1064,922.3553,25.5106,3149.2003,940.6307,0.000000
SMS-EMOA,76,7600,92,22.0000,2908.6062,922.3553,25.3152,3146.8439,940.4841,0.000000
SMS-EMOA,77,7700,92,21.0000,2908.6062,922.3553,25.0543,3154.0247,940.5558,0.000000
SMS-EMOA,78,7800,93,21.0000,2908.6062,922.3553,25.0000,3152.6439,940.7580,0.000000
SMS-EMOA,79,7900,93,21.0000,2908.6062,922.3553,24.9570,3153.6820,939.6573,0.000000
SMS-EMOA,80,8000,93,21.0000,2908.6062,922.3553,24.6774,3152.5503,940.1439,0.000000
SMS-EMOA,81,8100,93,21.0000,2908.6062,922.3553,24.6452,3150.6079,939.2093,0.000000
SMS-EMOA,82,8200,93,21.0000,2908.6062,922.3553,24.5914,3152.9556,938.9024,0.000000
SMS-EMOA,83,8300,93,21.0000,2908.6062,922.3553,24.5054,3153.2734,938.9516,0.000000
SMS-EMOA,84,8400,93,21.0000,2908.6062,922.3553,24.5054,3147.6646,939.2115,0.000000
SMS-EMOA,85,8500,93,21.0000,2908.6062,922.3553,24.4731,3147.6217,938.4663,0.000000
SMS-EMOA,86,8600,93,21.0000,2908.6062,922.3553,24.4086,3148.6992,938.6531,0.000000
SMS-EMOA,87,8700,93,21.0000,2908.6062,922.3553,24.3333,3149.2508,937.3163,0.000000
SMS-EMOA,88,8800,94,21.0000,2908.6062,922.3553,24.2447,3156.8173,938.5783,0.000000
SMS-EMOA,89,8900,94,21.0000,2908.6062,922.3553,24.3085,3152.6834,937.7885,0.000000
SMS-EMOA,90,9000,94,21.0000,2908.6062,922.3553,24.3298,3149.2778,938.1209,0.000000
SMS-EMOA,91,9100,94,21.0000,2877.7354,922.3553,24.2447,3151.2327,939.0037,0.000000
SMS-EMOA,92,9200,93,21.0000,2877.7354,922.3553,24.2581,3148.4874,938.3031,0.000000
SMS-EMOA,93,9300,93,21.0000,2877.7354,922.3553,24.1505,3142.0558,939.0246,0.000000
SMS-EMOA,94,9400,93,21.0000,2877.7354,922.3553,24.1613,3138.2102,937.7892,0.000000
SMS-EMOA,95,9500,93,21.0000,2877.7354,922.3553,24.2151,3129.6441,938.0711,0.000000
SMS-EMOA,96,9600,92,21.0000,2877.7354,922.3553,24.1848,3130.1044,937.7951,0.000000
SMS-EMOA,97,9700,92,21.0000,2877.7354,922.3553,24.1848,3127.2244,938.3834,0.000000
SMS-EMOA,98,9800,92,21.0000,2877.7354,922.3553,24.0543,3131.5901,939.6514,0.000000
SMS-EMOA,99,9900,92,21.0000,2877.7354,922.3553,24.1196,3127.9387,939.5836,0.000000
SMS-EMOA,100,10000,90,21.0000,2877.7354,922.3553,24.1444,3125.9348,938.6252,0.000000
SMS-EMOA,101,10100,89,21.0000,2877.7354,922.3553,24.1348,3121.9520,940.1991,0.000000
SMS-EMOA,102,10200,88,21.0000,2877.7354,922.3553,24.0795,3126.2054,940.1131,0.000000
SMS-EMOA,103,10300,87,21.0000,2877.7354,922.3553,24.0000,3129.9520,940.4510,0.000000
SMS-EMOA,104,10400,88,21.0000,2877.7354,922.3553,23.9773,3130.6862,940.2995,0.000000
SMS-EMOA,105,10500,88,21.0000,2877.7354,922.3553,23.9545,3132.9305,940.3019,0.000000
SMS-EMOA,106,10600,87,21.0000,2877.7354,922.3553,24.0345,3123.1912,940.0974,0.000000
SMS-EMOA,107,10700,88,21.0000,2877.7354,922.3553,24.0341,3122.2073,940.5249,0.000000
SMS-EMOA,108,10800,88,21.0000,2877.7354,922.3553,24.0795,3119.8694,940.4478,0.000000
SMS-EMOA,109,10900,88,21.0000,2877.7354,922.3553,24.0682,3117.4369,939.7982,0.000000
SMS-EMOA,110,11000,87,21.0000,2877.7354,922.3553,24.1264,3112.5669,940.0076,0.000000
SMS-EMOA,111,11100,86,21.0000,2877.7354,922.3553,24.1744,3108.6443,939.7690,0.000000
SMS-EMOA,112,11200,87,21.0000,2868.7733,922.3553,24.0920,3108.8640,939.9572,0.000000
SMS-EMOA,113,11300,87,21.0000,2868.7733,922.3553,24.0690,3105.5337,940.1103,0.000000
SMS-EMOA,114,11400,86,21.0000,2868.7733,922.3553,24.0116,3106.7982,939.9876,0.000000
SMS-EMOA,115,11500,87,21.0000,2868.7733,922.3553,23.9885,3101.0681,940.2822,0.000000
SMS-EMOA,116,11600,88,21.0000,2868.7733,922.3553,23.9545,3101.8647,939.5945,0.000000
SMS-EMOA,117,11700,89,21.0000,2868.7733,922.3553,23.9326,3104.2590,939.4566,0.000000
SMS-EMOA,118,11800,90,21.0000,2868.7733,922.3553,23.9333,3102.5959,939.7683,0.000000
SMS-EMOA,119,11900,89,21.0000,2868.7733,922.3553,23.8539,3104.1841,939.9818,0.000000
SMS-EMOA,120,12000,88,21.0000,2868.7733,922.3553,23.8636,3101.6174,940.1821,0.000000
SMS-EMOA,121,12100,88,21.0000,2868.7733,922.3553,23.8864,3099.4910,940.0559,0.000000
SMS-EMOA,122,12200,87,21.0000,2868.7733,922.3553,23.8621,3092.9471,941.6048,0.000000
SMS-EMOA,123,12300,87,21.0000,2868.7733,922.3553,23.8736,3084.3743,942.0088,0.000000
SMS-EMOA,124,12400,86,21.0000,2868.7733,922.3553,23.8023,3083.7668,942.6352,0.000000
SMS-EMOA,125,12500,86,21.0000,2868.7733,922.3553,23.8023,3079.0297,943.2789,0.000000
SMS-EMOA,126,12600,85,21.0000,2868.7733,922.3553,23.7529,3084.5274,943.5251,0.000000
SMS-EMOA,127,12700,84,21.0000,2868.7733,922.3553,23.6905,3081.5472,943.5300,0.000000
SMS-EMOA,128,12800,84,21.0000,2868.7733,922.3553,23.6190,3078.6252,943.7648,0.000000
SMS-EMOA,129,12900,85,21.0000,2868.7733,922.3553,23.6000,3076.6183,942.7318,0.000000
SMS-EMOA,130,13000,85,21.0000,2868.7733,922.3553,23.6118,3074.0893,942.5737,0.000000
SMS-EMOA,131,13100,86,21.0000,2868.7733,922.3553,23.6163,3067.3996,941.7654,0.000000
SMS-EMOA,132,13200,85,21.0000,2868.7733,922.3553,23.6000,3066.0733,940.6735,0.000000
SMS-EMOA,133,13300,85,21.0000,2868.7733,922.3553,23.6000,3063.6980,940.5087,0.000000
SMS-EMOA,134,13400,85,21.0000,2868.7733,922.3553,23.5529,3067.7713,940.0837,0.000000
SMS-EMOA,135,13500,84,21.0000,2868.7733,922.3553,23.5833,3064.3252,939.3946,0.000000
SMS-EMOA,136,13600,83,21.0000,2868.7733,922.3553,23.6386,3056.0550,939.4717,0.000000
SMS-EMOA,137,13700,82,21.0000,2868.7733,922.3553,23.5732,3057.6303,940.4286,0.000000
SMS-EMOA,138,13800,82,21.0000,2868.7733,922.3553,23.6098,3049.4397,940.7247,0.000000
SMS-EMOA,139,13900,83,20.0000,2868.7733,922.3553,23.5542,3046.1661,940.9475,0.000000
SMS-EMOA,140,14000,83,20.0000,2868.7733,922.3553,23.5181,3040.9724,942.0637,0.000000
SMS-EMOA,141,14100,83,20.0000,2868.7733,922.3553,23.5783,3032.6421,943.7615,0.000000
SMS-EMOA,142,14200,82,20.0000,2868.7733,922.3553,23.5854,3032.3834,943.5031,0.000000
SMS-EMOA,143,14300,81,20.0000,2868.7733,922.3553,23.5926,3029.8128,943.6870,0.000000
SMS-EMOA,144,14400,80,20.0000,2868.7733,922.3553,23.6625,3023.9866,941.9382,0.000000
SMS-EMOA,145,14500,79,20.0000,2868.7733,922.3553,23.6203,3021.5491,942.0455,0.000000
SMS-EMOA,146,14600,79,20.0000,2868.7733,922.3553,23.6456,3020.2200,941.1075,0.000000
SMS-EMOA,147,14700,79,20.0000,2868.7733,922.3553,23.6203,3015.9634,941.8425,0.000000
SMS-EMOA,148,14800,79,20.0000,2868.7733,922.3553,23.5696,3018.9670,941.8875,0.000000
SMS-EMOA,149,14900,80,20.0000,2868.7733,922.3553,23.7500,3015.3754,939.9696,0.000000
SMS-EMOA,150,15000,79,20.0000,2868.7733,922.3553,23.7595,3011.0551,940.0425,0.000000
SMS-EMOA,151,15100,79,20.0000,2868.7733,922.3553,23.5823,3010.9515,939.6530,0.000000
SMS-EMOA,152,15200,78,20.0000,2868.7733,922.3553,23.5641,3011.6136,939.6365,0.000000
SMS-EMOA,153,15300,78,20.0000,2868.7733,922.3553,23.5128,3015.2414,939.9665,0.000000
SMS-EMOA,154,15400,78,20.0000,2868.7733,922.3553,23.3846,3010.3031,940.7134,0.000000
SMS-EMOA,155,15500,78,20.0000,2868.7733,922.3553,23.4103,3007.3574,941.0932,0.000000
SMS-EMOA,156,15600,77,20.0000,2868.7733,922.3553,23.3506,3010.9021,940.5459,0.000000
SMS-EMOA,157,15700,77,20.0000,2868.7733,922.3553,23.3506,3009.6677,940.5459,0.000000
SMS-EMOA,158,15800,77,20.0000,2868.7733,922.3553,23.3506,3009.6677,940.5459,0.000000
SMS-EMOA,159,15900,77,20.0000,2868.7733,922.3553,23.3506,3009.6491,940.4024,0.000000
SMS-EMOA,160,16000,77,20.0000,2868.7733,922.3553,23.3636,3007.3545,940.3818,0.000000
SMS-EMOA,161,16100,77,20.0000,2868.7733,922.3553,23.2468,3008.9060,941.1414,0.000000
SMS-EMOA,162,16200,77,20.0000,2864.1725,922.3553,23.2078,3003.3666,941.2360,0.000000
SMS-EMOA,163,16300,76,20.0000,2864.1725,922.3553,23.2368,2992.8440,941.3289,0.000000
SMS-EMOA,164,16400,78,20.0000,2864.1725,922.3553,23.2051,2991.7284,941.9986,0.000000
SMS-EMOA,165,16500,77,20.0000,2864.1725,922.3553,23.3117,2983.3598,942.5659,0.000000
SMS-EMOA,166,16600,77,20.0000,2864.1725,922.3553,23.2987,2982.8583,942.5091,0.000000
SMS-EMOA,167,16700,76,20.0000,2864.1725,922.3553,23.2368,2983.8393,942.7195,0.000000
SMS-EMOA,168,16800,77,20.0000,2864.1725,922.3553,23.2078,2984.2315,942.1950,0.000000
SMS-EMOA,169,16900,78,20.0000,2864.1725,922.3553,23.1795,2981.4644,941.6236,0.000000
SMS-EMOA,170,17000,78,20.0000,2864.1725,922.3553,23.1795,2981.4644,941.6236,0.000000
SMS-EMOA,171,17100,79,20.0000,2864.1725,922.3553,23.1392,2980.7031,942.5253,0.000000
SMS-EMOA,172,17200,80,20.0000,2864.1725,922.3553,23.1250,2980.7694,942.8563,0.000000
SMS-EMOA,173,17300,81,20.0000,2864.1725,922.3553,23.1235,2979.7093,943.1363,0.000000
SMS-EMOA,174,17400,83,20.0000,2864.1725,922.3553,23.1084,2976.8682,943.5186,0.000000
SMS-EMOA,175,17500,83,20.0000,2864.1725,922.3553,23.0723,2973.4319,942.9115,0.000000
SMS-EMOA,176,17600,83,20.0000,2859.8404,922.3553,23.0843,2973.6841,942.7498,0.000000
SMS-EMOA,177,17700,81,20.0000,2859.8404,922.3553,23.0864,2971.7352,942.9205,0.000000
SMS-EMOA,178,17800,83,20.0000,2859.8404,922.3553,23.0843,2970.7491,943.3385,0.000000
SMS-EMOA,179,17900,84,19.0000,2859.8404,922.3553,23.0000,2972.5493,943.3106,0.000000
SMS-EMOA,180,18000,85,19.0000,2859.8404,922.3553,22.9882,2972.3968,943.4244,0.000000
SMS-EMOA,181,18100,85,19.0000,2859.8404,922.3553,22.9882,2971.3111,943.6821,0.000000
SMS-EMOA,182,18200,85,19.0000,2853.6234,922.3553,23.0000,2966.1907,944.1440,0.000000
SMS-EMOA,183,18300,84,19.0000,2853.6234,922.3553,23.0833,2962.7195,944.2078,0.000000
SMS-EMOA,184,18400,83,19.0000,2853.6234,922.3553,22.9880,2962.0468,944.3639,0.000000
SMS-EMOA,185,18500,82,19.0000,2853.6234,922.3553,22.9512,2962.6841,944.6323,0.000000
SMS-EMOA,186,18600,83,19.0000,2853.6234,922.3553,22.8675,2961.9712,944.7041,0.000000
SMS-EMOA,187,18700,83,19.0000,2853.6234,922.3553,22.8795,2960.2147,944.8809,0.000000
SMS-EMOA,188,18800,84,19.0000,2853.6234,922.3553,22.9524,2958.1196,944.6445,0.000000
SMS-EMOA,189,18900,84,19.0000,2851.4111,922.3553,22.8810,2956.9741,944.5611,0.000000
SMS-EMOA,190,19000,83,19.0000,2851.4111,922.3553,22.9036,2954.5208,944.4666,0.000000
SMS-EMOA,191,19100,84,19.0000,2851.4111,922.3553,22.8571,2952.6058,944.2222,0.000000
SMS-EMOA,192,19200,83,19.0000,2851.4111,922.3553,22.8193,2949.2218,944.5344,0.000000
SMS-EMOA,193,19300,83,19.0000,2851.4111,922.3553,22.7590,2949.8645,943.9456,0.000000
SMS-EMOA,194,19400,82,19.0000,2851.4111,922.3553,22.6341,2954.6071,943.0686,0.000000
SMS-EMOA,195,19500,85,19.0000,2851.4111,922.3553,22.6824,2949.1223,942.3551,0.000000
SMS-EMOA,196,19600,86,19.0000,2851.4111,922.3553,22.6860,2947.2608,942.7496,0.000000
SMS-EMOA,197,19700,86,19.0000,2851.4111,922.3553,22.6860,2948.3619,942.5479,0.000000
SMS-EMOA,198,19800,86,19.0000,2851.4111,922.3553,22.6744,2947.7692,942.3792,0.000000
SMS-EMOA,199,19900,85,19.0000,2851.4111,922.3553,22.6353,2947.8274,942.1023,0.000000
SMS-EMOA,200,20000,86,19.0000,2845.2393,922.3553,22.7326,2943.7973,941.2035,0.000000
SMS-EMOA,201,20100,87,19.0000,2845.2393,922.3553,22.7701,2942.9719,940.9868,0.000000
SMS-EMOA,202,20200,87,19.0000,2845.2393,922.3553,22.7931,2939.2430,941.1678,0.000000
SMS-EMOA,203,20300,87,19.0000,2845.2393,922.3553,22.7356,2939.4160,941.0550,0.000000
SMS-EMOA,204,20400,87,19.0000,2845.2393,922.3553,22.6782,2939.5338,940.8032,0.000000
SMS-EMOA,205,20500,87,19.0000,2824.0129,922.3553,22.7586,2934.1685,940.7725,0.000000
SMS-EMOA,206,20600,87,19.0000,2824.0129,922.3553,22.6782,2935.5870,940.4319,0.000000
SMS-EMOA,207,20700,87,19.0000,2824.0129,922.3553,22.7241,2933.1926,940.5402,0.000000
SMS-EMOA,208,20800,89,19.0000,2824.0129,922.3553,22.7865,2930.0454,940.8455,0.000000
SMS-EMOA,209,20900,91,19.0000,2763.8243,922.3553,22.8132,2926.3318,940.4947,0.000000
SMS-EMOA,210,21000,91,19.0000,2763.8243,922.3553,22.9121,2928.3315,939.2323,0.000000
SMS-EMOA,211,21100,90,19.0000,2763.8243,922.3553,22.9444,2926.9780,939.1202,0.000000
SMS-EMOA,212,21200,91,19.0000,2763.8243,922.3553,22.9121,2924.6143,939.2027,0.000000
SMS-EMOA,213,21300,91,19.0000,2763.8243,922.3553,22.8901,2927.2982,938.2366,0.000000
SMS-EMOA,214,21400,91,19.0000,2763.8243,922.3553,22.9121,2925.7635,937.9403,0.000000
SMS-EMOA,215,21500,91,19.0000,2763.8243,922.3553,22.9670,2923.5574,938.0460,0.000000
SMS-EMOA,216,21600,91,19.0000,2763.8243,922.3553,22.9780,2918.6761,938.3176,0.000000
SMS-EMOA,217,21700,91,19.0000,2763.8243,922.3553,22.9780,2916.5627,938.3176,0.000000
SMS-EMOA,218,21800,91,19.0000,2763.8243,922.3553,23.0330,2914.4645,937.9969,0.000000
SMS-EMOA,219,21900,91,19.0000,2763.8243,922.3553,23.0659,2913.5529,937.4475,0.000000
SMS-EMOA,220,22000,91,19.0000,2763.8243,922.3553,23.0659,2911.7132,937.4581,0.000000
SMS-EMOA,221,22100,91,19.0000,2763.8243,922.3553,23.1209,2910.9142,937.1618,0.000000
SMS-EMOA,222,22200,91,19.0000,2763.8243,922.3553,23.3407,2908.2240,937.0835,0.000000
SMS-EMOA,223,22300,91,19.0000,2763.8243,922.3553,23.3187,2907.3739,936.8428,0.000000
SMS-EMOA,224,22400,91,19.0000,2763.8243,922.3553,23.3077,2905.1521,936.6522,0.000000
SMS-EMOA,225,22500,91,19.0000,2763.8243,922.3553,23.3626,2905.4548,936.1152,0.000000
SMS-EMOA,226,22600,91,19.0000,2763.8243,922.3553,23.3407,2906.1677,936.1152,0.000000
SMS-EMOA,227,22700,91,19.0000,2763.8243,922.3553,23.4286,2903.7810,936.1152,0.000000
SMS-EMOA,228,22800,91,19.0000,2763.8243,922.3553,23.4286,2902.7982,936.1152,0.000000
SMS-EMOA,229,22900,91,19.0000,2763.8243,922.3553,23.2967,2901.8360,936.1293,0.000000
SMS-EMOA,230,23000,91,19.0000,2763.8243,922.3553,23.3077,2900.9503,936.2643,0.000000
SMS-EMOA,231,23100,91,19.0000,2763.8243,922.3553,23.2857,2901.0990,936.2643,0.000000
SMS-EMOA,232,23200,91,19.0000,2763.8243,922.3553,23.3187,2901.1275,935.6638,0.000000
SMS-EMOA,233,23300,91,19.0000,2763.8243,922.3553,23.2637,2900.1922,935.1076,0.000000
SMS-EMOA,234,23400,91,19.0000,2763.8243,922.3553,23.2637,2898.7433,935.2335,0.000000
SMS-EMOA,235,23500,91,19.0000,2763.8243,922.3553,23.2527,2898.1274,934.9928,0.000000
SMS-EMOA,236,23600,91,19.0000,2763.8243,922.3553,23.2637,2897.9580,934.9928,0.000000
SMS-EMOA,237,23700,91,19.0000,2763.8243,922.3553,23.2747,2898.3193,934.5411,0.000000
SMS-EMOA,238,23800,91,19.0000,2763.8243,922.3553,23.2527,2894.7035,935.2269,0.000000
SMS-EMOA,239,23900,91,19.0000,2763.8243,922.3553,23.2418,2894.1172,934.7565,0.000000
SMS-EMOA,240,24000,92,19.0000,2763.8243,922.3553,23.2065,2893.9808,934.4881,0.000000
SMS-EMOA,241,24100,94,19.0000,2763.8243,922.3553,23.2447,2891.4524,934.6337,0.000000
SMS-EMOA,242,24200,94,19.0000,2763.8243,922.3553,23.2447,2892.3881,934.1138,0.000000
SMS-EMOA,243,24300,94,19.0000,2763.8243,922.3553,23.2340,2892.3675,934.1138,0.000000
SMS-EMOA,244,24400,94,19.0000,2763.8243,922.3553,23.2234,2894.5151,933.8270,0.000000
SMS-EMOA,245,24500,94,19.0000,2763.8243,922.3553,23.1383,2894.2065,933.6488,0.000000
SMS-EMOA,246,24600,94,19.0000,2763.8243,922.3553,23.1170,2892.9768,933.5152,0.000000
SMS-EMOA,247,24700,94,19.0000,2763.8243,922.3553,22.9681,2893.5569,933.5152,0.000000
SMS-EMOA,248,24800,94,19.0000,2763.8243,922.3553,22.9468,2892.3488,933.8020,0.000000
SMS-EMOA,249,24900,94,19.0000,2763.8243,922.3553,22.7979,2895.0156,933.6925,0.000000
SMS-EMOA,250,25000,94,19.0000,2763.8243,922.3553,22.7660,2894.8718,933.5902,0.000000
SMS-EMOA,251,25100,94,19.0000,2763.8243,922.3553,22.7447,2894.4821,933.5902,0.000000
SMS-EMOA,252,25200,94,19.0000,2763.8243,922.3553,22.6489,2891.0875,933.0588,0.000000
SMS-EMOA,253,25300,94,19.0000,2763.8243,922.3553,22.5426,2891.0837,933.6565,0.000000
SMS-EMOA,254,25400,94,19.0000,2763.8243,922.3553,22.5426,2891.0837,933.6565,0.000000
SMS-EMOA,255,25500,94,19.0000,2763.8243,922.3553,22.5426,2888.7437,934.3518,0.000000
SMS-EMOA,256,25600,94,19.0000,2763.8243,922.3553,22.5426,2886.7639,934.3277,0.000000
SMS-EMOA,257,25700,94,19.0000,2763.8243,922.3553,22.5426,2886.6766,934.3277,0.000000
SMS-EMOA,258,25800,94,19.0000,2763.8243,922.3553,22.5000,2886.4222,934.1036,0.000000
SMS-EMOA,259,25900,94,18.0000,2763.8243,922.3553,22.4362,2884.5284,934.5345,0.000000
SMS-EMOA,260,26000,94,18.0000,2763.8243,922.3553,22.4362,2884.9402,934.7802,0.000000
SMS-EMOA,261,26100,93,18.0000,2763.8243,922.3553,22.2688,2884.8415,935.1750,0.000000
SMS-EMOA,262,26200,93,18.0000,2763.8243,922.3553,22.0968,2887.6095,935.4395,0.000000
SMS-EMOA,263,26300,93,18.0000,2763.8243,922.3553,22.0108,2885.6154,935.7703,0.000000
SMS-EMOA,264,26400,93,18.0000,2763.8243,922.3553,21.9247,2886.6748,936.0296,0.000000
SMS-EMOA,265,26500,93,18.0000,2763.8243,922.3553,21.8925,2884.0044,935.5626,0.000000
SMS-EMOA,266,26600,93,18.0000,2763.8243,922.3553,21.9247,2884.0363,935.9559,0.000000
SMS-EMOA,267,26700,93,18.0000,2763.8243,922.3553,21.8925,2884.6566,935.9559,0.000000
SMS-EMOA,268,26800,93,18.0000,2763.8243,922.3553,21.8710,2883.6776,935.3761,0.000000
SMS-EMOA,269,26900,93,18.0000,2763.8243,922.3553,21.8495,2880.5050,935.6384,0.000000
SMS-EMOA,270,27000,95,18.0000,2763.8243,922.3553,21.7789,2881.2602,935.5770,0.000000
SMS-EMOA,271,27100,95,18.0000,2763.5552,922.3553,21.7684,2880.6447,935.9047,0.000000
SMS-EMOA,272,27200,96,18.0000,2763.5552,922.3553,21.8021,2879.0867,935.9046,0.000000
SMS-EMOA,273,27300,96,18.0000,2763.5552,922.3553,21.7292,2878.5621,936.3591,0.000000
SMS-EMOA,274,27400,96,17.0000,2763.5552,922.3553,21.7292,2871.6194,936.8879,0.000000
SMS-EMOA,275,27500,96,17.0000,2763.5552,922.3553,21.7292,2871.9522,936.2845,0.000000
SMS-EMOA,276,27600,96,17.0000,2759.0541,922.3553,21.7188,2868.5047,936.0599,0.000000
SMS-EMOA,277,27700,96,17.0000,2759.0541,922.3553,21.6562,2867.6279,936.2004,0.000000
SMS-EMOA,278,27800,97,17.0000,2740.9757,922.3553,21.6598,2864.8562,936.7659,0.000000
SMS-EMOA,279,27900,97,17.0000,2740.9757,922.3553,21.7010,2862.9833,936.4879,0.000000
SMS-EMOA,280,28000,98,17.0000,2698.6882,922.3553,21.7143,2858.5493,936.7696,0.000000
SMS-EMOA,281,28100,99,17.0000,2698.6882,922.3553,21.7071,2850.8676,937.1948,0.000000
SMS-EMOA,282,28200,99,17.0000,2698.6882,922.3553,21.7576,2846.7389,937.0695,0.000000
SMS-EMOA,283,28300,99,17.0000,2698.6882,922.3553,21.8485,2841.4245,937.3543,0.000000
SMS-EMOA,284,28400,99,17.0000,2698.6882,922.3553,21.7980,2841.7965,937.1808,0.000000
SMS-EMOA,285,28500,99,17.0000,2671.6874,922.3553,21.7677,2837.6234,936.8999,0.000000
SMS-EMOA,286,28600,99,17.0000,2671.6874,922.3553,21.7677,2837.1961,936.8999,0.000000
SMS-EMOA,287,28700,99,17.0000,2671.6874,922.3553,21.7677,2837.1961,936.8999,0.000000
SMS-EMOA,288,28800,99,17.0000,2671.6874,922.3553,21.8081,2832.0135,937.1722,0.000000
SMS-EMOA,289,28900,99,17.0000,2671.6874,922.3553,21.7980,2830.2750,937.2676,0.000000
SMS-EMOA,290,29000,99,17.0000,2671.6874,922.3553,21.8182,2829.2049,937.2417,0.000000
SMS-EMOA,291,29100,99,17.0000,2671.6874,922.3553,21.8182,2830.1090,936.9694,0.000000
SMS-EMOA,292,29200,99,17.0000,2671.6874,922.3553,21.6869,2828.9926,936.6987,0.000000
SMS-EMOA,293,29300,99,17.0000,2671.6874,922.3553,21.6667,2828.2518,936.4263,0.000000
SMS-EMOA,294,29400,99,17.0000,2671.6874,922.3553,21.7071,2822.9524,936.8230,0.000000
SMS-EMOA,295,29500,99,17.0000,2671.6874,922.3553,21.7374,2819.3586,937.0953,0.000000
SMS-EMOA,296,29600,99,17.0000,2671.6874,922.3553,21.8384,2816.1687,937.2111,0.000000
SMS-EMOA,297,29700,99,17.0000,2671.6874,922.3553,21.8384,2814.5075,937.2370,0.000000
SMS-EMOA,298,29800,99,17.0000,2671.6874,922.3553,21.9192,2808.7566,936.8866,0.000000
SMS-EMOA,299,29900,99,17.0000,2671.6874,922.3553,21.9091,2808.4481,936.8866,0.000000
SMS-EMOA,300,30000,99,17.0000,2671.6874,922.3553,21.8586,2807.6284,936.8813,0.000000
SMS-EMOA,301,30100,99,17.0000,2671.6874,922.3553,21.8889,2806.2766,936.7691,0.000000
SMS-EMOA,302,30200,99,17.0000,2671.6874,922.3553,21.9293,2804.8874,936.7540,0.000000
SMS-EMOA,303,30300,99,17.0000,2671.6874,922.3553,21.9293,2804.8016,936.5093,0.000000
SMS-EMOA,304,30400,99,17.0000,2671.6874,922.3553,21.9495,2800.6603,936.4381,0.000000
SMS-EMOA,305,30500,98,17.0000,2671.6874,922.3553,21.9388,2800.0797,936.1950,0.000000
SMS-EMOA,306,30600,98,17.0000,2671.6874,922.3553,21.9490,2799.1267,935.6683,0.000000
SMS-EMOA,307,30700,98,17.0000,2671.6874,922.3553,21.9694,2798.1800,935.7319,0.000000
SMS-EMOA,308,30800,98,17.0000,2671.6874,922.3553,22.0204,2796.8296,935.7471,0.000000
SMS-EMOA,309,30900,98,17.0000,2671.6874,922.3553,21.9490,2794.9982,935.5295,0.000000
SMS-EMOA,310,31000,98,17.0000,2671.6874,922.3553,21.9388,2794.3048,935.5295,0.000000
SMS-EMOA,311,31100,98,17.0000,2671.6874,922.3553,21.9082,2794.7372,935.7784,0.000000
SMS-EMOA,312,31200,98,17.0000,2671.6874,922.3553,21.8673,2794.8506,935.6512,0.000000
SMS-EMOA,313,31300,98,17.0000,2671.6874,922.3553,21.9898,2790.5726,935.0442,0.000000
SMS-EMOA,314,31400,98,17.0000,2671.6874,922.3553,21.9490,2789.3711,934.9242,0.000000
SMS-EMOA,315,31500,98,17.0000,2671.6874,922.3553,21.9490,2786.8261,935.0224,0.000000
SMS-EMOA,316,31600,98,17.0000,2671.6874,922.3553,22.0102,2786.0195,934.7473,0.000000
SMS-EMOA,317,31700,98,17.0000,2671.6874,922.3553,21.9694,2786.4314,934.4721,0.000000
SMS-EMOA,318,31800,98,17.0000,2671.6874,922.3553,21.9694,2783.7164,934.4458,0.000000
SMS-EMOA,319,31900,98,17.0000,2639.2287,922.3553,21.8673,2782.7756,934.6311,0.000000
SMS-EMOA,320,32000,98,17.0000,2639.2287,922.3553,21.8776,2780.5779,934.8884,0.000000
SMS-EMOA,321,32100,98,17.0000,2639.2287,922.3553,21.8673,2780.0773,934.6395,0.000000
SMS-EMOA,322,32200,98,17.0000,2639.2287,922.3553,21.9184,2778.9594,934.6395,0.000000
SMS-EMOA,323,32300,98,17.0000,2639.2287,922.3553,21.9490,2777.9296,934.6395,0.000000
SMS-EMOA,324,32400,98,17.0000,2639.2287,922.3553,21.9286,2777.0520,934.5793,0.000000
SMS-EMOA,325,32500,98,17.0000,2639.2287,922.3553,21.9490,2777.2051,934.4023,0.000000
SMS-EMOA,326,32600,98,17.0000,2639.2287,922.3553,21.9694,2775.6978,934.3042,0.000000
SMS-EMOA,327,32700,98,17.0000,2639.2287,922.3553,22.0204,2774.3930,934.5334,0.000000
SMS-EMOA,328,32800,98,17.0000,2639.2287,922.3553,22.0204,2774.3662,934.3565,0.000000
SMS-EMOA,329,32900,98,17.0000,2639.2287,922.3553,21.9694,2772.5582,934.4622,0.000000
SMS-EMOA,330,33000,98,17.0000,2639.2287,922.3553,21.9694,2771.6649,933.9050,0.000000
SMS-EMOA,331,33100,98,17.0000,2639.2287,922.3553,21.8673,2771.9362,933.7433,0.000000
SMS-EMOA,332,33200,98,17.0000,2639.2287,922.3553,21.8673,2771.4737,933.8414,0.000000
SMS-EMOA,333,33300,98,17.0000,2639.2287,922.3553,21.8673,2769.5845,934.5293,0.000000
SMS-EMOA,334,33400,98,17.0000,2639.2287,922.3553,21.7959,2768.8788,934.3331,0.000000
SMS-EMOA,335,33500,98,17.0000,2639.2287,922.3553,21.8265,2766.8976,934.4382,0.000000
SMS-EMOA,336,33600,98,17.0000,2639.2287,922.3553,21.9490,2760.9064,934.0455,0.000000
SMS-EMOA,337,33700,98,17.0000,2639.2287,922.3553,21.9490,2760.5945,934.0455,0.000000
SMS-EMOA,338,33800,98,17.0000,2639.2287,922.3553,21.9388,2759.5432,933.7704,0.000000
SMS-EMOA,339,33900,98,17.0000,2639.2287,922.3553,21.9388,2759.5432,933.7704,0.000000
SMS-EMOA,340,34000,98,17.0000,2594.6295,922.3553,21.9694,2756.5205,933.3410,0.000000
SMS-EMOA,341,34100,98,17.0000,2594.6295,922.3553,21.9694,2756.5205,933.3410,0.000000
SMS-EMOA,342,34200,98,17.0000,2594.6295,922.3553,21.9082,2757.0052,933.3410,0.000000
SMS-EMOA,343,34300,98,17.0000,2594.6295,922.3553,21.8878,2756.6863,933.5596,0.000000
SMS-EMOA,344,34400,98,17.0000,2594.6295,922.3553,21.8776,2755.0409,933.3238,0.000000
SMS-EMOA,345,34500,98,17.0000,2594.6295,922.3553,21.8571,2758.3279,932.5896,0.000000
SMS-EMOA,346,34600,98,17.0000,2594.6295,922.3553,21.7449,2757.6155,932.8913,0.000000
SMS-EMOA,347,34700,98,17.0000,2594.6295,922.3553,21.7551,2755.9466,932.9628,0.000000
SMS-EMOA,348,34800,98,17.0000,2594.6295,922.3553,21.7551,2752.5989,933.2117,0.000000
SMS-EMOA,349,34900,98,17.0000,2594.6295,922.3553,21.7347,2751.9908,933.2117,0.000000
SMS-EMOA,350,35000,98,17.0000,2594.6295,922.3553,21.6939,2752.3685,933.4606,0.000000
SMS-EMOA,351,35100,98,17.0000,2594.6295,922.3553,21.6837,2751.2147,933.1483,0.000000
SMS-EMOA,352,35200,98,17.0000,2594.6295,922.3553,21.6837,2751.2147,933.1483,0.000000
SMS-EMOA,353,35300,98,17.0000,2594.6295,922.3553,21.7245,2749.6707,933.0392,0.000000
SMS-EMOA,354,35400,98,17.0000,2594.6295,922.3553,21.7041,2749.1696,932.7641,0.000000
SMS-EMOA,355,35500,98,17.0000,2594.6295,922.3553,21.7041,2749.0568,932.7641,0.000000
SMS-EMOA,356,35600,98,17.0000,2594.6295,922.3553,21.7041,2749.0568,932.7641,0.000000
SMS-EMOA,357,35700,98,17.0000,2594.6295,922.3553,21.6939,2748.3625,932.7641,0.000000
SMS-EMOA,358,35800,98,17.0000,2594.6295,922.3553,21.6735,2748.5225,932.8622,0.000000
SMS-EMOA,359,35900,98,17.0000,2594.6295,922.3553,21.6327,2748.1127,933.1374,0.000000
SMS-EMOA,360,36000,98,17.0000,2594.6295,922.3553,21.6224,2748.0586,933.1374,0.000000
SMS-EMOA,361,36100,98,17.0000,2594.6295,922.3553,21.6327,2747.2159,933.1002,0.000000
SMS-EMOA,362,36200,98,17.0000,2594.6295,922.3553,21.6429,2746.6088,932.7988,0.000000
SMS-EMOA,363,36300,98,17.0000,2594.6295,922.3553,21.6633,2743.0883,933.2634,0.000000
SMS-EMOA,364,36400,98,17.0000,2594.6295,922.3553,21.6633,2743.0183,933.2634,0.000000
SMS-EMOA,365,36500,98,17.0000,2594.6295,922.3553,21.6429,2742.5709,933.2490,0.000000
SMS-EMOA,366,36600,98,17.0000,2594.6295,922.3553,21.5102,2742.7542,933.4883,0.000000
SMS-EMOA,367,36700,98,17.0000,2594.6295,922.3553,21.5612,2739.5215,933.4051,0.000000
SMS-EMOA,368,36800,98,17.0000,2594.6295,922.3553,21.5714,2737.0179,933.5451,0.000000
SMS-EMOA,369,36900,98,17.0000,2548.7619,922.3553,21.4898,2737.3229,933.6410,0.000000
SMS-EMOA,370,37000,98,17.0000,2548.7619,922.3553,21.4796,2736.4145,933.7391,0.000000
SMS-EMOA,371,37100,98,17.0000,2548.7619,922.3553,21.5000,2735.1368,933.6410,0.000000
SMS-EMOA,372,37200,98,17.0000,2548.7619,922.3553,21.4388,2738.6008,933.9353,0.000000
SMS-EMOA,373,37300,98,17.0000,2548.7619,922.3553,21.3367,2738.4946,934.1733,0.000000
SMS-EMOA,374,37400,98,17.0000,2548.7619,922.3553,21.3878,2733.6981,934.4876,0.000000
SMS-EMOA,375,37500,98,17.0000,2548.7619,922.3553,21.3367,2733.3076,934.4876,0.000000
SMS-EMOA,376,37600,98,17.0000,2548.7619,922.3553,21.3469,2732.1830,934.7027,0.000000
SMS-EMOA,377,37700,98,17.0000,2548.7619,922.3553,21.3469,2732.1830,934.7027,0.000000
SMS-EMOA,378,37800,98,17.0000,2548.7619,922.3553,21.3469,2729.4008,934.4781,0.000000
SMS-EMOA,379,37900,98,17.0000,2548.7619,922.3553,21.3061,2729.1539,934.7160,0.000000
SMS-EMOA,380,38000,98,17.0000,2548.7619,922.3553,21.2959,2729.7346,934.9137,0.000000
SMS-EMOA,381,38100,98,17.0000,2548.7619,922.3553,21.1939,2730.4831,934.7629,0.000000
SMS-EMOA,382,38200,98,17.0000,2548.7619,922.3553,21.1735,2729.2503,935.0236,0.000000
SMS-EMOA,383,38300,98,17.0000,2548.7619,922.3553,21.1837,2727.3981,935.1678,0.000000
SMS-EMOA,384,38400,98,17.0000,2548.7619,922.3553,21.1837,2727.3981,935.1678,0.000000
SMS-EMOA,385,38500,98,17.0000,2548.7619,922.3553,21.1531,2726.1736,935.1942,0.000000
SMS-EMOA,386,38600,98,17.0000,2548.7619,922.3553,21.1735,2725.5449,935.1320,0.000000
SMS-EMOA,387,38700,98,17.0000,2548.7619,922.3553,21.1939,2723.5984,935.1056,0.000000
SMS-EMOA,388,38800,98,17.0000,2548.7619,922.3553,21.1939,2723.1031,935.2538,0.000000
SMS-EMOA,389,38900,98,17.0000,2548.7619,922.3553,21.1633,2721.6187,935.6933,0.000000
SMS-EMOA,390,39000,98,17.0000,2548.7619,922.3553,21.1837,2718.8990,935.4444,0.000000
SMS-EMOA,391,39100,99,17.0000,2548.7619,922.3553,21.1313,2718.1144,935.8270,0.000000
SMS-EMOA,392,39200,99,17.0000,2548.7619,922.3553,21.1313,2718.1144,935.8270,0.000000
SMS-EMOA,393,39300,99,17.0000,2548.7619,922.3553,21.1818,2712.5640,935.5712,0.000000
SMS-EMOA,394,39400,99,17.0000,2548.7619,922.3553,21.1919,2710.1288,935.4931,0.000000
SMS-EMOA,395,39500,100,17.0000,2548.7619,922.3553,21.1600,2707.9034,935.5351,0.000000
SMS-EMOA,396,39600,100,17.0000,2548.7619,922.3553,21.1600,2707.9034,935.5351,0.000000
SMS-EMOA,397,39700,100,17.0000,2548.7619,922.3553,21.1800,2705.4677,935.8697,0.000000
SMS-EMOA,398,39800,100,17.0000,2548.7619,922.3553,21.1400,2704.3241,936.0022,0.000000
SMS-EMOA,399,39900,100,17.0000,2548.7619,922.3553,21.1500,2703.2896,936.5467,0.000000
SMS-EMOA,400,40000,100,17.0000,2548.7619,922.3553,21.1100,2699.5657,936.2486,0.000000
SMS-EMOA,401,40100,100,17.0000,2548.7619,922.3553,21.1000,2698.3567,936.5042,0.000000
SMS-EMOA,402,40200,100,17.0000,2548.7619,922.3553,21.0800,2697.4292,936.5042,0.000000
SMS-EMOA,403,40300,100,17.0000,2548.7619,922.3553,21.0700,2695.6365,936.5976,0.000000
SMS-EMOA,404,40400,100,17.0000,2548.7619,922.3553,21.0800,2693.9593,936.5866,0.000000
SMS-EMOA,405,40500,100,17.0000,2548.7619,922.3553,21.0700,2689.1838,936.6014,0.000000
SMS-EMOA,406,40600,100,17.0000,2548.7619,922.3553,21.1500,2686.7771,936.1536,0.000000
SMS-EMOA,407,40700,100,17.0000,2548.7619,922.3553,21.1300,2682.7215,935.8733,0.000000
SMS-EMOA,408,40800,100,17.0000,2548.7619,922.3553,21.1100,2680.7353,935.5439,0.000000
SMS-EMOA,409,40900,100,17.0000,2548.7619,922.3553,21.0600,2681.7980,935.4985,0.000000
SMS-EMOA,410,41000,99,17.0000,2548.7619,922.3553,21.0000,2677.9281,935.9901,0.000000
SMS-EMOA,411,41100,99,17.0000,2548.7619,922.3553,20.9697,2674.9884,936.5598,0.000000
SMS-EMOA,412,41200,99,17.0000,2528.7573,922.3553,20.9394,2670.8096,936.6905,0.000000
SMS-EMOA,413,41300,100,17.0000,2528.7573,922.3553,20.7600,2673.1044,936.6045,0.000000
SMS-EMOA,414,41400,100,17.0000,2528.7573,922.3553,20.7600,2672.0588,936.5487,0.000000
SMS-EMOA,415,41500,100,17.0000,2528.7573,922.3553,20.6900,2672.2677,935.9071,0.000000
SMS-EMOA,416,41600,100,17.0000,2528.7573,922.3553,20.6500,2672.3510,935.7974,0.000000
SMS-EMOA,417,41700,100,17.0000,2528.7573,922.3553,20.6500,2671.4202,936.0670,0.000000
SMS-EMOA,418,41800,100,17.0000,2528.7573,922.3553,20.5700,2671.5167,935.8115,0.000000
SMS-EMOA,419,41900,100,17.0000,2528.7573,922.3553,20.5700,2671.6641,935.9417,0.000000
SMS-EMOA,420,42000,100,17.0000,2528.7573,922.3553,20.5200,2669.9989,936.2079,0.000000
SMS-EMOA,421,42100,100,17.0000,2528.7573,922.3553,20.6200,2666.9445,936.3110,0.000000
SMS-EMOA,422,42200,100,17.0000,2528.7573,922.3553,20.5500,2666.1054,936.7988,0.000000
SMS-EMOA,423,42300,100,17.0000,2528.7573,922.3553,20.5600,2665.2166,936.6082,0.000000
SMS-EMOA,424,42400,100,17.0000,2528.7573,922.3553,20.5200,2665.4708,936.9667,0.000000
SMS-EMOA,425,42500,100,17.0000,2528.7573,922.3553,20.5600,2663.9503,937.3164,0.000000
SMS-EMOA,426,42600,100,17.0000,2528.7573,922.3553,20.5500,2662.9775,937.3607,0.000000
SMS-EMOA,427,42700,100,17.0000,2528.7573,922.3553,20.5300,2662.8224,937.3418,0.000000
SMS-EMOA,428,42800,100,17.0000,2528.7573,922.3553,20.3700,2667.0602,936.9769,0.000000
SMS-EMOA,429,42900,100,17.0000,2528.7573,922.3553,20.3800,2664.9263,937.0799,0.000000
SMS-EMOA,430,43000,100,17.0000,2528.7573,922.3553,20.3800,2664.0924,937.0799,0.000000
SMS-EMOA,431,43100,100,17.0000,2520.2842,922.3553,20.4000,2658.2177,937.0676,0.000000
SMS-EMOA,432,43200,100,17.0000,2520.2842,922.3553,20.4500,2654.7527,937.0676,0.000000
SMS-EMOA,433,43300,100,17.0000,2520.2842,922.3553,20.4500,2651.7295,937.1894,0.000000
SMS-EMOA,434,43400,100,17.0000,2516.1698,922.3553,20.4800,2648.6542,936.9190,0.000000
SMS-EMOA,435,43500,100,17.0000,2516.1698,922.3553,20.4400,2650.1656,936.7225,0.000000
SMS-EMOA,436,43600,100,17.0000,2516.1698,922.3553,20.4700,2647.1788,937.1130,0.000000
SMS-EMOA,437,43700,100,17.0000,2516.1698,922.3553,20.5200,2644.9622,936.8986,0.000000
SMS-EMOA,438,43800,100,17.0000,2516.1698,922.3553,20.4600,2647.3991,936.8500,0.000000
SMS-EMOA,439,43900,100,17.0000,2510.3853,922.3553,20.4400,2646.4078,936.9646,0.000000
SMS-EMOA,440,44000,100,17.0000,2510.3853,922.3553,20.4800,2644.9798,936.6432,0.000000
SMS-EMOA,441,44100,100,17.0000,2510.3853,922.3553,20.4500,2641.7628,937.5049,0.000000
SMS-EMOA,442,44200,100,17.0000,2504.2851,922.3553,20.5100,2637.3574,937.5286,0.000000
SMS-EMOA,443,44300,100,17.0000,2504.2851,922.3553,20.4800,2638.1980,937.4988,0.000000
SMS-EMOA,444,44400,100,17.0000,2504.2851,922.3553,20.5000,2637.8287,937.0289,0.000000
SMS-EMOA,445,44500,100,17.0000,2504.2851,922.3553,20.4700,2640.0069,937.1481,0.000000
SMS-EMOA,446,44600,100,17.0000,2504.2851,922.3553,20.4300,2640.1050,937.2186,0.000000
SMS-EMOA,447,44700,100,17.0000,2504.2851,922.3553,20.4200,2638.5859,937.0994,0.000000
SMS-EMOA,448,44800,100,17.0000,2504.2851,922.3553,20.4100,2640.1439,937.0630,0.000000
SMS-EMOA,449,44900,100,17.0000,2504.2851,922.3553,20.3900,2639.0448,937.0182,0.000000
SMS-EMOA,450,45000,100,17.0000,2504.2851,922.3553,20.3700,2640.1167,937.1656,0.000000
SMS-EMOA,451,45100,100,17.0000,2487.6480,922.3553,20.3200,2637.9866,937.0910,0.000000
SMS-EMOA,452,45200,100,17.0000,2487.6480,922.3553,20.3200,2637.3267,937.1321,0.000000
SMS-EMOA,453,45300,100,17.0000,2487.6480,922.3553,20.3400,2633.7791,937.1640,0.000000
SMS-EMOA,454,45400,100,17.0000,2487.6480,922.3553,20.3100,2635.3243,937.2602,0.000000
SMS-EMOA,455,45500,100,17.0000,2487.6480,922.3553,20.2900,2633.5337,937.3372,0.000000
SMS-EMOA,456,45600,100,17.0000,2487.6480,922.3553,20.3100,2630.1089,936.5707,0.000000
SMS-EMOA,457,45700,100,17.0000,2487.6480,922.3553,20.3100,2629.6320,936.3152,0.000000
SMS-EMOA,458,45800,100,17.0000,2487.6480,922.3553,20.3200,2628.7331,936.3038,0.000000
SMS-EMOA,459,45900,100,17.0000,2487.6480,922.3553,20.3600,2622.5994,936.4362,0.000000
SMS-EMOA,460,46000,100,17.0000,2487.6480,922.3553,20.3900,2622.2647,936.1478,0.000000
SMS-EMOA,461,46100,100,17.0000,2487.6480,922.3553,20.4000,2621.6381,936.4593,0.000000
SMS-EMOA,462,46200,100,17.0000,2487.6480,922.3553,20.4300,2620.8006,936.4922,0.000000
SMS-EMOA,463,46300,100,17.0000,2487.6480,922.3553,20.4900,2611.4486,936.0673,0.000000
SMS-EMOA,464,46400,100,17.0000,2487.6480,922.3553,20.4700,2612.3525,935.7977,0.000000
SMS-EMOA,465,46500,100,17.0000,2486.4636,922.3553,20.5000,2611.0148,936.0344,0.000000
SMS-EMOA,466,46600,100,17.0000,2486.4636,922.3553,20.5100,2606.2507,935.8679,0.000000
SMS-EMOA,467,46700,100,17.0000,2486.4636,922.3553,20.3900,2608.5593,935.9078,0.000000
SMS-EMOA,468,46800,100,17.0000,2483.0392,922.3553,20.3400,2608.2163,936.6482,0.000000
SMS-EMOA,469,46900,100,17.0000,2483.0392,922.3553,20.3500,2605.3279,936.5736,0.000000
SMS-EMOA,470,47000,100,17.0000,2483.0392,922.3553,20.4000,2601.7495,936.4633,0.000000
SMS-EMOA,471,47100,100,17.0000,2421.8199,922.3553,20.3700,2601.5680,937.3434,0.000000
SMS-EMOA,472,47200,100,17.0000,2421.8199,922.3553,20.3700,2600.7940,936.7435,0.000000
SMS-EMOA,473,47300,100,17.0000,2421.8199,922.3553,20.3600,2599.8975,937.1511,0.000000
SMS-EMOA,474,47400,100,17.0000,2421.8199,922.3553,20.3500,2596.6176,937.5354,0.000000
SMS-EMOA,475,47500,100,17.0000,2421.8199,922.3553,20.3100,2597.2759,937.5495,0.000000
SMS-EMOA,476,47600,100,17.0000,2421.8199,922.3553,20.2400,2601.6075,937.0238,0.000000
SMS-EMOA,477,47700,100,17.0000,2421.8199,922.3553,20.2400,2599.5606,937.3353,0.000000
SMS-EMOA,478,47800,100,17.0000,2421.8199,922.3553,20.2000,2599.5290,937.6237,0.000000
SMS-EMOA,479,47900,100,17.0000,2421.8199,922.3553,20.1100,2600.3425,937.6641,0.000000
SMS-EMOA,480,48000,100,17.0000,2421.8199,922.3553,20.0900,2599.3055,937.4086,0.000000
SMS-EMOA,481,48100,99,17.0000,2421.8199,922.3553,20.0606,2597.5938,937.6266,0.000000
SMS-EMOA,482,48200,99,17.0000,2421.8199,922.3553,20.0303,2596.2778,938.1571,0.000000
SMS-EMOA,483,48300,99,17.0000,2421.8199,922.3553,20.0101,2596.3840,938.1145,0.000000
SMS-EMOA,484,48400,99,17.0000,2421.8199,922.3553,20.0101,2596.3840,938.1145,0.000000
SMS-EMOA,485,48500,99,17.0000,2421.8199,922.3553,19.9697,2597.9676,937.7524,0.000000
SMS-EMOA,486,48600,99,17.0000,2421.8199,922.3553,19.9091,2595.8879,937.9133,0.000000
SMS-EMOA,487,48700,99,17.0000,2421.8199,922.3553,19.8990,2592.6941,938.4910,0.000000
SMS-EMOA,488,48800,99,17.0000,2421.8199,922.3553,19.8586,2594.1395,938.6069,0.000000
SMS-EMOA,489,48900,99,17.0000,2421.8199,922.3553,19.8283,2594.2532,938.6998,0.000000
SMS-EMOA,490,49000,99,17.0000,2421.8199,922.3553,19.7273,2596.8548,938.9836,0.000000
SMS-EMOA,491,49100,98,17.0000,2421.8199,922.3553,19.7347,2595.8659,938.8589,0.000000
SMS-EMOA,492,49200,98,17.0000,2421.8199,922.3553,19.7041,2596.9482,939.1197,0.000000
SMS-EMOA,493,49300,98,17.0000,2421.8199,922.3553,19.6939,2594.6760,938.9045,0.000000
SMS-EMOA,494,49400,98,17.0000,2421.8199,922.3553,19.6837,2594.3276,938.6532,0.000000
SMS-EMOA,495,49500,98,17.0000,2421.8199,922.3553,19.6837,2592.6375,939.3702,0.000000
SMS-EMOA,496,49600,98,17.0000,2421.8199,922.3553,19.6735,2593.2271,938.9874,0.000000
SMS-EMOA,497,49700,98,17.0000,2421.8199,922.3553,19.6837,2592.5394,938.8298,0.000000
SMS-EMOA,498,49800,98,17.0000,2421.8199,922.3553,19.6837,2591.1817,938.3919,0.000000
SMS-EMOA,499,49900,98,17.0000,2421.8199,922.3553,19.6837,2587.5874,938.5325,0.000000
SMS-EMOA,500,50000,98,17.0000,2421.8199,922.3553,19.7245,2583.6246,938.1369,0.000000
SMS-EMOA,501,50100,98,17.0000,2421.8199,922.3553,19.7347,2581.4792,938.0198,0.000000
SMS-EMOA,502,50200,98,17.0000,2421.8199,922.3553,19.7347,2581.0336,938.0198,0.000000
SMS-EMOA,503,50300,98,17.0000,2421.8199,922.3553,19.7347,2581.0336,938.0198,0.000000
SMS-EMOA,504,50400,98,17.0000,2421.8199,922.3553,19.7755,2578.8436,938.0714,0.000000
SMS-EMOA,505,50500,98,17.0000,2421.8199,922.3553,19.7755,2578.3413,938.0906,0.000000
SMS-EMOA,506,50600,98,17.0000,2421.8199,922.3553,19.7857,2575.0568,937.8106,0.000000
SMS-EMOA,507,50700,98,17.0000,2421.8199,922.3553,19.7347,2575.0466,937.7962,0.000000
SMS-EMOA,508,50800,98,17.0000,2421.8199,922.3553,19.7347,2575.5635,937.5456,0.000000
SMS-EMOA,509,50900,98,17.0000,2421.8199,922.3553,19.7959,2572.7058,937.3935,0.000000
SMS-EMOA,510,51000,97,17.0000,2421.8199,922.3553,19.7320,2573.5816,937.7221,0.000000
SMS-EMOA,511,51100,97,17.0000,2421.8199,922.3553,19.7320,2572.3981,937.7221,0.000000
SMS-EMOA,512,51200,97,17.0000,2421.8199,922.3553,19.7010,2570.1838,937.7065,0.000000
SMS-EMOA,513,51300,97,17.0000,2421.8199,922.3553,19.7113,2567.9704,937.0320,0.000000
SMS-EMOA,514,51400,97,17.0000,2421.8199,922.3553,19.7113,2568.0929,937.2831,0.000000
SMS-EMOA,515,51500,97,17.0000,2421.8199,922.3553,19.6804,2569.8532,937.3025,0.000000
SMS-EMOA,516,51600,97,17.0000,2405.0459,922.3553,19.6804,2568.5457,937.3025,0.000000
SMS-EMOA,517,51700,97,17.0000,2405.0459,922.3553,19.7216,2566.7674,937.3171,0.000000
SMS-EMOA,518,51800,97,17.0000,2405.0459,922.3553,19.7113,2565.4777,937.5950,0.000000
SMS-EMOA,519,51900,97,17.0000,2405.0459,922.3553,19.8041,2561.6410,936.9473,0.000000
SMS-EMOA,520,52000,97,17.0000,2405.0459,922.3553,19.7835,2560.0664,936.9618,0.000000
SMS-EMOA,521,52100,99,17.0000,2371.5454,922.3553,19.7980,2557.4947,936.7183,0.000000
SMS-EMOA,522,52200,99,17.0000,2371.5454,922.3553,19.7879,2554.6602,937.1106,0.000000
SMS-EMOA,523,52300,99,17.0000,2371.5454,922.3553,19.8081,2552.9698,936.9573,0.000000
SMS-EMOA,524,52400,99,17.0000,2371.5454,922.3553,19.7980,2552.6392,936.9430,0.000000
SMS-EMOA,525,52500,100,17.0000,2371.5454,922.3553,19.8100,2549.5846,936.7151,0.000000
SMS-EMOA,526,52600,100,17.0000,2371.5454,922.3553,19.8200,2547.7899,936.7151,0.000000
SMS-EMOA,527,52700,100,17.0000,2371.5454,922.3553,19.7600,2550.9605,936.9706,0.000000
SMS-EMOA,528,52800,100,17.0000,2371.5454,922.3553,19.7200,2551.9851,936.9706,0.000000
SMS-EMOA,529,52900,100,17.0000,2371.5454,922.3553,19.7100,2550.2610,936.6590,0.000000
SMS-EMOA,530,53000,100,17.0000,2371.5454,922.3553,19.6700,2554.0611,937.2619,0.000000
SMS-EMOA,531,53100,100,17.0000,2371.5454,922.3553,19.7000,2552.1080,937.5315,0.000000
SMS-EMOA,532,53200,100,17.0000,2371.5454,922.3553,19.7000,2551.8697,937.5315,0.000000
SMS-EMOA,533,53300,100,17.0000,2371.5454,922.3553,19.7000,2551.2142,937.2879,0.000000
SMS-EMOA,534,53400,100,17.0000,2371.5454,922.3553,19.7800,2548.6034,937.2879,0.000000
SMS-EMOA,535,53500,100,17.0000,2371.5454,922.3553,19.7900,2543.6709,937.6707,0.000000
SMS-EMOA,536,53600,100,17.0000,2371.5454,922.3553,19.8500,2539.0416,937.9704,0.000000
SMS-EMOA,537,53700,100,17.0000,2371.5454,922.3553,19.9000,2537.2438,937.9401,0.000000
SMS-EMOA,538,53800,100,17.0000,2371.5454,922.3553,19.8600,2538.0108,937.4149,0.000000
SMS-EMOA,539,53900,100,17.0000,2371.5454,922.3553,19.8600,2535.8850,937.6734,0.000000
SMS-EMOA,540,54000,100,17.0000,2371.5454,922.3553,19.8600,2535.3714,938.0438,0.000000
SMS-EMOA,541,54100,100,17.0000,2371.5454,922.3553,19.8300,2539.4477,937.6734,0.000000
SMS-EMOA,542,54200,100,17.0000,2371.5454,922.3553,19.8400,2539.2324,937.8632,0.000000
SMS-EMOA,543,54300,100,17.0000,2371.5454,922.3553,19.8500,2536.3730,937.5942,0.000000
SMS-EMOA,544,54400,100,17.0000,2371.5454,922.3553,19.8500,2536.3730,937.5942,0.000000
SMS-EMOA,545,54500,100,17.0000,2371.5454,922.3553,19.8300,2535.5391,937.7451,0.000000
SMS-EMOA,546,54600,100,17.0000,2371.5454,922.3553,19.8300,2535.2260,937.6718,0.000000
SMS-EMOA,547,54700,100,17.0000,2371.5454,922.3553,19.8300,2535.3289,937.5756,0.000000
SMS-EMOA,548,54800,100,17.0000,2371.5454,922.3553,19.8700,2534.0056,937.5756,0.000000
SMS-EMOA,549,54900,100,17.0000,2371.5454,922.3553,19.9300,2528.1061,937.1910,0.000000
SMS-EMOA,550,55000,100,17.0000,2371.5454,922.3553,19.9400,2526.9052,937.1716,0.000000
SMS-EMOA,551,55100,100,17.0000,2371.5454,922.3553,19.9900,2520.5363,937.0542,0.000000
SMS-EMOA,552,55200,100,17.0000,2371.5454,922.3553,19.9700,2521.2483,937.0837,0.000000
SMS-EMOA,553,55300,100,17.0000,2371.5454,922.3553,19.9700,2520.6375,937.1348,0.000000
SMS-EMOA,554,55400,100,17.0000,2371.5454,922.3553,19.9700,2519.8237,937.4077,0.000000
SMS-EMOA,555,55500,100,17.0000,2371.5454,922.3553,19.9200,2521.5875,937.4004,0.000000
SMS-EMOA,556,55600,100,17.0000,2371.5454,922.3553,19.9600,2519.4770,937.0750,0.000000
SMS-EMOA,557,55700,100,17.0000,2371.5454,922.3553,19.9800,2518.0032,937.0757,0.000000
SMS-EMOA,558,55800,100,17.0000,2371.5454,922.3553,19.9400,2518.3251,937.1065,0.000000
SMS-EMOA,559,55900,100,17.0000,2371.5454,922.3553,19.9500,2513.6660,936.8534,0.000000
SMS-EMOA,560,56000,100,17.0000,2371.5454,922.3553,20.0000,2510.9991,937.1418,0.000000
SMS-EMOA,561,56100,100,17.0000,2371.5454,922.3553,19.9600,2511.7765,936.8722,0.000000
SMS-EMOA,562,56200,100,17.0000,2371.5454,922.3553,19.9700,2509.9964,937.0959,0.000000
SMS-EMOA,563,56300,100,17.0000,2371.5454,922.3553,19.9500,2512.1489,936.6731,0.000000
SMS-EMOA,564,56400,100,17.0000,2371.5454,922.3553,19.8800,2513.9488,936.9545,0.000000
SMS-EMOA,565,56500,100,17.0000,2371.5454,922.3553,19.8800,2513.8234,936.6848,0.000000
SMS-EMOA,566,56600,100,17.0000,2371.5454,922.3553,19.8400,2514.6555,936.9332,0.000000
SMS-EMOA,567,56700,100,17.0000,2371.5454,922.3553,19.8300,2514.5515,936.6777,0.000000
SMS-EMOA,568,56800,100,17.0000,2371.5454,922.3553,19.8000,2514.5685,936.9627,0.000000
SMS-EMOA,569,56900,100,17.0000,2371.5454,922.3553,19.7600,2512.5666,937.2482,0.000000
SMS-EMOA,570,57000,100,17.0000,2371.5454,922.3553,19.7900,2510.6418,937.2029,0.000000
SMS-EMOA,571,57100,100,17.0000,2371.5454,922.3553,19.7800,2510.2612,937.1955,0.000000
SMS-EMOA,572,57200,100,17.0000,2362.0424,922.3553,19.6900,2510.9112,937.4845,0.000000
SMS-EMOA,573,57300,100,17.0000,2354.4383,922.3553,19.6000,2512.9383,937.5347,0.000000
SMS-EMOA,574,57400,100,17.0000,2354.4383,922.3553,19.5300,2515.0354,937.9360,0.000000
SMS-EMOA,575,57500,100,17.0000,2354.4383,922.3553,19.5300,2514.8563,937.9031,0.000000
SMS-EMOA,576,57600,100,17.0000,2354.4383,922.3553,19.5000,2514.8661,938.1727,0.000000
SMS-EMOA,577,57700,100,17.0000,2354.4383,922.3553,19.4000,2521.0668,938.4957,0.000000
SMS-EMOA,578,57800,100,17.0000,2354.4383,922.3553,19.4500,2519.1297,938.6954,0.000000
SMS-EMOA,579,57900,100,17.0000,2354.4383,922.3553,19.4500,2518.3051,938.6954,0.000000
SMS-EMOA,580,58000,100,17.0000,2354.4383,922.3553,19.4300,2520.5740,938.6428,0.000000
SMS-EMOA,581,58100,100,17.0000,2354.4383,922.3553,19.4300,2520.3417,938.6099,0.000000
SMS-EMOA,582,58200,100,17.0000,2354.4383,922.3553,19.4200,2520.2120,938.6099,0.000000
SMS-EMOA,583,58300,100,17.0000,2354.4383,922.3553,19.4400,2517.6807,938.0638,0.000000
SMS-EMOA,584,58400,100,17.0000,2354.4383,922.3553,19.4000,2520.9319,938.0139,0.000000
SMS-EMOA,585,58500,100,17.0000,2354.4383,922.3553,19.3900,2518.8666,938.2575,0.000000
SMS-EMOA,586,58600,100,17.0000,2354.4383,922.3553,19.4000,2517.5830,938.0404,0.000000
SMS-EMOA,587,58700,100,17.0000,2354.4383,922.3553,19.4100,2515.9695,938.3094,0.000000
SMS-EMOA,588,58800,100,17.0000,2354.4383,922.3553,19.4100,2515.9695,938.3094,0.000000
SMS-EMOA,589,58900,100,17.0000,2354.4383,922.3553,19.4100,2515.9695,938.3094,0.000000
SMS-EMOA,590,59000,100,17.0000,2354.4383,922.3553,19.4300,2514.3886,938.5790,0.000000
SMS-EMOA,591,59100,100,17.0000,2354.4383,922.3553,19.4200,2515.2230,938.6292,0.000000
SMS-EMOA,592,59200,100,17.0000,2354.4383,922.3553,19.4000,2513.5414,938.6490,0.000000
SMS-EMOA,593,59300,100,17.0000,2354.4383,922.3553,19.4200,2512.5989,938.5980,0.000000
SMS-EMOA,594,59400,100,17.0000,2354.4383,922.3553,19.4000,2513.7334,938.5980,0.000000
SMS-EMOA,595,59500,100,17.0000,2354.4383,922.3553,19.4000,2513.3769,938.5337,0.000000
SMS-EMOA,596,59600,100,17.0000,2354.4383,922.3553,19.4100,2512.8447,938.8196,0.000000
SMS-EMOA,597,59700,100,17.0000,2354.4383,922.3553,19.3900,2512.8817,939.0344,0.000000
SMS-EMOA,598,59800,100,17.0000,2354.4383,922.3553,19.4400,2509.4913,938.7798,0.000000
SMS-EMOA,599,59900,100,17.0000,2354.4383,922.3553,19.4100,2508.5369,938.5756,0.000000
SMS-EMOA,600,60000,100,17.0000,2354.4383,922.3553,19.4100,2508.5369,938.5756,0.000000
SMS-EMOA,601,60100,100,17.0000,2354.4383,922.3553,19.4400,2503.6693,938.7574,0.000000
SMS-EMOA,602,60200,100,17.0000,2354.4383,922.3553,19.4500,2499.9910,938.5954,0.000000
SMS-EMOA,603,60300,100,17.0000,2354.4383,922.3553,19.4900,2497.5885,938.5610,0.000000
SMS-EMOA,604,60400,100,17.0000,2354.4383,922.3553,19.4600,2498.2714,938.5804,0.000000
SMS-EMOA,605,60500,100,17.0000,2354.4383,922.3553,19.4500,2496.4457,938.4798,0.000000
SMS-EMOA,606,60600,100,17.0000,2354.4383,922.3553,19.4800,2493.8633,938.2199,0.000000
SMS-EMOA,607,60700,100,17.0000,2354.4383,922.3553,19.4900,2492.3856,938.2340,0.000000
SMS-EMOA,608,60800,100,17.0000,2354.4383,922.3553,19.5000,2490.5405,938.2782,0.000000
SMS-EMOA,609,60900,100,17.0000,2354.4383,922.3553,19.5400,2486.9106,938.0256,0.000000
SMS-EMOA,610,61000,100,17.0000,2354.4383,922.3553,19.5900,2484.2952,937.6555,0.000000
SMS-EMOA,611,61100,100,17.0000,2354.4383,922.3553,19.6200,2483.8446,937.6555,0.000000
SMS-EMOA,612,61200,100,17.0000,2354.4383,922.3553,19.5900,2481.9220,937.0461,0.000000
SMS-EMOA,613,61300,100,17.0000,2354.4383,922.3553,19.5900,2479.9864,936.7906,0.000000
SMS-EMOA,614,61400,100,17.0000,2354.4383,922.3553,19.5900,2477.6684,936.6416,0.000000
SMS-EMOA,615,61500,100,17.0000,2354.4383,922.3553,19.5500,2476.7651,936.7236,0.000000
SMS-EMOA,616,61600,100,17.0000,2354.4383,922.3553,19.5600,2476.2823,936.4886,0.000000
SMS-EMOA,617,61700,100,17.0000,2354.4383,922.3553,19.6000,2474.1738,936.6798,0.000000
SMS-EMOA,618,61800,100,17.0000,2354.4383,922.3553,19.6000,2473.1126,936.6798,0.000000
SMS-EMOA,619,61900,100,17.0000,2354.4383,922.3553,19.5600,2473.3093,936.7079,0.000000
SMS-EMOA,620,62000,100,17.0000,2354.4383,922.3553,19.5700,2471.6757,936.1969,0.000000
SMS-EMOA,621,62100,100,17.0000,2354.4383,922.3553,19.5700,2470.5521,936.4965,0.000000
SMS-EMOA,622,62200,100,17.0000,2354.4383,922.3553,19.5600,2471.2003,936.0418,0.000000
SMS-EMOA,623,62300,100,17.0000,2354.4383,922.3553,19.5600,2468.8272,936.3490,0.000000
SMS-EMOA,624,62400,100,17.0000,2354.4383,922.3553,19.6000,2467.4171,936.3121,0.000000
SMS-EMOA,625,62500,100,17.0000,2354.4383,922.3553,19.6000,2466.9694,936.2967,0.000000
SMS-EMOA,626,62600,100,17.0000,2354.4383,922.3553,19.6100,2466.3066,936.5021,0.000000
SMS-EMOA,627,62700,100,17.0000,2354.4383,922.3553,19.6000,2464.1967,936.7409,0.000000
SMS-EMOA,628,62800,100,17.0000,2354.4383,922.3553,19.5900,2463.9605,936.7352,0.000000
SMS-EMOA,629,62900,100,17.0000,2354.4383,922.3553,19.5900,2463.9605,936.7352,0.000000
SMS-EMOA,630,63000,100,17.0000,2354.4383,922.3553,19.5900,2463.9605,936.7352,0.000000
SMS-EMOA,631,63100,100,17.0000,2354.4383,922.3553,19.5900,2463.1634,936.7352,0.000000
SMS-EMOA,632,63200,100,17.0000,2354.4383,922.3553,19.6000,2462.8741,936.7201,0.000000
SMS-EMOA,633,63300,100,17.0000,2350.2285,922.3553,19.5000,2464.7616,936.2657,0.000000
SMS-EMOA,634,63400,100,17.0000,2347.4284,922.3553,19.4400,2465.1401,936.0985,0.000000
SMS-EMOA,635,63500,100,17.0000,2347.4284,922.3553,19.4400,2463.5037,936.0707,0.000000
SMS-EMOA,636,63600,99,17.0000,2347.4284,922.3553,19.4242,2463.5370,936.2375,0.000000
SMS-EMOA,637,63700,99,17.0000,2347.4284,922.3553,19.4444,2462.2598,936.4219,0.000000
SMS-EMOA,638,63800,99,17.0000,2347.4284,922.3553,19.3737,2462.4356,936.4788,0.000000
SMS-EMOA,639,63900,99,17.0000,2347.4284,922.3553,19.3737,2461.9926,936.4788,0.000000
SMS-EMOA,640,64000,99,17.0000,2347.4284,922.3553,19.3737,2461.4520,936.4065,0.000000
SMS-EMOA,641,64100,99,17.0000,2347.4284,922.3553,19.3838,2459.2688,936.4123,0.000000
SMS-EMOA,642,64200,99,17.0000,2346.2511,922.3553,19.3232,2459.5437,937.5202,0.000000
SMS-EMOA,643,64300,99,17.0000,2346.2511,922.3553,19.2626,2459.2907,937.4722,0.000000
SMS-EMOA,644,64400,99,17.0000,2346.2511,922.3553,19.2626,2457.9619,937.4722,0.000000
SMS-EMOA,645,64500,99,17.0000,2346.2511,922.3553,19.2323,2459.0796,937.4722,0.000000
SMS-EMOA,646,64600,99,17.0000,2346.2511,922.3553,19.2525,2457.5632,936.9939,0.000000
SMS-EMOA,647,64700,99,17.0000,2346.2511,922.3553,19.2626,2456.3677,937.2169,0.000000
SMS-EMOA,648,64800,99,17.0000,2346.2511,922.3553,19.2626,2456.1188,937.2169,0.000000
SMS-EMOA,649,64900,99,17.0000,2346.2511,922.3553,19.2626,2455.1462,937.2359,0.000000
SMS-EMOA,650,65000,99,17.0000,2346.2511,922.3553,19.2828,2454.6833,937.0489,0.000000
SMS-EMOA,651,65100,99,17.0000,2346.2511,922.3553,19.3030,2452.9159,936.8789,0.000000
SMS-EMOA,652,65200,99,17.0000,2346.2511,922.3553,19.3030,2452.0671,936.8161,0.000000
SMS-EMOA,653,65300,99,17.0000,2346.2511,922.3553,19.3030,2450.8702,936.5163,0.000000
SMS-EMOA,654,65400,99,17.0000,2346.2511,922.3553,19.2626,2455.1576,936.5227,0.000000
SMS-EMOA,655,65500,99,17.0000,2346.2511,922.3553,19.3030,2450.5021,936.7951,0.000000
SMS-EMOA,656,65600,99,17.0000,2331.4456,922.3553,19.2929,2449.2698,936.8035,0.000000
SMS-EMOA,657,65700,99,17.0000,2331.4456,922.3553,19.2929,2449.2698,936.8035,0.000000
SMS-EMOA,658,65800,99,17.0000,2331.4456,922.3553,19.2626,2454.2116,936.8033,0.000000
SMS-EMOA,659,65900,99,17.0000,2331.4456,922.3553,19.2626,2454.2116,936.8033,0.000000
SMS-EMOA,660,66000,99,17.0000,2331.4456,922.3553,19.3030,2452.6893,937.3901,0.000000
SMS-EMOA,661,66100,99,17.0000,2331.4456,922.3553,19.3131,2447.7724,937.3901,0.000000
SMS-EMOA,662,66200,99,17.0000,2331.4456,922.3553,19.2929,2448.3651,937.3926,0.000000
SMS-EMOA,663,66300,99,17.0000,2331.4456,922.3553,19.2222,2448.0575,937.7434,0.000000
SMS-EMOA,664,66400,99,17.0000,2331.4456,922.3553,19.2222,2448.0575,937.7434,0.000000
SMS-EMOA,665,66500,99,17.0000,2331.4456,922.3553,19.1717,2448.3600,938.0048,0.000000
SMS-EMOA,666,66600,99,17.0000,2331.4456,922.3553,19.1515,2448.8671,938.2204,0.000000
SMS-EMOA,667,66700,99,17.0000,2331.4456,922.3553,19.0909,2454.7339,938.0334,0.000000
SMS-EMOA,668,66800,99,17.0000,2331.4456,922.3553,19.1010,2453.9323,938.2795,0.000000
SMS-EMOA,669,66900,98,17.0000,2326.7524,922.3553,19.1224,2446.7141,937.7937,0.000000
SMS-EMOA,670,67000,98,17.0000,2326.7524,922.3553,19.1020,2444.6579,937.7583,0.000000
SMS-EMOA,671,67100,98,17.0000,2326.7524,922.3553,19.1327,2439.0610,937.5721,0.000000
SMS-EMOA,672,67200,98,17.0000,2326.7524,922.3553,19.1837,2436.3818,937.6657,0.000000
SMS-EMOA,673,67300,98,17.0000,2326.7524,922.3553,19.2041,2436.2197,937.3906,0.000000
SMS-EMOA,674,67400,98,17.0000,2326.7524,922.3553,19.1939,2434.7198,937.8290,0.000000
SMS-EMOA,675,67500,98,17.0000,2326.7524,922.3553,19.1837,2434.8582,937.9949,0.000000
SMS-EMOA,676,67600,98,17.0000,2326.7524,922.3553,19.1429,2436.4394,938.1987,0.000000
SMS-EMOA,677,67700,98,17.0000,2326.7524,922.3553,19.1429,2436.4394,938.1987,0.000000
SMS-EMOA,678,67800,98,17.0000,2326.7524,922.3553,19.1429,2434.5718,937.9882,0.000000
SMS-EMOA,679,67900,98,17.0000,2326.7524,922.3553,19.0918,2434.6397,938.5846,0.000000
SMS-EMOA,680,68000,98,17.0000,2326.7524,922.3553,19.0918,2434.6397,938.5846,0.000000
SMS-EMOA,681,68100,98,16.0000,2326.7524,922.3553,19.0612,2433.4001,938.6123,0.000000
SMS-EMOA,682,68200,99,16.0000,2326.7524,922.3553,19.0808,2432.3915,938.4287,0.000000
SMS-EMOA,683,68300,99,16.0000,2326.7524,922.3553,19.1010,2430.9420,938.1391,0.000000
SMS-EMOA,684,68400,99,16.0000,2326.7524,922.3553,19.1111,2428.6077,938.8353,0.000000
SMS-EMOA,685,68500,99,16.0000,2326.7524,922.3553,19.1111,2427.5516,938.7541,0.000000
SMS-EMOA,686,68600,99,16.0000,2326.7524,922.3553,19.1010,2427.8642,938.7804,0.000000
SMS-EMOA,687,68700,99,16.0000,2326.7524,922.3553,19.1010,2422.7956,938.6833,0.000000
SMS-EMOA,688,68800,100,16.0000,2326.7524,922.3553,19.1900,2419.1612,937.9802,0.000000
SMS-EMOA,689,68900,100,16.0000,2326.7524,922.3553,19.1200,2419.7704,938.0717,0.000000
SMS-EMOA,690,69000,100,16.0000,2325.9982,922.3553,19.1400,2416.8617,937.8021,0.000000
SMS-EMOA,691,69100,100,16.0000,2325.9982,922.3553,19.1400,2416.8617,937.8021,0.000000
SMS-EMOA,692,69200,100,16.0000,2325.9982,922.3553,19.1200,2417.0401,938.0717,0.000000
SMS-EMOA,693,69300,100,16.0000,2325.9982,922.3553,19.1400,2411.6205,937.9755,0.000000
SMS-EMOA,694,69400,100,16.0000,2325.9982,922.3553,19.1800,2409.6777,938.1747,0.000000
SMS-EMOA,695,69500,100,15.0000,2325.9982,922.3553,19.1100,2410.9006,938.4937,0.000000
SMS-EMOA,696,69600,100,15.0000,2325.9982,922.3553,19.1300,2409.6704,938.8383,0.000000
SMS-EMOA,697,69700,100,15.0000,2325.9982,922.3553,19.1300,2408.9006,938.5687,0.000000
SMS-EMOA,698,69800,100,15.0000,2325.9982,922.3553,19.0900,2409.0575,938.8054,0.000000
SMS-EMOA,699,69900,100,15.0000,2325.9982,922.3553,19.0600,2409.6175,938.8455,0.000000
SMS-EMOA,700,70000,100,15.0000,2325.9982,922.3553,19.0600,2409.6175,938.8455,0.000000
SMS-EMOA,701,70100,100,15.0000,2325.9982,922.3553,19.1100,2403.3597,938.4881,0.000000
SMS-EMOA,702,70200,100,15.0000,2325.9982,922.3553,19.1200,2399.4592,938.6615,0.000000
SMS-EMOA,703,70300,100,15.0000,2325.9982,922.3553,19.1000,2399.2368,938.7533,0.000000
SMS-EMOA,704,70400,100,15.0000,2325.9982,922.3553,19.1300,2397.4616,938.1622,0.000000
SMS-EMOA,705,70500,100,15.0000,2325.9982,922.3553,19.1600,2396.3602,938.4298,0.000000
SMS-EMOA,706,70600,100,15.0000,2325.9982,922.3553,19.1400,2395.8893,937.8949,0.000000
SMS-EMOA,707,70700,100,15.0000,2325.9982,922.3553,19.1500,2394.7570,937.6336,0.000000
SMS-EMOA,708,70800,100,15.0000,2325.9982,922.3553,19.1600,2394.5006,937.9032,0.000000
SMS-EMOA,709,70900,100,15.0000,2325.9982,922.3553,19.1000,2394.7109,937.6336,0.000000
SMS-EMOA,710,71000,100,15.0000,2325.9982,922.3553,19.1400,2393.3735,937.6673,0.000000
SMS-EMOA,711,71100,100,15.0000,2311.2911,922.3553,19.1900,2391.4574,936.7887,0.000000
SMS-EMOA,712,71200,100,15.0000,2311.2911,922.3553,19.1900,2390.9628,936.8148,0.000000
SMS-EMOA,713,71300,100,15.0000,2311.2911,922.3553,19.2200,2390.1463,936.8148,0.000000
SMS-EMOA,714,71400,100,15.0000,2311.2911,922.3553,19.2500,2389.9798,936.8148,0.000000
SMS-EMOA,715,71500,100,15.0000,2311.2911,922.3553,19.2000,2390.0631,936.7001,0.000000
SMS-EMOA,716,71600,100,15.0000,2311.2911,922.3553,19.1900,2388.9338,936.3015,0.000000
SMS-EMOA,717,71700,100,15.0000,2311.2911,922.3553,19.1900,2388.5221,936.2827,0.000000
SMS-EMOA,718,71800,100,15.0000,2311.2911,922.3553,19.2000,2387.7730,936.8637,0.000000
SMS-EMOA,719,71900,100,15.0000,2311.2911,922.3553,19.2000,2387.7730,936.8637,0.000000
SMS-EMOA,720,72000,100,15.0000,2311.2911,922.3553,19.2200,2381.1076,936.8191,0.000000
SMS-EMOA,721,72100,100,15.0000,2307.8456,922.3553,19.2300,2379.8215,936.6188,0.000000
SMS-EMOA,722,72200,100,15.0000,2307.8456,922.3553,19.2500,2375.8450,936.7902,0.000000
SMS-EMOA,723,72300,100,15.0000,2307.8456,922.3553,19.2400,2376.9859,936.7698,0.000000
SMS-EMOA,724,72400,100,15.0000,2307.8456,922.3553,19.2400,2376.9673,936.6402,0.000000
SMS-EMOA,725,72500,100,15.0000,2307.8456,922.3553,19.2200,2377.2191,936.6242,0.000000
SMS-EMOA,726,72600,100,15.0000,2302.0063,922.3553,19.2500,2375.7231,937.0564,0.000000
SMS-EMOA,727,72700,100,15.0000,2302.0063,922.3553,19.2500,2372.8410,937.0167,0.000000
SMS-EMOA,728,72800,100,15.0000,2302.0063,922.3553,19.2500,2372.5107,937.1494,0.000000
SMS-EMOA,729,72900,100,15.0000,2302.0063,922.3553,19.2100,2372.5222,937.7762,0.000000
SMS-EMOA,730,73000,100,15.0000,2302.0063,922.3553,19.2800,2369.7979,938.0599,0.000000
SMS-EMOA,731,73100,100,15.0000,2302.0063,922.3553,19.2700,2369.5530,938.0390,0.000000
SMS-EMOA,732,73200,100,15.0000,2302.0063,922.3553,19.2300,2369.4729,937.9520,0.000000
SMS-EMOA,733,73300,100,15.0000,2302.0063,922.3553,19.2100,2369.0627,938.2216,0.000000
SMS-EMOA,734,73400,100,15.0000,2302.0063,922.3553,19.2000,2368.3626,937.9946,0.000000
SMS-EMOA,735,73500,100,15.0000,2302.0063,922.3553,19.2000,2368.3575,937.9946,0.000000
SMS-EMOA,736,73600,100,15.0000,2302.0063,922.3553,19.1800,2368.3919,937.7250,0.000000
SMS-EMOA,737,73700,100,15.0000,2302.0063,922.3553,19.1500,2368.9241,937.9617,0.000000
SMS-EMOA,738,73800,100,15.0000,2302.0063,922.3553,19.1400,2367.8379,938.2313,0.000000
SMS-EMOA,739,73900,100,15.0000,2302.0063,922.3553,18.9900,2370.2225,937.0356,0.000000
SMS-EMOA,740,74000,100,15.0000,2302.0063,922.3553,18.9400,2369.5955,937.2974,0.000000
SMS-EMOA,741,74100,100,15.0000,2302.0063,922.3553,18.9200,2369.4064,937.1150,0.000000
SMS-EMOA,742,74200,100,15.0000,2302.0063,922.3553,18.9800,2367.4349,936.8614,0.000000
SMS-EMOA,743,74300,100,15.0000,2302.0063,922.3553,18.9800,2367.3861,936.8614,0.000000
SMS-EMOA,744,74400,100,15.0000,2302.0063,922.3553,18.9700,2367.3527,936.5918,0.000000
SMS-EMOA,745,74500,100,15.0000,2302.0063,922.3553,18.9700,2367.3355,936.5918,0.000000
SMS-EMOA,746,74600,100,15.0000,2301.0061,922.3553,18.9400,2366.7129,936.9031,0.000000
SMS-EMOA,747,74700,100,15.0000,2301.0061,922.3553,18.9100,2366.4072,937.1727,0.000000
SMS-EMOA,748,74800,100,15.0000,2301.0061,922.3553,18.8700,2369.6361,937.3395,0.000000
SMS-EMOA,749,74900,100,15.0000,2301.0061,922.3553,18.8800,2368.1623,937.3932,0.000000
SMS-EMOA,750,75000,100,15.0000,2301.0061,922.3553,18.9000,2367.0657,937.1625,0.000000
SMS-EMOA,751,75100,100,15.0000,2301.0061,922.3553,18.9000,2366.5983,937.1625,0.000000
SMS-EMOA,752,75200,100,15.0000,2301.0061,922.3553,18.8900,2366.1451,937.1625,0.000000
SMS-EMOA,753,75300,100,15.0000,2301.0061,922.3553,18.8300,2367.1692,937.0648,0.000000
SMS-EMOA,754,75400,100,15.0000,2301.0061,922.3553,18.8300,2366.6591,936.7951,0.000000
SMS-EMOA,755,75500,100,15.0000,2296.8229,922.3553,18.7500,2367.4959,937.3921,0.000000
SMS-EMOA,756,75600,100,15.0000,2296.8229,922.3553,18.7400,2367.7415,937.0268,0.000000
SMS-EMOA,757,75700,100,15.0000,2296.8229,922.3553,18.7700,2366.9267,937.0268,0.000000
SMS-EMOA,758,75800,100,15.0000,2296.8229,922.3553,18.7200,2366.9174,937.1140,0.000000
SMS-EMOA,759,75900,100,15.0000,2296.8229,922.3553,18.7100,2367.1920,936.7179,0.000000
SMS-EMOA,760,76000,100,15.0000,2296.8229,922.3553,18.7100,2367.1920,936.7179,0.000000
SMS-EMOA,761,76100,100,15.0000,2296.8229,922.3553,18.7000,2367.0606,936.3987,0.000000
SMS-EMOA,762,76200,100,15.0000,2296.8229,922.3553,18.7600,2364.8111,936.7489,0.000000
SMS-EMOA,763,76300,100,15.0000,2296.8229,922.3553,18.7600,2364.3116,936.5665,0.000000
SMS-EMOA,764,76400,100,15.0000,2296.8229,922.3553,18.7500,2365.8039,936.7151,0.000000
SMS-EMOA,765,76500,100,15.0000,2294.8914,922.3553,18.7300,2364.8224,936.9847,0.000000
SMS-EMOA,766,76600,100,15.0000,2294.8914,922.3553,18.7300,2364.7252,936.8396,0.000000
SMS-EMOA,767,76700,100,15.0000,2294.8914,922.3553,18.7400,2363.8496,937.1509,0.000000
SMS-EMOA,768,76800,100,15.0000,2294.8914,922.3553,18.7200,2363.5149,936.7548,0.000000
SMS-EMOA,769,76900,100,15.0000,2294.8914,922.3553,18.6800,2363.1706,936.7548,0.000000
SMS-EMOA,770,77000,100,15.0000,2294.8914,922.3553,18.6500,2363.3721,936.7082,0.000000
SMS-EMOA,771,77100,100,15.0000,2294.8914,922.3553,18.6500,2362.5787,936.7082,0.000000
SMS-EMOA,772,77200,100,15.0000,2294.8914,922.3553,18.6500,2362.5787,936.7082,0.000000
SMS-EMOA,773,77300,100,15.0000,2294.8914,922.3553,18.6500,2362.5787,936.7082,0.000000
SMS-EMOA,774,77400,100,15.0000,2294.8914,922.3553,18.6800,2361.4032,936.7471,0.000000
SMS-EMOA,775,77500,100,15.0000,2294.8914,922.3553,18.6300,2361.8306,936.9751,0.000000
SMS-EMOA,776,77600,100,15.0000,2294.8914,922.3553,18.6300,2361.7555,936.9751,0.000000
SMS-EMOA,777,77700,100,15.0000,2294.8914,922.3553,18.6300,2361.7805,936.7054,0.000000
SMS-EMOA,778,77800,100,15.0000,2284.2567,922.3553,18.6300,2360.2606,937.2057,0.000000
SMS-EMOA,779,77900,100,15.0000,2284.2567,922.3553,18.6200,2360.0143,937.2903,0.000000
SMS-EMOA,780,78000,100,15.0000,2284.2567,922.3553,18.6000,2359.6044,937.3231,0.000000
SMS-EMOA,781,78100,100,15.0000,2284.2567,922.3553,18.6400,2358.1215,938.2019,0.000000
SMS-EMOA,782,78200,100,15.0000,2284.2567,922.3553,18.6500,2357.5138,938.3308,0.000000
SMS-EMOA,783,78300,100,15.0000,2284.2567,922.3553,18.5700,2358.8358,938.8701,0.000000
SMS-EMOA,784,78400,100,15.0000,2284.2567,922.3553,18.5700,2358.8358,938.8701,0.000000
SMS-EMOA,785,78500,100,15.0000,2284.2567,922.3553,18.5700,2358.8358,938.8701,0.000000
SMS-EMOA,786,78600,100,15.0000,2284.2567,922.3553,18.5700,2358.3880,938.7158,0.000000
SMS-EMOA,787,78700,100,15.0000,2284.2567,922.3553,18.5700,2358.3880,938.7158,0.000000
SMS-EMOA,788,78800,100,15.0000,2256.8461,922.3553,18.5800,2357.1774,938.4025,0.000000
SMS-EMOA,789,78900,100,15.0000,2256.8461,922.3553,18.5400,2357.2572,938.6721,0.000000
SMS-EMOA,790,79000,100,15.0000,2256.8461,922.3553,18.5500,2356.9686,938.8545,0.000000
SMS-EMOA,791,79100,100,15.0000,2256.8461,922.3553,18.5500,2356.9686,938.8545,0.000000
SMS-EMOA,792,79200,100,15.0000,2256.8461,922.3553,18.5800,2355.9676,939.0806,0.000000
SMS-EMOA,793,79300,100,15.0000,2256.8461,922.3553,18.5800,2355.7953,938.8982,0.000000
SMS-EMOA,794,79400,100,15.0000,2256.8461,922.3553,18.5300,2354.9287,939.1289,0.000000
SMS-EMOA,795,79500,100,15.0000,2256.8461,922.3553,18.5200,2354.3417,939.1678,0.000000
SMS-EMOA,796,79600,100,15.0000,2256.8461,922.3553,18.5800,2352.9803,939.6198,0.000000
SMS-EMOA,797,79700,100,15.0000,2256.8461,922.3553,18.5900,2352.6037,939.9311,0.000000
SMS-EMOA,798,79800,100,15.0000,2256.8461,922.3553,18.5900,2352.6340,940.6109,0.000000
SMS-EMOA,799,79900,100,15.0000,2256.8461,922.3553,18.5400,2353.8435,940.8993,0.000000
SMS-EMOA,800,80000,100,15.0000,2256.8461,922.3553,18.5300,2353.2424,940.5880,0.000000
SMS-EMOA,801,80100,100,15.0000,2256.8461,922.3553,18.5300,2353.2424,940.5880,0.000000
SMS-EMOA,802,80200,100,15.0000,2256.8461,922.3553,18.5400,2352.5666,940.3184,0.000000
SMS-EMOA,803,80300,100,15.0000,2256.8461,922.3553,18.5700,2351.8620,940.5880,0.000000
SMS-EMOA,804,80400,100,15.0000,2256.8461,922.3553,18.5100,2351.0112,940.2109,0.000000
SMS-EMOA,805,80500,100,15.0000,2256.8461,922.3553,18.5100,2351.0112,940.2109,0.000000
SMS-EMOA,806,80600,100,15.0000,2256.8461,922.3553,18.5100,2351.0112,940.2109,0.000000
SMS-EMOA,807,80700,100,15.0000,2256.8461,922.3553,18.5100,2350.9456,940.2109,0.000000
SMS-EMOA,808,80800,100,15.0000,2256.8461,922.3553,18.4800,2350.3205,940.5480,0.000000
SMS-EMOA,809,80900,100,15.0000,2256.8461,922.3553,18.4800,2350.3205,940.5480,0.000000
SMS-EMOA,810,81000,100,15.0000,2256.8461,922.3553,18.4800,2350.4965,940.2784,0.000000
SMS-EMOA,811,81100,100,15.0000,2256.8461,922.3553,18.5200,2349.8096,940.0087,0.000000
SMS-EMOA,812,81200,100,15.0000,2256.8461,922.3553,18.5100,2349.6102,940.2784,0.000000
SMS-EMOA,813,81300,100,15.0000,2256.8461,922.3553,18.4800,2349.6128,940.0087,0.000000
SMS-EMOA,814,81400,100,15.0000,2256.8461,922.3553,18.4400,2347.2072,939.6052,0.000000
SMS-EMOA,815,81500,100,15.0000,2256.8461,922.3553,18.4400,2347.1986,939.6052,0.000000
SMS-EMOA,816,81600,100,15.0000,2256.8461,922.3553,18.4400,2347.1986,939.6052,0.000000
SMS-EMOA,817,81700,100,15.0000,2256.8461,922.3553,18.3800,2348.8814,939.0243,0.000000
SMS-EMOA,818,81800,100,15.0000,2256.8461,922.3553,18.3800,2348.8814,939.0243,0.000000
SMS-EMOA,819,81900,100,15.0000,2256.8461,922.3553,18.3600,2348.3330,939.8015,0.000000
SMS-EMOA,820,82000,100,15.0000,2256.8461,922.3553,18.2800,2349.8647,939.8614,0.000000
SMS-EMOA,821,82100,100,15.0000,2256.8461,922.3553,18.2800,2349.7897,939.8614,0.000000
SMS-EMOA,822,82200,100,15.0000,2256.8461,922.3553,18.2400,2350.1311,939.8614,0.000000
SMS-EMOA,823,82300,100,15.0000,2256.8461,922.3553,18.2300,2350.8940,939.8614,0.000000
SMS-EMOA,824,82400,100,15.0000,2256.8461,922.3553,18.2500,2347.1816,939.4432,0.000000
SMS-EMOA,825,82500,100,15.0000,2256.8461,922.3553,18.2800,2344.0585,938.7701,0.000000
SMS-EMOA,826,82600,100,15.0000,2256.8461,922.3553,18.2800,2343.9132,938.5004,0.000000
SMS-EMOA,827,82700,100,15.0000,2256.8461,922.3553,18.3300,2341.5239,938.2617,0.000000
SMS-EMOA,828,82800,100,15.0000,2256.8461,922.3553,18.2400,2341.7851,938.5501,0.000000
SMS-EMOA,829,82900,100,15.0000,2256.8461,922.3553,18.2400,2341.7117,938.8197,0.000000
SMS-EMOA,830,83000,100,15.0000,2256.8461,922.3553,18.1800,2341.3932,938.8197,0.000000
SMS-EMOA,831,83100,100,15.0000,2256.8461,922.3553,18.1700,2339.9235,938.9823,0.000000
SMS-EMOA,832,83200,100,15.0000,2256.8461,922.3553,18.2100,2338.8644,938.4243,0.000000
SMS-EMOA,833,83300,100,15.0000,2256.8461,922.3553,18.1900,2338.8343,938.1936,0.000000
SMS-EMOA,834,83400,100,15.0000,2256.8461,922.3553,18.2400,2337.0187,937.8641,0.000000
SMS-EMOA,835,83500,100,15.0000,2256.8461,922.3553,18.1400,2337.3932,937.6406,0.000000
SMS-EMOA,836,83600,100,15.0000,2256.8461,922.3553,18.0900,2337.2330,937.3710,0.000000
SMS-EMOA,837,83700,100,15.0000,2256.8461,922.3553,18.0900,2336.4796,937.6017,0.000000
SMS-EMOA,838,83800,100,15.0000,2256.8461,922.3553,18.0900,2336.4796,937.6017,0.000000
SMS-EMOA,839,83900,100,15.0000,2256.8461,922.3553,18.0900,2336.2307,937.6017,0.000000
SMS-EMOA,840,84000,100,15.0000,2256.8461,922.3553,18.0300,2336.0702,937.6204,0.000000
SMS-EMOA,841,84100,100,15.0000,2256.8461,922.3553,18.0300,2336.0338,937.6204,0.000000
SMS-EMOA,842,84200,100,15.0000,2256.8461,922.3553,18.0300,2336.0338,937.6204,0.000000
SMS-EMOA,843,84300,100,15.0000,2256.8461,922.3553,18.0300,2335.8348,937.6204,0.000000
SMS-EMOA,844,84400,100,15.0000,2256.8461,922.3553,18.0400,2335.3507,937.6414,0.000000
SMS-EMOA,845,84500,100,15.0000,2256.8461,922.3553,17.9900,2337.7217,937.6414,0.000000
SMS-EMOA,846,84600,100,15.0000,2256.8461,922.3553,17.9900,2336.8588,937.9110,0.000000
SMS-EMOA,847,84700,100,15.0000,2256.8461,922.3553,18.0200,2336.0110,937.0604,0.000000
SMS-EMOA,848,84800,100,15.0000,2256.8461,922.3553,17.9900,2335.5822,937.0149,0.000000
SMS-EMOA,849,84900,100,15.0000,2256.8461,922.3553,17.9800,2334.8788,937.1021,0.000000
SMS-EMOA,850,85000,100,15.0000,2256.8461,922.3553,17.9800,2334.8788,937.1021,0.000000
SMS-EMOA,851,85100,100,15.0000,2256.8461,922.3553,17.9800,2334.8788,937.1021,0.000000
SMS-EMOA,852,85200,100,15.0000,2256.8461,922.3553,18.0300,2333.4189,937.4696,0.000000
SMS-EMOA,853,85300,100,15.0000,2256.8461,922.3553,18.0300,2333.4189,937.4696,0.000000
SMS-EMOA,854,85400,100,15.0000,2256.8461,922.3553,18.0100,2333.9796,937.5541,0.000000
SMS-EMOA,855,85500,100,15.0000,2256.8461,922.3553,18.0100,2333.9796,937.5541,0.000000
SMS-EMOA,856,85600,100,15.0000,2256.8461,922.3553,18.0100,2333.8950,937.5541,0.000000
SMS-EMOA,857,85700,100,15.0000,2256.8461,922.3553,17.9900,2333.6767,937.7553,0.000000
SMS-EMOA,858,85800,100,15.0000,2256.8461,922.3553,18.0000,2331.6815,937.7741,0.000000
SMS-EMOA,859,85900,100,15.0000,2230.1192,922.3553,18.0200,2330.6099,938.0437,0.000000
SMS-EMOA,860,86000,100,15.0000,2230.1192,922.3553,18.0200,2330.6099,938.0437,0.000000
SMS-EMOA,861,86100,100,15.0000,2230.1192,922.3553,18.0300,2330.0046,938.3133,0.000000
SMS-EMOA,862,86200,100,15.0000,2230.1192,922.3553,18.0200,2328.9790,938.3509,0.000000
SMS-EMOA,863,86300,100,15.0000,2230.1192,922.3553,18.0200,2328.6224,938.3509,0.000000
SMS-EMOA,864,86400,100,15.0000,2230.1192,922.3553,18.0300,2328.0261,938.3509,0.000000
SMS-EMOA,865,86500,100,15.0000,2230.1192,922.3553,18.0400,2327.0086,938.3509,0.000000
SMS-EMOA,866,86600,100,15.0000,2230.1192,922.3553,18.0200,2325.8225,938.7327,0.000000
SMS-EMOA,867,86700,100,15.0000,2230.1192,922.3553,17.9400,2325.5337,939.2222,0.000000
SMS-EMOA,868,86800,100,15.0000,2230.1192,922.3553,17.9200,2324.0130,939.8380,0.000000
SMS-EMOA,869,86900,100,15.0000,2230.1192,922.3553,17.8900,2323.7502,940.8107,0.000000
SMS-EMOA,870,87000,100,15.0000,2230.1192,922.3553,17.8000,2322.3608,940.3331,0.000000
SMS-EMOA,871,87100,100,15.0000,2230.1192,922.3553,17.7900,2322.1883,939.7521,0.000000
SMS-EMOA,872,87200,100,15.0000,2230.1192,922.3553,17.7900,2322.1883,939.7521,0.000000
SMS-EMOA,873,87300,100,15.0000,2230.1192,922.3553,17.7900,2321.8282,939.9278,0.000000
SMS-EMOA,874,87400,100,15.0000,2230.1192,922.3553,17.7700,2322.2186,939.7144,0.000000
SMS-EMOA,875,87500,100,15.0000,2230.1192,922.3553,17.7600,2321.1183,939.9840,0.000000
SMS-EMOA,876,87600,100,15.0000,2230.1192,922.3553,17.7400,2321.4000,940.0028,0.000000
SMS-EMOA,877,87700,100,15.0000,2230.1192,922.3553,17.7200,2320.2083,940.0028,0.000000
SMS-EMOA,878,87800,100,15.0000,2230.1192,922.3553,17.7100,2320.1456,939.8204,0.000000
SMS-EMOA,879,87900,100,15.0000,2230.1192,922.3553,17.7300,2319.7132,940.1088,0.000000
SMS-EMOA,880,88000,100,15.0000,2230.1192,922.3553,17.7500,2319.4597,940.1276,0.000000
SMS-EMOA,881,88100,100,15.0000,2230.1192,922.3553,17.7100,2319.4915,940.4160,0.000000
SMS-EMOA,882,88200,100,15.0000,2230.1192,922.3553,17.7600,2317.4556,940.1464,0.000000
SMS-EMOA,883,88300,100,15.0000,2230.1192,922.3553,17.8000,2316.9264,939.8580,0.000000
SMS-EMOA,884,88400,100,15.0000,2230.1192,922.3553,17.7800,2317.4672,939.5884,0.000000
SMS-EMOA,885,88500,100,15.0000,2230.1192,922.3553,17.8300,2316.6290,939.5655,0.000000
SMS-EMOA,886,88600,100,15.0000,2230.1192,922.3553,17.7900,2317.4895,939.5843,0.000000
SMS-EMOA,887,88700,100,15.0000,2230.1192,922.3553,17.7900,2317.4429,939.5843,0.000000
SMS-EMOA,888,88800,100,15.0000,2230.1192,922.3553,17.7300,2318.0489,939.0263,0.000000
SMS-EMOA,889,88900,100,15.0000,2230.1192,922.3553,17.7400,2316.8042,939.2549,0.000000
SMS-EMOA,890,89000,100,15.0000,2230.1192,922.3553,17.7500,2316.2839,939.5245,0.000000
SMS-EMOA,891,89100,100,15.0000,2230.1192,922.3553,17.7900,2312.1560,939.5639,0.000000
SMS-EMOA,892,89200,100,15.0000,2230.1192,922.3553,17.7100,2311.1820,939.2943,0.000000
SMS-EMOA,893,89300,100,15.0000,2230.1192,922.3553,17.7400,2309.7719,938.7362,0.000000
SMS-EMOA,894,89400,100,15.0000,2230.1192,922.3553,17.7400,2309.7719,938.7362,0.000000
SMS-EMOA,895,89500,100,15.0000,2230.1192,922.3553,17.7100,2309.5830,938.6194,0.000000
SMS-EMOA,896,89600,100,15.0000,2230.1192,922.3553,17.6800,2307.4680,938.3874,0.000000
SMS-EMOA,897,89700,100,15.0000,2230.1192,922.3553,17.6600,2307.5929,938.3874,0.000000
SMS-EMOA,898,89800,100,15.0000,2230.1192,922.3553,17.6400,2307.4411,937.8064,0.000000
SMS-EMOA,899,89900,100,15.0000,2230.1192,922.3553,17.6400,2307.4411,937.8064,0.000000
SMS-EMOA,900,90000,100,15.0000,2230.1192,922.3553,17.5800,2306.6081,938.0990,0.000000
SMS-EMOA,901,90100,100,15.0000,2230.1192,922.3553,17.6000,2305.7881,938.0153,0.000000
SMS-EMOA,902,90200,100,15.0000,2230.1192,922.3553,17.6100,2302.7984,938.3374,0.000000
SMS-EMOA,903,90300,100,15.0000,2230.1192,922.3553,17.6400,2301.8403,938.4219,0.000000
SMS-EMOA,904,90400,100,15.0000,2230.1192,922.3553,17.7000,2300.6248,938.1523,0.000000
SMS-EMOA,905,90500,100,15.0000,2226.4828,922.3553,17.7000,2299.3132,938.3747,0.000000
SMS-EMOA,906,90600,100,15.0000,2226.4828,922.3553,17.6800,2298.1925,938.3747,0.000000
SMS-EMOA,907,90700,100,15.0000,2226.4828,922.3553,17.6600,2298.9740,938.6631,0.000000
SMS-EMOA,908,90800,100,15.0000,2226.4828,922.3553,17.6900,2297.6453,938.6443,0.000000
SMS-EMOA,909,90900,100,15.0000,2226.4828,922.3553,17.7100,2297.0090,938.5974,0.000000
SMS-EMOA,910,91000,100,15.0000,2226.4828,922.3553,17.7600,2294.7809,938.3090,0.000000
SMS-EMOA,911,91100,100,15.0000,2226.4828,922.3553,17.7600,2294.7809,938.3090,0.000000
SMS-EMOA,912,91200,100,15.0000,2226.4828,922.3553,17.7600,2294.2653,938.5787,0.000000
SMS-EMOA,913,91300,100,15.0000,2218.3734,922.3553,17.7600,2292.4177,937.9977,0.000000
SMS-EMOA,914,91400,100,15.0000,2218.3734,922.3553,17.7800,2291.7348,938.2861,0.000000
SMS-EMOA,915,91500,100,15.0000,2218.3734,922.3553,17.7600,2291.9994,937.8220,0.000000
SMS-EMOA,916,91600,100,15.0000,2218.3734,922.3553,17.7300,2291.1418,937.8220,0.000000
SMS-EMOA,917,91700,100,15.0000,2218.3734,922.3553,17.8100,2290.6159,937.8032,0.000000
SMS-EMOA,918,91800,100,15.0000,2218.3734,922.3553,17.8100,2290.6159,937.8032,0.000000
SMS-EMOA,919,91900,100,15.0000,2208.2125,922.3553,17.8600,2288.1221,937.3391,0.000000
SMS-EMOA,920,92000,100,15.0000,2208.2125,922.3553,17.8300,2288.1846,937.6088,0.000000
SMS-EMOA,921,92100,100,15.0000,2208.2125,922.3553,17.8300,2288.1846,937.6088,0.000000
SMS-EMOA,922,92200,100,15.0000,2208.2125,922.3553,17.7200,2288.4120,936.7999,0.000000
SMS-EMOA,923,92300,100,15.0000,2208.2125,922.3553,17.7100,2287.1090,937.0883,0.000000
SMS-EMOA,924,92400,100,15.0000,2208.2125,922.3553,17.6800,2286.9835,937.3767,0.000000
SMS-EMOA,925,92500,100,15.0000,2208.2125,922.3553,17.6400,2286.3895,937.6463,0.000000
SMS-EMOA,926,92600,100,15.0000,2208.2125,922.3553,17.5300,2290.6911,937.4411,0.000000
SMS-EMOA,927,92700,100,15.0000,2208.2125,922.3553,17.5200,2288.0534,937.4416,0.000000
SMS-EMOA,928,92800,100,15.0000,2208.2125,922.3553,17.5300,2286.4864,937.4416,0.000000
SMS-EMOA,929,92900,100,15.0000,2208.2125,922.3553,17.5300,2286.4864,937.4416,0.000000
SMS-EMOA,930,93000,100,15.0000,2208.2125,922.3553,17.5300,2286.4864,937.4416,0.000000
SMS-EMOA,931,93100,100,15.0000,2208.2125,922.3553,17.5600,2285.5317,937.1720,0.000000
SMS-EMOA,932,93200,100,15.0000,2208.2125,922.3553,17.5600,2285.4831,937.1720,0.000000
SMS-EMOA,933,93300,100,15.0000,2208.2125,922.3553,17.5600,2285.0596,937.1436,0.000000
SMS-EMOA,934,93400,100,15.0000,2208.2125,922.3553,17.5600,2285.0596,937.1436,0.000000
SMS-EMOA,935,93500,100,15.0000,2208.2125,922.3553,17.6100,2283.7169,937.1436,0.000000
SMS-EMOA,936,93600,100,15.0000,2208.2125,922.3553,17.6000,2282.9917,937.1623,0.000000
SMS-EMOA,937,93700,100,15.0000,2208.2125,922.3553,17.6000,2282.8431,936.8927,0.000000
SMS-EMOA,938,93800,100,15.0000,2208.2125,922.3553,17.5600,2282.7708,937.1623,0.000000
SMS-EMOA,939,93900,100,15.0000,2208.2125,922.3553,17.5600,2282.7708,937.1623,0.000000
SMS-EMOA,940,94000,100,15.0000,2208.2125,922.3553,17.5700,2282.6463,937.1623,0.000000
SMS-EMOA,941,94100,100,15.0000,2208.2125,922.3553,17.5900,2282.2672,937.2201,0.000000
SMS-EMOA,942,94200,100,15.0000,2208.2125,922.3553,17.5900,2282.2672,937.2201,0.000000
SMS-EMOA,943,94300,100,15.0000,2208.2125,922.3553,17.5900,2282.2672,937.2201,0.000000
SMS-EMOA,944,94400,100,15.0000,2208.2125,922.3553,17.5900,2282.2672,937.2201,0.000000
SMS-EMOA,945,94500,100,15.0000,2208.2125,922.3553,17.6100,2281.2844,936.9317,0.000000
SMS-EMOA,946,94600,100,15.0000,2208.2125,922.3553,17.6000,2281.1751,936.9317,0.000000
SMS-EMOA,947,94700,100,15.0000,2208.2125,922.3553,17.5100,2282.0226,936.6620,0.000000
SMS-EMOA,948,94800,100,15.0000,2208.2125,922.3553,17.5000,2281.7430,936.6620,0.000000
SMS-EMOA,949,94900,100,15.0000,2208.2125,922.3553,17.5000,2281.7430,936.6620,0.000000
SMS-EMOA,950,95000,100,15.0000,2208.2125,922.3553,17.5000,2281.7430,936.6620,0.000000
SMS-EMOA,951,95100,100,15.0000,2208.2125,922.3553,17.4900,2280.6119,936.9505,0.000000
SMS-EMOA,952,95200,100,15.0000,2208.2125,922.3553,17.4500,2279.9944,937.2006,0.000000
SMS-EMOA,953,95300,100,15.0000,2208.2125,922.3553,17.5200,2279.0537,936.9122,0.000000
SMS-EMOA,954,95400,100,15.0000,2208.2125,922.3553,17.5200,2279.0537,936.9122,0.000000
SMS-EMOA,955,95500,100,15.0000,2208.2125,922.3553,17.4800,2278.2174,937.4702,0.000000
SMS-EMOA,956,95600,100,15.0000,2191.6090,922.3553,17.4400,2277.7021,937.5962,0.000000
SMS-EMOA,957,95700,100,15.0000,2191.6090,922.3553,17.4000,2278.0626,937.9558,0.000000
SMS-EMOA,958,95800,100,15.0000,2191.6090,922.3553,17.2800,2280.5104,937.9370,0.000000
SMS-EMOA,959,95900,100,15.0000,2191.6090,922.3553,17.2800,2280.5104,937.9370,0.000000
SMS-EMOA,960,96000,100,15.0000,2191.6090,922.3553,17.2800,2280.4840,937.9370,0.000000
SMS-EMOA,961,96100,100,15.0000,2191.6090,922.3553,17.2600,2280.0093,937.9086,0.000000
SMS-EMOA,962,96200,100,15.0000,2191.6090,922.3553,17.2500,2279.6136,938.1072,0.000000
SMS-EMOA,963,96300,100,15.0000,2191.6090,922.3553,17.2800,2279.6257,936.9453,0.000000
SMS-EMOA,964,96400,100,15.0000,2191.6090,922.3553,17.2500,2279.7874,936.9265,0.000000
SMS-EMOA,965,96500,100,15.0000,2191.6090,922.3553,17.2600,2279.3087,936.9265,0.000000
SMS-EMOA,966,96600,100,15.0000,2191.6090,922.3553,17.2600,2279.3087,936.9265,0.000000
SMS-EMOA,967,96700,100,15.0000,2191.6090,922.3553,17.3000,2278.2007,936.9265,0.000000
SMS-EMOA,968,96800,100,15.0000,2191.6090,922.3553,17.3600,2277.5658,936.9077,0.000000
SMS-EMOA,969,96900,100,15.0000,2191.6090,922.3553,17.3600,2277.4792,936.9077,0.000000
SMS-EMOA,970,97000,100,15.0000,2191.6090,922.3553,17.3600,2277.4792,936.9077,0.000000
SMS-EMOA,971,97100,100,15.0000,2191.6090,922.3553,17.3500,2277.7565,936.9077,0.000000
SMS-EMOA,972,97200,100,15.0000,2191.6090,922.3553,17.3400,2277.1394,937.1961,0.000000
SMS-EMOA,973,97300,100,15.0000,2191.6090,922.3553,17.3300,2276.8230,937.2249,0.000000
SMS-EMOA,974,97400,100,15.0000,2191.6090,922.3553,17.3000,2277.5057,936.9135,0.000000
SMS-EMOA,975,97500,100,15.0000,2191.6090,922.3553,17.3000,2277.5057,936.9135,0.000000
SMS-EMOA,976,97600,100,15.0000,2191.6090,922.3553,17.3400,2277.3657,936.0483,0.000000
SMS-EMOA,977,97700,100,15.0000,2191.6090,922.3553,17.3100,2275.6067,936.3367,0.000000
SMS-EMOA,978,97800,100,15.0000,2191.6090,922.3553,17.2800,2274.0188,936.3555,0.000000
SMS-EMOA,979,97900,100,15.0000,2191.6090,922.3553,17.2800,2273.6105,936.3555,0.000000
SMS-EMOA,980,98000,100,15.0000,2191.6090,922.3553,17.3000,2272.4342,936.3555,0.000000
SMS-EMOA,981,98100,100,15.0000,2191.6090,922.3553,17.3500,2271.8997,936.4227,0.000000
SMS-EMOA,982,98200,100,15.0000,2191.6090,922.3553,17.3500,2271.8997,936.4227,0.000000
SMS-EMOA,983,98300,100,15.0000,2191.6090,922.3553,17.3400,2271.7015,936.7111,0.000000
SMS-EMOA,984,98400,100,15.0000,2191.6090,922.3553,17.3000,2271.8739,936.7299,0.000000
SMS-EMOA,985,98500,100,15.0000,2191.6090,922.3553,17.3000,2269.4912,936.4603,0.000000
SMS-EMOA,986,98600,100,15.0000,2191.6090,922.3553,17.3400,2269.2193,936.7528,0.000000
SMS-EMOA,987,98700,100,15.0000,2191.6090,922.3553,17.3400,2269.1130,936.7243,0.000000
SMS-EMOA,988,98800,100,15.0000,2191.6090,922.3553,17.3600,2267.8401,936.7243,0.000000
SMS-EMOA,989,98900,100,15.0000,2191.6090,922.3553,17.3200,2268.0892,936.4735,0.000000
SMS-EMOA,990,99000,100,15.0000,2191.6090,922.3553,17.3200,2268.0892,936.4735,0.000000
SMS-EMOA,991,99100,100,15.0000,2191.6090,922.3553,17.3900,2262.6469,936.2699,0.000000
SMS-EMOA,992,99200,100,15.0000,2191.6090,922.3553,17.3700,2262.1618,936.2699,0.000000
SMS-EMOA,993,99300,100,15.0000,2191.6090,922.3553,17.3700,2262.1443,936.2699,0.000000
SMS-EMOA,994,99400,100,15.0000,2191.6090,922.3553,17.3800,2262.0382,936.0003,0.000000
SMS-EMOA,995,99500,100,15.0000,2191.6090,922.3553,17.4100,2261.9202,936.0003,0.000000
SMS-EMOA,996,99600,100,15.0000,2191.6090,922.3553,17.4100,2261.9202,936.0003,0.000000
SMS-EMOA,997,99700,100,15.0000,2191.6090,922.3553,17.4300,2261.8590,936.0003,0.000000
SMS-EMOA,998,99800,100,15.0000,2191.6090,922.3553,17.4600,2259.5260,936.0873,0.000000
SMS-EMOA,999,99900,100,15.0000,2191.6090,922.3553,17.4200,2259.3538,936.3757,0.000000
SMS-EMOA,1000,100000,100,15.0000,2191.6090,922.3553,17.4500,2257.3967,936.2190,0.000000
