algorithm,generation,n_eval,n_feasible,best_f1,best_f2,best_f3,mean_f1_feas,mean_f2_feas,mean_f3_feas,min_cv_pop
NSGA-II,1,46,2,7.0000,539.2457,1162.8058,7.5000,576.2579,1176.5938,0.000000
NSGA-II,2,146,6,7.0000,528.8009,1162.8058,7.5000,570.1881,1167.4018,0.000000
NSGA-II,3,246,12,6.0000,491.3635,1162.8058,7.2500,561.1814,1167.4018,0.000000
NSGA-II,4,346,17,5.0000,467.1753,1162.8058,6.9412,549.0107,1167.6722,0.000000
NSGA-II,5,446,28,5.0000,467.1753,1162.8058,7.0714,551.0878,1167.7301,0.000000
NSGA-II,6,546,36,5.0000,467.1753,1162.8058,7.0278,553.1815,1168.1678,0.000000
NSGA-II,7,646,42,5.0000,467.1753,1162.8058,7.0238,552.9164,1168.0584,0.000000
NSGA-II,8,746,55,5.0000,467.1753,1162.8058,6.8545,547.3028,1167.8697,0.000000
NSGA-II,9,846,62,5.0000,467.1753,1162.8058,6.8065,543.5958,1167.2980,0.000000
NSGA-II,10,946,66,5.0000,467.1753,1162.8058,6.6061,534.0020,1167.4435,0.000000
NSGA-II,11,1046,59,5.0000,467.1753,1162.8058,6.5085,523.6434,1167.5264,0.000000
NSGA-II,12,1146,57,5.0000,467.1753,1162.8058,6.4035,519.0901,1169.1434,0.000000
NSGA-II,13,1246,58,5.0000,447.2412,1162.8058,6.2586,514.2863,1169.9850,0.000000
NSGA-II,14,1346,61,5.0000,447.2412,1162.8058,6.1967,512.6962,1171.5641,0.000000
NSGA-II,15,1446,62,5.0000,447.2412,1162.8058,6.1290,511.2989,1171.8677,0.000000
NSGA-II,16,1546,65,5.0000,447.2412,1162.8058,6.1077,510.8928,1172.7222,0.000000
NSGA-II,17,1646,69,5.0000,447.2412,1162.8058,6.0435,508.8469,1173.7459,0.000000
NSGA-II,18,1746,73,5.0000,447.2412,1162.8058,5.9726,504.8799,1174.0055,0.000000
NSGA-II,19,1846,72,5.0000,447.2412,1162.8058,5.9028,502.2591,1173.7781,0.000000
NSGA-II,20,1946,68,5.0000,447.2412,1162.8058,5.8529,498.3581,1174.3831,0.000000
NSGA-II,21,2046,65,5.0000,447.2412,1162.8058,5.8154,495.4317,1174.0689,0.000000
NSGA-II,22,2146,65,5.0000,447.2412,1162.8058,5.8154,494.7831,1173.2204,0.000000
NSGA-II,23,2246,62,5.0000,447.2412,1162.8058,5.7581,491.1332,1172.8348,0.000000
NSGA-II,24,2346,60,5.0000,447.2412,1162.8058,5.7000,488.8684,1172.7095,0.000000
NSGA-II,25,2446,58,5.0000,447.2412,1162.8058,5.6552,486.3435,1173.0510,0.000000
NSGA-II,26,2546,59,5.0000,447.2412,1162.8058,5.6441,485.6263,1172.8773,0.000000
NSGA-II,27,2646,62,5.0000,447.2412,1162.8058,5.6129,485.5690,1174.3354,0.000000
NSGA-II,28,2746,62,5.0000,447.2412,1162.8058,5.5968,485.7904,1175.3470,0.000000
NSGA-II,29,2846,63,5.0000,447.2412,1162.8058,5.6032,485.9692,1176.0233,0.000000
NSGA-II,30,2946,62,5.0000,447.2412,1162.8058,5.5968,485.7108,1176.2365,0.000000
NSGA-II,31,3046,59,5.0000,447.2412,1162.8058,5.5593,483.5189,1175.6454,0.000000
NSGA-II,32,3146,59,5.0000,447.2412,1162.8058,5.5593,482.9668,1175.1780,0.000000
NSGA-II,33,3246,59,5.0000,447.2412,1162.8058,5.5593,482.8809,1174.7106,0.000000
NSGA-II,34,3346,60,5.0000,447.2412,1162.8058,5.5167,482.0466,1175.9712,0.000000
NSGA-II,35,3446,60,5.0000,447.2412,1162.8058,5.5167,481.7398,1175.9712,0.000000
NSGA-II,36,3546,67,5.0000,447.2412,1162.8058,5.4776,480.7649,1177.1781,0.000000
NSGA-II,37,3646,69,5.0000,447.2412,1162.8058,5.4493,480.0837,1177.1611,0.000000
NSGA-II,38,3746,77,5.0000,447.2412,1162.8058,5.4026,478.4239,1178.7311,0.000000
NSGA-II,39,3846,79,5.0000,447.2412,1162.8058,5.3924,478.5472,1178.3279,0.000000
NSGA-II,40,3946,79,5.0000,447.2412,1162.8058,5.3671,477.8017,1178.3279,0.000000
NSGA-II,41,4046,84,5.0000,447.2412,1162.8058,5.3571,478.1705,1178.5909,0.000000
NSGA-II,42,4146,87,5.0000,445.7477,1162.8058,5.3678,477.5480,1178.6805,0.000000
NSGA-II,43,4246,87,5.0000,443.4713,1162.8058,5.3563,477.0268,1178.6805,0.000000
NSGA-II,44,4346,90,5.0000,443.4713,1162.8058,5.3444,476.6499,1177.5075,0.000000
NSGA-II,45,4446,90,5.0000,443.4713,1162.8058,5.3111,475.5881,1178.5107,0.000000
NSGA-II,46,4546,90,5.0000,443.4713,1162.8058,5.3000,475.1937,1178.2043,0.000000
NSGA-II,47,4646,91,5.0000,443.4713,1162.8058,5.2967,475.0369,1177.6490,0.000000
NSGA-II,48,4746,92,5.0000,443.4713,1162.8058,5.2935,474.0817,1176.1243,0.000000
NSGA-II,49,4846,92,4.0000,425.9551,1162.8058,5.2500,472.6468,1176.4540,0.000000
NSGA-II,50,4946,91,4.0000,425.9551,1162.8058,5.1978,471.3882,1176.9070,0.000000
NSGA-II,51,5046,92,4.0000,425.9551,1162.8058,5.1957,470.8454,1176.3718,0.000000
NSGA-II,52,5146,92,4.0000,425.9551,1162.8058,5.1957,470.5970,1175.6901,0.000000
NSGA-II,53,5246,92,4.0000,425.9551,1162.8058,5.2174,470.2560,1174.6265,0.000000
NSGA-II,54,5346,92,4.0000,425.9551,1162.8058,5.2065,470.1404,1175.7004,0.000000
NSGA-II,55,5446,91,4.0000,425.9551,1162.8058,5.2198,468.9937,1175.2360,0.000000
NSGA-II,56,5546,91,4.0000,425.9551,1162.8058,5.2198,468.2334,1174.5469,0.000000
NSGA-II,57,5646,91,4.0000,425.9551,1162.8058,5.2198,468.0355,1174.1503,0.000000
NSGA-II,58,5746,91,4.0000,425.9551,1162.8058,5.2308,467.9931,1173.4612,0.000000
NSGA-II,59,5846,90,4.0000,425.9551,1162.8058,5.2333,467.7644,1172.8827,0.000000
NSGA-II,60,5946,89,4.0000,425.9551,1162.8058,5.2247,467.0234,1172.6861,0.000000
NSGA-II,61,6046,88,4.0000,425.9551,1162.8058,5.2045,465.9998,1172.6149,0.000000
NSGA-II,62,6146,88,4.0000,425.9551,1162.8058,5.2045,465.6470,1172.3664,0.000000
NSGA-II,63,6246,87,4.0000,425.9551,1162.8058,5.1954,465.1588,1172.1593,0.000000
NSGA-II,64,6346,87,4.0000,425.9551,1162.8058,5.1954,464.4286,1172.1593,0.000000
NSGA-II,65,6446,87,4.0000,425.9551,1162.8058,5.1954,464.3858,1172.1277,0.000000
NSGA-II,66,6546,87,4.0000,425.9551,1162.8058,5.2069,462.9082,1172.8169,0.000000
NSGA-II,67,6646,87,4.0000,425.9551,1162.8058,5.1954,461.9785,1173.1339,0.000000
NSGA-II,68,6746,86,4.0000,425.9551,1162.8058,5.1860,461.7125,1172.9998,0.000000
NSGA-II,69,6846,86,4.0000,425.9551,1162.8058,5.1860,461.6519,1172.6791,0.000000
NSGA-II,70,6946,86,4.0000,425.9551,1162.8058,5.1860,461.1375,1172.6791,0.000000
NSGA-II,71,7046,86,4.0000,425.9551,1162.8058,5.1977,461.0314,1172.3585,0.000000
NSGA-II,72,7146,86,4.0000,425.9551,1162.8058,5.2093,460.5967,1171.6292,0.000000
NSGA-II,73,7246,85,4.0000,425.9551,1162.8058,5.2000,459.7604,1172.0575,0.000000
NSGA-II,74,7346,85,4.0000,425.9551,1162.8058,5.2118,459.6531,1171.7331,0.000000
NSGA-II,75,7446,85,4.0000,425.9551,1162.8058,5.2118,459.4075,1170.9952,0.000000
NSGA-II,76,7546,85,4.0000,425.9551,1162.8058,5.2000,458.4325,1171.3869,0.000000
NSGA-II,77,7646,85,4.0000,425.9551,1162.8058,5.2000,458.1202,1171.0625,0.000000
NSGA-II,78,7746,85,4.0000,425.9551,1162.8058,5.2000,458.0637,1171.0625,0.000000
NSGA-II,79,7846,84,4.0000,425.9551,1162.8058,5.2024,457.9213,1170.8325,0.000000
NSGA-II,80,7946,84,4.0000,425.9551,1162.8058,5.2024,457.9129,1170.8325,0.000000
NSGA-II,81,8046,83,4.0000,425.9551,1162.8058,5.2169,457.5113,1170.6658,0.000000
NSGA-II,82,8146,83,4.0000,425.9551,1162.8058,5.2048,456.9202,1170.6658,0.000000
NSGA-II,83,8246,83,4.0000,425.9551,1162.8058,5.2169,456.9466,1170.3335,0.000000
NSGA-II,84,8346,83,4.0000,425.9551,1162.8058,5.2048,456.4843,1170.3335,0.000000
NSGA-II,85,8446,82,4.0000,425.9551,1162.8058,5.2073,455.7335,1170.4253,0.000000
NSGA-II,86,8546,82,4.0000,425.9551,1162.8058,5.1829,455.3218,1170.7616,0.000000
NSGA-II,87,8646,82,4.0000,425.9551,1162.8058,5.1829,454.8599,1170.6919,0.000000
NSGA-II,88,8746,82,4.0000,425.9551,1162.8058,5.1829,454.8599,1170.6919,0.000000
NSGA-II,89,8846,83,4.0000,425.9551,1162.8058,5.1687,454.4988,1171.3639,0.000000
NSGA-II,90,8946,83,4.0000,425.9551,1162.8058,5.1566,454.0875,1171.1005,0.000000
NSGA-II,91,9046,83,4.0000,425.9551,1162.8058,5.1566,454.0875,1171.1005,0.000000
NSGA-II,92,9146,83,4.0000,425.9551,1162.8058,5.1566,454.0027,1171.1693,0.000000
NSGA-II,93,9246,83,4.0000,425.9551,1162.8058,5.1566,453.1668,1171.4328,0.000000
NSGA-II,94,9346,83,4.0000,425.9551,1162.8058,5.1446,453.1843,1171.4328,0.000000
NSGA-II,95,9446,83,4.0000,425.9551,1162.8058,5.1566,452.9660,1171.4328,0.000000
NSGA-II,96,9546,81,4.0000,425.9551,1162.8058,5.1358,452.3890,1171.6458,0.000000
NSGA-II,97,9646,81,4.0000,425.9551,1162.8058,5.1358,452.3890,1171.6458,0.000000
NSGA-II,98,9746,81,4.0000,425.9551,1162.8058,5.1481,452.2408,1171.3758,0.000000
NSGA-II,99,9846,81,4.0000,425.9551,1162.8058,5.1481,452.1684,1171.4464,0.000000
NSGA-II,100,9946,81,4.0000,425.9551,1162.8058,5.1235,451.9847,1171.7868,0.000000
NSGA-II,101,10046,81,4.0000,425.9551,1162.8058,5.1111,451.7293,1171.8211,0.000000
NSGA-II,102,10146,81,4.0000,425.9551,1162.8058,5.0864,451.4081,1172.0910,0.000000
NSGA-II,103,10246,80,4.0000,425.9551,1162.8058,5.0875,451.2417,1172.2071,0.000000
NSGA-II,104,10346,80,4.0000,425.9551,1162.8058,5.0625,450.7423,1173.2761,0.000000
NSGA-II,105,10446,80,4.0000,425.9551,1162.8058,5.0625,450.7423,1173.2761,0.000000
NSGA-II,106,10546,80,4.0000,425.9551,1162.8058,5.0625,450.8037,1173.0028,0.000000
NSGA-II,107,10646,79,4.0000,425.9551,1162.8058,5.0633,450.6276,1173.1319,0.000000
NSGA-II,108,10746,78,4.0000,425.9551,1162.8058,5.0513,450.5018,1173.2643,0.000000
NSGA-II,109,10846,79,4.0000,425.9551,1162.8058,5.0506,450.4956,1172.8180,0.000000
NSGA-II,110,10946,79,4.0000,425.9551,1162.8058,5.0506,450.4956,1172.8180,0.000000
NSGA-II,111,11046,77,4.0000,425.9551,1162.8058,5.0130,450.1264,1173.0038,0.000000
NSGA-II,112,11146,77,4.0000,425.9551,1162.8058,5.0130,450.0993,1173.0780,0.000000
NSGA-II,113,11246,77,4.0000,425.9551,1162.8058,5.0130,450.0205,1173.0780,0.000000
NSGA-II,114,11346,77,4.0000,425.9551,1162.8058,5.0130,450.0205,1173.0780,0.000000
NSGA-II,115,11446,77,4.0000,425.9551,1162.8058,5.0130,450.0205,1173.0780,0.000000
NSGA-II,116,11546,77,4.0000,425.9551,1162.8058,5.0130,450.0205,1173.0780,0.000000
NSGA-II,117,11646,75,4.0000,425.9551,1162.8058,4.9733,449.6434,1173.5673,0.000000
NSGA-II,118,11746,76,4.0000,425.9551,1162.8058,4.9868,449.7378,1173.5009,0.000000
NSGA-II,119,11846,76,4.0000,425.9551,1162.8058,4.9868,449.7378,1173.5009,0.000000
NSGA-II,120,11946,76,4.0000,425.9551,1162.8058,4.9737,449.1381,1174.0762,0.000000
NSGA-II,121,12046,76,4.0000,425.9551,1162.8058,4.9737,448.9709,1173.7134,0.000000
NSGA-II,122,12146,76,4.0000,425.9551,1162.8058,4.9605,448.6628,1173.7134,0.000000
NSGA-II,123,12246,76,4.0000,425.9551,1162.8058,4.9605,448.6830,1173.3505,0.000000
NSGA-II,124,12346,76,4.0000,425.9551,1162.8058,4.9605,448.6830,1173.3505,0.000000
NSGA-II,125,12446,77,4.0000,425.9551,1162.8058,4.9610,448.6537,1173.2878,0.000000
NSGA-II,126,12546,77,4.0000,425.9551,1162.8058,4.9610,448.6537,1173.2878,0.000000
NSGA-II,127,12646,77,4.0000,425.9551,1162.8058,4.9481,447.8561,1174.0040,0.000000
NSGA-II,128,12746,77,4.0000,425.9551,1162.8058,4.9481,447.8561,1174.0040,0.000000
NSGA-II,129,12846,77,4.0000,425.9551,1162.8058,4.9481,447.3745,1174.1524,0.000000
NSGA-II,130,12946,77,4.0000,425.9551,1162.8058,4.9481,447.3745,1174.1524,0.000000
NSGA-II,131,13046,77,4.0000,425.9551,1162.8058,4.9481,447.1078,1174.0422,0.000000
NSGA-II,132,13146,76,4.0000,425.9551,1162.8058,4.9474,447.0780,1173.8272,0.000000
NSGA-II,133,13246,76,4.0000,425.9551,1162.8058,4.9474,447.0780,1173.8272,0.000000
NSGA-II,134,13346,76,4.0000,425.9551,1162.8058,4.9474,447.0780,1173.8272,0.000000
NSGA-II,135,13446,74,4.0000,425.9551,1162.8058,4.9459,446.8688,1173.7524,0.000000
NSGA-II,136,13546,76,4.0000,425.9551,1162.8058,4.9211,446.5980,1174.1900,0.000000
NSGA-II,137,13646,76,4.0000,425.9551,1162.8058,4.9211,446.5980,1174.1900,0.000000
NSGA-II,138,13746,76,4.0000,425.9551,1162.8058,4.9211,446.5980,1174.1900,0.000000
NSGA-II,139,13846,77,4.0000,425.9551,1162.8058,4.9221,446.5869,1174.4003,0.000000
NSGA-II,140,13946,77,4.0000,425.9551,1162.8058,4.9221,446.5869,1174.4003,0.000000
NSGA-II,141,14046,78,4.0000,425.9551,1162.8058,4.9231,446.5081,1174.3249,0.000000
NSGA-II,142,14146,78,4.0000,425.9551,1162.8058,4.9231,446.5081,1174.3249,0.000000
NSGA-II,143,14246,78,4.0000,425.9551,1162.8058,4.9103,446.9019,1174.2517,0.000000
NSGA-II,144,14346,79,4.0000,425.9551,1162.8058,4.9114,447.0253,1174.1791,0.000000
NSGA-II,145,14446,78,4.0000,425.9551,1162.8058,4.9103,446.6094,1174.2517,0.000000
NSGA-II,146,14546,78,4.0000,425.9551,1162.8058,4.9103,446.6094,1174.2517,0.000000
NSGA-II,147,14646,78,4.0000,425.9551,1162.8058,4.9103,446.6094,1174.2517,0.000000
NSGA-II,148,14746,79,4.0000,425.9551,1162.8058,4.9114,446.3859,1174.1791,0.000000
NSGA-II,149,14846,81,4.0000,425.9551,1162.8058,4.9136,446.7391,1174.3092,0.000000
NSGA-II,150,14946,81,4.0000,425.9551,1162.8058,4.9136,446.7389,1173.9688,0.000000
NSGA-II,151,15046,83,4.0000,425.9551,1162.8058,4.9157,447.0156,1174.0320,0.000000
NSGA-II,152,15146,83,4.0000,425.9551,1162.8058,4.9277,446.9133,1174.1009,0.000000
NSGA-II,153,15246,83,4.0000,425.9551,1162.8058,4.9277,446.8598,1174.1009,0.000000
NSGA-II,154,15346,83,4.0000,425.9551,1162.8058,4.9277,446.6848,1174.4331,0.000000
NSGA-II,155,15446,84,4.0000,425.9551,1162.8058,4.9286,446.4414,1174.4870,0.000000
NSGA-II,156,15546,84,4.0000,425.9551,1162.8058,4.9286,446.2924,1174.7822,0.000000
NSGA-II,157,15646,84,4.0000,425.9551,1162.8058,4.9286,446.0925,1174.7822,0.000000
NSGA-II,158,15746,84,4.0000,425.9551,1162.8058,4.9048,445.7321,1175.0425,0.000000
NSGA-II,159,15846,84,4.0000,425.9551,1162.8058,4.9048,445.5785,1175.3708,0.000000
NSGA-II,160,15946,84,4.0000,425.9551,1162.8058,4.9048,445.5785,1175.3708,0.000000
NSGA-II,161,16046,83,4.0000,425.9551,1162.8058,4.9036,445.5399,1175.1899,0.000000
NSGA-II,162,16146,83,4.0000,425.9551,1162.8058,4.9036,445.5399,1175.1899,0.000000
NSGA-II,163,16246,83,4.0000,425.9551,1162.8058,4.9036,445.5399,1175.1899,0.000000
NSGA-II,164,16346,85,4.0000,425.9551,1162.8058,4.9059,445.5028,1174.9657,0.000000
NSGA-II,165,16446,85,4.0000,425.9551,1162.8058,4.9059,445.5028,1174.9657,0.000000
NSGA-II,166,16546,85,4.0000,425.9551,1162.8058,4.9059,445.5028,1174.9657,0.000000
NSGA-II,167,16646,85,4.0000,425.9551,1162.8058,4.9059,445.5028,1174.9657,0.000000
NSGA-II,168,16746,85,4.0000,425.9551,1162.8058,4.9059,445.5028,1174.9657,0.000000
NSGA-II,169,16846,84,4.0000,425.9551,1162.8058,4.8929,445.3752,1175.0425,0.000000
NSGA-II,170,16946,84,4.0000,425.9551,1162.8058,4.8929,445.3752,1175.0425,0.000000
NSGA-II,171,17046,84,4.0000,425.9551,1162.8058,4.8929,445.4004,1174.7142,0.000000
NSGA-II,172,17146,84,4.0000,425.9551,1162.8058,4.8929,445.4004,1174.7142,0.000000
NSGA-II,173,17246,85,4.0000,425.9551,1162.8058,4.8941,445.5327,1174.6413,0.000000
NSGA-II,174,17346,85,4.0000,425.9551,1162.8058,4.8941,445.3740,1174.9657,0.000000
NSGA-II,175,17446,85,4.0000,425.9551,1162.8058,4.8941,445.2458,1175.2230,0.000000
NSGA-II,176,17546,86,4.0000,425.9551,1162.8058,4.8953,445.3115,1175.0786,0.000000
NSGA-II,177,17646,87,4.0000,425.9551,1162.8058,4.8966,445.3244,1175.0032,0.000000
NSGA-II,178,17746,87,4.0000,425.9551,1162.8058,4.8966,445.3244,1175.0032,0.000000
NSGA-II,179,17846,87,4.0000,425.9551,1162.8058,4.8966,445.3244,1175.0032,0.000000
NSGA-II,180,17946,87,4.0000,425.9551,1162.8058,4.8966,445.3244,1175.0032,0.000000
NSGA-II,181,18046,88,4.0000,425.9551,1162.8058,4.8977,445.3369,1174.9295,0.000000
NSGA-II,182,18146,89,4.0000,425.9551,1162.8058,4.8876,445.0927,1174.8574,0.000000
NSGA-II,183,18246,89,4.0000,425.9551,1162.8058,4.8876,445.0927,1174.8574,0.000000
NSGA-II,184,18346,89,4.0000,425.9551,1162.8058,4.8876,445.0516,1174.8574,0.000000
NSGA-II,185,18446,89,4.0000,425.9551,1162.8058,4.8876,445.0221,1174.8574,0.000000
NSGA-II,186,18546,89,4.0000,425.9551,1162.8058,4.8876,444.8662,1174.9216,0.000000
NSGA-II,187,18646,89,4.0000,425.9551,1162.8058,4.8876,444.8662,1174.9216,0.000000
NSGA-II,188,18746,89,4.0000,425.9551,1162.8058,4.8876,444.8662,1174.9216,0.000000
NSGA-II,189,18846,89,4.0000,425.9551,1162.8058,4.8876,444.8662,1174.9216,0.000000
NSGA-II,190,18946,89,4.0000,425.9551,1162.8058,4.8876,444.8662,1174.9216,0.000000
NSGA-II,191,19046,89,4.0000,425.9551,1162.8058,4.8876,444.7828,1174.9216,0.000000
NSGA-II,192,19146,89,4.0000,425.9551,1162.8058,4.8876,444.6993,1174.9216,0.000000
NSGA-II,193,19246,89,4.0000,425.9551,1162.8058,4.8876,444.6993,1174.9216,0.000000
NSGA-II,194,19346,89,4.0000,425.9551,1162.8058,4.8876,444.6993,1174.9216,0.000000
NSGA-II,195,19446,89,4.0000,425.9551,1162.8058,4.8876,444.5579,1175.2315,0.000000
NSGA-II,196,19546,89,4.0000,425.9551,1162.8058,4.8876,444.5579,1175.2315,0.000000
NSGA-II,197,19646,89,4.0000,425.9551,1162.8058,4.8876,444.5168,1175.2315,0.000000
NSGA-II,198,19746,90,4.0000,425.9551,1162.8058,4.8889,444.4335,1175.1569,0.000000
NSGA-II,199,19846,90,4.0000,425.9551,1162.8058,4.8889,444.4335,1175.1569,0.000000
NSGA-II,200,19946,89,4.0000,425.9551,1162.8058,4.8876,444.4188,1174.9858,0.000000
NSGA-II,201,20046,89,4.0000,425.9551,1162.8058,4.8876,444.4188,1174.9858,0.000000
NSGA-II,202,20146,89,4.0000,425.9551,1162.8058,4.8876,444.4188,1174.9858,0.000000
NSGA-II,203,20246,88,4.0000,425.9551,1162.8058,4.8864,444.4037,1174.8109,0.000000
NSGA-II,204,20346,88,4.0000,425.9551,1162.8058,4.8864,444.4037,1174.8109,0.000000
NSGA-II,205,20446,88,4.0000,425.9551,1162.8058,4.8864,444.3621,1174.8109,0.000000
NSGA-II,206,20546,89,4.0000,425.9551,1162.8058,4.8876,444.4356,1174.6760,0.000000
NSGA-II,207,20646,89,4.0000,425.9551,1162.8058,4.8876,444.4356,1174.6760,0.000000
NSGA-II,208,20746,89,4.0000,425.9551,1162.8058,4.8876,444.4356,1174.6760,0.000000
NSGA-II,209,20846,89,4.0000,425.9551,1162.8058,4.8876,444.4356,1174.6760,0.000000
NSGA-II,210,20946,89,4.0000,425.9551,1162.8058,4.8876,444.4356,1174.6760,0.000000
NSGA-II,211,21046,89,4.0000,425.9551,1162.8058,4.8876,444.3777,1174.9858,0.000000
NSGA-II,212,21146,89,4.0000,425.9551,1162.8058,4.8876,444.3777,1174.9858,0.000000
NSGA-II,213,21246,89,4.0000,425.9551,1162.8058,4.8876,444.3777,1174.9858,0.000000
NSGA-II,214,21346,89,4.0000,425.9551,1162.8058,4.8876,444.3198,1175.2957,0.000000
NSGA-II,215,21446,89,4.0000,425.9551,1162.8058,4.8876,444.3198,1175.2957,0.000000
NSGA-II,216,21546,89,4.0000,425.9551,1162.8058,4.8876,444.3198,1175.2957,0.000000
NSGA-II,217,21646,88,4.0000,425.9551,1162.8058,4.8864,444.2450,1175.4376,0.000000
NSGA-II,218,21746,88,4.0000,425.9551,1162.8058,4.8864,444.2450,1175.4376,0.000000
NSGA-II,219,21846,88,4.0000,425.9551,1162.8058,4.8864,444.2450,1175.4376,0.000000
NSGA-II,220,21946,88,4.0000,425.9551,1162.8058,4.8864,444.2450,1175.4376,0.000000
NSGA-II,221,22046,88,4.0000,425.9551,1162.8058,4.8864,444.2254,1175.1242,0.000000
NSGA-II,222,22146,88,4.0000,425.9551,1162.8058,4.8864,444.2254,1175.1242,0.000000
NSGA-II,223,22246,88,4.0000,425.9551,1162.8058,4.8864,444.2254,1175.1242,0.000000
NSGA-II,224,22346,88,4.0000,425.9551,1162.8058,4.8864,444.2254,1175.1242,0.000000
NSGA-II,225,22446,88,4.0000,425.9551,1162.8058,4.8864,444.2254,1175.1242,0.000000
NSGA-II,226,22546,88,4.0000,425.9551,1162.8058,4.8864,444.2254,1175.1242,0.000000
NSGA-II,227,22646,88,4.0000,425.9551,1162.8058,4.8864,444.1602,1175.4376,0.000000
NSGA-II,228,22746,88,4.0000,425.9551,1162.8058,4.8864,444.1602,1175.4376,0.000000
NSGA-II,229,22846,88,4.0000,425.9551,1162.8058,4.8864,444.1016,1175.7509,0.000000
NSGA-II,230,22946,88,4.0000,425.9551,1162.8058,4.8864,444.1016,1175.7509,0.000000
NSGA-II,231,23046,88,4.0000,425.9551,1162.8058,4.8864,444.0758,1175.4376,0.000000
NSGA-II,232,23146,88,4.0000,425.9551,1162.8058,4.8864,444.0758,1175.4376,0.000000
NSGA-II,233,23246,88,4.0000,425.9551,1162.8058,4.8864,444.0758,1175.4376,0.000000
NSGA-II,234,23346,88,4.0000,425.9551,1162.8058,4.8864,444.0758,1175.4376,0.000000
NSGA-II,235,23446,88,4.0000,425.9551,1162.8058,4.8864,444.0758,1175.4376,0.000000
NSGA-II,236,23546,88,4.0000,425.9551,1162.8058,4.8864,444.0758,1175.4376,0.000000
NSGA-II,237,23646,88,4.0000,425.9551,1162.8058,4.8864,444.0499,1175.1242,0.000000
NSGA-II,238,23746,88,4.0000,425.9551,1162.8058,4.8864,444.0576,1174.8758,0.000000
NSGA-II,239,23846,88,4.0000,425.9551,1162.8058,4.8864,443.9732,1174.8758,0.000000
NSGA-II,240,23946,88,4.0000,425.9551,1162.8058,4.8864,443.9732,1174.8758,0.000000
NSGA-II,241,24046,88,4.0000,425.9551,1162.8058,4.8864,443.9732,1174.8758,0.000000
NSGA-II,242,24146,88,4.0000,425.9551,1162.8058,4.8864,443.9732,1174.8758,0.000000
NSGA-II,243,24246,88,4.0000,425.9551,1162.8058,4.8864,443.9732,1174.8758,0.000000
NSGA-II,244,24346,88,4.0000,425.9551,1162.8058,4.8864,443.9732,1174.8758,0.000000
NSGA-II,245,24446,88,4.0000,425.9551,1162.8058,4.8864,443.9732,1174.8758,0.000000
NSGA-II,246,24546,88,4.0000,425.9551,1162.8058,4.8864,443.9732,1174.8758,0.000000
NSGA-II,247,24646,88,4.0000,425.9551,1162.8058,4.8864,443.9732,1174.8758,0.000000
NSGA-II,248,24746,88,4.0000,425.9551,1162.8058,4.8864,443.9732,1174.8758,0.000000
NSGA-II,249,24846,88,4.0000,425.9551,1162.8058,4.8864,443.9732,1174.8758,0.000000
NSGA-II,250,24946,88,4.0000,425.9551,1162.8058,4.8864,443.9732,1174.8758,0.000000
NSGA-II,251,25046,88,4.0000,425.9551,1162.8058,4.8864,443.9732,1174.8758,0.000000
NSGA-II,252,25146,87,4.0000,425.9551,1162.8058,4.8851,443.9460,1174.6975,0.000000
NSGA-II,253,25246,87,4.0000,425.9551,1162.8058,4.8851,443.8458,1174.4462,0.000000
NSGA-II,254,25346,87,4.0000,425.9551,1162.8058,4.8851,443.8458,1174.4462,0.000000
NSGA-II,255,25446,87,4.0000,425.9551,1162.8058,4.8736,443.6183,1174.4462,0.000000
NSGA-II,256,25546,87,4.0000,425.9551,1162.8058,4.8736,443.6183,1174.4462,0.000000
NSGA-II,257,25646,87,4.0000,425.9551,1162.8058,4.8736,443.6115,1174.4462,0.000000
NSGA-II,258,25746,87,4.0000,425.9551,1162.8058,4.8736,443.6115,1174.4462,0.000000
NSGA-II,259,25846,87,4.0000,425.9551,1162.8058,4.8736,443.6115,1174.4462,0.000000
NSGA-II,260,25946,87,4.0000,425.9551,1162.8058,4.8736,443.8713,1173.4953,0.000000
NSGA-II,261,26046,87,4.0000,425.9551,1162.8058,4.8736,443.6292,1173.4953,0.000000
NSGA-II,262,26146,87,4.0000,425.9551,1162.8058,4.8851,443.7565,1173.2440,0.000000
NSGA-II,263,26246,87,4.0000,425.9551,1162.8058,4.8736,443.7545,1173.2440,0.000000
NSGA-II,264,26346,87,4.0000,425.9551,1162.8058,4.8736,443.7717,1172.9271,0.000000
NSGA-II,265,26446,87,4.0000,425.9551,1162.8058,4.8736,443.7717,1172.9271,0.000000
NSGA-II,266,26546,87,4.0000,425.9551,1162.8058,4.8736,443.7717,1172.9271,0.000000
NSGA-II,267,26646,87,4.0000,425.9551,1162.8058,4.8736,443.7717,1172.9271,0.000000
NSGA-II,268,26746,87,4.0000,425.9551,1162.8058,4.8736,443.7717,1172.9271,0.000000
NSGA-II,269,26846,88,4.0000,425.9551,1162.8058,4.8750,443.8527,1172.8121,0.000000
NSGA-II,270,26946,88,4.0000,425.9551,1162.8058,4.8636,443.7854,1172.7471,0.000000
NSGA-II,271,27046,87,4.0000,425.9551,1162.8058,4.8621,443.7629,1172.5445,0.000000
NSGA-II,272,27146,87,4.0000,425.9551,1162.8058,4.8621,443.6552,1172.5445,0.000000
NSGA-II,273,27246,87,4.0000,425.9551,1162.8058,4.8621,443.6552,1172.5445,0.000000
NSGA-II,274,27346,87,4.0000,425.9551,1162.8058,4.8621,443.6552,1172.5445,0.000000
NSGA-II,275,27446,88,4.0000,425.9551,1162.8058,4.8636,443.6960,1172.4338,0.000000
NSGA-II,276,27546,88,4.0000,425.9551,1162.8058,4.8523,443.4125,1172.7471,0.000000
NSGA-II,277,27646,88,4.0000,425.9551,1162.8058,4.8523,443.4125,1172.7471,0.000000
NSGA-II,278,27746,88,4.0000,425.9551,1162.8058,4.8523,443.4125,1172.7471,0.000000
NSGA-II,279,27846,88,4.0000,425.9551,1162.8058,4.8523,443.4125,1172.7471,0.000000
NSGA-II,280,27946,88,4.0000,425.9551,1162.8058,4.8523,443.4125,1172.7471,0.000000
NSGA-II,281,28046,88,4.0000,425.9551,1162.8058,4.8523,443.4125,1172.7471,0.000000
NSGA-II,282,28146,88,4.0000,425.9551,1162.8058,4.8523,443.4125,1172.7471,0.000000
NSGA-II,283,28246,88,4.0000,425.9551,1162.8058,4.8523,443.4125,1172.7471,0.000000
NSGA-II,284,28346,88,4.0000,425.9551,1162.8058,4.8523,443.2548,1172.8121,0.000000
NSGA-II,285,28446,88,4.0000,425.9551,1162.8058,4.8523,443.1704,1172.8121,0.000000
NSGA-II,286,28546,87,4.0000,425.9551,1162.8058,4.8506,443.1408,1172.6101,0.000000
NSGA-II,287,28646,87,4.0000,425.9551,1162.8058,4.8506,443.1408,1172.6101,0.000000
NSGA-II,288,28746,87,4.0000,425.9551,1162.8058,4.8506,443.0987,1172.6101,0.000000
NSGA-II,289,28846,87,4.0000,425.9551,1162.8058,4.8506,443.0987,1172.6101,0.000000
NSGA-II,290,28946,87,4.0000,425.9551,1162.8058,4.8506,443.0987,1172.6101,0.000000
NSGA-II,291,29046,87,4.0000,425.9551,1162.8058,4.8506,443.0987,1172.6101,0.000000
NSGA-II,292,29146,87,4.0000,425.9551,1162.8058,4.8506,443.0987,1172.6101,0.000000
NSGA-II,293,29246,87,4.0000,425.9551,1162.8058,4.8506,443.0987,1172.6101,0.000000
NSGA-II,294,29346,87,4.0000,425.9551,1162.8058,4.8506,443.0987,1172.6101,0.000000
NSGA-II,295,29446,87,4.0000,425.9551,1162.8058,4.8506,443.0987,1172.6101,0.000000
NSGA-II,296,29546,87,4.0000,425.9551,1162.8058,4.8506,443.0987,1172.6101,0.000000
NSGA-II,297,29646,87,4.0000,425.9551,1162.8058,4.8506,442.9985,1172.3588,0.000000
NSGA-II,298,29746,87,4.0000,425.9551,1162.8058,4.8506,442.9403,1172.4245,0.000000
NSGA-II,299,29846,87,4.0000,425.9551,1162.8058,4.8506,442.9995,1172.1075,0.000000
NSGA-II,300,29946,87,4.0000,425.9551,1162.8058,4.8506,442.9995,1172.1075,0.000000
NSGA-II,301,30046,87,4.0000,425.9551,1162.8058,4.8506,442.9141,1172.1075,0.000000
NSGA-II,302,30146,87,4.0000,425.9551,1162.8058,4.8506,442.9141,1172.1075,0.000000
NSGA-II,303,30246,87,4.0000,425.9551,1162.8058,4.8506,442.8851,1172.4245,0.000000
NSGA-II,304,30346,87,4.0000,425.9551,1162.8058,4.8506,442.8851,1172.4245,0.000000
NSGA-II,305,30446,87,4.0000,425.9551,1162.8058,4.8506,442.8851,1172.4245,0.000000
NSGA-II,306,30546,87,4.0000,425.9551,1162.8058,4.8506,442.8851,1172.4245,0.000000
NSGA-II,307,30646,87,4.0000,425.9551,1162.8058,4.8506,442.8851,1172.4245,0.000000
NSGA-II,308,30746,87,4.0000,425.9551,1162.8058,4.8506,442.8851,1172.4245,0.000000
NSGA-II,309,30846,87,4.0000,425.9551,1162.8058,4.8506,442.8851,1172.4245,0.000000
NSGA-II,310,30946,87,4.0000,425.9551,1162.8058,4.8506,442.8851,1172.4245,0.000000
NSGA-II,311,31046,87,4.0000,425.9551,1162.8058,4.8506,442.8018,1172.4901,0.000000
NSGA-II,312,31146,87,4.0000,425.9551,1162.8058,4.8506,442.8018,1172.4901,0.000000
NSGA-II,313,31246,88,4.0000,425.9551,1162.8058,4.8523,442.8353,1172.6935,0.000000
NSGA-II,314,31346,87,4.0000,425.9551,1162.8058,4.8506,442.7728,1172.8071,0.000000
NSGA-II,315,31446,88,4.0000,425.9551,1162.8058,4.8636,443.5363,1172.4450,0.000000
NSGA-II,316,31546,88,4.0000,425.9551,1162.8058,4.8523,442.9847,1172.8551,0.000000
NSGA-II,317,31646,87,4.0000,425.9551,1162.8058,4.8391,442.8257,1172.9049,0.000000
NSGA-II,318,31746,87,4.0000,425.9551,1162.8058,4.8276,442.4313,1173.2219,0.000000
NSGA-II,319,31846,87,4.0000,425.9551,1162.8058,4.8276,442.4313,1173.2219,0.000000
NSGA-II,320,31946,87,4.0000,425.9551,1162.8058,4.8276,442.4313,1173.2219,0.000000
NSGA-II,321,32046,87,4.0000,425.9551,1162.8058,4.8276,442.4313,1173.2219,0.000000
NSGA-II,322,32146,87,4.0000,425.9551,1162.8058,4.8276,442.4313,1173.2219,0.000000
NSGA-II,323,32246,87,4.0000,425.9551,1162.8058,4.8276,442.4245,1173.2219,0.000000
NSGA-II,324,32346,87,4.0000,425.9551,1162.8058,4.8161,442.1813,1173.7245,0.000000
NSGA-II,325,32446,87,4.0000,425.9551,1162.8058,4.8046,441.9538,1173.7245,0.000000
NSGA-II,326,32546,86,4.0000,425.9551,1162.8058,4.8023,441.8803,1173.8514,0.000000
NSGA-II,327,32646,86,4.0000,425.9551,1162.8058,4.8023,441.8803,1173.8514,0.000000
NSGA-II,328,32746,86,4.0000,425.9551,1162.8058,4.8023,441.7710,1173.8514,0.000000
NSGA-II,329,32846,86,4.0000,425.9551,1162.8058,4.8023,441.7710,1173.8514,0.000000
NSGA-II,330,32946,86,4.0000,425.9551,1162.8058,4.8023,441.7710,1173.8514,0.000000
NSGA-II,331,33046,86,4.0000,425.9551,1162.8058,4.8023,441.7710,1173.8514,0.000000
NSGA-II,332,33146,87,4.0000,425.9551,1162.8058,4.8046,441.8245,1173.7901,0.000000
NSGA-II,333,33246,87,4.0000,425.9551,1162.8058,4.8046,441.7164,1173.7901,0.000000
NSGA-II,334,33346,87,4.0000,425.9551,1162.8058,4.8046,441.7164,1173.7901,0.000000
NSGA-II,335,33446,87,4.0000,425.9551,1162.8058,4.8046,441.7164,1173.7901,0.000000
NSGA-II,336,33546,87,4.0000,425.9551,1162.8058,4.8046,441.7164,1173.7901,0.000000
NSGA-II,337,33646,87,4.0000,425.9551,1162.8058,4.8046,441.7164,1173.7901,0.000000
NSGA-II,338,33746,87,4.0000,425.9551,1162.8058,4.7931,441.4811,1174.0414,0.000000
NSGA-II,339,33846,87,4.0000,425.9551,1162.8058,4.7931,441.4811,1174.0414,0.000000
NSGA-II,340,33946,87,4.0000,425.9551,1162.8058,4.7931,441.4811,1174.0414,0.000000
NSGA-II,341,34046,87,4.0000,425.9551,1162.8058,4.7931,441.4811,1174.0414,0.000000
NSGA-II,342,34146,87,4.0000,425.9551,1162.8058,4.7816,441.1377,1174.2927,0.000000
NSGA-II,343,34246,87,4.0000,425.9551,1162.8058,4.7816,441.1377,1174.2927,0.000000
NSGA-II,344,34346,87,4.0000,425.9551,1162.8058,4.7816,441.1377,1174.2927,0.000000
NSGA-II,345,34446,88,4.0000,425.9551,1162.8058,4.7727,440.9106,1174.4756,0.000000
NSGA-II,346,34546,89,4.0000,425.9551,1162.8058,4.7753,440.9649,1174.6543,0.000000
NSGA-II,347,34646,88,4.0000,425.9551,1162.8058,4.7727,440.9106,1174.4756,0.000000
NSGA-II,348,34746,88,4.0000,425.9551,1162.8058,4.7727,440.8818,1174.7889,0.000000
NSGA-II,349,34846,89,4.0000,425.9551,1162.8058,4.7753,440.9365,1174.9641,0.000000
NSGA-II,350,34946,89,4.0000,425.9551,1162.8058,4.7753,440.9365,1174.9641,0.000000
NSGA-II,351,35046,89,4.0000,425.9551,1162.8058,4.7753,440.9365,1174.9641,0.000000
NSGA-II,352,35146,89,4.0000,425.9551,1162.8058,4.7865,441.0543,1174.7185,0.000000
NSGA-II,353,35246,89,4.0000,425.9551,1162.8058,4.7753,441.0997,1174.6543,0.000000
NSGA-II,354,35346,89,4.0000,425.9551,1162.8058,4.7753,440.9944,1174.6543,0.000000
NSGA-II,355,35446,88,4.0000,425.9551,1162.8058,4.7727,440.8818,1174.7889,0.000000
NSGA-II,356,35546,89,4.0000,425.9551,1162.8058,4.7753,440.8319,1174.7185,0.000000
NSGA-II,357,35646,89,4.0000,425.9551,1162.8058,4.7753,440.8319,1174.7185,0.000000
NSGA-II,358,35746,89,4.0000,425.9551,1162.8058,4.7753,440.8319,1174.7185,0.000000
NSGA-II,359,35846,89,4.0000,425.9551,1162.8058,4.7753,440.8319,1174.7185,0.000000
NSGA-II,360,35946,89,4.0000,425.9551,1162.8058,4.7753,440.8319,1174.7185,0.000000
NSGA-II,361,36046,89,4.0000,425.9551,1162.8058,4.7753,440.8319,1174.7185,0.000000
NSGA-II,362,36146,90,4.0000,425.9551,1162.8058,4.7778,440.8612,1174.5861,0.000000
NSGA-II,363,36246,90,4.0000,425.9551,1162.8058,4.7778,440.8612,1174.5861,0.000000
NSGA-II,364,36346,90,4.0000,425.9551,1162.8058,4.7778,440.8612,1174.5861,0.000000
NSGA-II,365,36446,90,4.0000,425.9551,1162.8058,4.7778,440.8612,1174.5861,0.000000
NSGA-II,366,36546,90,4.0000,425.9551,1162.8058,4.7778,440.8612,1174.5861,0.000000
NSGA-II,367,36646,90,4.0000,425.9551,1162.8058,4.7778,440.8612,1174.5861,0.000000
NSGA-II,368,36746,90,4.0000,425.9551,1162.8058,4.7778,440.8612,1174.5861,0.000000
NSGA-II,369,36846,90,4.0000,425.9551,1162.8058,4.7778,440.8612,1174.5861,0.000000
NSGA-II,370,36946,90,4.0000,425.9551,1162.8058,4.7778,440.8612,1174.5861,0.000000
NSGA-II,371,37046,96,4.0000,425.9551,1162.8058,4.7812,441.4249,1174.7711,0.000000
NSGA-II,372,37146,96,4.0000,425.9551,1162.8058,4.7917,441.4583,1174.7116,0.000000
NSGA-II,373,37246,96,4.0000,425.9551,1162.8058,4.7917,441.4583,1174.7116,0.000000
NSGA-II,374,37346,96,4.0000,425.9551,1162.8058,4.7917,441.4583,1174.7116,0.000000
NSGA-II,375,37446,96,4.0000,425.9551,1162.8058,4.7917,441.4206,1174.7116,0.000000
NSGA-II,376,37546,96,4.0000,425.9551,1162.8058,4.7917,441.3997,1174.7405,0.000000
NSGA-II,377,37646,96,4.0000,425.9551,1162.8058,4.7812,441.0852,1174.7711,0.000000
NSGA-II,378,37746,95,4.0000,425.9551,1162.8058,4.7684,440.8877,1174.8971,0.000000
NSGA-II,379,37846,96,4.0000,425.9551,1162.8058,4.7708,440.9146,1174.7711,0.000000
NSGA-II,380,37946,96,4.0000,425.9551,1162.8058,4.7708,440.9146,1174.7711,0.000000
NSGA-II,381,38046,96,4.0000,425.9551,1162.8058,4.7708,440.9146,1174.7711,0.000000
NSGA-II,382,38146,96,4.0000,425.9551,1162.8058,4.7708,440.9146,1174.7711,0.000000
NSGA-II,383,38246,96,4.0000,425.9551,1162.8058,4.7708,440.9146,1174.7711,0.000000
NSGA-II,384,38346,96,4.0000,425.9551,1162.8058,4.7708,440.9146,1174.7711,0.000000
NSGA-II,385,38446,96,4.0000,425.9551,1162.8058,4.7708,440.9146,1174.7711,0.000000
NSGA-II,386,38546,96,4.0000,425.9551,1162.8058,4.7708,440.9146,1174.7711,0.000000
NSGA-II,387,38646,96,4.0000,425.9551,1162.8058,4.7708,440.9146,1174.7711,0.000000
NSGA-II,388,38746,96,4.0000,425.9551,1162.8058,4.7708,440.9146,1174.7711,0.000000
NSGA-II,389,38846,96,4.0000,425.9551,1162.8058,4.7708,440.9146,1174.7711,0.000000
NSGA-II,390,38946,97,4.0000,425.9551,1162.8058,4.7732,440.9410,1174.6478,0.000000
NSGA-II,391,39046,97,4.0000,425.9551,1162.8058,4.7732,440.9410,1174.6478,0.000000
NSGA-II,392,39146,97,4.0000,425.9551,1162.8058,4.7732,440.9410,1174.6478,0.000000
NSGA-II,393,39246,97,4.0000,425.9551,1162.8058,4.7732,440.9410,1174.6478,0.000000
NSGA-II,394,39346,97,4.0000,425.9551,1162.8058,4.7732,440.9410,1174.6478,0.000000
NSGA-II,395,39446,97,4.0000,425.9551,1162.8058,4.7732,440.9410,1174.6478,0.000000
NSGA-II,396,39546,97,4.0000,425.9551,1162.8058,4.7732,440.9410,1174.6478,0.000000
NSGA-II,397,39646,97,4.0000,425.9551,1162.8058,4.7732,440.9410,1174.6478,0.000000
NSGA-II,398,39746,98,4.0000,425.9551,1162.8058,4.7755,440.9668,1174.5269,0.000000
NSGA-II,399,39846,98,4.0000,425.9551,1162.8058,4.7755,440.8910,1174.5269,0.000000
NSGA-II,400,39946,99,4.0000,425.9551,1162.8058,4.7778,441.0867,1174.4085,0.000000
NSGA-II,401,40046,100,4.0000,425.9551,1162.8058,4.7800,441.1424,1174.2925,0.000000
NSGA-II,402,40146,100,4.0000,425.9551,1162.8058,4.7800,441.1424,1174.2925,0.000000
NSGA-II,403,40246,100,4.0000,425.9551,1162.8058,4.7800,441.1424,1174.2925,0.000000
NSGA-II,404,40346,100,4.0000,425.9551,1162.8058,4.7800,441.1424,1174.2925,0.000000
NSGA-II,405,40446,100,4.0000,425.9551,1162.8058,4.7800,441.1424,1174.2925,0.000000
NSGA-II,406,40546,100,4.0000,425.9551,1162.8058,4.7800,441.0487,1174.2925,0.000000
NSGA-II,407,40646,100,4.0000,425.9551,1162.8058,4.7800,441.0225,1174.2925,0.000000
NSGA-II,408,40746,100,4.0000,425.9551,1162.8058,4.7800,441.0225,1174.2925,0.000000
NSGA-II,409,40846,100,4.0000,425.9551,1162.8058,4.7800,441.0225,1174.2925,0.000000
NSGA-II,410,40946,99,4.0000,425.9551,1162.8058,4.7778,440.9492,1174.4085,0.000000
NSGA-II,411,41046,99,4.0000,425.9551,1162.8058,4.7778,440.9492,1174.4085,0.000000
NSGA-II,412,41146,100,4.0000,425.9551,1162.8058,4.7800,440.9744,1174.2925,0.000000
NSGA-II,413,41246,100,4.0000,425.9551,1162.8058,4.7800,440.9744,1174.2925,0.000000
NSGA-II,414,41346,100,4.0000,425.9551,1162.8058,4.7800,440.9744,1174.2925,0.000000
NSGA-II,415,41446,100,4.0000,425.9551,1162.8058,4.7800,440.9744,1174.2925,0.000000
NSGA-II,416,41546,100,4.0000,425.9551,1162.8058,4.7700,440.7447,1174.2925,0.000000
NSGA-II,417,41646,100,4.0000,425.9551,1162.8058,4.7700,440.7447,1174.2925,0.000000
NSGA-II,418,41746,100,4.0000,425.9551,1162.8058,4.7700,440.7447,1174.2925,0.000000
NSGA-II,419,41846,100,4.0000,425.9551,1162.8058,4.7700,440.7151,1174.2354,0.000000
NSGA-II,420,41946,100,4.0000,425.9551,1162.8058,4.7700,440.6211,1174.2354,0.000000
NSGA-II,421,42046,100,4.0000,425.9551,1162.8058,4.7700,440.6211,1174.2354,0.000000
NSGA-II,422,42146,100,4.0000,425.9551,1162.8058,4.7700,440.6211,1174.2354,0.000000
NSGA-II,423,42246,100,4.0000,425.9551,1162.8058,4.7700,440.6211,1174.2354,0.000000
NSGA-II,424,42346,100,4.0000,425.9551,1162.8058,4.7700,440.6211,1174.2354,0.000000
NSGA-II,425,42446,100,4.0000,425.9551,1162.8058,4.7700,440.6211,1174.2354,0.000000
NSGA-II,426,42546,100,4.0000,425.9551,1162.8058,4.7700,440.6211,1174.2354,0.000000
NSGA-II,427,42646,100,4.0000,425.9551,1162.8058,4.7700,440.6211,1174.2354,0.000000
NSGA-II,428,42746,100,4.0000,425.9551,1162.8058,4.7700,440.6211,1174.2354,0.000000
NSGA-II,429,42846,100,4.0000,425.9551,1162.8058,4.7700,440.6211,1174.2354,0.000000
NSGA-II,430,42946,100,4.0000,425.9551,1162.8058,4.7700,440.6211,1174.2354,0.000000
NSGA-II,431,43046,100,4.0000,425.9551,1162.8058,4.7700,440.5189,1174.2925,0.000000
NSGA-II,432,43146,100,4.0000,425.9551,1162.8058,4.7800,440.9913,1173.7981,0.000000
NSGA-II,433,43246,100,4.0000,425.9551,1162.8058,4.7800,440.7000,1174.0167,0.000000
NSGA-II,434,43346,100,4.0000,425.9551,1162.8058,4.7700,440.9486,1174.0167,0.000000
NSGA-II,435,43446,100,4.0000,425.9551,1162.8058,4.7700,440.4435,1174.0739,0.000000
NSGA-II,436,43546,100,4.0000,425.9551,1162.8058,4.7700,440.1438,1173.8552,0.000000
NSGA-II,437,43646,100,4.0000,425.9551,1162.8058,4.7700,440.1438,1173.8552,0.000000
NSGA-II,438,43746,100,4.0000,425.9551,1162.8058,4.7700,440.1438,1173.8552,0.000000
NSGA-II,439,43846,100,4.0000,425.9551,1162.8058,4.7700,440.1438,1173.8552,0.000000
NSGA-II,440,43946,100,4.0000,425.9551,1162.8058,4.7600,440.1642,1173.8552,0.000000
NSGA-II,441,44046,100,4.0000,425.9551,1162.8058,4.7600,440.1642,1173.8552,0.000000
NSGA-II,442,44146,100,4.0000,425.9551,1162.8058,4.7600,440.1642,1173.8552,0.000000
NSGA-II,443,44246,100,4.0000,425.9551,1162.8058,4.7600,440.1642,1173.8552,0.000000
NSGA-II,444,44346,100,4.0000,425.9551,1162.8058,4.7600,440.1642,1173.8552,0.000000
NSGA-II,445,44446,100,4.0000,425.9551,1162.8058,4.7600,440.1642,1173.8552,0.000000
NSGA-II,446,44546,100,4.0000,425.9551,1162.8058,4.7600,440.1642,1173.8552,0.000000
NSGA-II,447,44646,100,4.0000,425.9551,1162.8058,4.7600,440.1642,1173.8552,0.000000
NSGA-II,448,44746,100,4.0000,425.9551,1162.8058,4.7500,440.1846,1173.8552,0.000000
NSGA-II,449,44846,100,4.0000,425.9551,1162.8058,4.7500,440.1846,1173.8552,0.000000
NSGA-II,450,44946,100,4.0000,425.9551,1162.8058,4.7500,440.1846,1173.8552,0.000000
NSGA-II,451,45046,100,4.0000,425.9551,1162.8058,4.7400,440.0705,1174.4918,0.000000
NSGA-II,452,45146,100,4.0000,425.9551,1162.8058,4.7400,440.0705,1174.4918,0.000000
NSGA-II,453,45246,100,4.0000,425.9551,1162.8058,4.7400,440.0705,1174.4918,0.000000
NSGA-II,454,45346,100,4.0000,425.9551,1162.8058,4.7400,440.0705,1174.4918,0.000000
NSGA-II,455,45446,100,4.0000,425.9551,1162.8058,4.7400,440.0497,1174.7676,0.000000
NSGA-II,456,45546,100,4.0000,425.9551,1162.8058,4.7400,440.0497,1174.7676,0.000000
NSGA-II,457,45646,100,4.0000,425.9551,1162.8058,4.7400,440.0497,1174.7676,0.000000
NSGA-II,458,45746,100,4.0000,425.9551,1162.8058,4.7400,440.0497,1174.7676,0.000000
NSGA-II,459,45846,100,4.0000,425.9551,1162.8058,4.7400,440.0497,1174.7676,0.000000
NSGA-II,460,45946,100,4.0000,425.9551,1162.8058,4.7400,440.0497,1174.7676,0.000000
NSGA-II,461,46046,100,4.0000,425.9551,1162.8058,4.7400,440.0497,1174.7676,0.000000
NSGA-II,462,46146,100,4.0000,425.9551,1162.8058,4.7400,440.0497,1174.7676,0.000000
NSGA-II,463,46246,100,4.0000,425.9551,1162.8058,4.7400,440.0497,1174.7676,0.000000
NSGA-II,464,46346,100,4.0000,425.9551,1162.8058,4.7400,440.0497,1174.7676,0.000000
NSGA-II,465,46446,100,4.0000,425.9551,1162.8058,4.7400,440.0497,1174.7676,0.000000
NSGA-II,466,46546,100,4.0000,425.9551,1162.8058,4.7400,440.0497,1174.7676,0.000000
NSGA-II,467,46646,100,4.0000,425.9551,1162.8058,4.7400,440.0497,1174.7676,0.000000
NSGA-II,468,46746,100,4.0000,425.9551,1162.8058,4.7400,440.0497,1174.7676,0.000000
NSGA-II,469,46846,100,4.0000,425.9551,1162.8058,4.7400,440.0497,1174.7676,0.000000
NSGA-II,470,46946,100,4.0000,425.9551,1162.8058,4.7400,440.0497,1174.7676,0.000000
NSGA-II,471,47046,100,4.0000,425.9551,1162.8058,4.7400,440.0497,1174.7676,0.000000
NSGA-II,472,47146,100,4.0000,425.9551,1162.8058,4.7400,440.0497,1174.7676,0.000000
NSGA-II,473,47246,100,4.0000,425.9551,1162.8058,4.7400,440.0497,1174.7676,0.000000
NSGA-II,474,47346,100,4.0000,425.9551,1162.8058,4.7400,440.0497,1174.7676,0.000000
NSGA-II,475,47446,100,4.0000,425.9551,1162.8058,4.7400,440.0497,1174.7676,0.000000
NSGA-II,476,47546,100,4.0000,425.9551,1162.8058,4.7400,440.0497,1174.7676,0.000000
NSGA-II,477,47646,100,4.0000,425.9551,1162.8058,4.7400,440.0497,1174.7676,0.000000
NSGA-II,478,47746,100,4.0000,425.9551,1162.8058,4.7400,440.0497,1174.7676,0.000000
NSGA-II,479,47846,100,4.0000,425.9551,1162.8058,4.7400,440.0497,1174.7676,0.000000
NSGA-II,480,47946,100,4.0000,425.9551,1162.8058,4.7400,440.0497,1174.7676,0.000000
NSGA-II,481,48046,100,4.0000,425.9551,1162.8058,4.7400,440.0497,1174.7676,0.000000
NSGA-II,482,48146,100,4.0000,425.9551,1162.8058,4.7400,440.0497,1174.7676,0.000000
NSGA-II,483,48246,100,4.0000,425.9551,1162.8058,4.7400,440.0497,1174.7676,0.000000
NSGA-II,484,48346,100,4.0000,425.9551,1162.8058,4.7400,440.0497,1174.7676,0.000000
NSGA-II,485,48446,100,4.0000,425.9551,1162.8058,4.7400,439.9475,1174.8247,0.000000
NSGA-II,486,48546,100,4.0000,425.9551,1162.8058,4.7400,439.8453,1174.8819,0.000000
NSGA-II,487,48646,100,4.0000,425.9551,1162.8058,4.7400,439.8453,1174.8819,0.000000
NSGA-II,488,48746,100,4.0000,425.9551,1162.8058,4.7400,439.8453,1174.8819,0.000000
NSGA-II,489,48846,100,4.0000,425.9551,1162.8058,4.7400,439.8453,1174.8819,0.000000
NSGA-II,490,48946,100,4.0000,425.9551,1162.8058,4.7400,439.8453,1174.8819,0.000000
NSGA-II,491,49046,100,4.0000,425.9551,1162.8058,4.7400,439.8453,1174.8819,0.000000
NSGA-II,492,49146,100,4.0000,425.9551,1162.8058,4.7400,439.8453,1174.8819,0.000000
NSGA-II,493,49246,100,4.0000,425.9551,1162.8058,4.7400,439.8453,1174.8819,0.000000
NSGA-II,494,49346,100,4.0000,425.9551,1162.8058,4.7400,439.8453,1174.8819,0.000000
NSGA-II,495,49446,100,4.0000,425.9551,1162.8058,4.7400,439.8453,1174.8819,0.000000
NSGA-II,496,49546,100,4.0000,425.9551,1162.8058,4.7400,439.8453,1174.8819,0.000000
NSGA-II,497,49646,100,4.0000,425.9551,1162.8058,4.7400,439.8453,1174.8819,0.000000
NSGA-II,498,49746,100,4.0000,425.9551,1162.8058,4.7400,439.8453,1174.8819,0.000000
NSGA-II,499,49846,100,4.0000,425.9551,1162.8058,4.7400,439.8453,1174.8819,0.000000
NSGA-II,500,49946,100,4.0000,425.9551,1162.8058,4.7400,439.8453,1174.8819,0.000000
NSGA-II,501,50046,100,4.0000,425.9551,1162.8058,4.7400,439.8453,1174.8819,0.000000
NSGA-II,502,50146,100,4.0000,425.9551,1162.8058,4.7400,439.8453,1174.8819,0.000000
NSGA-II,503,50246,100,4.0000,425.9551,1162.8058,4.7400,439.8453,1174.8819,0.000000
NSGA-II,504,50346,100,4.0000,425.9551,1162.8058,4.7400,439.8453,1174.8819,0.000000
NSGA-II,505,50446,100,4.0000,425.9551,1162.8058,4.7400,439.8453,1174.8819,0.000000
NSGA-II,506,50546,100,4.0000,425.9551,1162.8058,4.7400,439.8453,1174.8819,0.000000
NSGA-II,507,50646,100,4.0000,425.9551,1162.8058,4.7400,439.8453,1174.8819,0.000000
NSGA-II,508,50746,100,4.0000,425.9551,1162.8058,4.7400,439.8453,1174.8819,0.000000
NSGA-II,509,50846,100,4.0000,425.9551,1162.8058,4.7400,439.8453,1174.8819,0.000000
NSGA-II,510,50946,100,4.0000,425.9551,1162.8058,4.7300,439.6325,1175.1576,0.000000
NSGA-II,511,51046,100,4.0000,425.9551,1162.8058,4.7300,439.6325,1175.1576,0.000000
NSGA-II,512,51146,100,4.0000,425.9551,1162.8058,4.7300,439.6325,1175.1576,0.000000
NSGA-II,513,51246,100,4.0000,425.9551,1162.8058,4.7300,439.6325,1175.1576,0.000000
NSGA-II,514,51346,100,4.0000,425.9551,1162.8058,4.7300,439.6325,1175.1576,0.000000
NSGA-II,515,51446,100,4.0000,425.9551,1162.8058,4.7300,439.6325,1175.1576,0.000000
NSGA-II,516,51546,100,4.0000,425.9551,1162.8058,4.7300,439.6325,1175.1576,0.000000
NSGA-II,517,51646,100,4.0000,425.9551,1162.8058,4.7300,439.6325,1175.1576,0.000000
NSGA-II,518,51746,100,4.0000,425.9551,1162.8058,4.7300,439.6325,1175.1576,0.000000
NSGA-II,519,51846,100,4.0000,425.9551,1162.8058,4.7300,439.6325,1175.1576,0.000000
NSGA-II,520,51946,100,4.0000,425.9551,1162.8058,4.7300,439.6325,1175.1576,0.000000
NSGA-II,521,52046,100,4.0000,425.9551,1162.8058,4.7300,439.6325,1175.1576,0.000000
NSGA-II,522,52146,100,4.0000,425.9551,1162.8058,4.7300,439.6325,1175.1576,0.000000
NSGA-II,523,52246,100,4.0000,425.9551,1162.8058,4.7300,439.6325,1175.1576,0.000000
NSGA-II,524,52346,100,4.0000,425.9551,1162.8058,4.7300,439.6325,1175.1576,0.000000
NSGA-II,525,52446,100,4.0000,425.9551,1162.8058,4.7300,439.6325,1175.1576,0.000000
NSGA-II,526,52546,100,4.0000,425.9551,1162.8058,4.7300,439.6325,1175.1576,0.000000
NSGA-II,527,52646,100,4.0000,425.9551,1162.8058,4.7300,439.6325,1175.1576,0.000000
NSGA-II,528,52746,100,4.0000,425.9551,1162.8058,4.7300,439.6325,1175.1576,0.000000
NSGA-II,529,52846,100,4.0000,425.9551,1162.8058,4.7300,439.6325,1175.1576,0.000000
NSGA-II,530,52946,100,4.0000,425.9551,1162.8058,4.7300,439.6325,1175.1576,0.000000
NSGA-II,531,53046,100,4.0000,425.9551,1162.8058,4.7300,439.6325,1175.1576,0.000000
NSGA-II,532,53146,100,4.0000,425.9551,1162.8058,4.7300,439.6325,1175.1576,0.000000
NSGA-II,533,53246,100,4.0000,425.9551,1162.8058,4.7300,439.6325,1175.1576,0.000000
NSGA-II,534,53346,100,4.0000,425.9551,1162.8058,4.7300,439.6325,1175.1576,0.000000
NSGA-II,535,53446,100,4.0000,425.9551,1162.8058,4.7300,439.6325,1175.1576,0.000000
NSGA-II,536,53546,100,4.0000,425.9551,1162.8058,4.7300,439.6325,1175.1576,0.000000
NSGA-II,537,53646,100,4.0000,425.9551,1162.8058,4.7300,439.6325,1175.1576,0.000000
NSGA-II,538,53746,100,4.0000,425.9551,1162.8058,4.7300,439.6325,1175.1576,0.000000
NSGA-II,539,53846,100,4.0000,425.9551,1162.8058,4.7300,439.6325,1175.1576,0.000000
NSGA-II,540,53946,100,4.0000,425.9551,1162.8058,4.7300,439.6325,1175.1576,0.000000
NSGA-II,541,54046,100,4.0000,425.9551,1162.8058,4.7300,439.6325,1175.1576,0.000000
NSGA-II,542,54146,100,4.0000,425.9551,1162.8058,4.7300,439.6088,1175.1005,0.000000
NSGA-II,543,54246,100,4.0000,425.9551,1162.8058,4.7300,439.6088,1175.1005,0.000000
NSGA-II,544,54346,100,4.0000,425.9551,1162.8058,4.7300,439.6088,1175.1005,0.000000
NSGA-II,545,54446,100,4.0000,425.9551,1162.8058,4.7300,439.6088,1175.1005,0.000000
NSGA-II,546,54546,100,4.0000,425.9551,1162.8058,4.7300,439.6088,1175.1005,0.000000
NSGA-II,547,54646,100,4.0000,425.9551,1162.8058,4.7300,439.6088,1175.1005,0.000000
NSGA-II,548,54746,100,4.0000,425.9551,1162.8058,4.7300,439.6088,1175.1005,0.000000
NSGA-II,549,54846,100,4.0000,425.9551,1162.8058,4.7300,439.6088,1175.1005,0.000000
NSGA-II,550,54946,100,4.0000,425.9551,1162.8058,4.7300,439.6088,1175.1005,0.000000
NSGA-II,551,55046,100,4.0000,425.9551,1162.8058,4.7300,439.6088,1175.1005,0.000000
NSGA-II,552,55146,100,4.0000,425.9551,1162.8058,4.7300,439.6088,1175.1005,0.000000
NSGA-II,553,55246,100,4.0000,425.9551,1162.8058,4.7300,439.6088,1175.1005,0.000000
NSGA-II,554,55346,100,4.0000,425.9551,1162.8058,4.7300,439.6088,1175.1005,0.000000
NSGA-II,555,55446,100,4.0000,425.9551,1162.8058,4.7300,439.6088,1175.1005,0.000000
NSGA-II,556,55546,100,4.0000,425.9551,1162.8058,4.7300,439.6088,1175.1005,0.000000
NSGA-II,557,55646,100,4.0000,425.9551,1162.8058,4.7300,439.6088,1175.1005,0.000000
NSGA-II,558,55746,100,4.0000,425.9551,1162.8058,4.7300,439.6088,1175.1005,0.000000
NSGA-II,559,55846,100,4.0000,425.9551,1162.8058,4.7300,439.6088,1175.1005,0.000000
NSGA-II,560,55946,100,4.0000,425.9551,1162.8058,4.7300,439.6088,1175.1005,0.000000
NSGA-II,561,56046,100,4.0000,425.9551,1162.8058,4.7300,439.6088,1175.1005,0.000000
NSGA-II,562,56146,100,4.0000,425.9551,1162.8058,4.7300,439.6088,1175.1005,0.000000
NSGA-II,563,56246,100,4.0000,425.9551,1162.8058,4.7300,439.6088,1175.1005,0.000000
NSGA-II,564,56346,100,4.0000,425.9551,1162.8058,4.7300,439.6088,1175.1005,0.000000
NSGA-II,565,56446,100,4.0000,425.9551,1162.8058,4.7300,439.6088,1175.1005,0.000000
NSGA-II,566,56546,100,4.0000,425.9551,1162.8058,4.7300,439.5206,1175.1005,0.000000
NSGA-II,567,56646,100,4.0000,425.9551,1162.8058,4.7300,439.5206,1175.1005,0.000000
NSGA-II,568,56746,100,4.0000,425.9551,1162.8058,4.7300,439.5206,1175.1005,0.000000
NSGA-II,569,56846,100,4.0000,425.9551,1162.8058,4.7300,439.5206,1175.1005,0.000000
NSGA-II,570,56946,100,4.0000,425.9551,1162.8058,4.7300,439.5206,1175.1005,0.000000
NSGA-II,571,57046,100,4.0000,425.9551,1162.8058,4.7300,439.5206,1175.1005,0.000000
NSGA-II,572,57146,100,4.0000,425.9551,1162.8058,4.7300,439.5206,1175.1005,0.000000
NSGA-II,573,57246,100,4.0000,425.9551,1162.8058,4.7300,439.5206,1175.1005,0.000000
NSGA-II,574,57346,100,4.0000,425.9551,1162.8058,4.7300,439.5206,1175.1005,0.000000
NSGA-II,575,57446,100,4.0000,425.9551,1162.8058,4.7300,439.5206,1175.1005,0.000000
NSGA-II,576,57546,100,4.0000,425.9551,1162.8058,4.7300,439.5206,1175.1005,0.000000
NSGA-II,577,57646,100,4.0000,425.9551,1162.8058,4.7300,439.5206,1175.1005,0.000000
NSGA-II,578,57746,100,4.0000,425.9551,1162.8058,4.7300,439.5206,1175.1005,0.000000
NSGA-II,579,57846,100,4.0000,425.9551,1162.8058,4.7300,439.5206,1175.1005,0.000000
NSGA-II,580,57946,100,4.0000,425.9551,1162.8058,4.7300,439.5206,1175.1005,0.000000
NSGA-II,581,58046,100,4.0000,425.9551,1162.8058,4.7300,439.5206,1175.1005,0.000000
NSGA-II,582,58146,100,4.0000,425.9551,1162.8058,4.7300,439.5206,1175.1005,0.000000
NSGA-II,583,58246,100,4.0000,425.9551,1162.8058,4.7300,439.5206,1175.1005,0.000000
NSGA-II,584,58346,100,4.0000,425.9551,1162.8058,4.7300,439.5206,1175.1005,0.000000
NSGA-II,585,58446,100,4.0000,425.9551,1162.8058,4.7300,439.5206,1175.1005,0.000000
NSGA-II,586,58546,100,4.0000,425.9551,1162.8058,4.7300,439.5206,1175.1005,0.000000
NSGA-II,587,58646,100,4.0000,425.9551,1162.8058,4.7300,439.5206,1175.1005,0.000000
NSGA-II,588,58746,100,4.0000,425.9551,1162.8058,4.7300,439.5206,1175.1005,0.000000
NSGA-II,589,58846,100,4.0000,425.9551,1162.8058,4.7300,439.5206,1175.1005,0.000000
NSGA-II,590,58946,100,4.0000,425.9551,1162.8058,4.7300,439.5206,1175.1005,0.000000
NSGA-II,591,59046,100,4.0000,425.9551,1162.8058,4.7300,439.5206,1175.1005,0.000000
NSGA-II,592,59146,100,4.0000,425.9551,1162.8058,4.7300,439.5206,1175.1005,0.000000
NSGA-II,593,59246,100,4.0000,425.9551,1162.8058,4.7200,439.3078,1175.3762,0.000000
NSGA-II,594,59346,100,4.0000,425.9551,1162.8058,4.7200,439.3078,1175.3762,0.000000
NSGA-II,595,59446,100,4.0000,425.9551,1162.8058,4.7200,439.3078,1175.3762,0.000000
NSGA-II,596,59546,100,4.0000,425.9551,1162.8058,4.7200,439.3078,1175.3762,0.000000
NSGA-II,597,59646,100,4.0000,425.9551,1162.8058,4.7200,439.3078,1175.3762,0.000000
NSGA-II,598,59746,100,4.0000,425.9551,1162.8058,4.7200,439.3078,1175.3762,0.000000
NSGA-II,599,59846,100,4.0000,425.9551,1162.8058,4.7200,439.3078,1175.3762,0.000000
NSGA-II,600,59946,100,4.0000,425.9551,1162.8058,4.7200,439.3078,1175.3762,0.000000
NSGA-II,601,60046,100,4.0000,425.9551,1162.8058,4.7200,439.2264,1175.1576,0.000000
NSGA-II,602,60146,100,4.0000,425.9551,1162.8058,4.7200,439.2264,1175.1576,0.000000
NSGA-II,603,60246,100,4.0000,425.9551,1162.8058,4.7200,439.2264,1175.1576,0.000000
NSGA-II,604,60346,100,4.0000,425.9551,1162.8058,4.7200,439.2264,1175.1576,0.000000
NSGA-II,605,60446,100,4.0000,425.9551,1162.8058,4.7200,439.2264,1175.1576,0.000000
NSGA-II,606,60546,100,4.0000,425.9551,1162.8058,4.7200,439.2264,1175.1576,0.000000
NSGA-II,607,60646,100,4.0000,425.9551,1162.8058,4.7200,439.2264,1175.1576,0.000000
NSGA-II,608,60746,100,4.0000,425.9551,1162.8058,4.7200,439.2264,1175.1576,0.000000
NSGA-II,609,60846,100,4.0000,425.9551,1162.8058,4.7200,439.2264,1175.1576,0.000000
NSGA-II,610,60946,100,4.0000,425.9551,1162.8058,4.7200,439.2264,1175.1576,0.000000
NSGA-II,611,61046,100,4.0000,425.9551,1162.8058,4.7200,439.2264,1175.1576,0.000000
NSGA-II,612,61146,100,4.0000,425.9551,1162.8058,4.7200,439.2264,1175.1576,0.000000
NSGA-II,613,61246,100,4.0000,425.9551,1162.8058,4.7200,439.1243,1175.2147,0.000000
NSGA-II,614,61346,100,4.0000,425.9551,1162.8058,4.7400,439.2849,1174.9390,0.000000
NSGA-II,615,61446,100,4.0000,425.9551,1162.8058,4.7400,439.3294,1174.7775,0.000000
NSGA-II,616,61546,100,4.0000,425.9551,1162.8058,4.7400,439.3294,1174.7775,0.000000
NSGA-II,617,61646,100,4.0000,425.9551,1162.8058,4.7400,439.4915,1174.9390,0.000000
NSGA-II,618,61746,100,4.0000,425.9551,1162.8058,4.7300,439.4011,1174.9961,0.000000
NSGA-II,619,61846,99,4.0000,425.9551,1162.8058,4.7273,439.1953,1174.7830,0.000000
NSGA-II,620,61946,99,4.0000,425.9551,1162.8058,4.7273,439.0487,1175.0615,0.000000
NSGA-II,621,62046,100,4.0000,425.9551,1162.8058,4.7400,439.4732,1174.9390,0.000000
NSGA-II,622,62146,100,4.0000,425.9551,1162.8058,4.7400,439.2567,1174.9390,0.000000
NSGA-II,623,62246,100,4.0000,425.9551,1162.8058,4.7400,439.4101,1174.7204,0.000000
NSGA-II,624,62346,100,4.0000,425.9551,1162.8058,4.7400,439.4028,1174.9961,0.000000
NSGA-II,625,62446,100,4.0000,425.9551,1162.8058,4.7400,439.3424,1174.6632,0.000000
NSGA-II,626,62546,100,4.0000,425.9551,1162.8058,4.7300,439.1613,1174.9390,0.000000
NSGA-II,627,62646,100,4.0000,425.9551,1162.8058,4.7300,439.1613,1174.9390,0.000000
NSGA-II,628,62746,100,4.0000,425.9551,1162.8058,4.7300,439.1613,1174.9390,0.000000
NSGA-II,629,62846,100,4.0000,425.9551,1162.8058,4.7300,439.0225,1174.9961,0.000000
NSGA-II,630,62946,100,4.0000,425.9551,1162.8058,4.7400,439.1391,1174.7775,0.000000
NSGA-II,631,63046,100,4.0000,425.9551,1162.8058,4.7400,439.1753,1174.7204,0.000000
NSGA-II,632,63146,100,4.0000,425.9551,1162.8058,4.7300,439.1536,1174.7481,0.000000
NSGA-II,633,63246,100,4.0000,425.9551,1162.8058,4.7300,439.1536,1174.7481,0.000000
NSGA-II,634,63346,100,4.0000,425.9551,1162.8058,4.7300,438.9412,1174.7775,0.000000
NSGA-II,635,63446,100,4.0000,425.9551,1162.8058,4.7300,438.9412,1174.7775,0.000000
NSGA-II,636,63546,100,4.0000,425.9551,1162.8058,4.7300,438.9412,1174.7775,0.000000
NSGA-II,637,63646,100,4.0000,425.9551,1162.8058,4.7300,438.9412,1174.7775,0.000000
NSGA-II,638,63746,100,4.0000,425.9551,1162.8058,4.7300,438.9412,1174.7775,0.000000
NSGA-II,639,63846,100,4.0000,425.9551,1162.8058,4.7300,438.9412,1174.7775,0.000000
NSGA-II,640,63946,100,4.0000,425.9551,1162.8058,4.7300,438.9412,1174.7775,0.000000
NSGA-II,641,64046,100,4.0000,425.9551,1162.8058,4.7300,438.9412,1174.7775,0.000000
NSGA-II,642,64146,100,4.0000,425.9551,1162.8058,4.7300,438.9412,1174.7775,0.000000
NSGA-II,643,64246,100,4.0000,425.9551,1162.8058,4.7300,438.9412,1174.7775,0.000000
NSGA-II,644,64346,100,4.0000,425.9551,1162.8058,4.7300,438.9412,1174.7775,0.000000
NSGA-II,645,64446,100,4.0000,425.9551,1162.8058,4.7300,438.9412,1174.7775,0.000000
NSGA-II,646,64546,100,4.0000,425.9551,1162.8058,4.7200,438.7283,1175.0532,0.000000
NSGA-II,647,64646,100,4.0000,425.9551,1162.8058,4.7200,438.7283,1175.0532,0.000000
NSGA-II,648,64746,100,4.0000,425.9551,1162.8058,4.7200,438.7283,1175.0532,0.000000
NSGA-II,649,64846,100,4.0000,425.9551,1162.8058,4.7200,438.7283,1175.0532,0.000000
NSGA-II,650,64946,100,4.0000,425.9551,1162.8058,4.7200,438.7283,1175.0532,0.000000
NSGA-II,651,65046,100,4.0000,425.9551,1162.8058,4.7200,438.7283,1175.0532,0.000000
NSGA-II,652,65146,100,4.0000,425.9551,1162.8058,4.7200,438.7283,1175.0532,0.000000
NSGA-II,653,65246,100,4.0000,425.9551,1162.8058,4.7200,438.7283,1175.0532,0.000000
NSGA-II,654,65346,100,4.0000,425.9551,1162.8058,4.7200,438.7283,1175.0532,0.000000
NSGA-II,655,65446,100,4.0000,425.9551,1162.8058,4.7200,438.6906,1175.0532,0.000000
NSGA-II,656,65546,100,4.0000,425.9551,1162.8058,4.7200,438.6906,1175.0532,0.000000
NSGA-II,657,65646,100,4.0000,425.9551,1162.8058,4.7200,438.6906,1175.0532,0.000000
NSGA-II,658,65746,100,4.0000,425.9551,1162.8058,4.7200,438.6906,1175.0532,0.000000
NSGA-II,659,65846,100,4.0000,425.9551,1162.8058,4.7200,438.6906,1175.0532,0.000000
NSGA-II,660,65946,100,4.0000,425.9551,1162.8058,4.7200,438.6906,1175.0532,0.000000
NSGA-II,661,66046,100,4.0000,425.9551,1162.8058,4.7200,438.6906,1175.0532,0.000000
NSGA-II,662,66146,100,4.0000,425.9551,1162.8058,4.7200,438.6906,1175.0532,0.000000
NSGA-II,663,66246,100,4.0000,425.9551,1162.8058,4.7200,438.6906,1175.0532,0.000000
NSGA-II,664,66346,100,4.0000,425.9551,1162.8058,4.7200,438.6906,1175.0532,0.000000
NSGA-II,665,66446,100,4.0000,425.9551,1162.8058,4.7200,438.6906,1175.0532,0.000000
NSGA-II,666,66546,100,4.0000,425.9551,1162.8058,4.7200,438.6906,1175.0532,0.000000
NSGA-II,667,66646,100,4.0000,425.9551,1162.8058,4.7200,438.6906,1175.0532,0.000000
NSGA-II,668,66746,100,4.0000,425.9551,1162.8058,4.7200,438.6906,1175.0532,0.000000
NSGA-II,669,66846,100,4.0000,425.9551,1162.8058,4.7200,438.6906,1175.0532,0.000000
NSGA-II,670,66946,100,4.0000,425.9551,1162.8058,4.7200,438.6906,1175.0532,0.000000
NSGA-II,671,67046,100,4.0000,425.9551,1162.8058,4.7200,438.6906,1175.0532,0.000000
NSGA-II,672,67146,100,4.0000,425.9551,1162.8058,4.7200,438.6906,1175.0532,0.000000
NSGA-II,673,67246,100,4.0000,425.9551,1162.8058,4.7200,438.6906,1175.0532,0.000000
NSGA-II,674,67346,100,4.0000,425.9551,1162.8058,4.7200,438.6906,1175.0532,0.000000
NSGA-II,675,67446,100,4.0000,425.9551,1162.8058,4.7200,438.6906,1175.0532,0.000000
NSGA-II,676,67546,100,4.0000,425.9551,1162.8058,4.7200,438.6906,1175.0532,0.000000
NSGA-II,677,67646,100,4.0000,425.9551,1162.8058,4.7200,438.6906,1175.0532,0.000000
NSGA-II,678,67746,100,4.0000,425.9551,1162.8058,4.7200,438.6906,1175.0532,0.000000
NSGA-II,679,67846,100,4.0000,425.9551,1162.8058,4.7200,438.6906,1175.0532,0.000000
NSGA-II,680,67946,100,4.0000,425.9551,1162.8058,4.7200,438.6906,1175.0532,0.000000
NSGA-II,681,68046,100,4.0000,425.9551,1162.8058,4.7200,438.6906,1175.0532,0.000000
NSGA-II,682,68146,100,4.0000,425.9551,1162.8058,4.7200,438.6906,1175.0532,0.000000
NSGA-II,683,68246,100,4.0000,425.9551,1162.8058,4.7200,438.6906,1175.0532,0.000000
NSGA-II,684,68346,100,4.0000,425.9551,1162.8058,4.7200,438.6906,1175.0532,0.000000
NSGA-II,685,68446,100,4.0000,425.9551,1162.8058,4.7200,438.6906,1175.0532,0.000000
NSGA-II,686,68546,100,4.0000,425.9551,1162.8058,4.7200,438.6906,1175.0532,0.000000
NSGA-II,687,68646,100,4.0000,425.9551,1162.8058,4.7200,438.6906,1175.0532,0.000000
NSGA-II,688,68746,100,4.0000,425.9551,1162.8058,4.7200,438.6906,1175.0532,0.000000
NSGA-II,689,68846,100,4.0000,425.9551,1162.8058,4.7200,438.6906,1175.0532,0.000000
NSGA-II,690,68946,100,4.0000,425.9551,1162.8058,4.7200,438.6906,1175.0532,0.000000
NSGA-II,691,69046,100,4.0000,425.9551,1162.8058,4.7200,438.6906,1175.0532,0.000000
NSGA-II,692,69146,100,4.0000,425.9551,1162.8058,4.7200,438.5885,1175.1104,0.000000
NSGA-II,693,69246,100,4.0000,425.9551,1162.8058,4.7200,438.7022,1174.7495,0.000000
NSGA-II,694,69346,100,4.0000,425.9551,1162.8058,4.7200,438.7022,1174.7495,0.000000
NSGA-II,695,69446,100,4.0000,425.9551,1162.8058,4.7200,438.7022,1174.7495,0.000000
NSGA-II,696,69546,100,4.0000,425.9551,1162.8058,4.7200,438.7022,1174.7495,0.000000
NSGA-II,697,69646,100,4.0000,425.9551,1162.8058,4.7200,438.7022,1174.7495,0.000000
NSGA-II,698,69746,100,4.0000,425.9551,1162.8058,4.7200,438.6645,1174.7495,0.000000
NSGA-II,699,69846,100,4.0000,425.9551,1162.8058,4.7200,438.6645,1174.7495,0.000000
NSGA-II,700,69946,100,4.0000,425.9551,1162.8058,4.7200,438.6645,1174.7495,0.000000
NSGA-II,701,70046,100,4.0000,425.9551,1162.8058,4.7200,438.6645,1174.7495,0.000000
NSGA-II,702,70146,100,4.0000,425.9551,1162.8058,4.7200,438.6645,1174.7495,0.000000
NSGA-II,703,70246,100,4.0000,425.9551,1162.8058,4.7200,438.6645,1174.7495,0.000000
NSGA-II,704,70346,100,4.0000,425.9551,1162.8058,4.7200,438.6645,1174.7495,0.000000
NSGA-II,705,70446,100,4.0000,425.9551,1162.8058,4.7300,438.6272,1174.4738,0.000000
NSGA-II,706,70546,100,4.0000,425.9551,1162.8058,4.7300,438.6272,1174.4738,0.000000
NSGA-II,707,70646,100,4.0000,425.9551,1162.8058,4.7300,438.6272,1174.4738,0.000000
NSGA-II,708,70746,100,4.0000,425.9551,1162.8058,4.7300,438.6272,1174.4738,0.000000
NSGA-II,709,70846,100,4.0000,425.9551,1162.8058,4.7300,438.6272,1174.4738,0.000000
NSGA-II,710,70946,100,4.0000,425.9551,1162.8058,4.7300,438.6272,1174.4738,0.000000
NSGA-II,711,71046,100,4.0000,425.9551,1162.8058,4.7300,438.6272,1174.4738,0.000000
NSGA-II,712,71146,100,4.0000,425.9551,1162.8058,4.7300,438.6272,1174.4738,0.000000
NSGA-II,713,71246,100,4.0000,425.9551,1162.8058,4.7300,438.6272,1174.4738,0.000000
NSGA-II,714,71346,100,4.0000,425.9551,1162.8058,4.7300,438.6272,1174.4738,0.000000
NSGA-II,715,71446,100,4.0000,425.9551,1162.8058,4.7300,438.6272,1174.4738,0.000000
NSGA-II,716,71546,100,4.0000,425.9551,1162.8058,4.7300,438.6272,1174.4738,0.000000
NSGA-II,717,71646,100,4.0000,425.9551,1162.8058,4.7300,438.6272,1174.4738,0.000000
NSGA-II,718,71746,100,4.0000,425.9551,1162.8058,4.7300,438.6272,1174.4738,0.000000
NSGA-II,719,71846,100,4.0000,425.9551,1162.8058,4.7300,438.6272,1174.4738,0.000000
NSGA-II,720,71946,100,4.0000,425.9551,1162.8058,4.7300,438.6272,1174.4738,0.000000
NSGA-II,721,72046,100,4.0000,425.9551,1162.8058,4.7300,438.6272,1174.4738,0.000000
NSGA-II,722,72146,100,4.0000,425.9551,1162.8058,4.7300,438.6272,1174.4738,0.000000
NSGA-II,723,72246,100,4.0000,425.9551,1162.8058,4.7300,438.6272,1174.4738,0.000000
NSGA-II,724,72346,100,4.0000,425.9551,1162.8058,4.7300,438.6340,1174.2551,0.000000
NSGA-II,725,72446,100,4.0000,425.9551,1162.8058,4.7300,438.6340,1174.2551,0.000000
NSGA-II,726,72546,100,4.0000,425.9551,1162.8058,4.7300,438.6340,1174.2551,0.000000
NSGA-II,727,72646,100,4.0000,425.9551,1162.8058,4.7300,438.6340,1174.2551,0.000000
NSGA-II,728,72746,100,4.0000,425.9551,1162.8058,4.7300,438.6340,1174.2551,0.000000
NSGA-II,729,72846,100,4.0000,425.9551,1162.8058,4.7300,438.6340,1174.2551,0.000000
NSGA-II,730,72946,100,4.0000,425.9551,1162.8058,4.7300,438.6340,1174.2551,0.000000
NSGA-II,731,73046,100,4.0000,425.9551,1162.8058,4.7300,438.6340,1174.2551,0.000000
NSGA-II,732,73146,100,4.0000,425.9551,1162.8058,4.7300,438.6340,1174.2551,0.000000
NSGA-II,733,73246,100,4.0000,425.9551,1162.8058,4.7300,438.6340,1174.2551,0.000000
NSGA-II,734,73346,100,4.0000,425.9551,1162.8058,4.7300,438.6340,1174.2551,0.000000
NSGA-II,735,73446,100,4.0000,425.9551,1162.8058,4.7400,438.5968,1173.9794,0.000000
NSGA-II,736,73546,100,4.0000,425.9551,1162.8058,4.7400,438.5968,1173.9794,0.000000
NSGA-II,737,73646,100,4.0000,425.9551,1162.8058,4.7400,438.5968,1173.9794,0.000000
NSGA-II,738,73746,100,4.0000,425.9551,1162.8058,4.7400,438.5968,1173.9794,0.000000
NSGA-II,739,73846,100,4.0000,425.9551,1162.8058,4.7400,438.5968,1173.9794,0.000000
NSGA-II,740,73946,100,4.0000,425.9551,1162.8058,4.7400,438.5968,1173.9794,0.000000
NSGA-II,741,74046,100,4.0000,425.9551,1162.8058,4.7400,438.5968,1173.9794,0.000000
NSGA-II,742,74146,100,4.0000,425.9551,1162.8058,4.7400,438.5968,1173.9794,0.000000
NSGA-II,743,74246,100,4.0000,425.9551,1162.8058,4.7400,438.5968,1173.9794,0.000000
NSGA-II,744,74346,100,4.0000,425.9551,1162.8058,4.7400,438.5968,1173.9794,0.000000
NSGA-II,745,74446,100,4.0000,425.9551,1162.8058,4.7400,438.5968,1173.9794,0.000000
NSGA-II,746,74546,100,4.0000,425.9551,1162.8058,4.7400,438.5591,1173.9794,0.000000
NSGA-II,747,74646,100,4.0000,425.9551,1162.8058,4.7400,438.5591,1173.9794,0.000000
NSGA-II,748,74746,100,4.0000,425.9551,1162.8058,4.7400,438.5591,1173.9794,0.000000
NSGA-II,749,74846,100,4.0000,425.9551,1162.8058,4.7400,438.5591,1173.9794,0.000000
NSGA-II,750,74946,100,4.0000,425.9551,1162.8058,4.7400,438.5591,1173.9794,0.000000
NSGA-II,751,75046,100,4.0000,425.9551,1162.8058,4.7400,438.5591,1173.9794,0.000000
NSGA-II,752,75146,100,4.0000,425.9551,1162.8058,4.7400,438.5591,1173.9794,0.000000
NSGA-II,753,75246,100,4.0000,425.9551,1162.8058,4.7400,438.5591,1173.9794,0.000000
NSGA-II,754,75346,100,4.0000,425.9551,1162.8058,4.7400,438.5591,1173.9794,0.000000
NSGA-II,755,75446,100,4.0000,425.9551,1162.8058,4.7400,438.5591,1173.9794,0.000000
NSGA-II,756,75546,100,4.0000,425.9551,1162.8058,4.7400,438.5591,1173.9794,0.000000
NSGA-II,757,75646,100,4.0000,425.9551,1162.8058,4.7400,438.5591,1173.9794,0.000000
NSGA-II,758,75746,100,4.0000,425.9551,1162.8058,4.7400,438.5591,1173.9794,0.000000
NSGA-II,759,75846,100,4.0000,425.9551,1162.8058,4.7400,438.5591,1173.9794,0.000000
NSGA-II,760,75946,100,4.0000,425.9551,1162.8058,4.7400,438.5591,1173.9794,0.000000
NSGA-II,761,76046,100,4.0000,425.9551,1162.8058,4.7400,438.5591,1173.9794,0.000000
NSGA-II,762,76146,100,4.0000,425.9551,1162.8058,4.7400,438.5591,1173.9794,0.000000
NSGA-II,763,76246,100,4.0000,425.9551,1162.8058,4.7400,438.5591,1173.9794,0.000000
NSGA-II,764,76346,100,4.0000,425.9551,1162.8058,4.7400,438.5591,1173.9794,0.000000
NSGA-II,765,76446,100,4.0000,425.9551,1162.8058,4.7400,438.5591,1173.9794,0.000000
NSGA-II,766,76546,100,4.0000,425.9551,1162.8058,4.7400,438.5591,1173.9794,0.000000
NSGA-II,767,76646,100,4.0000,425.9551,1162.8058,4.7400,438.5591,1173.9794,0.000000
NSGA-II,768,76746,100,4.0000,425.9551,1162.8058,4.7400,438.5591,1173.9794,0.000000
NSGA-II,769,76846,100,4.0000,425.9551,1162.8058,4.7400,438.5591,1173.9794,0.000000
NSGA-II,770,76946,100,4.0000,425.9551,1162.8058,4.7400,438.5591,1173.9794,0.000000
NSGA-II,771,77046,100,4.0000,425.9551,1162.8058,4.7400,438.5591,1173.9794,0.000000
NSGA-II,772,77146,100,4.0000,425.9551,1162.8058,4.7400,438.5591,1173.9794,0.000000
NSGA-II,773,77246,100,4.0000,425.9551,1162.8058,4.7400,438.5591,1173.9794,0.000000
NSGA-II,774,77346,100,4.0000,425.9551,1162.8058,4.7400,438.5591,1173.9794,0.000000
NSGA-II,775,77446,100,4.0000,425.9551,1162.8058,4.7400,438.5591,1173.9794,0.000000
NSGA-II,776,77546,100,4.0000,425.9551,1162.8058,4.7400,438.5591,1173.9794,0.000000
NSGA-II,777,77646,100,4.0000,425.9551,1162.8058,4.7400,438.5591,1173.9794,0.000000
NSGA-II,778,77746,100,4.0000,425.9551,1162.8058,4.7400,438.5591,1173.9794,0.000000
NSGA-II,779,77846,100,4.0000,425.9551,1162.8058,4.7400,438.5591,1173.9794,0.000000
NSGA-II,780,77946,100,4.0000,425.9551,1162.8058,4.7400,438.5591,1173.9794,0.000000
NSGA-II,781,78046,100,4.0000,425.9551,1162.8058,4.7400,438.5591,1173.9794,0.000000
NSGA-II,782,78146,100,4.0000,425.9551,1162.8058,4.7400,438.5591,1173.9794,0.000000
NSGA-II,783,78246,100,4.0000,425.9551,1162.8058,4.7400,438.5591,1173.9794,0.000000
NSGA-II,784,78346,100,4.0000,425.9551,1162.8058,4.7400,438.5591,1173.9794,0.000000
NSGA-II,785,78446,100,4.0000,425.9551,1162.8058,4.7400,438.5591,1173.9794,0.000000
NSGA-II,786,78546,100,4.0000,425.9551,1162.8058,4.7400,438.5591,1173.9794,0.000000
NSGA-II,787,78646,100,4.0000,425.9551,1162.8058,4.7400,438.5591,1173.9794,0.000000
NSGA-II,788,78746,100,4.0000,425.9551,1162.8058,4.7400,438.5591,1173.9794,0.000000
NSGA-II,789,78846,100,4.0000,425.9551,1162.8058,4.7400,438.5591,1173.9794,0.000000
NSGA-II,790,78946,100,4.0000,425.9551,1162.8058,4.7400,438.5591,1173.9794,0.000000
NSGA-II,791,79046,100,4.0000,425.9551,1162.8058,4.7400,438.5591,1173.9794,0.000000
NSGA-II,792,79146,100,4.0000,425.9551,1162.8058,4.7400,438.5591,1173.9794,0.000000
NSGA-II,793,79246,100,4.0000,425.9551,1162.8058,4.7400,438.5591,1173.9794,0.000000
NSGA-II,794,79346,100,4.0000,425.9551,1162.8058,4.7400,438.5591,1173.9794,0.000000
NSGA-II,795,79446,100,4.0000,425.9551,1162.8058,4.7400,438.5591,1173.9794,0.000000
NSGA-II,796,79546,100,4.0000,425.9551,1162.8058,4.7400,438.5591,1173.9794,0.000000
NSGA-II,797,79646,100,4.0000,425.9551,1162.8058,4.7400,438.5591,1173.9794,0.000000
NSGA-II,798,79746,100,4.0000,425.9551,1162.8058,4.7400,438.5591,1173.9794,0.000000
NSGA-II,799,79846,100,4.0000,425.9551,1162.8058,4.7400,438.5591,1173.9794,0.000000
NSGA-II,800,79946,100,4.0000,425.9551,1162.8058,4.7400,438.4777,1173.7607,0.000000
NSGA-II,801,80046,100,4.0000,425.9551,1162.8058,4.7400,438.4777,1173.7607,0.000000
NSGA-II,802,80146,100,4.0000,425.9551,1162.8058,4.7400,438.4777,1173.7607,0.000000
NSGA-II,803,80246,100,4.0000,425.9551,1162.8058,4.7400,438.4777,1173.7607,0.000000
NSGA-II,804,80346,100,4.0000,425.9551,1162.8058,4.7400,438.4777,1173.7607,0.000000
NSGA-II,805,80446,100,4.0000,425.9551,1162.8058,4.7400,438.4777,1173.7607,0.000000
NSGA-II,806,80546,100,4.0000,425.9551,1162.8058,4.7400,438.4777,1173.7607,0.000000
NSGA-II,807,80646,100,4.0000,425.9551,1162.8058,4.7400,438.4777,1173.7607,0.000000
NSGA-II,808,80746,100,4.0000,425.9551,1162.8058,4.7400,438.4400,1173.7607,0.000000
NSGA-II,809,80846,100,4.0000,425.9551,1162.8058,4.7400,438.4400,1173.7607,0.000000
NSGA-II,810,80946,100,4.0000,425.9551,1162.8058,4.7400,438.4400,1173.7607,0.000000
NSGA-II,811,81046,100,4.0000,425.9551,1162.8058,4.7400,438.4400,1173.7607,0.000000
NSGA-II,812,81146,100,4.0000,425.9551,1162.8058,4.7400,438.4400,1173.7607,0.000000
NSGA-II,813,81246,100,4.0000,425.9551,1162.8058,4.7400,438.4400,1173.7607,0.000000
NSGA-II,814,81346,100,4.0000,425.9551,1162.8058,4.7400,438.3379,1173.8179,0.000000
NSGA-II,815,81446,100,4.0000,425.9551,1162.8058,4.7400,438.3379,1173.8179,0.000000
NSGA-II,816,81546,100,4.0000,425.9551,1162.8058,4.7400,438.3379,1173.8179,0.000000
NSGA-II,817,81646,100,4.0000,425.9551,1162.8058,4.7400,438.3379,1173.8179,0.000000
NSGA-II,818,81746,100,4.0000,425.9551,1162.8058,4.7400,438.3379,1173.8179,0.000000
NSGA-II,819,81846,100,4.0000,425.9551,1162.8058,4.7400,438.3379,1173.8179,0.000000
NSGA-II,820,81946,100,4.0000,425.9551,1162.8058,4.7400,438.3379,1173.8179,0.000000
NSGA-II,821,82046,100,4.0000,425.9551,1162.8058,4.7400,438.3379,1173.8179,0.000000
NSGA-II,822,82146,100,4.0000,425.9551,1162.8058,4.7400,438.3379,1173.8179,0.000000
NSGA-II,823,82246,100,4.0000,425.9551,1162.8058,4.7400,438.3002,1173.8179,0.000000
NSGA-II,824,82346,100,4.0000,425.9551,1162.8058,4.7400,438.3002,1173.8179,0.000000
NSGA-II,825,82446,100,4.0000,425.9551,1162.8058,4.7400,438.3002,1173.8179,0.000000
NSGA-II,826,82546,100,4.0000,425.9551,1162.8058,4.7400,438.3002,1173.8179,0.000000
NSGA-II,827,82646,100,4.0000,425.9551,1162.8058,4.7400,438.3002,1173.8179,0.000000
NSGA-II,828,82746,100,4.0000,425.9551,1162.8058,4.7400,438.3002,1173.8179,0.000000
NSGA-II,829,82846,100,4.0000,425.9551,1162.8058,4.7400,438.3002,1173.8179,0.000000
NSGA-II,830,82946,100,4.0000,425.9551,1162.8058,4.7400,438.3002,1173.8179,0.000000
NSGA-II,831,83046,100,4.0000,425.9551,1162.8058,4.7400,438.3002,1173.8179,0.000000
NSGA-II,832,83146,100,4.0000,425.9551,1162.8058,4.7400,438.3002,1173.8179,0.000000
NSGA-II,833,83246,100,4.0000,425.9551,1162.8058,4.7400,438.3002,1173.8179,0.000000
NSGA-II,834,83346,100,4.0000,425.9551,1162.8058,4.7400,438.3002,1173.8179,0.000000
NSGA-II,835,83446,100,4.0000,425.9551,1162.8058,4.7400,438.2833,1173.5421,0.000000
NSGA-II,836,83546,100,4.0000,425.9551,1162.8058,4.7400,438.2833,1173.5421,0.000000
NSGA-II,837,83646,100,4.0000,425.9551,1162.8058,4.7400,438.2833,1173.5421,0.000000
NSGA-II,838,83746,100,4.0000,425.9551,1162.8058,4.7400,438.2833,1173.5421,0.000000
NSGA-II,839,83846,100,4.0000,425.9551,1162.8058,4.7400,438.2833,1173.5421,0.000000
NSGA-II,840,83946,100,4.0000,425.9551,1162.8058,4.7400,438.2833,1173.5421,0.000000
NSGA-II,841,84046,100,4.0000,425.9551,1162.8058,4.7600,438.2957,1172.6869,0.000000
NSGA-II,842,84146,100,4.0000,425.9551,1162.8058,4.7600,438.2957,1172.6869,0.000000
NSGA-II,843,84246,100,4.0000,425.9551,1162.8058,4.7600,438.2957,1172.6869,0.000000
NSGA-II,844,84346,100,4.0000,425.9551,1162.8058,4.7600,438.2957,1172.6869,0.000000
NSGA-II,845,84446,100,4.0000,425.9551,1162.8058,4.7600,438.2957,1172.6869,0.000000
NSGA-II,846,84546,100,4.0000,425.9551,1162.8058,4.7600,438.2957,1172.6869,0.000000
NSGA-II,847,84646,100,4.0000,425.9551,1162.8058,4.7600,438.2957,1172.6869,0.000000
NSGA-II,848,84746,100,4.0000,425.9551,1162.8058,4.7600,438.2957,1172.6869,0.000000
NSGA-II,849,84846,100,4.0000,425.9551,1162.8058,4.7600,438.2957,1172.6869,0.000000
NSGA-II,850,84946,100,4.0000,425.9551,1162.8058,4.7600,438.2957,1172.6869,0.000000
NSGA-II,851,85046,100,4.0000,425.9551,1162.8058,4.7600,438.2957,1172.6869,0.000000
NSGA-II,852,85146,100,4.0000,425.9551,1162.8058,4.7600,438.2957,1172.6869,0.000000
NSGA-II,853,85246,100,4.0000,425.9551,1162.8058,4.7600,438.2957,1172.6869,0.000000
NSGA-II,854,85346,100,4.0000,425.9551,1162.8058,4.7600,438.2957,1172.6869,0.000000
NSGA-II,855,85446,100,4.0000,425.9551,1162.8058,4.7600,438.2957,1172.6869,0.000000
NSGA-II,856,85546,100,4.0000,425.9551,1162.8058,4.7600,438.2957,1172.6869,0.000000
NSGA-II,857,85646,100,4.0000,425.9551,1162.8058,4.7600,438.3165,1172.4111,0.000000
NSGA-II,858,85746,100,4.0000,425.9551,1162.8058,4.7600,438.3025,1172.4682,0.000000
NSGA-II,859,85846,100,4.0000,425.9551,1162.8058,4.7600,438.3025,1172.4682,0.000000
NSGA-II,860,85946,100,4.0000,425.9551,1162.8058,4.7600,438.3025,1172.4682,0.000000
NSGA-II,861,86046,100,4.0000,425.9551,1162.8058,4.7600,438.3025,1172.4682,0.000000
NSGA-II,862,86146,100,4.0000,425.9551,1162.8058,4.7600,438.3025,1172.4682,0.000000
NSGA-II,863,86246,100,4.0000,425.9551,1162.8058,4.7600,438.3025,1172.4682,0.000000
NSGA-II,864,86346,100,4.0000,425.9551,1162.8058,4.7600,438.3025,1172.4682,0.000000
NSGA-II,865,86446,100,4.0000,425.9551,1162.8058,4.7600,438.3025,1172.4682,0.000000
NSGA-II,866,86546,100,4.0000,425.9551,1162.8058,4.7600,438.3025,1172.4682,0.000000
NSGA-II,867,86646,100,4.0000,425.9551,1162.8058,4.7600,438.3025,1172.4682,0.000000
NSGA-II,868,86746,100,4.0000,425.9551,1162.8058,4.7600,438.3025,1172.4682,0.000000
NSGA-II,869,86846,100,4.0000,425.9551,1162.8058,4.7600,438.3025,1172.4682,0.000000
NSGA-II,870,86946,100,4.0000,425.9551,1162.8058,4.7600,438.3165,1172.4111,0.000000
NSGA-II,871,87046,100,4.0000,425.9551,1162.8058,4.7600,438.3165,1172.4111,0.000000
NSGA-II,872,87146,100,4.0000,425.9551,1162.8058,4.7600,438.3165,1172.4111,0.000000
NSGA-II,873,87246,100,4.0000,425.9551,1162.8058,4.7600,438.3165,1172.4111,0.000000
NSGA-II,874,87346,100,4.0000,425.9551,1162.8058,4.7600,438.3165,1172.4111,0.000000
NSGA-II,875,87446,100,4.0000,425.9551,1162.8058,4.7600,438.3165,1172.4111,0.000000
NSGA-II,876,87546,100,4.0000,425.9551,1162.8058,4.7500,438.3161,1172.6869,0.000000
NSGA-II,877,87646,100,4.0000,425.9551,1162.8058,4.7500,438.3161,1172.6869,0.000000
NSGA-II,878,87746,100,4.0000,425.9551,1162.8058,4.7500,438.3161,1172.6869,0.000000
NSGA-II,879,87846,100,4.0000,425.9551,1162.8058,4.7500,438.3161,1172.6869,0.000000
NSGA-II,880,87946,100,4.0000,425.9551,1162.8058,4.7500,438.3161,1172.6869,0.000000
NSGA-II,881,88046,100,4.0000,425.9551,1162.8058,4.7500,438.3161,1172.6869,0.000000
NSGA-II,882,88146,100,4.0000,425.9551,1162.8058,4.7600,438.3165,1172.4111,0.000000
NSGA-II,883,88246,100,4.0000,425.9551,1162.8058,4.7600,438.3165,1172.4111,0.000000
NSGA-II,884,88346,100,4.0000,425.9551,1162.8058,4.7600,438.3165,1172.4111,0.000000
NSGA-II,885,88446,100,4.0000,425.9551,1162.8058,4.7600,438.3165,1172.4111,0.000000
NSGA-II,886,88546,100,4.0000,425.9551,1162.8058,4.7600,438.3165,1172.4111,0.000000
NSGA-II,887,88646,100,4.0000,425.9551,1162.8058,4.7600,438.3165,1172.4111,0.000000
NSGA-II,888,88746,100,4.0000,425.9551,1162.8058,4.7600,438.3165,1172.4111,0.000000
NSGA-II,889,88846,100,4.0000,425.9551,1162.8058,4.7600,438.3165,1172.4111,0.000000
NSGA-II,890,88946,100,4.0000,425.9551,1162.8058,4.7600,438.3165,1172.4111,0.000000
NSGA-II,891,89046,100,4.0000,425.9551,1162.8058,4.7600,438.3165,1172.4111,0.000000
NSGA-II,892,89146,100,4.0000,425.9551,1162.8058,4.7600,438.3165,1172.4111,0.000000
NSGA-II,893,89246,100,4.0000,425.9551,1162.8058,4.7600,438.3165,1172.4111,0.000000
NSGA-II,894,89346,100,4.0000,425.9551,1162.8058,4.7600,438.3165,1172.4111,0.000000
NSGA-II,895,89446,100,4.0000,425.9551,1162.8058,4.7600,438.3165,1172.4111,0.000000
NSGA-II,896,89546,100,4.0000,425.9551,1162.8058,4.7600,438.2957,1172.6869,0.000000
NSGA-II,897,89646,100,4.0000,425.9551,1162.8058,4.7600,438.2957,1172.6869,0.000000
NSGA-II,898,89746,100,4.0000,425.9551,1162.8058,4.7600,438.2957,1172.6869,0.000000
NSGA-II,899,89846,100,4.0000,425.9551,1162.8058,4.7600,438.2957,1172.6869,0.000000
NSGA-II,900,89946,100,4.0000,425.9551,1162.8058,4.7600,438.2580,1172.6869,0.000000
NSGA-II,901,90046,100,4.0000,425.9551,1162.8058,4.7600,438.2580,1172.6869,0.000000
NSGA-II,902,90146,100,4.0000,425.9551,1162.8058,4.7600,438.2580,1172.6869,0.000000
NSGA-II,903,90246,100,4.0000,425.9551,1162.8058,4.7600,438.2580,1172.6869,0.000000
NSGA-II,904,90346,100,4.0000,425.9551,1162.8058,4.7600,438.2580,1172.6869,0.000000
NSGA-II,905,90446,100,4.0000,425.9551,1162.8058,4.7600,438.2580,1172.6869,0.000000
NSGA-II,906,90546,100,4.0000,425.9551,1162.8058,4.7600,438.2580,1172.6869,0.000000
NSGA-II,907,90646,100,4.0000,425.9551,1162.8058,4.7600,438.2580,1172.6869,0.000000
NSGA-II,908,90746,100,4.0000,425.9551,1162.8058,4.7600,438.2580,1172.6869,0.000000
NSGA-II,909,90846,100,4.0000,425.9551,1162.8058,4.7600,438.2580,1172.6869,0.000000
NSGA-II,910,90946,100,4.0000,425.9551,1162.8058,4.7600,438.2580,1172.6869,0.000000
NSGA-II,911,91046,100,4.0000,425.9551,1162.8058,4.7600,438.2788,1172.4111,0.000000
NSGA-II,912,91146,100,4.0000,425.9551,1162.8058,4.7600,438.2788,1172.4111,0.000000
NSGA-II,913,91246,100,4.0000,425.9551,1162.8058,4.7600,438.2788,1172.4111,0.000000
NSGA-II,914,91346,100,4.0000,425.9551,1162.8058,4.7600,438.2788,1172.4111,0.000000
NSGA-II,915,91446,100,4.0000,425.9551,1162.8058,4.7600,438.2788,1172.4111,0.000000
NSGA-II,916,91546,100,4.0000,425.9551,1162.8058,4.7600,438.2788,1172.4111,0.000000
NSGA-II,917,91646,100,4.0000,425.9551,1162.8058,4.7600,438.2788,1172.4111,0.000000
NSGA-II,918,91746,100,4.0000,425.9551,1162.8058,4.7600,438.2788,1172.4111,0.000000
NSGA-II,919,91846,100,4.0000,425.9551,1162.8058,4.7600,438.2788,1172.4111,0.000000
NSGA-II,920,91946,100,4.0000,425.9551,1162.8058,4.7600,438.2788,1172.4111,0.000000
NSGA-II,921,92046,100,4.0000,425.9551,1162.8058,4.7600,438.2788,1172.4111,0.000000
NSGA-II,922,92146,100,4.0000,425.9551,1162.8058,4.7600,438.2788,1172.4111,0.000000
NSGA-II,923,92246,100,4.0000,425.9551,1162.8058,4.7600,438.2788,1172.4111,0.000000
NSGA-II,924,92346,100,4.0000,425.9551,1162.8058,4.7600,438.2788,1172.4111,0.000000
NSGA-II,925,92446,100,4.0000,425.9551,1162.8058,4.7600,438.2788,1172.4111,0.000000
NSGA-II,926,92546,100,4.0000,425.9551,1162.8058,4.7600,438.2411,1172.4111,0.000000
NSGA-II,927,92646,100,4.0000,425.9551,1162.8058,4.7600,438.2411,1172.4111,0.000000
NSGA-II,928,92746,100,4.0000,425.9551,1162.8058,4.7600,438.2411,1172.4111,0.000000
NSGA-II,929,92846,100,4.0000,425.9551,1162.8058,4.7600,438.2411,1172.4111,0.000000
NSGA-II,930,92946,100,4.0000,425.9551,1162.8058,4.7600,438.2411,1172.4111,0.000000
NSGA-II,931,93046,100,4.0000,425.9551,1162.8058,4.7600,438.2411,1172.4111,0.000000
NSGA-II,932,93146,100,4.0000,425.9551,1162.8058,4.7600,438.2411,1172.4111,0.000000
NSGA-II,933,93246,100,4.0000,425.9551,1162.8058,4.7600,438.2411,1172.4111,0.000000
NSGA-II,934,93346,100,4.0000,425.9551,1162.8058,4.7600,438.2411,1172.4111,0.000000
NSGA-II,935,93446,100,4.0000,425.9551,1162.8058,4.7600,438.2175,1172.3540,0.000000
NSGA-II,936,93546,100,4.0000,425.9551,1162.8058,4.7600,438.2175,1172.3540,0.000000
NSGA-II,937,93646,100,4.0000,425.9551,1162.8058,4.7600,438.2175,1172.3540,0.000000
NSGA-II,938,93746,100,4.0000,425.9551,1162.8058,4.7600,438.2175,1172.3540,0.000000
NSGA-II,939,93846,100,4.0000,425.9551,1162.8058,4.7600,438.2175,1172.3540,0.000000
NSGA-II,940,93946,100,4.0000,425.9551,1162.8058,4.7600,438.2175,1172.3540,0.000000
NSGA-II,941,94046,100,4.0000,425.9551,1162.8058,4.7600,438.2175,1172.3540,0.000000
NSGA-II,942,94146,100,4.0000,425.9551,1162.8058,4.7600,438.2175,1172.3540,0.000000
NSGA-II,943,94246,100,4.0000,425.9551,1162.8058,4.7600,438.2175,1172.3540,0.000000
NSGA-II,944,94346,100,4.0000,425.9551,1162.8058,4.7600,438.2175,1172.3540,0.000000
NSGA-II,945,94446,100,4.0000,425.9551,1162.8058,4.7600,438.2175,1172.3540,0.000000
NSGA-II,946,94546,100,4.0000,425.9551,1162.8058,4.7600,438.2175,1172.3540,0.000000
NSGA-II,947,94646,100,4.0000,425.9551,1162.8058,4.7600,438.2175,1172.3540,0.000000
NSGA-II,948,94746,100,4.0000,425.9551,1162.8058,4.7600,438.2175,1172.3540,0.000000
NSGA-II,949,94846,100,4.0000,425.9551,1162.8058,4.7600,438.2175,1172.3540,0.000000
NSGA-II,950,94946,100,4.0000,425.9551,1162.8058,4.7600,438.2175,1172.3540,0.000000
NSGA-II,951,95046,100,4.0000,425.9551,1162.8058,4.7600,438.2175,1172.3540,0.000000
NSGA-II,952,95146,100,4.0000,425.9551,1162.8058,4.7600,438.2175,1172.3540,0.000000
NSGA-II,953,95246,100,4.0000,425.9551,1162.8058,4.7600,438.2175,1172.3540,0.000000
NSGA-II,954,95346,100,4.0000,425.9551,1162.8058,4.7600,438.2175,1172.3540,0.000000
NSGA-II,955,95446,100,4.0000,425.9551,1162.8058,4.7600,438.2175,1172.3540,0.000000
NSGA-II,956,95546,100,4.0000,425.9551,1162.8058,4.7600,438.2175,1172.3540,0.000000
NSGA-II,957,95646,100,4.0000,425.9551,1162.8058,4.7600,438.2175,1172.3540,0.000000
NSGA-II,958,95746,100,4.0000,425.9551,1162.8058,4.7600,438.2175,1172.3540,0.000000
NSGA-II,959,95846,100,4.0000,425.9551,1162.8058,4.7600,438.2175,1172.3540,0.000000
NSGA-II,960,95946,100,4.0000,425.9551,1162.8058,4.7600,438.2175,1172.3540,0.000000
NSGA-II,961,96046,100,4.0000,425.9551,1162.8058,4.7600,438.2175,1172.3540,0.000000
NSGA-II,962,96146,100,4.0000,425.9551,1162.8058,4.7600,438.2175,1172.3540,0.000000
NSGA-II,963,96246,100,4.0000,425.9551,1162.8058,4.7600,438.2175,1172.3540,0.000000
NSGA-II,964,96346,100,4.0000,425.9551,1162.8058,4.7600,438.2175,1172.3540,0.000000
NSGA-II,965,96446,100,4.0000,425.9551,1162.8058,4.7600,438.2175,1172.3540,0.000000
NSGA-II,966,96546,100,4.0000,425.9551,1162.8058,4.7600,438.2175,1172.3540,0.000000
NSGA-II,967,96646,100,4.0000,425.9551,1162.8058,4.7700,438.1802,1172.0782,0.000000
NSGA-II,968,96746,100,4.0000,425.9551,1162.8058,4.7700,438.1802,1172.0782,0.000000
NSGA-II,969,96846,100,4.0000,425.9551,1162.8058,4.7700,438.1802,1172.0782,0.000000
NSGA-II,970,96946,100,4.0000,425.9551,1162.8058,4.7700,438.1802,1172.0782,0.000000
NSGA-II,971,97046,100,4.0000,425.9551,1162.8058,4.7700,438.1802,1172.0782,0.000000
NSGA-II,972,97146,100,4.0000,425.9551,1162.8058,4.7700,438.1802,1172.0782,0.000000
NSGA-II,973,97246,100,4.0000,425.9551,1162.8058,4.7700,438.1802,1172.0782,0.000000
NSGA-II,974,97346,100,4.0000,425.9551,1162.8058,4.7700,438.1802,1172.0782,0.000000
NSGA-II,975,97446,100,4.0000,425.9551,1162.8058,4.7700,438.1802,1172.0782,0.000000
NSGA-II,976,97546,100,4.0000,425.9551,1162.8058,4.7700,438.1802,1172.0782,0.000000
NSGA-II,977,97646,100,4.0000,425.9551,1162.8058,4.7700,438.1802,1172.0782,0.000000
NSGA-II,978,97746,100,4.0000,425.9551,1162.8058,4.7700,438.1802,1172.0782,0.000000
NSGA-II,979,97846,100,4.0000,425.9551,1162.8058,4.7700,438.1802,1172.0782,0.000000
NSGA-II,980,97946,100,4.0000,425.9551,1162.8058,4.7700,438.1802,1172.0782,0.000000
NSGA-II,981,98046,100,4.0000,425.9551,1162.8058,4.7700,438.1802,1172.0782,0.000000
NSGA-II,982,98146,100,4.0000,425.9551,1162.8058,4.7700,438.1802,1172.0782,0.000000
NSGA-II,983,98246,100,4.0000,425.9551,1162.8058,4.7700,438.1802,1172.0782,0.000000
NSGA-II,984,98346,100,4.0000,425.9551,1162.8058,4.7700,438.1802,1172.0782,0.000000
NSGA-II,985,98446,100,4.0000,425.9551,1162.8058,4.7700,438.1802,1172.0782,0.000000
NSGA-II,986,98546,100,4.0000,425.9551,1162.8058,4.7700,438.1802,1172.0782,0.000000
NSGA-II,987,98646,100,4.0000,425.9551,1162.8058,4.7700,438.1802,1172.0782,0.000000
NSGA-II,988,98746,100,4.0000,425.9551,1162.8058,4.7700,438.1802,1172.0782,0.000000
NSGA-II,989,98846,100,4.0000,425.9551,1162.8058,4.7700,438.1802,1172.0782,0.000000
NSGA-II,990,98946,100,4.0000,425.9551,1162.8058,4.7700,438.1802,1172.0782,0.000000
NSGA-II,991,99046,100,4.0000,425.9551,1162.8058,4.7700,438.1802,1172.0782,0.000000
NSGA-II,992,99146,100,4.0000,425.9551,1162.8058,4.7700,438.0988,1171.8596,0.000000
NSGA-II,993,99246,100,4.0000,425.9551,1162.8058,4.7700,438.0988,1171.8596,0.000000
NSGA-II,994,99346,100,4.0000,425.9551,1162.8058,4.7700,438.0988,1171.8596,0.000000
NSGA-II,995,99446,100,4.0000,425.9551,1162.8058,4.7700,438.0988,1171.8596,0.000000
NSGA-II,996,99546,100,4.0000,425.9551,1162.8058,4.7700,438.0988,1171.8596,0.000000
NSGA-II,997,99646,100,4.0000,425.9551,1162.8058,4.7700,438.0988,1171.8596,0.000000
NSGA-II,998,99746,100,4.0000,425.9551,1162.8058,4.7700,438.0988,1171.8596,0.000000
NSGA-II,999,99846,100,4.0000,425.9551,1162.8058,4.7700,438.0988,1171.8596,0.000000
NSGA-II,1000,99946,100,4.0000,425.9551,1162.8058,4.7700,438.0988,1171.8596,0.000000
NSGA-II,1001,100046,100,4.0000,425.9551,1162.8058,4.7600,437.9068,1171.8596,0.000000
MOEA/D,1,105,1,7.0000,564.9784,1162.8058,7.0000,564.9784,1162.8058,0.000000
MOEA/D,2,210,93,6.0000,497.9906,1162.8058,6.7957,528.1617,1163.1017,0.000000
MOEA/D,3,315,99,6.0000,488.3378,1162.8058,6.4040,514.2833,1164.7350,0.000000
MOEA/D,4,420,105,6.0000,488.3378,1162.8058,6.1810,504.3572,1163.4121,0.000000
MOEA/D,5,525,105,6.0000,488.3378,1162.8058,6.1905,500.5744,1162.8058,0.000000
MOEA/D,6,630,105,6.0000,488.3378,1162.8058,6.0476,496.0129,1162.8058,0.000000
MOEA/D,7,735,105,6.0000,488.3378,1162.8058,6.0095,491.9088,1162.8058,0.000000
MOEA/D,8,840,105,6.0000,488.3378,1162.8058,6.0000,490.4704,1162.8058,0.000000
MOEA/D,9,945,105,6.0000,488.3378,1162.8058,6.0000,490.4704,1162.8058,0.000000
MOEA/D,10,1050,105,5.0000,488.3378,1162.8058,5.8476,489.4051,1162.8058,0.000000
MOEA/D,11,1155,105,5.0000,447.2412,1162.8058,5.4571,474.6047,1162.8058,0.000000
MOEA/D,12,1260,105,5.0000,447.2412,1162.8058,5.2476,461.7207,1162.8058,0.000000
MOEA/D,13,1365,105,5.0000,447.2412,1162.8058,5.1619,457.9428,1163.5937,0.000000
MOEA/D,14,1470,105,5.0000,443.4713,1162.8058,5.0000,446.3975,1162.8058,0.000000
MOEA/D,15,1575,105,5.0000,443.4713,1162.8058,5.0000,446.2929,1162.8058,0.000000
MOEA/D,16,1680,105,5.0000,443.4713,1162.8058,5.0000,446.2929,1162.8058,0.000000
MOEA/D,17,1785,105,5.0000,443.4713,1162.8058,5.0000,446.2929,1162.8058,0.000000
MOEA/D,18,1890,105,5.0000,443.4713,1162.8058,5.0000,445.4006,1162.8058,0.000000
MOEA/D,19,1995,105,5.0000,443.4713,1162.8058,5.0000,445.3657,1162.8058,0.000000
MOEA/D,20,2100,105,5.0000,443.4713,1162.8058,5.0000,445.1915,1162.8058,0.000000
MOEA/D,21,2205,105,5.0000,443.4713,1162.8058,5.0000,444.9761,1162.8058,0.000000
MOEA/D,22,2310,105,5.0000,443.4713,1162.8058,5.0000,444.5093,1162.8058,0.000000
MOEA/D,23,2415,105,5.0000,443.4713,1162.8058,5.0000,444.5093,1162.8058,0.000000
MOEA/D,24,2520,105,5.0000,443.4713,1162.8058,5.0000,444.5093,1162.8058,0.000000
MOEA/D,25,2625,105,5.0000,443.4713,1162.8058,5.0000,444.4048,1162.8058,0.000000
MOEA/D,26,2730,105,5.0000,443.4713,1162.8058,5.0000,443.9380,1162.8058,0.000000
MOEA/D,27,2835,105,5.0000,443.4713,1162.8058,5.0000,443.9380,1162.8058,0.000000
MOEA/D,28,2940,105,5.0000,443.4713,1162.8058,5.0000,443.9380,1162.8058,0.000000
MOEA/D,29,3045,105,5.0000,443.4713,1162.8058,5.0000,443.9380,1162.8058,0.000000
MOEA/D,30,3150,105,5.0000,443.4713,1162.8058,5.0000,443.9380,1162.8058,0.000000
MOEA/D,31,3255,105,5.0000,443.4713,1162.8058,5.0000,443.9380,1162.8058,0.000000
MOEA/D,32,3360,105,5.0000,443.4713,1162.8058,5.0000,443.9380,1162.8058,0.000000
MOEA/D,33,3465,105,5.0000,443.4713,1162.8058,5.0000,443.9380,1162.8058,0.000000
MOEA/D,34,3570,105,5.0000,443.4713,1162.8058,5.0000,443.9380,1162.8058,0.000000
MOEA/D,35,3675,105,5.0000,443.4713,1162.8058,5.0000,443.9380,1162.8058,0.000000
MOEA/D,36,3780,105,5.0000,443.4713,1162.8058,5.0000,443.9380,1162.8058,0.000000
MOEA/D,37,3885,105,5.0000,443.4713,1162.8058,5.0000,443.9380,1162.8058,0.000000
MOEA/D,38,3990,105,5.0000,443.4713,1162.8058,5.0000,443.9380,1162.8058,0.000000
MOEA/D,39,4095,105,5.0000,443.4713,1162.8058,5.0000,443.9021,1162.8058,0.000000
MOEA/D,40,4200,105,5.0000,443.4713,1162.8058,5.0000,443.9021,1162.8058,0.000000
MOEA/D,41,4305,105,5.0000,443.4713,1162.8058,5.0000,443.7585,1162.8058,0.000000
MOEA/D,42,4410,105,5.0000,443.4713,1162.8058,5.0000,443.7226,1162.8058,0.000000
MOEA/D,43,4515,105,5.0000,443.4713,1162.8058,5.0000,443.7226,1162.8058,0.000000
MOEA/D,44,4620,105,5.0000,443.4713,1162.8058,5.0000,443.7226,1162.8058,0.000000
MOEA/D,45,4725,105,5.0000,443.4713,1162.8058,5.0000,443.7226,1162.8058,0.000000
MOEA/D,46,4830,105,5.0000,443.4713,1162.8058,5.0000,443.7226,1162.8058,0.000000
MOEA/D,47,4935,105,5.0000,443.4713,1162.8058,5.0000,443.6867,1162.8058,0.000000
MOEA/D,48,5040,105,5.0000,443.4713,1162.8058,5.0000,443.6867,1162.8058,0.000000
MOEA/D,49,5145,105,5.0000,443.4713,1162.8058,5.0000,443.6867,1162.8058,0.000000
MOEA/D,50,5250,105,5.0000,443.4713,1162.8058,5.0000,443.6867,1162.8058,0.000000
MOEA/D,51,5355,105,5.0000,443.4713,1162.8058,5.0000,443.6867,1162.8058,0.000000
MOEA/D,52,5460,105,5.0000,443.4713,1162.8058,5.0000,443.6867,1162.8058,0.000000
MOEA/D,53,5565,105,5.0000,443.4713,1162.8058,5.0000,443.6867,1162.8058,0.000000
MOEA/D,54,5670,105,5.0000,443.4713,1162.8058,5.0000,443.6867,1162.8058,0.000000
MOEA/D,55,5775,105,5.0000,443.4713,1162.8058,5.0000,443.6867,1162.8058,0.000000
MOEA/D,56,5880,105,5.0000,443.4713,1162.8058,5.0000,443.6867,1162.8058,0.000000
MOEA/D,57,5985,105,5.0000,443.4713,1162.8058,5.0000,443.6867,1162.8058,0.000000
MOEA/D,58,6090,105,5.0000,443.4713,1162.8058,5.0000,443.6867,1162.8058,0.000000
MOEA/D,59,6195,105,5.0000,443.4713,1162.8058,5.0000,443.6867,1162.8058,0.000000
MOEA/D,60,6300,105,5.0000,443.4713,1162.8058,5.0000,443.6867,1162.8058,0.000000
MOEA/D,61,6405,105,5.0000,443.4713,1162.8058,5.0000,443.6867,1162.8058,0.000000
MOEA/D,62,6510,105,5.0000,443.4713,1162.8058,5.0000,443.6867,1162.8058,0.000000
MOEA/D,63,6615,105,5.0000,443.4713,1162.8058,5.0000,443.6867,1162.8058,0.000000
MOEA/D,64,6720,105,5.0000,443.4713,1162.8058,5.0000,443.6867,1162.8058,0.000000
MOEA/D,65,6825,105,5.0000,443.4713,1162.8058,5.0000,443.6867,1162.8058,0.000000
MOEA/D,66,6930,105,5.0000,443.4713,1162.8058,5.0000,443.6867,1162.8058,0.000000
MOEA/D,67,7035,105,5.0000,443.4713,1162.8058,5.0000,443.6867,1162.8058,0.000000
MOEA/D,68,7140,105,5.0000,443.4713,1162.8058,5.0000,443.6867,1162.8058,0.000000
MOEA/D,69,7245,105,5.0000,443.4713,1162.8058,5.0000,443.6867,1162.8058,0.000000
MOEA/D,70,7350,105,5.0000,443.4713,1162.8058,5.0000,443.6867,1162.8058,0.000000
MOEA/D,71,7455,105,5.0000,443.4713,1162.8058,5.0000,443.6867,1162.8058,0.000000
MOEA/D,72,7560,105,5.0000,443.4713,1162.8058,5.0000,443.6867,1162.8058,0.000000
MOEA/D,73,7665,105,5.0000,443.4713,1162.8058,5.0000,443.6867,1162.8058,0.000000
MOEA/D,74,7770,105,5.0000,443.4713,1162.8058,5.0000,443.6867,1162.8058,0.000000
MOEA/D,75,7875,105,5.0000,443.4713,1162.8058,5.0000,443.6867,1162.8058,0.000000
MOEA/D,76,7980,105,5.0000,443.4713,1162.8058,5.0000,443.6867,1162.8058,0.000000
MOEA/D,77,8085,105,5.0000,443.4713,1162.8058,5.0000,443.6867,1162.8058,0.000000
MOEA/D,78,8190,105,5.0000,443.4713,1162.8058,5.0000,443.6867,1162.8058,0.000000
MOEA/D,79,8295,105,5.0000,443.4713,1162.8058,5.0000,443.6867,1162.8058,0.000000
MOEA/D,80,8400,105,5.0000,443.4713,1162.8058,5.0000,443.6867,1162.8058,0.000000
MOEA/D,81,8505,105,5.0000,443.4713,1162.8058,5.0000,443.6867,1162.8058,0.000000
MOEA/D,82,8610,105,5.0000,443.4713,1162.8058,5.0000,443.6867,1162.8058,0.000000
MOEA/D,83,8715,105,5.0000,443.4713,1162.8058,5.0000,443.6867,1162.8058,0.000000
MOEA/D,84,8820,105,5.0000,443.4713,1162.8058,5.0000,443.6867,1162.8058,0.000000
MOEA/D,85,8925,105,5.0000,443.4713,1162.8058,5.0000,443.6867,1162.8058,0.000000
MOEA/D,86,9030,105,5.0000,443.4713,1162.8058,5.0000,443.6867,1162.8058,0.000000
MOEA/D,87,9135,105,5.0000,443.4713,1162.8058,5.0000,443.6867,1162.8058,0.000000
MOEA/D,88,9240,105,5.0000,443.4713,1162.8058,5.0000,443.6867,1162.8058,0.000000
MOEA/D,89,9345,105,5.0000,443.4713,1162.8058,5.0000,443.6867,1162.8058,0.000000
MOEA/D,90,9450,105,5.0000,443.4713,1162.8058,5.0000,443.6867,1162.8058,0.000000
MOEA/D,91,9555,105,5.0000,443.4713,1162.8058,5.0000,443.6867,1162.8058,0.000000
MOEA/D,92,9660,105,5.0000,443.4713,1162.8058,5.0000,443.6867,1162.8058,0.000000
MOEA/D,93,9765,105,5.0000,443.4713,1162.8058,5.0000,443.6867,1162.8058,0.000000
MOEA/D,94,9870,105,5.0000,443.4713,1162.8058,5.0000,443.6867,1162.8058,0.000000
MOEA/D,95,9975,105,5.0000,443.4713,1162.8058,5.0000,443.5790,1162.8058,0.000000
MOEA/D,96,10080,105,5.0000,443.4713,1162.8058,5.0000,443.5790,1162.8058,0.000000
MOEA/D,97,10185,105,5.0000,443.4713,1162.8058,5.0000,443.5790,1162.8058,0.000000
MOEA/D,98,10290,105,5.0000,443.4713,1162.8058,5.0000,443.5790,1162.8058,0.000000
MOEA/D,99,10395,105,5.0000,443.4713,1162.8058,5.0000,443.5790,1162.8058,0.000000
MOEA/D,100,10500,105,5.0000,443.4713,1162.8058,5.0000,443.5790,1162.8058,0.000000
MOEA/D,101,10605,105,5.0000,443.4713,1162.8058,5.0000,443.5790,1162.8058,0.000000
MOEA/D,102,10710,105,5.0000,443.4713,1162.8058,5.0000,443.5790,1162.8058,0.000000
MOEA/D,103,10815,105,5.0000,443.4713,1162.8058,5.0000,443.5790,1162.8058,0.000000
MOEA/D,104,10920,105,5.0000,443.4713,1162.8058,5.0000,443.5790,1162.8058,0.000000
MOEA/D,105,11025,105,5.0000,443.4713,1162.8058,5.0000,443.5790,1162.8058,0.000000
MOEA/D,106,11130,105,5.0000,443.4713,1162.8058,5.0000,443.5790,1162.8058,0.000000
MOEA/D,107,11235,105,5.0000,443.4713,1162.8058,5.0000,443.5790,1162.8058,0.000000
MOEA/D,108,11340,105,5.0000,443.4713,1162.8058,5.0000,443.5790,1162.8058,0.000000
MOEA/D,109,11445,105,5.0000,443.4713,1162.8058,5.0000,443.5790,1162.8058,0.000000
MOEA/D,110,11550,105,5.0000,443.4713,1162.8058,5.0000,443.5790,1162.8058,0.000000
MOEA/D,111,11655,105,5.0000,443.4713,1162.8058,5.0000,443.5790,1162.8058,0.000000
MOEA/D,112,11760,105,5.0000,443.4713,1162.8058,5.0000,443.5790,1162.8058,0.000000
MOEA/D,113,11865,105,5.0000,443.4713,1162.8058,5.0000,443.5790,1162.8058,0.000000
MOEA/D,114,11970,105,5.0000,443.4713,1162.8058,5.0000,443.5790,1162.8058,0.000000
MOEA/D,115,12075,105,5.0000,443.4713,1162.8058,5.0000,443.5790,1162.8058,0.000000
MOEA/D,116,12180,105,5.0000,443.4713,1162.8058,5.0000,443.5790,1162.8058,0.000000
MOEA/D,117,12285,105,5.0000,443.4713,1162.8058,5.0000,443.5790,1162.8058,0.000000
MOEA/D,118,12390,105,5.0000,443.4713,1162.8058,5.0000,443.5790,1162.8058,0.000000
MOEA/D,119,12495,105,5.0000,443.4713,1162.8058,5.0000,443.5790,1162.8058,0.000000
MOEA/D,120,12600,105,5.0000,443.4713,1162.8058,5.0000,443.5790,1162.8058,0.000000
MOEA/D,121,12705,105,5.0000,443.4713,1162.8058,5.0000,443.5790,1162.8058,0.000000
MOEA/D,122,12810,105,5.0000,443.4713,1162.8058,5.0000,443.5790,1162.8058,0.000000
MOEA/D,123,12915,105,5.0000,443.4713,1162.8058,5.0000,443.5790,1162.8058,0.000000
MOEA/D,124,13020,105,5.0000,443.4713,1162.8058,5.0000,443.5790,1162.8058,0.000000
MOEA/D,125,13125,105,5.0000,443.4713,1162.8058,5.0000,443.5790,1162.8058,0.000000
MOEA/D,126,13230,105,5.0000,443.4713,1162.8058,5.0000,443.5790,1162.8058,0.000000
MOEA/D,127,13335,105,5.0000,443.4713,1162.8058,5.0000,443.5790,1162.8058,0.000000
MOEA/D,128,13440,105,5.0000,443.4713,1162.8058,5.0000,443.5790,1162.8058,0.000000
MOEA/D,129,13545,105,5.0000,443.4713,1162.8058,5.0000,443.5790,1162.8058,0.000000
MOEA/D,130,13650,105,5.0000,443.4713,1162.8058,5.0000,443.5790,1162.8058,0.000000
MOEA/D,131,13755,105,5.0000,443.4713,1162.8058,5.0000,443.5790,1162.8058,0.000000
MOEA/D,132,13860,105,5.0000,443.4713,1162.8058,5.0000,443.5790,1162.8058,0.000000
MOEA/D,133,13965,105,5.0000,443.4713,1162.8058,5.0000,443.5790,1162.8058,0.000000
MOEA/D,134,14070,105,5.0000,443.4713,1162.8058,5.0000,443.5790,1162.8058,0.000000
MOEA/D,135,14175,105,5.0000,443.4713,1162.8058,5.0000,443.5790,1162.8058,0.000000
MOEA/D,136,14280,105,5.0000,443.4713,1162.8058,5.0000,443.5790,1162.8058,0.000000
MOEA/D,137,14385,105,5.0000,443.4713,1162.8058,5.0000,443.5790,1162.8058,0.000000
MOEA/D,138,14490,105,5.0000,443.4713,1162.8058,5.0000,443.5790,1162.8058,0.000000
MOEA/D,139,14595,105,5.0000,443.4713,1162.8058,5.0000,443.5790,1162.8058,0.000000
MOEA/D,140,14700,105,5.0000,443.4713,1162.8058,5.0000,443.5790,1162.8058,0.000000
MOEA/D,141,14805,105,5.0000,443.4713,1162.8058,5.0000,443.5790,1162.8058,0.000000
MOEA/D,142,14910,105,5.0000,443.4713,1162.8058,5.0000,443.5790,1162.8058,0.000000
MOEA/D,143,15015,105,5.0000,443.4713,1162.8058,5.0000,443.5790,1162.8058,0.000000
MOEA/D,144,15120,105,5.0000,443.4713,1162.8058,5.0000,443.5790,1162.8058,0.000000
MOEA/D,145,15225,105,5.0000,443.4713,1162.8058,5.0000,443.5790,1162.8058,0.000000
MOEA/D,146,15330,105,5.0000,443.4713,1162.8058,5.0000,443.5790,1162.8058,0.000000
MOEA/D,147,15435,105,5.0000,443.4713,1162.8058,5.0000,443.5790,1162.8058,0.000000
MOEA/D,148,15540,105,5.0000,443.4713,1162.8058,5.0000,443.5790,1162.8058,0.000000
MOEA/D,149,15645,105,5.0000,443.4713,1162.8058,5.0000,443.5790,1162.8058,0.000000
MOEA/D,150,15750,105,5.0000,443.4713,1162.8058,5.0000,443.5790,1162.8058,0.000000
MOEA/D,151,15855,105,5.0000,443.4713,1162.8058,5.0000,443.5790,1162.8058,0.000000
MOEA/D,152,15960,105,5.0000,443.4713,1162.8058,5.0000,443.5790,1162.8058,0.000000
MOEA/D,153,16065,105,5.0000,443.4713,1162.8058,5.0000,443.5790,1162.8058,0.000000
MOEA/D,154,16170,105,5.0000,443.4713,1162.8058,5.0000,443.5790,1162.8058,0.000000
MOEA/D,155,16275,105,5.0000,443.4713,1162.8058,5.0000,443.5790,1162.8058,0.000000
MOEA/D,156,16380,105,5.0000,443.4713,1162.8058,5.0000,443.5790,1162.8058,0.000000
MOEA/D,157,16485,105,5.0000,443.4713,1162.8058,5.0000,443.5790,1162.8058,0.000000
MOEA/D,158,16590,105,5.0000,443.4713,1162.8058,5.0000,443.5790,1162.8058,0.000000
MOEA/D,159,16695,105,5.0000,443.4713,1162.8058,5.0000,443.5790,1162.8058,0.000000
MOEA/D,160,16800,105,5.0000,443.4713,1162.8058,5.0000,443.5790,1162.8058,0.000000
MOEA/D,161,16905,105,5.0000,443.4713,1162.8058,5.0000,443.5790,1162.8058,0.000000
MOEA/D,162,17010,105,5.0000,443.4713,1162.8058,5.0000,443.5790,1162.8058,0.000000
MOEA/D,163,17115,105,5.0000,443.4713,1162.8058,5.0000,443.5790,1162.8058,0.000000
MOEA/D,164,17220,105,5.0000,443.4713,1162.8058,5.0000,443.5790,1162.8058,0.000000
MOEA/D,165,17325,105,5.0000,443.4713,1162.8058,5.0000,443.5790,1162.8058,0.000000
MOEA/D,166,17430,105,5.0000,443.4713,1162.8058,5.0000,443.5790,1162.8058,0.000000
MOEA/D,167,17535,105,5.0000,443.4713,1162.8058,5.0000,443.5790,1162.8058,0.000000
MOEA/D,168,17640,105,5.0000,443.4713,1162.8058,5.0000,443.5790,1162.8058,0.000000
MOEA/D,169,17745,105,5.0000,443.4713,1162.8058,5.0000,443.5790,1162.8058,0.000000
MOEA/D,170,17850,105,5.0000,443.4713,1162.8058,5.0000,443.5790,1162.8058,0.000000
MOEA/D,171,17955,105,5.0000,443.4713,1162.8058,5.0000,443.5790,1162.8058,0.000000
MOEA/D,172,18060,105,5.0000,443.4713,1162.8058,5.0000,443.5790,1162.8058,0.000000
MOEA/D,173,18165,105,5.0000,443.4713,1162.8058,5.0000,443.5790,1162.8058,0.000000
MOEA/D,174,18270,105,5.0000,443.4713,1162.8058,5.0000,443.5790,1162.8058,0.000000
MOEA/D,175,18375,105,5.0000,443.4713,1162.8058,5.0000,443.5790,1162.8058,0.000000
MOEA/D,176,18480,105,5.0000,443.4713,1162.8058,5.0000,443.5790,1162.8058,0.000000
MOEA/D,177,18585,105,5.0000,443.4713,1162.8058,5.0000,443.5790,1162.8058,0.000000
MOEA/D,178,18690,105,5.0000,443.4713,1162.8058,5.0000,443.5790,1162.8058,0.000000
MOEA/D,179,18795,105,5.0000,443.4713,1162.8058,5.0000,443.5790,1162.8058,0.000000
MOEA/D,180,18900,105,5.0000,443.4713,1162.8058,5.0000,443.5790,1162.8058,0.000000
MOEA/D,181,19005,105,5.0000,443.4713,1162.8058,5.0000,443.5790,1162.8058,0.000000
MOEA/D,182,19110,105,5.0000,443.4713,1162.8058,5.0000,443.5790,1162.8058,0.000000
MOEA/D,183,19215,105,5.0000,443.4713,1162.8058,5.0000,443.5790,1162.8058,0.000000
MOEA/D,184,19320,105,5.0000,443.4713,1162.8058,5.0000,443.5790,1162.8058,0.000000
MOEA/D,185,19425,105,5.0000,443.4713,1162.8058,5.0000,443.5790,1162.8058,0.000000
MOEA/D,186,19530,105,5.0000,443.4713,1162.8058,5.0000,443.5790,1162.8058,0.000000
MOEA/D,187,19635,105,5.0000,443.4713,1162.8058,5.0000,443.5790,1162.8058,0.000000
MOEA/D,188,19740,105,5.0000,443.4713,1162.8058,5.0000,443.5790,1162.8058,0.000000
MOEA/D,189,19845,105,5.0000,443.4713,1162.8058,5.0000,443.5790,1162.8058,0.000000
MOEA/D,190,19950,105,5.0000,443.4713,1162.8058,5.0000,443.5790,1162.8058,0.000000
MOEA/D,191,20055,105,5.0000,443.4713,1162.8058,5.0000,443.5790,1162.8058,0.000000
MOEA/D,192,20160,105,5.0000,443.4713,1162.8058,5.0000,443.5790,1162.8058,0.000000
MOEA/D,193,20265,105,5.0000,443.4713,1162.8058,5.0000,443.5790,1162.8058,0.000000
MOEA/D,194,20370,105,5.0000,443.4713,1162.8058,5.0000,443.5790,1162.8058,0.000000
MOEA/D,195,20475,105,5.0000,443.4713,1162.8058,5.0000,443.5790,1162.8058,0.000000
MOEA/D,196,20580,105,5.0000,443.4713,1162.8058,5.0000,443.5790,1162.8058,0.000000
MOEA/D,197,20685,105,5.0000,443.4713,1162.8058,5.0000,443.5790,1162.8058,0.000000
MOEA/D,198,20790,105,5.0000,443.4713,1162.8058,5.0000,443.5790,1162.8058,0.000000
MOEA/D,199,20895,105,5.0000,443.4713,1162.8058,5.0000,443.5790,1162.8058,0.000000
MOEA/D,200,21000,105,5.0000,443.4713,1162.8058,5.0000,443.5790,1162.8058,0.000000
MOEA/D,201,21105,105,5.0000,443.4713,1162.8058,5.0000,443.5790,1162.8058,0.000000
MOEA/D,202,21210,105,5.0000,443.4713,1162.8058,5.0000,443.5790,1162.8058,0.000000
MOEA/D,203,21315,105,5.0000,443.4713,1162.8058,5.0000,443.5790,1162.8058,0.000000
MOEA/D,204,21420,105,5.0000,443.4713,1162.8058,5.0000,443.5790,1162.8058,0.000000
MOEA/D,205,21525,105,5.0000,443.4713,1162.8058,5.0000,443.5790,1162.8058,0.000000
MOEA/D,206,21630,105,5.0000,443.4713,1162.8058,5.0000,443.5790,1162.8058,0.000000
MOEA/D,207,21735,105,5.0000,443.4713,1162.8058,5.0000,443.5790,1162.8058,0.000000
MOEA/D,208,21840,105,5.0000,443.4713,1162.8058,5.0000,443.5790,1162.8058,0.000000
MOEA/D,209,21945,105,5.0000,443.4713,1162.8058,5.0000,443.5790,1162.8058,0.000000
MOEA/D,210,22050,105,5.0000,443.4713,1162.8058,5.0000,443.5790,1162.8058,0.000000
MOEA/D,211,22155,105,5.0000,443.4713,1162.8058,5.0000,443.5790,1162.8058,0.000000
MOEA/D,212,22260,105,5.0000,443.4713,1162.8058,5.0000,443.5790,1162.8058,0.000000
MOEA/D,213,22365,105,5.0000,443.4713,1162.8058,5.0000,443.5790,1162.8058,0.000000
MOEA/D,214,22470,105,5.0000,443.4713,1162.8058,5.0000,443.5790,1162.8058,0.000000
MOEA/D,215,22575,105,5.0000,443.4713,1162.8058,5.0000,443.5790,1162.8058,0.000000
MOEA/D,216,22680,105,5.0000,443.4713,1162.8058,5.0000,443.5790,1162.8058,0.000000
MOEA/D,217,22785,105,5.0000,443.4713,1162.8058,5.0000,443.5790,1162.8058,0.000000
MOEA/D,218,22890,105,5.0000,443.4713,1162.8058,5.0000,443.5790,1162.8058,0.000000
MOEA/D,219,22995,105,5.0000,443.4713,1162.8058,5.0000,443.5790,1162.8058,0.000000
MOEA/D,220,23100,105,5.0000,443.4713,1162.8058,5.0000,443.5790,1162.8058,0.000000
MOEA/D,221,23205,105,5.0000,443.4713,1162.8058,5.0000,443.5790,1162.8058,0.000000
MOEA/D,222,23310,105,5.0000,443.4713,1162.8058,5.0000,443.5790,1162.8058,0.000000
MOEA/D,223,23415,105,5.0000,443.4713,1162.8058,5.0000,443.5790,1162.8058,0.000000
MOEA/D,224,23520,105,5.0000,443.4713,1162.8058,5.0000,443.5790,1162.8058,0.000000
MOEA/D,225,23625,105,5.0000,443.4713,1162.8058,5.0000,443.5790,1162.8058,0.000000
MOEA/D,226,23730,105,5.0000,443.4713,1162.8058,5.0000,443.5790,1162.8058,0.000000
MOEA/D,227,23835,105,5.0000,443.4713,1162.8058,5.0000,443.5790,1162.8058,0.000000
MOEA/D,228,23940,105,5.0000,443.4713,1162.8058,5.0000,443.5790,1162.8058,0.000000
MOEA/D,229,24045,105,5.0000,443.4713,1162.8058,5.0000,443.5790,1162.8058,0.000000
MOEA/D,230,24150,105,5.0000,443.4713,1162.8058,5.0000,443.5790,1162.8058,0.000000
MOEA/D,231,24255,105,5.0000,443.4713,1162.8058,5.0000,443.5790,1162.8058,0.000000
MOEA/D,232,24360,105,5.0000,443.4713,1162.8058,5.0000,443.5790,1162.8058,0.000000
MOEA/D,233,24465,105,5.0000,443.4713,1162.8058,5.0000,443.5790,1162.8058,0.000000
MOEA/D,234,24570,105,5.0000,443.4713,1162.8058,5.0000,443.5790,1162.8058,0.000000
MOEA/D,235,24675,105,5.0000,443.4713,1162.8058,5.0000,443.5790,1162.8058,0.000000
MOEA/D,236,24780,105,5.0000,443.4713,1162.8058,5.0000,443.5790,1162.8058,0.000000
MOEA/D,237,24885,105,5.0000,443.4713,1162.8058,5.0000,443.5790,1162.8058,0.000000
MOEA/D,238,24990,105,5.0000,443.4713,1162.8058,5.0000,443.5790,1162.8058,0.000000
MOEA/D,239,25095,105,5.0000,443.4713,1162.8058,5.0000,443.5790,1162.8058,0.000000
MOEA/D,240,25200,105,5.0000,443.4713,1162.8058,5.0000,443.5790,1162.8058,0.000000
MOEA/D,241,25305,105,5.0000,443.4713,1162.8058,5.0000,443.5790,1162.8058,0.000000
MOEA/D,242,25410,105,5.0000,443.4713,1162.8058,5.0000,443.5790,1162.8058,0.000000
MOEA/D,243,25515,105,5.0000,443.4713,1162.8058,5.0000,443.5790,1162.8058,0.000000
MOEA/D,244,25620,105,5.0000,443.4713,1162.8058,5.0000,443.5790,1162.8058,0.000000
MOEA/D,245,25725,105,5.0000,443.4713,1162.8058,5.0000,443.5790,1162.8058,0.000000
MOEA/D,246,25830,105,5.0000,443.4713,1162.8058,5.0000,443.5790,1162.8058,0.000000
MOEA/D,247,25935,105,5.0000,443.4713,1162.8058,5.0000,443.5790,1162.8058,0.000000
MOEA/D,248,26040,105,5.0000,443.4713,1162.8058,5.0000,443.5790,1162.8058,0.000000
MOEA/D,249,26145,105,5.0000,443.4713,1162.8058,5.0000,443.5790,1162.8058,0.000000
MOEA/D,250,26250,105,5.0000,443.4713,1162.8058,5.0000,443.5790,1162.8058,0.000000
MOEA/D,251,26355,105,5.0000,443.4713,1162.8058,5.0000,443.5790,1162.8058,0.000000
MOEA/D,252,26460,105,5.0000,443.4713,1162.8058,5.0000,443.5790,1162.8058,0.000000
MOEA/D,253,26565,105,5.0000,443.4713,1162.8058,5.0000,443.5790,1162.8058,0.000000
MOEA/D,254,26670,105,5.0000,443.4713,1162.8058,5.0000,443.5790,1162.8058,0.000000
MOEA/D,255,26775,105,5.0000,443.4713,1162.8058,5.0000,443.5790,1162.8058,0.000000
MOEA/D,256,26880,105,5.0000,443.4713,1162.8058,5.0000,443.5790,1162.8058,0.000000
MOEA/D,257,26985,105,5.0000,443.4713,1162.8058,5.0000,443.5790,1162.8058,0.000000
MOEA/D,258,27090,105,5.0000,443.4713,1162.8058,5.0000,443.5790,1162.8058,0.000000
MOEA/D,259,27195,105,5.0000,443.4713,1162.8058,5.0000,443.5790,1162.8058,0.000000
MOEA/D,260,27300,105,5.0000,443.4713,1162.8058,5.0000,443.5790,1162.8058,0.000000
MOEA/D,261,27405,105,5.0000,443.4713,1162.8058,5.0000,443.5790,1162.8058,0.000000
MOEA/D,262,27510,105,5.0000,443.4713,1162.8058,5.0000,443.5790,1162.8058,0.000000
MOEA/D,263,27615,105,5.0000,443.4713,1162.8058,5.0000,443.5790,1162.8058,0.000000
MOEA/D,264,27720,105,5.0000,443.4713,1162.8058,5.0000,443.5790,1162.8058,0.000000
MOEA/D,265,27825,105,5.0000,443.4713,1162.8058,5.0000,443.5790,1162.8058,0.000000
MOEA/D,266,27930,105,5.0000,443.4713,1162.8058,5.0000,443.5790,1162.8058,0.000000
MOEA/D,267,28035,105,5.0000,443.4713,1162.8058,5.0000,443.5790,1162.8058,0.000000
MOEA/D,268,28140,105,5.0000,443.4713,1162.8058,5.0000,443.5790,1162.8058,0.000000
MOEA/D,269,28245,105,5.0000,443.4713,1162.8058,5.0000,443.5790,1162.8058,0.000000
MOEA/D,270,28350,105,5.0000,443.4713,1162.8058,5.0000,443.5790,1162.8058,0.000000
MOEA/D,271,28455,105,5.0000,443.4713,1162.8058,5.0000,443.5790,1162.8058,0.000000
MOEA/D,272,28560,105,5.0000,443.4713,1162.8058,5.0000,443.5790,1162.8058,0.000000
MOEA/D,273,28665,105,5.0000,443.4713,1162.8058,5.0000,443.5790,1162.8058,0.000000
MOEA/D,274,28770,105,5.0000,443.4713,1162.8058,5.0000,443.5790,1162.8058,0.000000
MOEA/D,275,28875,105,5.0000,443.4713,1162.8058,5.0000,443.5790,1162.8058,0.000000
MOEA/D,276,28980,105,5.0000,443.4713,1162.8058,5.0000,443.5790,1162.8058,0.000000
MOEA/D,277,29085,105,5.0000,443.4713,1162.8058,5.0000,443.5790,1162.8058,0.000000
MOEA/D,278,29190,105,5.0000,443.4713,1162.8058,5.0000,443.5790,1162.8058,0.000000
MOEA/D,279,29295,105,5.0000,443.4713,1162.8058,5.0000,443.5790,1162.8058,0.000000
MOEA/D,280,29400,105,5.0000,443.4713,1162.8058,5.0000,443.5790,1162.8058,0.000000
MOEA/D,281,29505,105,5.0000,443.4713,1162.8058,5.0000,443.5790,1162.8058,0.000000
MOEA/D,282,29610,105,5.0000,443.4713,1162.8058,5.0000,443.5790,1162.8058,0.000000
MOEA/D,283,29715,105,5.0000,443.4713,1162.8058,5.0000,443.5790,1162.8058,0.000000
MOEA/D,284,29820,105,5.0000,443.4713,1162.8058,5.0000,443.5790,1162.8058,0.000000
MOEA/D,285,29925,105,5.0000,443.4713,1162.8058,5.0000,443.5790,1162.8058,0.000000
MOEA/D,286,30030,105,5.0000,443.4713,1162.8058,5.0000,443.5790,1162.8058,0.000000
MOEA/D,287,30135,105,5.0000,443.4713,1162.8058,5.0000,443.5790,1162.8058,0.000000
MOEA/D,288,30240,105,5.0000,443.4713,1162.8058,5.0000,443.5790,1162.8058,0.000000
MOEA/D,289,30345,105,5.0000,443.4713,1162.8058,5.0000,443.5790,1162.8058,0.000000
MOEA/D,290,30450,105,5.0000,443.4713,1162.8058,5.0000,443.5790,1162.8058,0.000000
MOEA/D,291,30555,105,5.0000,443.4713,1162.8058,5.0000,443.5790,1162.8058,0.000000
MOEA/D,292,30660,105,5.0000,443.4713,1162.8058,5.0000,443.4713,1162.8058,0.000000
MOEA/D,293,30765,105,5.0000,443.4713,1162.8058,5.0000,443.4713,1162.8058,0.000000
MOEA/D,294,30870,105,5.0000,443.4713,1162.8058,5.0000,443.4713,1162.8058,0.000000
MOEA/D,295,30975,105,5.0000,443.4713,1162.8058,5.0000,443.4713,1162.8058,0.000000
MOEA/D,296,31080,105,5.0000,443.4713,1162.8058,5.0000,443.4713,1162.8058,0.000000
MOEA/D,297,31185,105,5.0000,443.4713,1162.8058,5.0000,443.4713,1162.8058,0.000000
MOEA/D,298,31290,105,5.0000,443.4713,1162.8058,5.0000,443.4713,1162.8058,0.000000
MOEA/D,299,31395,105,5.0000,443.4713,1162.8058,5.0000,443.4713,1162.8058,0.000000
MOEA/D,300,31500,105,5.0000,443.4713,1162.8058,5.0000,443.4713,1162.8058,0.000000
MOEA/D,301,31605,105,5.0000,443.4713,1162.8058,5.0000,443.4713,1162.8058,0.000000
MOEA/D,302,31710,105,5.0000,443.4713,1162.8058,5.0000,443.4713,1162.8058,0.000000
MOEA/D,303,31815,105,5.0000,443.4713,1162.8058,5.0000,443.4713,1162.8058,0.000000
MOEA/D,304,31920,105,5.0000,443.4713,1162.8058,5.0000,443.4713,1162.8058,0.000000
MOEA/D,305,32025,105,5.0000,443.4713,1162.8058,5.0000,443.4713,1162.8058,0.000000
MOEA/D,306,32130,105,5.0000,443.4713,1162.8058,5.0000,443.4713,1162.8058,0.000000
MOEA/D,307,32235,105,5.0000,443.4713,1162.8058,5.0000,443.4713,1162.8058,0.000000
MOEA/D,308,32340,105,5.0000,443.4713,1162.8058,5.0000,443.4713,1162.8058,0.000000
MOEA/D,309,32445,105,5.0000,443.4713,1162.8058,5.0000,443.4713,1162.8058,0.000000
MOEA/D,310,32550,105,5.0000,443.4713,1162.8058,5.0000,443.4713,1162.8058,0.000000
MOEA/D,311,32655,105,5.0000,443.4713,1162.8058,5.0000,443.4713,1162.8058,0.000000
MOEA/D,312,32760,105,5.0000,443.4713,1162.8058,5.0000,443.4713,1162.8058,0.000000
MOEA/D,313,32865,105,5.0000,443.4713,1162.8058,5.0000,443.4713,1162.8058,0.000000
MOEA/D,314,32970,105,5.0000,443.4713,1162.8058,5.0000,443.4713,1162.8058,0.000000
MOEA/D,315,33075,105,5.0000,443.4713,1162.8058,5.0000,443.4713,1162.8058,0.000000
MOEA/D,316,33180,105,5.0000,443.4713,1162.8058,5.0000,443.4713,1162.8058,0.000000
MOEA/D,317,33285,105,5.0000,443.4713,1162.8058,5.0000,443.4713,1162.8058,0.000000
MOEA/D,318,33390,105,5.0000,443.4713,1162.8058,5.0000,443.4713,1162.8058,0.000000
MOEA/D,319,33495,105,5.0000,443.4713,1162.8058,5.0000,443.4713,1162.8058,0.000000
MOEA/D,320,33600,105,5.0000,443.4713,1162.8058,5.0000,443.4713,1162.8058,0.000000
MOEA/D,321,33705,105,5.0000,443.4713,1162.8058,5.0000,443.4713,1162.8058,0.000000
MOEA/D,322,33810,105,5.0000,443.4713,1162.8058,5.0000,443.4713,1162.8058,0.000000
MOEA/D,323,33915,105,5.0000,443.4713,1162.8058,5.0000,443.4713,1162.8058,0.000000
MOEA/D,324,34020,105,5.0000,443.4713,1162.8058,5.0000,443.4713,1162.8058,0.000000
MOEA/D,325,34125,105,5.0000,443.4713,1162.8058,5.0000,443.4713,1162.8058,0.000000
MOEA/D,326,34230,105,5.0000,443.4713,1162.8058,5.0000,443.4713,1162.8058,0.000000
MOEA/D,327,34335,105,5.0000,443.4713,1162.8058,5.0000,443.4713,1162.8058,0.000000
MOEA/D,328,34440,105,5.0000,443.4713,1162.8058,5.0000,443.4713,1162.8058,0.000000
MOEA/D,329,34545,105,5.0000,443.4713,1162.8058,5.0000,443.4713,1162.8058,0.000000
MOEA/D,330,34650,105,5.0000,443.4713,1162.8058,5.0000,443.4713,1162.8058,0.000000
MOEA/D,331,34755,105,5.0000,443.4713,1162.8058,5.0000,443.4713,1162.8058,0.000000
MOEA/D,332,34860,105,5.0000,443.4713,1162.8058,5.0000,443.4713,1162.8058,0.000000
MOEA/D,333,34965,105,5.0000,443.4713,1162.8058,5.0000,443.4713,1162.8058,0.000000
MOEA/D,334,35070,105,5.0000,443.4713,1162.8058,5.0000,443.4713,1162.8058,0.000000
MOEA/D,335,35175,105,5.0000,443.4713,1162.8058,5.0000,443.4713,1162.8058,0.000000
MOEA/D,336,35280,105,5.0000,443.4713,1162.8058,5.0000,443.4713,1162.8058,0.000000
MOEA/D,337,35385,105,5.0000,443.4713,1162.8058,5.0000,443.4713,1162.8058,0.000000
MOEA/D,338,35490,105,5.0000,443.4713,1162.8058,5.0000,443.4713,1162.8058,0.000000
MOEA/D,339,35595,105,5.0000,443.4713,1162.8058,5.0000,443.4713,1162.8058,0.000000
MOEA/D,340,35700,105,5.0000,443.4713,1162.8058,5.0000,443.4713,1162.8058,0.000000
MOEA/D,341,35805,105,5.0000,443.4713,1162.8058,5.0000,443.4713,1162.8058,0.000000
MOEA/D,342,35910,105,5.0000,443.4713,1162.8058,5.0000,443.4713,1162.8058,0.000000
MOEA/D,343,36015,105,5.0000,443.4713,1162.8058,5.0000,443.4713,1162.8058,0.000000
MOEA/D,344,36120,105,5.0000,443.4713,1162.8058,5.0000,443.4713,1162.8058,0.000000
MOEA/D,345,36225,105,5.0000,443.4713,1162.8058,5.0000,443.4713,1162.8058,0.000000
MOEA/D,346,36330,105,5.0000,443.4713,1162.8058,5.0000,443.4713,1162.8058,0.000000
MOEA/D,347,36435,105,5.0000,443.4713,1162.8058,5.0000,443.4713,1162.8058,0.000000
MOEA/D,348,36540,105,5.0000,443.4713,1162.8058,5.0000,443.4713,1162.8058,0.000000
MOEA/D,349,36645,105,5.0000,443.4713,1162.8058,5.0000,443.4713,1162.8058,0.000000
MOEA/D,350,36750,105,5.0000,443.4713,1162.8058,5.0000,443.4713,1162.8058,0.000000
MOEA/D,351,36855,105,5.0000,443.4713,1162.8058,5.0000,443.4713,1162.8058,0.000000
MOEA/D,352,36960,105,5.0000,443.4713,1162.8058,5.0000,443.4713,1162.8058,0.000000
MOEA/D,353,37065,105,5.0000,443.4713,1162.8058,5.0000,443.4713,1162.8058,0.000000
MOEA/D,354,37170,105,5.0000,443.4713,1162.8058,5.0000,443.4713,1162.8058,0.000000
MOEA/D,355,37275,105,5.0000,443.4713,1162.8058,5.0000,443.4713,1162.8058,0.000000
MOEA/D,356,37380,105,5.0000,443.4713,1162.8058,5.0000,443.4713,1162.8058,0.000000
MOEA/D,357,37485,105,5.0000,443.4713,1162.8058,5.0000,443.4713,1162.8058,0.000000
MOEA/D,358,37590,105,5.0000,443.4713,1162.8058,5.0000,443.4713,1162.8058,0.000000
MOEA/D,359,37695,105,5.0000,443.4713,1162.8058,5.0000,443.4713,1162.8058,0.000000
MOEA/D,360,37800,105,5.0000,443.4713,1162.8058,5.0000,443.4713,1162.8058,0.000000
MOEA/D,361,37905,105,5.0000,443.4713,1162.8058,5.0000,443.4713,1162.8058,0.000000
MOEA/D,362,38010,105,5.0000,443.4713,1162.8058,5.0000,443.4713,1162.8058,0.000000
MOEA/D,363,38115,105,5.0000,443.4713,1162.8058,5.0000,443.4713,1162.8058,0.000000
MOEA/D,364,38220,105,5.0000,443.4713,1162.8058,5.0000,443.4713,1162.8058,0.000000
MOEA/D,365,38325,105,5.0000,443.4713,1162.8058,5.0000,443.4713,1162.8058,0.000000
MOEA/D,366,38430,105,5.0000,443.4713,1162.8058,5.0000,443.4713,1162.8058,0.000000
MOEA/D,367,38535,105,5.0000,443.4713,1162.8058,5.0000,443.4713,1162.8058,0.000000
MOEA/D,368,38640,105,5.0000,443.4713,1162.8058,5.0000,443.4713,1162.8058,0.000000
MOEA/D,369,38745,105,5.0000,443.4713,1162.8058,5.0000,443.4713,1162.8058,0.000000
MOEA/D,370,38850,105,5.0000,443.4713,1162.8058,5.0000,443.4713,1162.8058,0.000000
MOEA/D,371,38955,105,5.0000,443.4713,1162.8058,5.0000,443.4713,1162.8058,0.000000
MOEA/D,372,39060,105,5.0000,443.4713,1162.8058,5.0000,443.4713,1162.8058,0.000000
MOEA/D,373,39165,105,5.0000,443.4713,1162.8058,5.0000,443.4713,1162.8058,0.000000
MOEA/D,374,39270,105,5.0000,443.4713,1162.8058,5.0000,443.4713,1162.8058,0.000000
MOEA/D,375,39375,105,5.0000,443.4713,1162.8058,5.0000,443.4713,1162.8058,0.000000
MOEA/D,376,39480,105,5.0000,443.4713,1162.8058,5.0000,443.4713,1162.8058,0.000000
MOEA/D,377,39585,105,5.0000,443.4713,1162.8058,5.0000,443.4713,1162.8058,0.000000
MOEA/D,378,39690,105,5.0000,443.4713,1162.8058,5.0000,443.4713,1162.8058,0.000000
MOEA/D,379,39795,105,5.0000,443.4713,1162.8058,5.0000,443.4713,1162.8058,0.000000
MOEA/D,380,39900,105,5.0000,443.4713,1162.8058,5.0000,443.4713,1162.8058,0.000000
MOEA/D,381,40005,105,5.0000,443.4713,1162.8058,5.0000,443.4713,1162.8058,0.000000
MOEA/D,382,40110,105,5.0000,443.4713,1162.8058,5.0000,443.4713,1162.8058,0.000000
MOEA/D,383,40215,105,5.0000,443.4713,1162.8058,5.0000,443.4713,1162.8058,0.000000
MOEA/D,384,40320,105,5.0000,443.4713,1162.8058,5.0000,443.4713,1162.8058,0.000000
MOEA/D,385,40425,105,5.0000,443.4713,1162.8058,5.0000,443.4713,1162.8058,0.000000
MOEA/D,386,40530,105,5.0000,443.4713,1162.8058,5.0000,443.4713,1162.8058,0.000000
MOEA/D,387,40635,105,5.0000,443.4713,1162.8058,5.0000,443.4713,1162.8058,0.000000
MOEA/D,388,40740,105,5.0000,443.4713,1162.8058,5.0000,443.4713,1162.8058,0.000000
MOEA/D,389,40845,105,5.0000,443.4713,1162.8058,5.0000,443.4713,1162.8058,0.000000
MOEA/D,390,40950,105,5.0000,443.4713,1162.8058,5.0000,443.4713,1162.8058,0.000000
MOEA/D,391,41055,105,5.0000,443.4713,1162.8058,5.0000,443.4713,1162.8058,0.000000
MOEA/D,392,41160,105,5.0000,443.4713,1162.8058,5.0000,443.4713,1162.8058,0.000000
MOEA/D,393,41265,105,5.0000,443.4713,1162.8058,5.0000,443.4713,1162.8058,0.000000
MOEA/D,394,41370,105,5.0000,443.4713,1162.8058,5.0000,443.4713,1162.8058,0.000000
MOEA/D,395,41475,105,5.0000,443.4713,1162.8058,5.0000,443.4713,1162.8058,0.000000
MOEA/D,396,41580,105,5.0000,443.4713,1162.8058,5.0000,443.4713,1162.8058,0.000000
MOEA/D,397,41685,105,5.0000,443.4713,1162.8058,5.0000,443.4713,1162.8058,0.000000
MOEA/D,398,41790,105,5.0000,443.4713,1162.8058,5.0000,443.4713,1162.8058,0.000000
MOEA/D,399,41895,105,5.0000,443.4713,1162.8058,5.0000,443.4713,1162.8058,0.000000
MOEA/D,400,42000,105,5.0000,443.4713,1162.8058,5.0000,443.4713,1162.8058,0.000000
MOEA/D,401,42105,105,5.0000,443.4713,1162.8058,5.0000,443.4713,1162.8058,0.000000
MOEA/D,402,42210,105,5.0000,443.4713,1162.8058,5.0000,443.4713,1162.8058,0.000000
MOEA/D,403,42315,105,5.0000,443.4713,1162.8058,5.0000,443.4713,1162.8058,0.000000
MOEA/D,404,42420,105,5.0000,443.4713,1162.8058,5.0000,443.4713,1162.8058,0.000000
MOEA/D,405,42525,105,5.0000,443.4713,1162.8058,5.0000,443.4713,1162.8058,0.000000
MOEA/D,406,42630,105,5.0000,443.4713,1162.8058,5.0000,443.4713,1162.8058,0.000000
MOEA/D,407,42735,105,5.0000,443.4713,1162.8058,5.0000,443.4713,1162.8058,0.000000
MOEA/D,408,42840,105,5.0000,443.4713,1162.8058,5.0000,443.4713,1162.8058,0.000000
MOEA/D,409,42945,105,5.0000,443.4713,1162.8058,5.0000,443.4713,1162.8058,0.000000
MOEA/D,410,43050,105,5.0000,443.4713,1162.8058,5.0000,443.4713,1162.8058,0.000000
MOEA/D,411,43155,105,5.0000,443.4713,1162.8058,5.0000,443.4713,1162.8058,0.000000
MOEA/D,412,43260,105,5.0000,443.4713,1162.8058,5.0000,443.4713,1162.8058,0.000000
MOEA/D,413,43365,105,5.0000,443.4713,1162.8058,5.0000,443.4713,1162.8058,0.000000
MOEA/D,414,43470,105,5.0000,443.4713,1162.8058,5.0000,443.4713,1162.8058,0.000000
MOEA/D,415,43575,105,5.0000,443.4713,1162.8058,5.0000,443.4713,1162.8058,0.000000
MOEA/D,416,43680,105,5.0000,443.4713,1162.8058,5.0000,443.4713,1162.8058,0.000000
MOEA/D,417,43785,105,5.0000,443.4713,1162.8058,5.0000,443.4713,1162.8058,0.000000
MOEA/D,418,43890,105,5.0000,443.4713,1162.8058,5.0000,443.4713,1162.8058,0.000000
MOEA/D,419,43995,105,5.0000,443.4713,1162.8058,5.0000,443.4713,1162.8058,0.000000
MOEA/D,420,44100,105,5.0000,443.4713,1162.8058,5.0000,443.4713,1162.8058,0.000000
MOEA/D,421,44205,105,5.0000,443.4713,1162.8058,5.0000,443.4713,1162.8058,0.000000
MOEA/D,422,44310,105,5.0000,443.4713,1162.8058,5.0000,443.4713,1162.8058,0.000000
MOEA/D,423,44415,105,5.0000,443.4713,1162.8058,5.0000,443.4713,1162.8058,0.000000
MOEA/D,424,44520,105,5.0000,443.4713,1162.8058,5.0000,443.4713,1162.8058,0.000000
MOEA/D,425,44625,105,5.0000,443.4713,1162.8058,5.0000,443.4713,1162.8058,0.000000
MOEA/D,426,44730,105,5.0000,443.4713,1162.8058,5.0000,443.4713,1162.8058,0.000000
MOEA/D,427,44835,105,5.0000,443.4713,1162.8058,5.0000,443.4713,1162.8058,0.000000
MOEA/D,428,44940,105,5.0000,443.4713,1162.8058,5.0000,443.4713,1162.8058,0.000000
MOEA/D,429,45045,105,5.0000,443.4713,1162.8058,5.0000,443.4713,1162.8058,0.000000
MOEA/D,430,45150,105,5.0000,443.4713,1162.8058,5.0000,443.4713,1162.8058,0.000000
MOEA/D,431,45255,105,5.0000,443.4713,1162.8058,5.0000,443.4713,1162.8058,0.000000
MOEA/D,432,45360,105,5.0000,443.4713,1162.8058,5.0000,443.4713,1162.8058,0.000000
MOEA/D,433,45465,105,5.0000,443.4713,1162.8058,5.0000,443.4713,1162.8058,0.000000
MOEA/D,434,45570,105,5.0000,443.4713,1162.8058,5.0000,443.4713,1162.8058,0.000000
MOEA/D,435,45675,105,5.0000,443.4713,1162.8058,5.0000,443.4713,1162.8058,0.000000
MOEA/D,436,45780,105,5.0000,443.4713,1162.8058,5.0000,443.4713,1162.8058,0.000000
MOEA/D,437,45885,105,5.0000,443.4713,1162.8058,5.0000,443.4713,1162.8058,0.000000
MOEA/D,438,45990,105,5.0000,443.4713,1162.8058,5.0000,443.4713,1162.8058,0.000000
MOEA/D,439,46095,105,5.0000,443.4713,1162.8058,5.0000,443.4713,1162.8058,0.000000
MOEA/D,440,46200,105,5.0000,443.4713,1162.8058,5.0000,443.4713,1162.8058,0.000000
MOEA/D,441,46305,105,5.0000,443.4713,1162.8058,5.0000,443.4713,1162.8058,0.000000
MOEA/D,442,46410,105,5.0000,443.4713,1162.8058,5.0000,443.4713,1162.8058,0.000000
MOEA/D,443,46515,105,5.0000,443.4713,1162.8058,5.0000,443.4713,1162.8058,0.000000
MOEA/D,444,46620,105,5.0000,443.4713,1162.8058,5.0000,443.4713,1162.8058,0.000000
MOEA/D,445,46725,105,5.0000,443.4713,1162.8058,5.0000,443.4713,1162.8058,0.000000
MOEA/D,446,46830,105,5.0000,443.4713,1162.8058,5.0000,443.4713,1162.8058,0.000000
MOEA/D,447,46935,105,5.0000,443.4713,1162.8058,5.0000,443.4713,1162.8058,0.000000
MOEA/D,448,47040,105,5.0000,443.4713,1162.8058,5.0000,443.4713,1162.8058,0.000000
MOEA/D,449,47145,105,5.0000,443.4713,1162.8058,5.0000,443.4713,1162.8058,0.000000
MOEA/D,450,47250,105,5.0000,443.4713,1162.8058,5.0000,443.4713,1162.8058,0.000000
MOEA/D,451,47355,105,5.0000,443.4713,1162.8058,5.0000,443.4713,1162.8058,0.000000
MOEA/D,452,47460,105,5.0000,443.4713,1162.8058,5.0000,443.4713,1162.8058,0.000000
MOEA/D,453,47565,105,5.0000,443.4713,1162.8058,5.0000,443.4713,1162.8058,0.000000
MOEA/D,454,47670,105,5.0000,443.4713,1162.8058,5.0000,443.4713,1162.8058,0.000000
MOEA/D,455,47775,105,5.0000,443.4713,1162.8058,5.0000,443.4713,1162.8058,0.000000
MOEA/D,456,47880,105,5.0000,443.4713,1162.8058,5.0000,443.4713,1162.8058,0.000000
MOEA/D,457,47985,105,5.0000,443.4713,1162.8058,5.0000,443.4713,1162.8058,0.000000
MOEA/D,458,48090,105,5.0000,443.4713,1162.8058,5.0000,443.4713,1162.8058,0.000000
MOEA/D,459,48195,105,5.0000,443.4713,1162.8058,5.0000,443.4713,1162.8058,0.000000
MOEA/D,460,48300,105,5.0000,443.4713,1162.8058,5.0000,443.4713,1162.8058,0.000000
MOEA/D,461,48405,105,5.0000,443.4713,1162.8058,5.0000,443.4713,1162.8058,0.000000
MOEA/D,462,48510,105,5.0000,443.4713,1162.8058,5.0000,443.4713,1162.8058,0.000000
MOEA/D,463,48615,105,5.0000,443.4713,1162.8058,5.0000,443.4713,1162.8058,0.000000
MOEA/D,464,48720,105,5.0000,443.4713,1162.8058,5.0000,443.4713,1162.8058,0.000000
MOEA/D,465,48825,105,5.0000,443.4713,1162.8058,5.0000,443.4713,1162.8058,0.000000
MOEA/D,466,48930,105,5.0000,443.4713,1162.8058,5.0000,443.4713,1162.8058,0.000000
MOEA/D,467,49035,105,5.0000,443.4713,1162.8058,5.0000,443.4713,1162.8058,0.000000
MOEA/D,468,49140,105,5.0000,443.4713,1162.8058,5.0000,443.4713,1162.8058,0.000000
MOEA/D,469,49245,105,5.0000,443.4713,1162.8058,5.0000,443.4713,1162.8058,0.000000
MOEA/D,470,49350,105,5.0000,443.4713,1162.8058,5.0000,443.4713,1162.8058,0.000000
MOEA/D,471,49455,105,5.0000,443.4713,1162.8058,5.0000,443.4713,1162.8058,0.000000
MOEA/D,472,49560,105,5.0000,443.4713,1162.8058,5.0000,443.4713,1162.8058,0.000000
MOEA/D,473,49665,105,5.0000,443.4713,1162.8058,5.0000,443.4713,1162.8058,0.000000
MOEA/D,474,49770,105,5.0000,443.4713,1162.8058,5.0000,443.4713,1162.8058,0.000000
MOEA/D,475,49875,105,5.0000,443.4713,1162.8058,5.0000,443.4713,1162.8058,0.000000
MOEA/D,476,49980,105,5.0000,443.4713,1162.8058,5.0000,443.4713,1162.8058,0.000000
MOEA/D,477,50085,105,5.0000,443.4713,1162.8058,5.0000,443.4713,1162.8058,0.000000
MOEA/D,478,50190,105,5.0000,443.4713,1162.8058,5.0000,443.4713,1162.8058,0.000000
MOEA/D,479,50295,105,5.0000,443.4713,1162.8058,5.0000,443.4713,1162.8058,0.000000
MOEA/D,480,50400,105,5.0000,443.4713,1162.8058,5.0000,443.4713,1162.8058,0.000000
MOEA/D,481,50505,105,5.0000,443.4713,1162.8058,5.0000,443.4713,1162.8058,0.000000
MOEA/D,482,50610,105,5.0000,443.4713,1162.8058,5.0000,443.4713,1162.8058,0.000000
MOEA/D,483,50715,105,5.0000,443.4713,1162.8058,5.0000,443.4713,1162.8058,0.000000
MOEA/D,484,50820,105,5.0000,443.4713,1162.8058,5.0000,443.4713,1162.8058,0.000000
MOEA/D,485,50925,105,5.0000,443.4713,1162.8058,5.0000,443.4713,1162.8058,0.000000
MOEA/D,486,51030,105,5.0000,443.4713,1162.8058,5.0000,443.4713,1162.8058,0.000000
MOEA/D,487,51135,105,5.0000,443.4713,1162.8058,5.0000,443.4713,1162.8058,0.000000
MOEA/D,488,51240,105,5.0000,443.4713,1162.8058,5.0000,443.4713,1162.8058,0.000000
MOEA/D,489,51345,105,5.0000,443.4713,1162.8058,5.0000,443.4713,1162.8058,0.000000
MOEA/D,490,51450,105,5.0000,443.4713,1162.8058,5.0000,443.4713,1162.8058,0.000000
MOEA/D,491,51555,105,5.0000,443.4713,1162.8058,5.0000,443.4713,1162.8058,0.000000
MOEA/D,492,51660,105,5.0000,443.4713,1162.8058,5.0000,443.4713,1162.8058,0.000000
MOEA/D,493,51765,105,5.0000,443.4713,1162.8058,5.0000,443.4713,1162.8058,0.000000
MOEA/D,494,51870,105,5.0000,443.4713,1162.8058,5.0000,443.4713,1162.8058,0.000000
MOEA/D,495,51975,105,5.0000,443.4713,1162.8058,5.0000,443.4713,1162.8058,0.000000
MOEA/D,496,52080,105,5.0000,443.4713,1162.8058,5.0000,443.4713,1162.8058,0.000000
MOEA/D,497,52185,105,5.0000,443.4713,1162.8058,5.0000,443.4713,1162.8058,0.000000
MOEA/D,498,52290,105,5.0000,443.4713,1162.8058,5.0000,443.4713,1162.8058,0.000000
MOEA/D,499,52395,105,5.0000,443.4713,1162.8058,5.0000,443.4713,1162.8058,0.000000
MOEA/D,500,52500,105,5.0000,443.4713,1162.8058,5.0000,443.4713,1162.8058,0.000000
MOEA/D,501,52605,105,5.0000,443.4713,1162.8058,5.0000,443.4713,1162.8058,0.000000
MOEA/D,502,52710,105,5.0000,443.4713,1162.8058,5.0000,443.4713,1162.8058,0.000000
MOEA/D,503,52815,105,5.0000,443.4713,1162.8058,5.0000,443.4713,1162.8058,0.000000
MOEA/D,504,52920,105,5.0000,443.4713,1162.8058,5.0000,443.4713,1162.8058,0.000000
MOEA/D,505,53025,105,5.0000,443.4713,1162.8058,5.0000,443.4713,1162.8058,0.000000
MOEA/D,506,53130,105,5.0000,443.4713,1162.8058,5.0000,443.4713,1162.8058,0.000000
MOEA/D,507,53235,105,5.0000,443.4713,1162.8058,5.0000,443.4713,1162.8058,0.000000
MOEA/D,508,53340,105,5.0000,443.4713,1162.8058,5.0000,443.4713,1162.8058,0.000000
MOEA/D,509,53445,105,5.0000,443.4713,1162.8058,5.0000,443.4713,1162.8058,0.000000
MOEA/D,510,53550,105,5.0000,443.4713,1162.8058,5.0000,443.4713,1162.8058,0.000000
MOEA/D,511,53655,105,5.0000,443.4713,1162.8058,5.0000,443.4713,1162.8058,0.000000
MOEA/D,512,53760,105,5.0000,443.4713,1162.8058,5.0000,443.4713,1162.8058,0.000000
MOEA/D,513,53865,105,5.0000,443.4713,1162.8058,5.0000,443.4713,1162.8058,0.000000
MOEA/D,514,53970,105,5.0000,443.4713,1162.8058,5.0000,443.4713,1162.8058,0.000000
MOEA/D,515,54075,105,5.0000,443.4713,1162.8058,5.0000,443.4713,1162.8058,0.000000
MOEA/D,516,54180,105,5.0000,443.4713,1162.8058,5.0000,443.4713,1162.8058,0.000000
MOEA/D,517,54285,105,5.0000,443.4713,1162.8058,5.0000,443.4713,1162.8058,0.000000
MOEA/D,518,54390,105,5.0000,443.4713,1162.8058,5.0000,443.4713,1162.8058,0.000000
MOEA/D,519,54495,105,5.0000,443.4713,1162.8058,5.0000,443.4713,1162.8058,0.000000
MOEA/D,520,54600,105,5.0000,443.4713,1162.8058,5.0000,443.4713,1162.8058,0.000000
MOEA/D,521,54705,105,5.0000,443.4713,1162.8058,5.0000,443.4713,1162.8058,0.000000
MOEA/D,522,54810,105,5.0000,443.4713,1162.8058,5.0000,443.4713,1162.8058,0.000000
MOEA/D,523,54915,105,5.0000,443.4713,1162.8058,5.0000,443.4713,1162.8058,0.000000
MOEA/D,524,55020,105,5.0000,443.4713,1162.8058,5.0000,443.4713,1162.8058,0.000000
MOEA/D,525,55125,105,5.0000,443.4713,1162.8058,5.0000,443.4713,1162.8058,0.000000
MOEA/D,526,55230,105,5.0000,443.4713,1162.8058,5.0000,443.4713,1162.8058,0.000000
MOEA/D,527,55335,105,5.0000,443.4713,1162.8058,5.0000,443.4713,1162.8058,0.000000
MOEA/D,528,55440,105,5.0000,443.4713,1162.8058,5.0000,443.4713,1162.8058,0.000000
MOEA/D,529,55545,105,5.0000,443.4713,1162.8058,5.0000,443.4713,1162.8058,0.000000
MOEA/D,530,55650,105,5.0000,443.4713,1162.8058,5.0000,443.4713,1162.8058,0.000000
MOEA/D,531,55755,105,5.0000,443.4713,1162.8058,5.0000,443.4713,1162.8058,0.000000
MOEA/D,532,55860,105,5.0000,443.4713,1162.8058,5.0000,443.4713,1162.8058,0.000000
MOEA/D,533,55965,105,5.0000,443.4713,1162.8058,5.0000,443.4713,1162.8058,0.000000
MOEA/D,534,56070,105,5.0000,443.4713,1162.8058,5.0000,443.4713,1162.8058,0.000000
MOEA/D,535,56175,105,5.0000,443.4713,1162.8058,5.0000,443.4713,1162.8058,0.000000
MOEA/D,536,56280,105,5.0000,443.4713,1162.8058,5.0000,443.4713,1162.8058,0.000000
MOEA/D,537,56385,105,5.0000,443.4713,1162.8058,5.0000,443.4713,1162.8058,0.000000
MOEA/D,538,56490,105,5.0000,443.4713,1162.8058,5.0000,443.4713,1162.8058,0.000000
MOEA/D,539,56595,105,5.0000,443.4713,1162.8058,5.0000,443.4713,1162.8058,0.000000
MOEA/D,540,56700,105,5.0000,443.4713,1162.8058,5.0000,443.4713,1162.8058,0.000000
MOEA/D,541,56805,105,5.0000,443.4713,1162.8058,5.0000,443.4713,1162.8058,0.000000
MOEA/D,542,56910,105,5.0000,443.4713,1162.8058,5.0000,443.4713,1162.8058,0.000000
MOEA/D,543,57015,105,5.0000,443.4713,1162.8058,5.0000,443.4713,1162.8058,0.000000
MOEA/D,544,57120,105,5.0000,443.4713,1162.8058,5.0000,443.4713,1162.8058,0.000000
MOEA/D,545,57225,105,5.0000,443.4713,1162.8058,5.0000,443.4713,1162.8058,0.000000
MOEA/D,546,57330,105,5.0000,443.4713,1162.8058,5.0000,443.4713,1162.8058,0.000000
MOEA/D,547,57435,105,5.0000,443.4713,1162.8058,5.0000,443.4713,1162.8058,0.000000
MOEA/D,548,57540,105,5.0000,443.4713,1162.8058,5.0000,443.4713,1162.8058,0.000000
MOEA/D,549,57645,105,5.0000,443.4713,1162.8058,5.0000,443.4713,1162.8058,0.000000
MOEA/D,550,57750,105,5.0000,443.4713,1162.8058,5.0000,443.4713,1162.8058,0.000000
MOEA/D,551,57855,105,5.0000,443.4713,1162.8058,5.0000,443.4713,1162.8058,0.000000
MOEA/D,552,57960,105,5.0000,443.4713,1162.8058,5.0000,443.4713,1162.8058,0.000000
MOEA/D,553,58065,105,5.0000,443.4713,1162.8058,5.0000,443.4713,1162.8058,0.000000
MOEA/D,554,58170,105,5.0000,443.4713,1162.8058,5.0000,443.4713,1162.8058,0.000000
MOEA/D,555,58275,105,5.0000,443.4713,1162.8058,5.0000,443.4713,1162.8058,0.000000
MOEA/D,556,58380,105,5.0000,443.4713,1162.8058,5.0000,443.4713,1162.8058,0.000000
MOEA/D,557,58485,105,5.0000,443.4713,1162.8058,5.0000,443.4713,1162.8058,0.000000
MOEA/D,558,58590,105,5.0000,443.4713,1162.8058,5.0000,443.4713,1162.8058,0.000000
MOEA/D,559,58695,105,5.0000,443.4713,1162.8058,5.0000,443.4713,1162.8058,0.000000
MOEA/D,560,58800,105,5.0000,443.4713,1162.8058,5.0000,443.4713,1162.8058,0.000000
MOEA/D,561,58905,105,5.0000,443.4713,1162.8058,5.0000,443.4713,1162.8058,0.000000
MOEA/D,562,59010,105,5.0000,443.4713,1162.8058,5.0000,443.4713,1162.8058,0.000000
MOEA/D,563,59115,105,5.0000,443.4713,1162.8058,5.0000,443.4713,1162.8058,0.000000
MOEA/D,564,59220,105,5.0000,443.4713,1162.8058,5.0000,443.4713,1162.8058,0.000000
MOEA/D,565,59325,105,5.0000,443.4713,1162.8058,5.0000,443.4713,1162.8058,0.000000
MOEA/D,566,59430,105,5.0000,443.4713,1162.8058,5.0000,443.4713,1162.8058,0.000000
MOEA/D,567,59535,105,5.0000,443.4713,1162.8058,5.0000,443.4713,1162.8058,0.000000
MOEA/D,568,59640,105,5.0000,443.4713,1162.8058,5.0000,443.4713,1162.8058,0.000000
MOEA/D,569,59745,105,5.0000,443.4713,1162.8058,5.0000,443.4713,1162.8058,0.000000
MOEA/D,570,59850,105,5.0000,443.4713,1162.8058,5.0000,443.4713,1162.8058,0.000000
MOEA/D,571,59955,105,5.0000,443.4713,1162.8058,5.0000,443.4713,1162.8058,0.000000
MOEA/D,572,60060,105,5.0000,443.4713,1162.8058,5.0000,443.4713,1162.8058,0.000000
MOEA/D,573,60165,105,5.0000,443.4713,1162.8058,5.0000,443.4713,1162.8058,0.000000
MOEA/D,574,60270,105,5.0000,443.4713,1162.8058,5.0000,443.4713,1162.8058,0.000000
MOEA/D,575,60375,105,5.0000,443.4713,1162.8058,5.0000,443.4713,1162.8058,0.000000
MOEA/D,576,60480,105,5.0000,443.4713,1162.8058,5.0000,443.4713,1162.8058,0.000000
MOEA/D,577,60585,105,5.0000,443.4713,1162.8058,5.0000,443.4713,1162.8058,0.000000
MOEA/D,578,60690,105,5.0000,443.4713,1162.8058,5.0000,443.4713,1162.8058,0.000000
MOEA/D,579,60795,105,5.0000,443.4713,1162.8058,5.0000,443.4713,1162.8058,0.000000
MOEA/D,580,60900,105,5.0000,443.4713,1162.8058,5.0000,443.4713,1162.8058,0.000000
MOEA/D,581,61005,105,5.0000,443.4713,1162.8058,5.0000,443.4713,1162.8058,0.000000
MOEA/D,582,61110,105,5.0000,443.4713,1162.8058,5.0000,443.4713,1162.8058,0.000000
MOEA/D,583,61215,105,5.0000,443.4713,1162.8058,5.0000,443.4713,1162.8058,0.000000
MOEA/D,584,61320,105,5.0000,443.4713,1162.8058,5.0000,443.4713,1162.8058,0.000000
MOEA/D,585,61425,105,5.0000,443.4713,1162.8058,5.0000,443.4713,1162.8058,0.000000
MOEA/D,586,61530,105,5.0000,443.4713,1162.8058,5.0000,443.4713,1162.8058,0.000000
MOEA/D,587,61635,105,5.0000,443.4713,1162.8058,5.0000,443.4713,1162.8058,0.000000
MOEA/D,588,61740,105,5.0000,443.4713,1162.8058,5.0000,443.4713,1162.8058,0.000000
MOEA/D,589,61845,105,5.0000,443.4713,1162.8058,5.0000,443.4713,1162.8058,0.000000
MOEA/D,590,61950,105,5.0000,443.4713,1162.8058,5.0000,443.4713,1162.8058,0.000000
MOEA/D,591,62055,105,5.0000,443.4713,1162.8058,5.0000,443.4713,1162.8058,0.000000
MOEA/D,592,62160,105,5.0000,443.4713,1162.8058,5.0000,443.4713,1162.8058,0.000000
MOEA/D,593,62265,105,5.0000,443.4713,1162.8058,5.0000,443.4713,1162.8058,0.000000
MOEA/D,594,62370,105,5.0000,443.4713,1162.8058,5.0000,443.4713,1162.8058,0.000000
MOEA/D,595,62475,105,5.0000,443.4713,1162.8058,5.0000,443.4713,1162.8058,0.000000
MOEA/D,596,62580,105,5.0000,443.4713,1162.8058,5.0000,443.4713,1162.8058,0.000000
MOEA/D,597,62685,105,5.0000,443.4713,1162.8058,5.0000,443.4713,1162.8058,0.000000
MOEA/D,598,62790,105,5.0000,443.4713,1162.8058,5.0000,443.4713,1162.8058,0.000000
MOEA/D,599,62895,105,5.0000,443.4713,1162.8058,5.0000,443.4713,1162.8058,0.000000
MOEA/D,600,63000,105,5.0000,443.4713,1162.8058,5.0000,443.4713,1162.8058,0.000000
MOEA/D,601,63105,105,5.0000,443.4713,1162.8058,5.0000,443.4713,1162.8058,0.000000
MOEA/D,602,63210,105,5.0000,443.4713,1162.8058,5.0000,443.4713,1162.8058,0.000000
MOEA/D,603,63315,105,5.0000,443.4713,1162.8058,5.0000,443.4713,1162.8058,0.000000
MOEA/D,604,63420,105,5.0000,443.4713,1162.8058,5.0000,443.4713,1162.8058,0.000000
MOEA/D,605,63525,105,5.0000,443.4713,1162.8058,5.0000,443.4713,1162.8058,0.000000
MOEA/D,606,63630,105,5.0000,443.4713,1162.8058,5.0000,443.4713,1162.8058,0.000000
MOEA/D,607,63735,105,5.0000,443.4713,1162.8058,5.0000,443.4713,1162.8058,0.000000
MOEA/D,608,63840,105,5.0000,443.4713,1162.8058,5.0000,443.4713,1162.8058,0.000000
MOEA/D,609,63945,105,5.0000,443.4713,1162.8058,5.0000,443.4713,1162.8058,0.000000
MOEA/D,610,64050,105,5.0000,443.4713,1162.8058,5.0000,443.4713,1162.8058,0.000000
MOEA/D,611,64155,105,5.0000,443.4713,1162.8058,5.0000,443.4713,1162.8058,0.000000
MOEA/D,612,64260,105,5.0000,443.4713,1162.8058,5.0000,443.4713,1162.8058,0.000000
MOEA/D,613,64365,105,5.0000,443.4713,1162.8058,5.0000,443.4713,1162.8058,0.000000
MOEA/D,614,64470,105,5.0000,443.4713,1162.8058,5.0000,443.4713,1162.8058,0.000000
MOEA/D,615,64575,105,5.0000,443.4713,1162.8058,5.0000,443.4713,1162.8058,0.000000
MOEA/D,616,64680,105,5.0000,443.4713,1162.8058,5.0000,443.4713,1162.8058,0.000000
MOEA/D,617,64785,105,5.0000,443.4713,1162.8058,5.0000,443.4713,1162.8058,0.000000
MOEA/D,618,64890,105,5.0000,443.4713,1162.8058,5.0000,443.4713,1162.8058,0.000000
MOEA/D,619,64995,105,5.0000,443.4713,1162.8058,5.0000,443.4713,1162.8058,0.000000
MOEA/D,620,65100,105,5.0000,443.4713,1162.8058,5.0000,443.4713,1162.8058,0.000000
MOEA/D,621,65205,105,5.0000,443.4713,1162.8058,5.0000,443.4713,1162.8058,0.000000
MOEA/D,622,65310,105,5.0000,443.4713,1162.8058,5.0000,443.4713,1162.8058,0.000000
MOEA/D,623,65415,105,5.0000,443.4713,1162.8058,5.0000,443.4713,1162.8058,0.000000
MOEA/D,624,65520,105,5.0000,443.4713,1162.8058,5.0000,443.4713,1162.8058,0.000000
MOEA/D,625,65625,105,5.0000,443.4713,1162.8058,5.0000,443.4713,1162.8058,0.000000
MOEA/D,626,65730,105,5.0000,443.4713,1162.8058,5.0000,443.4713,1162.8058,0.000000
MOEA/D,627,65835,105,5.0000,443.4713,1162.8058,5.0000,443.4713,1162.8058,0.000000
MOEA/D,628,65940,105,5.0000,443.4713,1162.8058,5.0000,443.4713,1162.8058,0.000000
MOEA/D,629,66045,105,5.0000,443.4713,1162.8058,5.0000,443.4713,1162.8058,0.000000
MOEA/D,630,66150,105,5.0000,443.4713,1162.8058,5.0000,443.4713,1162.8058,0.000000
MOEA/D,631,66255,105,5.0000,443.4713,1162.8058,5.0000,443.4713,1162.8058,0.000000
MOEA/D,632,66360,105,5.0000,443.4713,1162.8058,5.0000,443.4713,1162.8058,0.000000
MOEA/D,633,66465,105,5.0000,443.4713,1162.8058,5.0000,443.4713,1162.8058,0.000000
MOEA/D,634,66570,105,5.0000,443.4713,1162.8058,5.0000,443.4713,1162.8058,0.000000
MOEA/D,635,66675,105,5.0000,443.4713,1162.8058,5.0000,443.4713,1162.8058,0.000000
MOEA/D,636,66780,105,5.0000,443.4713,1162.8058,5.0000,443.4713,1162.8058,0.000000
MOEA/D,637,66885,105,5.0000,443.4713,1162.8058,5.0000,443.4713,1162.8058,0.000000
MOEA/D,638,66990,105,5.0000,443.4713,1162.8058,5.0000,443.4713,1162.8058,0.000000
MOEA/D,639,67095,105,5.0000,443.4713,1162.8058,5.0000,443.4713,1162.8058,0.000000
MOEA/D,640,67200,105,5.0000,443.4713,1162.8058,5.0000,443.4713,1162.8058,0.000000
MOEA/D,641,67305,105,5.0000,443.4713,1162.8058,5.0000,443.4713,1162.8058,0.000000
MOEA/D,642,67410,105,5.0000,443.4713,1162.8058,5.0000,443.4713,1162.8058,0.000000
MOEA/D,643,67515,105,5.0000,443.4713,1162.8058,5.0000,443.4713,1162.8058,0.000000
MOEA/D,644,67620,105,5.0000,443.4713,1162.8058,5.0000,443.4713,1162.8058,0.000000
MOEA/D,645,67725,105,5.0000,443.4713,1162.8058,5.0000,443.4713,1162.8058,0.000000
MOEA/D,646,67830,105,5.0000,443.4713,1162.8058,5.0000,443.4713,1162.8058,0.000000
MOEA/D,647,67935,105,5.0000,443.4713,1162.8058,5.0000,443.4713,1162.8058,0.000000
MOEA/D,648,68040,105,5.0000,443.4713,1162.8058,5.0000,443.4713,1162.8058,0.000000
MOEA/D,649,68145,105,5.0000,443.4713,1162.8058,5.0000,443.4713,1162.8058,0.000000
MOEA/D,650,68250,105,5.0000,443.4713,1162.8058,5.0000,443.4713,1162.8058,0.000000
MOEA/D,651,68355,105,5.0000,443.4713,1162.8058,5.0000,443.4713,1162.8058,0.000000
MOEA/D,652,68460,105,5.0000,443.4713,1162.8058,5.0000,443.4713,1162.8058,0.000000
MOEA/D,653,68565,105,5.0000,443.4713,1162.8058,5.0000,443.4713,1162.8058,0.000000
MOEA/D,654,68670,105,5.0000,443.4713,1162.8058,5.0000,443.4713,1162.8058,0.000000
MOEA/D,655,68775,105,5.0000,443.4713,1162.8058,5.0000,443.4713,1162.8058,0.000000
MOEA/D,656,68880,105,5.0000,443.4713,1162.8058,5.0000,443.4713,1162.8058,0.000000
MOEA/D,657,68985,105,5.0000,443.4713,1162.8058,5.0000,443.4713,1162.8058,0.000000
MOEA/D,658,69090,105,5.0000,443.4713,1162.8058,5.0000,443.4713,1162.8058,0.000000
MOEA/D,659,69195,105,5.0000,443.4713,1162.8058,5.0000,443.4713,1162.8058,0.000000
MOEA/D,660,69300,105,5.0000,443.4713,1162.8058,5.0000,443.4713,1162.8058,0.000000
MOEA/D,661,69405,105,5.0000,443.4713,1162.8058,5.0000,443.4713,1162.8058,0.000000
MOEA/D,662,69510,105,5.0000,443.4713,1162.8058,5.0000,443.4713,1162.8058,0.000000
MOEA/D,663,69615,105,5.0000,443.4713,1162.8058,5.0000,443.4713,1162.8058,0.000000
MOEA/D,664,69720,105,5.0000,443.4713,1162.8058,5.0000,443.4713,1162.8058,0.000000
MOEA/D,665,69825,105,5.0000,443.4713,1162.8058,5.0000,443.4713,1162.8058,0.000000
MOEA/D,666,69930,105,5.0000,443.4713,1162.8058,5.0000,443.4713,1162.8058,0.000000
MOEA/D,667,70035,105,5.0000,443.4713,1162.8058,5.0000,443.4713,1162.8058,0.000000
MOEA/D,668,70140,105,5.0000,443.4713,1162.8058,5.0000,443.4713,1162.8058,0.000000
MOEA/D,669,70245,105,5.0000,443.4713,1162.8058,5.0000,443.4713,1162.8058,0.000000
MOEA/D,670,70350,105,5.0000,443.4713,1162.8058,5.0000,443.4713,1162.8058,0.000000
MOEA/D,671,70455,105,5.0000,443.4713,1162.8058,5.0000,443.4713,1162.8058,0.000000
MOEA/D,672,70560,105,5.0000,443.4713,1162.8058,5.0000,443.4713,1162.8058,0.000000
MOEA/D,673,70665,105,5.0000,443.4713,1162.8058,5.0000,443.4713,1162.8058,0.000000
MOEA/D,674,70770,105,5.0000,443.4713,1162.8058,5.0000,443.4713,1162.8058,0.000000
MOEA/D,675,70875,105,5.0000,443.4713,1162.8058,5.0000,443.4713,1162.8058,0.000000
MOEA/D,676,70980,105,5.0000,443.4713,1162.8058,5.0000,443.4713,1162.8058,0.000000
MOEA/D,677,71085,105,5.0000,443.4713,1162.8058,5.0000,443.4713,1162.8058,0.000000
MOEA/D,678,71190,105,5.0000,443.4713,1162.8058,5.0000,443.4713,1162.8058,0.000000
MOEA/D,679,71295,105,5.0000,443.4713,1162.8058,5.0000,443.4713,1162.8058,0.000000
MOEA/D,680,71400,105,5.0000,443.4713,1162.8058,5.0000,443.4713,1162.8058,0.000000
MOEA/D,681,71505,105,5.0000,443.4713,1162.8058,5.0000,443.4713,1162.8058,0.000000
MOEA/D,682,71610,105,5.0000,443.4713,1162.8058,5.0000,443.4713,1162.8058,0.000000
MOEA/D,683,71715,105,5.0000,443.4713,1162.8058,5.0000,443.4713,1162.8058,0.000000
MOEA/D,684,71820,105,5.0000,443.4713,1162.8058,5.0000,443.4713,1162.8058,0.000000
MOEA/D,685,71925,105,5.0000,443.4713,1162.8058,5.0000,443.4713,1162.8058,0.000000
MOEA/D,686,72030,105,5.0000,443.4713,1162.8058,5.0000,443.4713,1162.8058,0.000000
MOEA/D,687,72135,105,5.0000,443.4713,1162.8058,5.0000,443.4713,1162.8058,0.000000
MOEA/D,688,72240,105,5.0000,443.4713,1162.8058,5.0000,443.4713,1162.8058,0.000000
MOEA/D,689,72345,105,5.0000,443.4713,1162.8058,5.0000,443.4713,1162.8058,0.000000
MOEA/D,690,72450,105,5.0000,443.4713,1162.8058,5.0000,443.4713,1162.8058,0.000000
MOEA/D,691,72555,105,5.0000,443.4713,1162.8058,5.0000,443.4713,1162.8058,0.000000
MOEA/D,692,72660,105,5.0000,443.4713,1162.8058,5.0000,443.4713,1162.8058,0.000000
MOEA/D,693,72765,105,5.0000,443.4713,1162.8058,5.0000,443.4713,1162.8058,0.000000
MOEA/D,694,72870,105,5.0000,443.4713,1162.8058,5.0000,443.4713,1162.8058,0.000000
MOEA/D,695,72975,105,5.0000,443.4713,1162.8058,5.0000,443.4713,1162.8058,0.000000
MOEA/D,696,73080,105,5.0000,443.4713,1162.8058,5.0000,443.4713,1162.8058,0.000000
MOEA/D,697,73185,105,5.0000,443.4713,1162.8058,5.0000,443.4713,1162.8058,0.000000
MOEA/D,698,73290,105,5.0000,443.4713,1162.8058,5.0000,443.4713,1162.8058,0.000000
MOEA/D,699,73395,105,5.0000,443.4713,1162.8058,5.0000,443.4713,1162.8058,0.000000
MOEA/D,700,73500,105,5.0000,443.4713,1162.8058,5.0000,443.4713,1162.8058,0.000000
MOEA/D,701,73605,105,5.0000,443.4713,1162.8058,5.0000,443.4713,1162.8058,0.000000
MOEA/D,702,73710,105,5.0000,443.4713,1162.8058,5.0000,443.4713,1162.8058,0.000000
MOEA/D,703,73815,105,5.0000,443.4713,1162.8058,5.0000,443.4713,1162.8058,0.000000
MOEA/D,704,73920,105,5.0000,443.4713,1162.8058,5.0000,443.4713,1162.8058,0.000000
MOEA/D,705,74025,105,5.0000,443.4713,1162.8058,5.0000,443.4713,1162.8058,0.000000
MOEA/D,706,74130,105,5.0000,443.4713,1162.8058,5.0000,443.4713,1162.8058,0.000000
MOEA/D,707,74235,105,5.0000,443.4713,1162.8058,5.0000,443.4713,1162.8058,0.000000
MOEA/D,708,74340,105,5.0000,443.4713,1162.8058,5.0000,443.4713,1162.8058,0.000000
MOEA/D,709,74445,105,5.0000,443.4713,1162.8058,5.0000,443.4713,1162.8058,0.000000
MOEA/D,710,74550,105,5.0000,443.4713,1162.8058,5.0000,443.4713,1162.8058,0.000000
MOEA/D,711,74655,105,5.0000,443.4713,1162.8058,5.0000,443.4713,1162.8058,0.000000
MOEA/D,712,74760,105,5.0000,443.4713,1162.8058,5.0000,443.4713,1162.8058,0.000000
MOEA/D,713,74865,105,5.0000,443.4713,1162.8058,5.0000,443.4713,1162.8058,0.000000
MOEA/D,714,74970,105,5.0000,443.4713,1162.8058,5.0000,443.4713,1162.8058,0.000000
MOEA/D,715,75075,105,5.0000,443.4713,1162.8058,5.0000,443.4713,1162.8058,0.000000
MOEA/D,716,75180,105,5.0000,443.4713,1162.8058,5.0000,443.4713,1162.8058,0.000000
MOEA/D,717,75285,105,5.0000,443.4713,1162.8058,5.0000,443.4713,1162.8058,0.000000
MOEA/D,718,75390,105,5.0000,443.4713,1162.8058,5.0000,443.4713,1162.8058,0.000000
MOEA/D,719,75495,105,5.0000,443.4713,1162.8058,5.0000,443.4713,1162.8058,0.000000
MOEA/D,720,75600,105,5.0000,443.4713,1162.8058,5.0000,443.4713,1162.8058,0.000000
MOEA/D,721,75705,105,5.0000,443.4713,1162.8058,5.0000,443.4713,1162.8058,0.000000
MOEA/D,722,75810,105,5.0000,443.4713,1162.8058,5.0000,443.4713,1162.8058,0.000000
MOEA/D,723,75915,105,5.0000,443.4713,1162.8058,5.0000,443.4713,1162.8058,0.000000
MOEA/D,724,76020,105,5.0000,443.4713,1162.8058,5.0000,443.4713,1162.8058,0.000000
MOEA/D,725,76125,105,5.0000,443.4713,1162.8058,5.0000,443.4713,1162.8058,0.000000
MOEA/D,726,76230,105,5.0000,443.4713,1162.8058,5.0000,443.4713,1162.8058,0.000000
MOEA/D,727,76335,105,5.0000,443.4713,1162.8058,5.0000,443.4713,1162.8058,0.000000
MOEA/D,728,76440,105,5.0000,443.4713,1162.8058,5.0000,443.4713,1162.8058,0.000000
MOEA/D,729,76545,105,5.0000,443.4713,1162.8058,5.0000,443.4713,1162.8058,0.000000
MOEA/D,730,76650,105,5.0000,443.4713,1162.8058,5.0000,443.4713,1162.8058,0.000000
MOEA/D,731,76755,105,5.0000,443.4713,1162.8058,5.0000,443.4713,1162.8058,0.000000
MOEA/D,732,76860,105,5.0000,443.4713,1162.8058,5.0000,443.4713,1162.8058,0.000000
MOEA/D,733,76965,105,5.0000,443.4713,1162.8058,5.0000,443.4713,1162.8058,0.000000
MOEA/D,734,77070,105,5.0000,443.4713,1162.8058,5.0000,443.4713,1162.8058,0.000000
MOEA/D,735,77175,105,5.0000,443.4713,1162.8058,5.0000,443.4713,1162.8058,0.000000
MOEA/D,736,77280,105,5.0000,443.4713,1162.8058,5.0000,443.4713,1162.8058,0.000000
MOEA/D,737,77385,105,5.0000,443.4713,1162.8058,5.0000,443.4713,1162.8058,0.000000
MOEA/D,738,77490,105,5.0000,443.4713,1162.8058,5.0000,443.4713,1162.8058,0.000000
MOEA/D,739,77595,105,5.0000,443.4713,1162.8058,5.0000,443.4713,1162.8058,0.000000
MOEA/D,740,77700,105,5.0000,443.4713,1162.8058,5.0000,443.4713,1162.8058,0.000000
MOEA/D,741,77805,105,5.0000,443.4713,1162.8058,5.0000,443.4713,1162.8058,0.000000
MOEA/D,742,77910,105,5.0000,443.4713,1162.8058,5.0000,443.4713,1162.8058,0.000000
MOEA/D,743,78015,105,5.0000,443.4713,1162.8058,5.0000,443.4713,1162.8058,0.000000
MOEA/D,744,78120,105,5.0000,443.4713,1162.8058,5.0000,443.4713,1162.8058,0.000000
MOEA/D,745,78225,105,5.0000,443.4713,1162.8058,5.0000,443.4713,1162.8058,0.000000
MOEA/D,746,78330,105,5.0000,443.4713,1162.8058,5.0000,443.4713,1162.8058,0.000000
MOEA/D,747,78435,105,5.0000,443.4713,1162.8058,5.0000,443.4713,1162.8058,0.000000
MOEA/D,748,78540,105,5.0000,443.4713,1162.8058,5.0000,443.4713,1162.8058,0.000000
MOEA/D,749,78645,105,5.0000,443.4713,1162.8058,5.0000,443.4713,1162.8058,0.000000
MOEA/D,750,78750,105,5.0000,443.4713,1162.8058,5.0000,443.4713,1162.8058,0.000000
MOEA/D,751,78855,105,5.0000,443.4713,1162.8058,5.0000,443.4713,1162.8058,0.000000
MOEA/D,752,78960,105,5.0000,443.4713,1162.8058,5.0000,443.4713,1162.8058,0.000000
MOEA/D,753,79065,105,5.0000,443.4713,1162.8058,5.0000,443.4713,1162.8058,0.000000
MOEA/D,754,79170,105,5.0000,443.4713,1162.8058,5.0000,443.4713,1162.8058,0.000000
MOEA/D,755,79275,105,5.0000,443.4713,1162.8058,5.0000,443.4713,1162.8058,0.000000
MOEA/D,756,79380,105,5.0000,443.4713,1162.8058,5.0000,443.4713,1162.8058,0.000000
MOEA/D,757,79485,105,5.0000,443.4713,1162.8058,5.0000,443.4713,1162.8058,0.000000
MOEA/D,758,79590,105,5.0000,443.4713,1162.8058,5.0000,443.4713,1162.8058,0.000000
MOEA/D,759,79695,105,5.0000,443.4713,1162.8058,5.0000,443.4713,1162.8058,0.000000
MOEA/D,760,79800,105,5.0000,443.4713,1162.8058,5.0000,443.4713,1162.8058,0.000000
MOEA/D,761,79905,105,5.0000,443.4713,1162.8058,5.0000,443.4713,1162.8058,0.000000
MOEA/D,762,80010,105,5.0000,443.4713,1162.8058,5.0000,443.4713,1162.8058,0.000000
MOEA/D,763,80115,105,5.0000,443.4713,1162.8058,5.0000,443.4713,1162.8058,0.000000
MOEA/D,764,80220,105,5.0000,443.4713,1162.8058,5.0000,443.4713,1162.8058,0.000000
MOEA/D,765,80325,105,5.0000,443.4713,1162.8058,5.0000,443.4713,1162.8058,0.000000
MOEA/D,766,80430,105,5.0000,443.4713,1162.8058,5.0000,443.4713,1162.8058,0.000000
MOEA/D,767,80535,105,5.0000,443.4713,1162.8058,5.0000,443.4713,1162.8058,0.000000
MOEA/D,768,80640,105,5.0000,443.4713,1162.8058,5.0000,443.4713,1162.8058,0.000000
MOEA/D,769,80745,105,5.0000,443.4713,1162.8058,5.0000,443.4713,1162.8058,0.000000
MOEA/D,770,80850,105,5.0000,443.4713,1162.8058,5.0000,443.4713,1162.8058,0.000000
MOEA/D,771,80955,105,5.0000,443.4713,1162.8058,5.0000,443.4713,1162.8058,0.000000
MOEA/D,772,81060,105,5.0000,443.4713,1162.8058,5.0000,443.4713,1162.8058,0.000000
MOEA/D,773,81165,105,5.0000,443.4713,1162.8058,5.0000,443.4713,1162.8058,0.000000
MOEA/D,774,81270,105,5.0000,443.4713,1162.8058,5.0000,443.4713,1162.8058,0.000000
MOEA/D,775,81375,105,5.0000,443.4713,1162.8058,5.0000,443.4713,1162.8058,0.000000
MOEA/D,776,81480,105,5.0000,443.4713,1162.8058,5.0000,443.4713,1162.8058,0.000000
MOEA/D,777,81585,105,5.0000,443.4713,1162.8058,5.0000,443.4713,1162.8058,0.000000
MOEA/D,778,81690,105,5.0000,443.4713,1162.8058,5.0000,443.4713,1162.8058,0.000000
MOEA/D,779,81795,105,5.0000,443.4713,1162.8058,5.0000,443.4713,1162.8058,0.000000
MOEA/D,780,81900,105,5.0000,443.4713,1162.8058,5.0000,443.4713,1162.8058,0.000000
MOEA/D,781,82005,105,5.0000,443.4713,1162.8058,5.0000,443.4713,1162.8058,0.000000
MOEA/D,782,82110,105,5.0000,443.4713,1162.8058,5.0000,443.4713,1162.8058,0.000000
MOEA/D,783,82215,105,5.0000,443.4713,1162.8058,5.0000,443.4713,1162.8058,0.000000
MOEA/D,784,82320,105,5.0000,443.4713,1162.8058,5.0000,443.4713,1162.8058,0.000000
MOEA/D,785,82425,105,5.0000,443.4713,1162.8058,5.0000,443.4713,1162.8058,0.000000
MOEA/D,786,82530,105,5.0000,443.4713,1162.8058,5.0000,443.4713,1162.8058,0.000000
MOEA/D,787,82635,105,5.0000,443.4713,1162.8058,5.0000,443.4713,1162.8058,0.000000
MOEA/D,788,82740,105,5.0000,443.4713,1162.8058,5.0000,443.4713,1162.8058,0.000000
MOEA/D,789,82845,105,5.0000,443.4713,1162.8058,5.0000,443.4713,1162.8058,0.000000
MOEA/D,790,82950,105,5.0000,443.4713,1162.8058,5.0000,443.4713,1162.8058,0.000000
MOEA/D,791,83055,105,5.0000,443.4713,1162.8058,5.0000,443.4713,1162.8058,0.000000
MOEA/D,792,83160,105,5.0000,443.4713,1162.8058,5.0000,443.4713,1162.8058,0.000000
MOEA/D,793,83265,105,5.0000,443.4713,1162.8058,5.0000,443.4713,1162.8058,0.000000
MOEA/D,794,83370,105,5.0000,443.4713,1162.8058,5.0000,443.4713,1162.8058,0.000000
MOEA/D,795,83475,105,5.0000,443.4713,1162.8058,5.0000,443.4713,1162.8058,0.000000
MOEA/D,796,83580,105,5.0000,443.4713,1162.8058,5.0000,443.4713,1162.8058,0.000000
MOEA/D,797,83685,105,5.0000,443.4713,1162.8058,5.0000,443.4713,1162.8058,0.000000
MOEA/D,798,83790,105,5.0000,443.4713,1162.8058,5.0000,443.4713,1162.8058,0.000000
MOEA/D,799,83895,105,5.0000,443.4713,1162.8058,5.0000,443.4713,1162.8058,0.000000
MOEA/D,800,84000,105,5.0000,443.4713,1162.8058,5.0000,443.4713,1162.8058,0.000000
MOEA/D,801,84105,105,5.0000,443.4713,1162.8058,5.0000,443.4713,1162.8058,0.000000
MOEA/D,802,84210,105,5.0000,443.4713,1162.8058,5.0000,443.4713,1162.8058,0.000000
MOEA/D,803,84315,105,5.0000,443.4713,1162.8058,5.0000,443.4713,1162.8058,0.000000
MOEA/D,804,84420,105,5.0000,443.4713,1162.8058,5.0000,443.4713,1162.8058,0.000000
MOEA/D,805,84525,105,5.0000,443.4713,1162.8058,5.0000,443.4713,1162.8058,0.000000
MOEA/D,806,84630,105,5.0000,443.4713,1162.8058,5.0000,443.4713,1162.8058,0.000000
MOEA/D,807,84735,105,5.0000,443.4713,1162.8058,5.0000,443.4713,1162.8058,0.000000
MOEA/D,808,84840,105,5.0000,443.4713,1162.8058,5.0000,443.4713,1162.8058,0.000000
MOEA/D,809,84945,105,5.0000,443.4713,1162.8058,5.0000,443.4713,1162.8058,0.000000
MOEA/D,810,85050,105,5.0000,443.4713,1162.8058,5.0000,443.4713,1162.8058,0.000000
MOEA/D,811,85155,105,5.0000,443.4713,1162.8058,5.0000,443.4713,1162.8058,0.000000
MOEA/D,812,85260,105,5.0000,443.4713,1162.8058,5.0000,443.4713,1162.8058,0.000000
MOEA/D,813,85365,105,5.0000,443.4713,1162.8058,5.0000,443.4713,1162.8058,0.000000
MOEA/D,814,85470,105,5.0000,443.4713,1162.8058,5.0000,443.4713,1162.8058,0.000000
MOEA/D,815,85575,105,5.0000,443.4713,1162.8058,5.0000,443.4713,1162.8058,0.000000
MOEA/D,816,85680,105,5.0000,443.4713,1162.8058,5.0000,443.4713,1162.8058,0.000000
MOEA/D,817,85785,105,5.0000,443.4713,1162.8058,5.0000,443.4713,1162.8058,0.000000
MOEA/D,818,85890,105,5.0000,443.4713,1162.8058,5.0000,443.4713,1162.8058,0.000000
MOEA/D,819,85995,105,5.0000,443.4713,1162.8058,5.0000,443.4713,1162.8058,0.000000
MOEA/D,820,86100,105,5.0000,443.4713,1162.8058,5.0000,443.4713,1162.8058,0.000000
MOEA/D,821,86205,105,5.0000,443.4713,1162.8058,5.0000,443.4713,1162.8058,0.000000
MOEA/D,822,86310,105,5.0000,443.4713,1162.8058,5.0000,443.4713,1162.8058,0.000000
MOEA/D,823,86415,105,5.0000,443.4713,1162.8058,5.0000,443.4713,1162.8058,0.000000
MOEA/D,824,86520,105,5.0000,443.4713,1162.8058,5.0000,443.4713,1162.8058,0.000000
MOEA/D,825,86625,105,5.0000,443.4713,1162.8058,5.0000,443.4713,1162.8058,0.000000
MOEA/D,826,86730,105,5.0000,443.4713,1162.8058,5.0000,443.4713,1162.8058,0.000000
MOEA/D,827,86835,105,5.0000,443.4713,1162.8058,5.0000,443.4713,1162.8058,0.000000
MOEA/D,828,86940,105,5.0000,443.4713,1162.8058,5.0000,443.4713,1162.8058,0.000000
MOEA/D,829,87045,105,5.0000,443.4713,1162.8058,5.0000,443.4713,1162.8058,0.000000
MOEA/D,830,87150,105,5.0000,443.4713,1162.8058,5.0000,443.4713,1162.8058,0.000000
MOEA/D,831,87255,105,5.0000,443.4713,1162.8058,5.0000,443.4713,1162.8058,0.000000
MOEA/D,832,87360,105,5.0000,443.4713,1162.8058,5.0000,443.4713,1162.8058,0.000000
MOEA/D,833,87465,105,5.0000,443.4713,1162.8058,5.0000,443.4713,1162.8058,0.000000
MOEA/D,834,87570,105,5.0000,443.4713,1162.8058,5.0000,443.4713,1162.8058,0.000000
MOEA/D,835,87675,105,5.0000,443.4713,1162.8058,5.0000,443.4713,1162.8058,0.000000
MOEA/D,836,87780,105,5.0000,443.4713,1162.8058,5.0000,443.4713,1162.8058,0.000000
MOEA/D,837,87885,105,5.0000,443.4713,1162.8058,5.0000,443.4713,1162.8058,0.000000
MOEA/D,838,87990,105,5.0000,443.4713,1162.8058,5.0000,443.4713,1162.8058,0.000000
MOEA/D,839,88095,105,5.0000,443.4713,1162.8058,5.0000,443.4713,1162.8058,0.000000
MOEA/D,840,88200,105,5.0000,443.4713,1162.8058,5.0000,443.4713,1162.8058,0.000000
MOEA/D,841,88305,105,5.0000,443.4713,1162.8058,5.0000,443.4713,1162.8058,0.000000
MOEA/D,842,88410,105,5.0000,443.4713,1162.8058,5.0000,443.4713,1162.8058,0.000000
MOEA/D,843,88515,105,5.0000,443.4713,1162.8058,5.0000,443.4713,1162.8058,0.000000
MOEA/D,844,88620,105,5.0000,443.4713,1162.8058,5.0000,443.4713,1162.8058,0.000000
MOEA/D,845,88725,105,5.0000,443.4713,1162.8058,5.0000,443.4713,1162.8058,0.000000
MOEA/D,846,88830,105,5.0000,443.4713,1162.8058,5.0000,443.4713,1162.8058,0.000000
MOEA/D,847,88935,105,5.0000,443.4713,1162.8058,5.0000,443.4713,1162.8058,0.000000
MOEA/D,848,89040,105,5.0000,443.4713,1162.8058,5.0000,443.4713,1162.8058,0.000000
MOEA/D,849,89145,105,5.0000,443.4713,1162.8058,5.0000,443.4713,1162.8058,0.000000
MOEA/D,850,89250,105,5.0000,443.4713,1162.8058,5.0000,443.4713,1162.8058,0.000000
MOEA/D,851,89355,105,5.0000,443.4713,1162.8058,5.0000,443.4713,1162.8058,0.000000
MOEA/D,852,89460,105,5.0000,443.4713,1162.8058,5.0000,443.4713,1162.8058,0.000000
MOEA/D,853,89565,105,5.0000,443.4713,1162.8058,5.0000,443.4713,1162.8058,0.000000
MOEA/D,854,89670,105,5.0000,443.4713,1162.8058,5.0000,443.4713,1162.8058,0.000000
MOEA/D,855,89775,105,5.0000,443.4713,1162.8058,5.0000,443.4713,1162.8058,0.000000
MOEA/D,856,89880,105,5.0000,443.4713,1162.8058,5.0000,443.4713,1162.8058,0.000000
MOEA/D,857,89985,105,5.0000,443.4713,1162.8058,5.0000,443.4713,1162.8058,0.000000
MOEA/D,858,90090,105,5.0000,443.4713,1162.8058,5.0000,443.4713,1162.8058,0.000000
MOEA/D,859,90195,105,5.0000,443.4713,1162.8058,5.0000,443.4713,1162.8058,0.000000
MOEA/D,860,90300,105,5.0000,443.4713,1162.8058,5.0000,443.4713,1162.8058,0.000000
MOEA/D,861,90405,105,5.0000,443.4713,1162.8058,5.0000,443.4713,1162.8058,0.000000
MOEA/D,862,90510,105,5.0000,443.4713,1162.8058,5.0000,443.4713,1162.8058,0.000000
MOEA/D,863,90615,105,5.0000,443.4713,1162.8058,5.0000,443.4713,1162.8058,0.000000
MOEA/D,864,90720,105,5.0000,443.4713,1162.8058,5.0000,443.4713,1162.8058,0.000000
MOEA/D,865,90825,105,5.0000,443.4713,1162.8058,5.0000,443.4713,1162.8058,0.000000
MOEA/D,866,90930,105,5.0000,443.4713,1162.8058,5.0000,443.4713,1162.8058,0.000000
MOEA/D,867,91035,105,5.0000,443.4713,1162.8058,5.0000,443.4713,1162.8058,0.000000
MOEA/D,868,91140,105,5.0000,443.4713,1162.8058,5.0000,443.4713,1162.8058,0.000000
MOEA/D,869,91245,105,5.0000,443.4713,1162.8058,5.0000,443.4713,1162.8058,0.000000
MOEA/D,870,91350,105,5.0000,443.4713,1162.8058,5.0000,443.4713,1162.8058,0.000000
MOEA/D,871,91455,105,5.0000,443.4713,1162.8058,5.0000,443.4713,1162.8058,0.000000
MOEA/D,872,91560,105,5.0000,443.4713,1162.8058,5.0000,443.4713,1162.8058,0.000000
MOEA/D,873,91665,105,5.0000,443.4713,1162.8058,5.0000,443.4713,1162.8058,0.000000
MOEA/D,874,91770,105,5.0000,443.4713,1162.8058,5.0000,443.4713,1162.8058,0.000000
MOEA/D,875,91875,105,5.0000,443.4713,1162.8058,5.0000,443.4713,1162.8058,0.000000
MOEA/D,876,91980,105,5.0000,443.4713,1162.8058,5.0000,443.4713,1162.8058,0.000000
MOEA/D,877,92085,105,5.0000,443.4713,1162.8058,5.0000,443.4713,1162.8058,0.000000
MOEA/D,878,92190,105,5.0000,443.4713,1162.8058,5.0000,443.4713,1162.8058,0.000000
MOEA/D,879,92295,105,5.0000,443.4713,1162.8058,5.0000,443.4713,1162.8058,0.000000
MOEA/D,880,92400,105,5.0000,443.4713,1162.8058,5.0000,443.4713,1162.8058,0.000000
MOEA/D,881,92505,105,5.0000,443.4713,1162.8058,5.0000,443.4713,1162.8058,0.000000
MOEA/D,882,92610,105,5.0000,443.4713,1162.8058,5.0000,443.4713,1162.8058,0.000000
MOEA/D,883,92715,105,5.0000,443.4713,1162.8058,5.0000,443.4713,1162.8058,0.000000
MOEA/D,884,92820,105,5.0000,443.4713,1162.8058,5.0000,443.4713,1162.8058,0.000000
MOEA/D,885,92925,105,5.0000,443.4713,1162.8058,5.0000,443.4713,1162.8058,0.000000
MOEA/D,886,93030,105,5.0000,443.4713,1162.8058,5.0000,443.4713,1162.8058,0.000000
MOEA/D,887,93135,105,5.0000,443.4713,1162.8058,5.0000,443.4713,1162.8058,0.000000
MOEA/D,888,93240,105,5.0000,443.4713,1162.8058,5.0000,443.4713,1162.8058,0.000000
MOEA/D,889,93345,105,5.0000,443.4713,1162.8058,5.0000,443.4713,1162.8058,0.000000
MOEA/D,890,93450,105,5.0000,443.4713,1162.8058,5.0000,443.4713,1162.8058,0.000000
MOEA/D,891,93555,105,5.0000,443.4713,1162.8058,5.0000,443.4713,1162.8058,0.000000
MOEA/D,892,93660,105,5.0000,443.4713,1162.8058,5.0000,443.4713,1162.8058,0.000000
MOEA/D,893,93765,105,5.0000,443.4713,1162.8058,5.0000,443.4713,1162.8058,0.000000
MOEA/D,894,93870,105,5.0000,443.4713,1162.8058,5.0000,443.4713,1162.8058,0.000000
MOEA/D,895,93975,105,5.0000,443.4713,1162.8058,5.0000,443.4713,1162.8058,0.000000
MOEA/D,896,94080,105,5.0000,443.4713,1162.8058,5.0000,443.4713,1162.8058,0.000000
MOEA/D,897,94185,105,5.0000,443.4713,1162.8058,5.0000,443.4713,1162.8058,0.000000
MOEA/D,898,94290,105,5.0000,443.4713,1162.8058,5.0000,443.4713,1162.8058,0.000000
MOEA/D,899,94395,105,5.0000,443.4713,1162.8058,5.0000,443.4713,1162.8058,0.000000
MOEA/D,900,94500,105,5.0000,443.4713,1162.8058,5.0000,443.4713,1162.8058,0.000000
MOEA/D,901,94605,105,5.0000,443.4713,1162.8058,5.0000,443.4713,1162.8058,0.000000
MOEA/D,902,94710,105,5.0000,443.4713,1162.8058,5.0000,443.4713,1162.8058,0.000000
MOEA/D,903,94815,105,5.0000,443.4713,1162.8058,5.0000,443.4713,1162.8058,0.000000
MOEA/D,904,94920,105,5.0000,443.4713,1162.8058,5.0000,443.4713,1162.8058,0.000000
MOEA/D,905,95025,105,5.0000,443.4713,1162.8058,5.0000,443.4713,1162.8058,0.000000
MOEA/D,906,95130,105,5.0000,443.4713,1162.8058,5.0000,443.4713,1162.8058,0.000000
MOEA/D,907,95235,105,5.0000,443.4713,1162.8058,5.0000,443.4713,1162.8058,0.000000
MOEA/D,908,95340,105,5.0000,443.4713,1162.8058,5.0000,443.4713,1162.8058,0.000000
MOEA/D,909,95445,105,5.0000,443.4713,1162.8058,5.0000,443.4713,1162.8058,0.000000
MOEA/D,910,95550,105,5.0000,443.4713,1162.8058,5.0000,443.4713,1162.8058,0.000000
MOEA/D,911,95655,105,5.0000,443.4713,1162.8058,5.0000,443.4713,1162.8058,0.000000
MOEA/D,912,95760,105,5.0000,443.4713,1162.8058,5.0000,443.4713,1162.8058,0.000000
MOEA/D,913,95865,105,5.0000,443.4713,1162.8058,5.0000,443.4713,1162.8058,0.000000
MOEA/D,914,95970,105,5.0000,443.4713,1162.8058,5.0000,443.4713,1162.8058,0.000000
MOEA/D,915,96075,105,5.0000,443.4713,1162.8058,5.0000,443.4713,1162.8058,0.000000
MOEA/D,916,96180,105,5.0000,443.4713,1162.8058,5.0000,443.4713,1162.8058,0.000000
MOEA/D,917,96285,105,5.0000,443.4713,1162.8058,5.0000,443.4713,1162.8058,0.000000
MOEA/D,918,96390,105,5.0000,443.4713,1162.8058,5.0000,443.4713,1162.8058,0.000000
MOEA/D,919,96495,105,5.0000,443.4713,1162.8058,5.0000,443.4713,1162.8058,0.000000
MOEA/D,920,96600,105,5.0000,443.4713,1162.8058,5.0000,443.4713,1162.8058,0.000000
MOEA/D,921,96705,105,5.0000,443.4713,1162.8058,5.0000,443.4713,1162.8058,0.000000
MOEA/D,922,96810,105,5.0000,443.4713,1162.8058,5.0000,443.4713,1162.8058,0.000000
MOEA/D,923,96915,105,5.0000,443.4713,1162.8058,5.0000,443.4713,1162.8058,0.000000
MOEA/D,924,97020,105,5.0000,443.4713,1162.8058,5.0000,443.4713,1162.8058,0.000000
MOEA/D,925,97125,105,5.0000,443.4713,1162.8058,5.0000,443.4713,1162.8058,0.000000
MOEA/D,926,97230,105,5.0000,443.4713,1162.8058,5.0000,443.4713,1162.8058,0.000000
MOEA/D,927,97335,105,5.0000,443.4713,1162.8058,5.0000,443.4713,1162.8058,0.000000
MOEA/D,928,97440,105,5.0000,443.4713,1162.8058,5.0000,443.4713,1162.8058,0.000000
MOEA/D,929,97545,105,5.0000,443.4713,1162.8058,5.0000,443.4713,1162.8058,0.000000
MOEA/D,930,97650,105,5.0000,443.4713,1162.8058,5.0000,443.4713,1162.8058,0.000000
MOEA/D,931,97755,105,5.0000,443.4713,1162.8058,5.0000,443.4713,1162.8058,0.000000
MOEA/D,932,97860,105,5.0000,443.4713,1162.8058,5.0000,443.4713,1162.8058,0.000000
MOEA/D,933,97965,105,5.0000,443.4713,1162.8058,5.0000,443.4713,1162.8058,0.000000
MOEA/D,934,98070,105,5.0000,443.4713,1162.8058,5.0000,443.4713,1162.8058,0.000000
MOEA/D,935,98175,105,5.0000,443.4713,1162.8058,5.0000,443.4713,1162.8058,0.000000
MOEA/D,936,98280,105,5.0000,443.4713,1162.8058,5.0000,443.4713,1162.8058,0.000000
MOEA/D,937,98385,105,5.0000,443.4713,1162.8058,5.0000,443.4713,1162.8058,0.000000
MOEA/D,938,98490,105,5.0000,443.4713,1162.8058,5.0000,443.4713,1162.8058,0.000000
MOEA/D,939,98595,105,5.0000,443.4713,1162.8058,5.0000,443.4713,1162.8058,0.000000
MOEA/D,940,98700,105,5.0000,443.4713,1162.8058,5.0000,443.4713,1162.8058,0.000000
MOEA/D,941,98805,105,5.0000,443.4713,1162.8058,5.0000,443.4713,1162.8058,0.000000
MOEA/D,942,98910,105,5.0000,443.4713,1162.8058,5.0000,443.4713,1162.8058,0.000000
MOEA/D,943,99015,105,5.0000,443.4713,1162.8058,5.0000,443.4713,1162.8058,0.000000
MOEA/D,944,99120,105,5.0000,443.4713,1162.8058,5.0000,443.4713,1162.8058,0.000000
MOEA/D,945,99225,105,5.0000,443.4713,1162.8058,5.0000,443.4713,1162.8058,0.000000
MOEA/D,946,99330,105,5.0000,443.4713,1162.8058,5.0000,443.4713,1162.8058,0.000000
MOEA/D,947,99435,105,5.0000,443.4713,1162.8058,5.0000,443.4713,1162.8058,0.000000
MOEA/D,948,99540,105,5.0000,443.4713,1162.8058,5.0000,443.4713,1162.8058,0.000000
MOEA/D,949,99645,105,5.0000,443.4713,1162.8058,5.0000,443.4713,1162.8058,0.000000
MOEA/D,950,99750,105,5.0000,443.4713,1162.8058,5.0000,443.4713,1162.8058,0.000000
MOEA/D,951,99855,105,5.0000,443.4713,1162.8058,5.0000,443.4713,1162.8058,0.000000
MOEA/D,952,99960,105,5.0000,443.4713,1162.8058,5.0000,443.4713,1162.8058,0.000000
MOEA/D,953,100065,105,5.0000,443.4713,1162.8058,5.0000,443.4713,1162.8058,0.000000
SMS-EMOA,1,46,1,7.0000,531.1063,1162.8058,7.0000,531.1063,1162.8058,0.000000
SMS-EMOA,2,146,2,7.0000,531.1063,1162.8058,7.5000,532.4716,1162.8058,0.000000
SMS-EMOA,3,246,9,5.0000,448.2750,1162.8058,7.0000,530.1946,1165.8698,0.000000
SMS-EMOA,4,346,14,5.0000,448.2750,1162.8058,7.1429,535.6244,1164.9721,0.000000
SMS-EMOA,5,446,17,5.0000,448.2750,1162.8058,7.2353,544.8479,1164.5898,0.000000
SMS-EMOA,6,546,25,5.0000,448.2750,1162.8058,7.2800,557.8753,1164.0189,0.000000
SMS-EMOA,7,646,35,5.0000,448.2750,1162.8058,7.3714,561.3000,1165.2481,0.000000
SMS-EMOA,8,746,43,5.0000,448.2750,1162.8058,7.3721,561.1482,1165.4990,0.000000
SMS-EMOA,9,846,47,5.0000,448.2750,1162.8058,7.2766,557.6607,1165.8565,0.000000
SMS-EMOA,10,946,52,5.0000,448.2750,1162.8058,7.1731,549.7058,1165.6161,0.000000
SMS-EMOA,11,1046,56,5.0000,448.2750,1162.8058,7.0536,542.4467,1165.5141,0.000000
SMS-EMOA,12,1146,50,5.0000,448.2750,1162.8058,6.7000,522.0550,1166.4503,0.000000
SMS-EMOA,13,1246,54,5.0000,448.2750,1162.8058,6.5926,517.3621,1167.1507,0.000000
SMS-EMOA,14,1346,56,5.0000,448.2750,1162.8058,6.5357,514.1701,1167.0942,0.000000
SMS-EMOA,15,1446,57,5.0000,448.2750,1162.8058,6.4737,512.0269,1167.9866,0.000000
SMS-EMOA,16,1546,56,5.0000,448.2750,1162.8058,6.3571,508.0605,1168.0791,0.000000
SMS-EMOA,17,1646,58,5.0000,448.2750,1162.8058,6.2414,505.7049,1170.3223,0.000000
SMS-EMOA,18,1746,61,5.0000,448.2750,1162.8058,6.2459,504.7447,1170.9504,0.000000
SMS-EMOA,19,1846,65,5.0000,448.2750,1162.8058,6.1846,501.6438,1170.8738,0.000000
SMS-EMOA,20,1946,73,5.0000,448.2750,1162.8058,6.1370,503.7721,1171.9820,0.000000
SMS-EMOA,21,2046,76,5.0000,437.0246,1162.8058,6.0921,500.0114,1171.6950,0.000000
SMS-EMOA,22,2146,72,5.0000,437.0246,1162.8058,6.0417,496.6742,1171.4228,0.000000
SMS-EMOA,23,2246,70,5.0000,437.0246,1162.8058,6.0429,494.9188,1171.2751,0.000000
SMS-EMOA,24,2346,72,5.0000,437.0246,1162.8058,6.0278,493.4166,1171.0398,0.000000
SMS-EMOA,25,2446,71,5.0000,437.0246,1162.8058,6.0141,491.8566,1170.7674,0.000000
SMS-EMOA,26,2546,69,5.0000,437.0246,1162.8058,6.0000,490.1808,1170.6387,0.000000
SMS-EMOA,27,2646,68,5.0000,437.0246,1162.8058,6.0000,489.3951,1169.8317,0.000000
SMS-EMOA,28,2746,70,5.0000,437.0246,1162.8058,5.9571,488.8414,1170.4188,0.000000
SMS-EMOA,29,2846,71,5.0000,437.0246,1162.8058,5.9296,487.7974,1170.7000,0.000000
SMS-EMOA,30,2946,73,5.0000,437.0246,1162.8058,5.9178,487.1797,1170.9397,0.000000
SMS-EMOA,31,3046,73,5.0000,437.0246,1162.8058,5.8904,486.2400,1171.3555,0.000000
SMS-EMOA,32,3146,76,5.0000,437.0246,1162.8058,5.8553,484.6666,1171.7437,0.000000
SMS-EMOA,33,3246,77,5.0000,437.0246,1162.8058,5.8442,483.5995,1171.6273,0.000000
SMS-EMOA,34,3346,76,5.0000,437.0246,1162.8058,5.8158,482.2552,1171.3827,0.000000
SMS-EMOA,35,3446,76,5.0000,437.0246,1162.8058,5.7763,480.7254,1172.1105,0.000000
SMS-EMOA,36,3546,76,5.0000,437.0246,1162.8058,5.7368,479.7392,1172.1832,0.000000
SMS-EMOA,37,3646,75,5.0000,437.0246,1162.8058,5.7333,479.5163,1171.9405,0.000000
SMS-EMOA,38,3746,75,5.0000,437.0246,1162.8058,5.7200,479.2598,1172.3082,0.000000
SMS-EMOA,39,3846,75,5.0000,437.0246,1162.8058,5.7200,478.2761,1171.9039,0.000000
SMS-EMOA,40,3946,76,5.0000,437.0246,1162.8058,5.7105,478.5166,1172.1470,0.000000
SMS-EMOA,41,4046,78,5.0000,437.0246,1162.8058,5.7051,477.6406,1172.3343,0.000000
SMS-EMOA,42,4146,77,5.0000,437.0246,1162.8058,5.7013,477.4147,1172.0999,0.000000
SMS-EMOA,43,4246,77,5.0000,437.0246,1162.8058,5.7013,477.4147,1172.0999,0.000000
SMS-EMOA,44,4346,77,5.0000,437.0246,1162.8058,5.6883,476.1745,1172.0641,0.000000
SMS-EMOA,45,4446,80,5.0000,437.0246,1162.8058,5.6750,475.4164,1172.1331,0.000000
SMS-EMOA,46,4546,79,5.0000,437.0246,1162.8058,5.6582,475.1049,1172.2163,0.000000
SMS-EMOA,47,4646,80,5.0000,437.0246,1162.8058,5.6500,474.8215,1172.0273,0.000000
SMS-EMOA,48,4746,82,5.0000,437.0246,1162.8058,5.6341,475.5913,1172.4749,0.000000
SMS-EMOA,49,4846,84,5.0000,437.0246,1162.8058,5.5952,474.6153,1172.9693,0.000000
SMS-EMOA,50,4946,84,5.0000,437.0246,1162.8058,5.5833,473.6456,1172.9693,0.000000
SMS-EMOA,51,5046,87,5.0000,437.0246,1162.8058,5.5862,472.9362,1172.9358,0.000000
SMS-EMOA,52,5146,87,5.0000,437.0246,1162.8058,5.5747,472.8977,1172.9358,0.000000
SMS-EMOA,53,5246,88,4.0000,437.0246,1162.8058,5.5341,471.5355,1173.7608,0.000000
SMS-EMOA,54,5346,91,4.0000,437.0246,1162.8058,5.5275,471.1496,1174.0685,0.000000
SMS-EMOA,55,5446,89,4.0000,437.0246,1162.8058,5.4944,470.4674,1174.6314,0.000000
SMS-EMOA,56,5546,90,4.0000,437.0246,1162.8058,5.5000,469.2179,1174.3205,0.000000
SMS-EMOA,57,5646,90,4.0000,437.0246,1162.8058,5.4889,467.9855,1174.0776,0.000000
SMS-EMOA,58,5746,90,4.0000,437.0246,1162.8058,5.5000,467.0666,1173.7712,0.000000
SMS-EMOA,59,5846,90,4.0000,437.0246,1162.8058,5.4778,466.5383,1173.8021,0.000000
SMS-EMOA,60,5946,90,4.0000,437.0246,1162.8058,5.4556,466.4252,1174.1085,0.000000
SMS-EMOA,61,6046,89,4.0000,437.0246,1162.8058,5.4719,465.3804,1173.6800,0.000000
SMS-EMOA,62,6146,89,4.0000,425.9551,1162.8058,5.4494,464.1915,1173.7109,0.000000
SMS-EMOA,63,6246,89,4.0000,425.9551,1162.8058,5.4382,462.9621,1173.7109,0.000000
SMS-EMOA,64,6346,89,4.0000,425.9551,1162.8058,5.4270,461.4681,1173.5294,0.000000
SMS-EMOA,65,6446,89,4.0000,425.9551,1162.8058,5.4270,460.9419,1172.9097,0.000000
SMS-EMOA,66,6546,89,4.0000,425.9551,1162.8058,5.4157,461.0161,1173.2196,0.000000
SMS-EMOA,67,6646,88,4.0000,425.9551,1162.8058,5.3977,459.6775,1173.3379,0.000000
SMS-EMOA,68,6746,88,4.0000,425.9551,1162.8058,5.3750,459.1036,1173.4899,0.000000
SMS-EMOA,69,6846,88,4.0000,425.9551,1162.8058,5.3523,458.7671,1173.4899,0.000000
SMS-EMOA,70,6946,88,4.0000,425.9551,1162.8058,5.3523,458.1616,1173.2414,0.000000
SMS-EMOA,71,7046,88,4.0000,425.9551,1162.8058,5.3523,457.7920,1172.9596,0.000000
SMS-EMOA,72,7146,88,4.0000,425.9551,1162.8058,5.3523,457.5128,1172.7112,0.000000
SMS-EMOA,73,7246,87,4.0000,425.9551,1162.8058,5.3333,457.5542,1172.8250,0.000000
SMS-EMOA,74,7346,87,4.0000,425.9551,1162.8058,5.3218,457.3849,1172.5737,0.000000
SMS-EMOA,75,7446,87,4.0000,425.9551,1162.8058,5.3218,457.2999,1172.6394,0.000000
SMS-EMOA,76,7546,86,4.0000,425.9551,1162.8058,5.3256,457.5416,1172.2108,0.000000
SMS-EMOA,77,7646,86,4.0000,425.9551,1162.8058,5.3256,457.5416,1172.2108,0.000000
SMS-EMOA,78,7746,86,4.0000,425.9551,1162.8058,5.3140,457.3115,1172.2108,0.000000
SMS-EMOA,79,7846,84,4.0000,425.9551,1162.8058,5.2857,456.8503,1172.5028,0.000000
SMS-EMOA,80,7946,84,4.0000,425.9551,1162.8058,5.2857,456.7807,1172.1745,0.000000
SMS-EMOA,81,8046,84,4.0000,425.9551,1162.8058,5.2857,456.6346,1172.1065,0.000000
SMS-EMOA,82,8146,84,4.0000,425.9551,1162.8058,5.2857,456.0899,1172.2098,0.000000
SMS-EMOA,83,8246,84,4.0000,425.9551,1162.8058,5.2976,455.4166,1172.3130,0.000000
SMS-EMOA,84,8346,85,4.0000,425.9551,1162.8058,5.2824,455.3200,1172.5256,0.000000
SMS-EMOA,85,8446,85,4.0000,425.9551,1162.8058,5.3059,454.7437,1172.5275,0.000000
SMS-EMOA,86,8546,85,4.0000,425.9551,1162.8058,5.3059,454.1887,1172.7847,0.000000
SMS-EMOA,87,8646,85,4.0000,425.9551,1162.8058,5.3059,454.1183,1172.7847,0.000000
SMS-EMOA,88,8746,85,4.0000,425.9551,1162.8058,5.2941,453.9548,1173.1091,0.000000
SMS-EMOA,89,8846,85,4.0000,425.9551,1162.8058,5.2824,453.9580,1172.8519,0.000000
SMS-EMOA,90,8946,85,4.0000,425.9551,1162.8058,5.2706,453.9146,1172.9518,0.000000
SMS-EMOA,91,9046,85,4.0000,425.9551,1162.8058,5.2706,453.9146,1172.9518,0.000000
SMS-EMOA,92,9146,85,4.0000,425.9551,1162.8058,5.2824,453.9953,1172.6946,0.000000
SMS-EMOA,93,9246,85,4.0000,425.9551,1162.8058,5.2941,454.0829,1172.4373,0.000000
SMS-EMOA,94,9346,85,4.0000,425.9551,1162.8058,5.2941,454.1686,1172.1801,0.000000
SMS-EMOA,95,9446,85,4.0000,425.9551,1162.8058,5.2941,454.1047,1172.0803,0.000000
SMS-EMOA,96,9546,85,4.0000,425.9551,1162.8058,5.2941,453.6211,1172.1475,0.000000
SMS-EMOA,97,9646,85,4.0000,425.9551,1162.8058,5.3176,453.1076,1171.9575,0.000000
SMS-EMOA,98,9746,85,4.0000,425.9551,1162.8058,5.3176,453.1076,1171.9575,0.000000
SMS-EMOA,99,9846,85,4.0000,425.9551,1162.8058,5.3059,452.8311,1172.2819,0.000000
SMS-EMOA,100,9946,85,4.0000,425.9551,1162.8058,5.3059,452.8311,1172.2819,0.000000
SMS-EMOA,101,10046,84,4.0000,425.9551,1162.8058,5.2976,452.7770,1172.1344,0.000000
SMS-EMOA,102,10146,83,4.0000,425.9551,1162.8058,5.3012,452.5336,1171.8811,0.000000
SMS-EMOA,103,10246,83,4.0000,425.9551,1162.8058,5.2892,452.3657,1171.8123,0.000000
SMS-EMOA,104,10346,83,4.0000,425.9551,1162.8058,5.2892,452.3221,1171.8123,0.000000
SMS-EMOA,105,10446,85,4.0000,425.9551,1162.8058,5.2941,452.2708,1171.6676,0.000000
SMS-EMOA,106,10546,86,4.0000,425.9551,1162.8058,5.3140,452.1429,1171.6310,0.000000
SMS-EMOA,107,10646,86,4.0000,425.9551,1162.8058,5.2791,451.7728,1171.9516,0.000000
SMS-EMOA,108,10746,86,4.0000,425.9551,1162.8058,5.2674,451.5755,1171.9516,0.000000
SMS-EMOA,109,10846,85,4.0000,425.9551,1162.8058,5.2588,451.4713,1172.0592,0.000000
SMS-EMOA,110,10946,85,4.0000,425.9551,1162.8058,5.2588,451.4713,1172.0592,0.000000
SMS-EMOA,111,11046,86,4.0000,425.9551,1162.8058,5.2442,451.4216,1172.2723,0.000000
SMS-EMOA,112,11146,87,4.0000,425.9551,1162.8058,5.2299,451.3894,1172.2948,0.000000
SMS-EMOA,113,11246,87,4.0000,425.9551,1162.8058,5.2299,451.3894,1172.2948,0.000000
SMS-EMOA,114,11346,87,4.0000,425.9551,1162.8058,5.2299,451.3894,1172.2948,0.000000
SMS-EMOA,115,11446,87,4.0000,425.9551,1162.8058,5.2299,451.2546,1172.2291,0.000000
SMS-EMOA,116,11546,89,4.0000,425.9551,1162.8058,5.2135,450.9084,1172.6371,0.000000
SMS-EMOA,117,11646,89,4.0000,425.9551,1162.8058,5.2135,450.9084,1172.6371,0.000000
SMS-EMOA,118,11746,89,4.0000,425.9551,1162.8058,5.2135,450.8270,1172.7654,0.000000
SMS-EMOA,119,11846,88,4.0000,425.9551,1162.8058,5.2045,450.6726,1172.8137,0.000000
SMS-EMOA,120,11946,88,4.0000,425.9551,1162.8058,5.2045,450.6726,1172.8137,0.000000
SMS-EMOA,121,12046,89,4.0000,425.9551,1162.8058,5.2135,450.3994,1173.3851,0.000000
SMS-EMOA,122,12146,89,4.0000,425.9551,1162.8058,5.2135,450.3994,1173.3851,0.000000
SMS-EMOA,123,12246,89,4.0000,425.9551,1162.8058,5.1910,450.3956,1173.3851,0.000000
SMS-EMOA,124,12346,89,4.0000,425.9551,1162.8058,5.1910,450.3956,1173.3851,0.000000
SMS-EMOA,125,12446,89,4.0000,425.9551,1162.8058,5.1685,450.0232,1173.3209,0.000000
SMS-EMOA,126,12546,89,4.0000,425.9551,1162.8058,5.1685,450.0166,1173.3209,0.000000
SMS-EMOA,127,12646,89,4.0000,425.9551,1162.8058,5.1573,449.8922,1173.5666,0.000000
SMS-EMOA,128,12746,89,4.0000,425.9551,1162.8058,5.1573,449.8856,1173.5666,0.000000
SMS-EMOA,129,12846,89,4.0000,425.9551,1162.8058,5.1573,449.8790,1173.5666,0.000000
SMS-EMOA,130,12946,88,4.0000,425.9551,1162.8058,5.1477,449.7398,1173.3106,0.000000
SMS-EMOA,131,13046,89,4.0000,425.9551,1162.8058,5.1461,449.6287,1173.2568,0.000000
SMS-EMOA,132,13146,89,4.0000,425.9551,1162.8058,5.1236,449.6207,1173.2237,0.000000
SMS-EMOA,133,13246,88,4.0000,425.9551,1162.8058,5.1023,449.2417,1173.6240,0.000000
SMS-EMOA,134,13346,88,4.0000,425.9551,1162.8058,5.0909,449.0563,1173.9373,0.000000
SMS-EMOA,135,13446,88,4.0000,425.9551,1162.8058,5.0909,449.0152,1174.0022,0.000000
SMS-EMOA,136,13546,88,4.0000,425.9551,1162.8058,5.0909,449.0152,1174.0022,0.000000
SMS-EMOA,137,13646,88,4.0000,425.9551,1162.8058,5.0909,449.0152,1174.0022,0.000000
SMS-EMOA,138,13746,88,4.0000,425.9551,1162.8058,5.0909,448.7437,1174.3156,0.000000
SMS-EMOA,139,13846,88,4.0000,425.9551,1162.8058,5.0909,448.7437,1174.3156,0.000000
SMS-EMOA,140,13946,88,4.0000,425.9551,1162.8058,5.0909,448.5788,1174.6290,0.000000
SMS-EMOA,141,14046,88,4.0000,425.9551,1162.8058,5.0909,448.5788,1174.6290,0.000000
SMS-EMOA,142,14146,87,4.0000,425.9551,1162.8058,5.0805,448.3318,1174.7649,0.000000
SMS-EMOA,143,14246,88,4.0000,425.9551,1162.8058,5.0682,448.0172,1174.6290,0.000000
SMS-EMOA,144,14346,87,4.0000,425.9551,1162.8058,5.0575,447.9903,1174.4798,0.000000
SMS-EMOA,145,14446,87,4.0000,425.9551,1162.8058,5.0575,447.9903,1174.4798,0.000000
SMS-EMOA,146,14546,87,4.0000,425.9551,1162.8058,5.0575,447.8650,1174.7311,0.000000
SMS-EMOA,147,14646,87,4.0000,425.9551,1162.8058,5.0460,447.6443,1174.7311,0.000000
SMS-EMOA,148,14746,87,4.0000,425.9551,1162.8058,5.0460,447.6443,1174.7311,0.000000
SMS-EMOA,149,14846,87,4.0000,425.9551,1162.8058,5.0460,447.6443,1174.7311,0.000000
SMS-EMOA,150,14946,88,4.0000,425.9551,1162.8058,5.0568,447.6815,1174.3471,0.000000
SMS-EMOA,151,15046,88,4.0000,425.9551,1162.8058,5.0568,447.6815,1174.3471,0.000000
SMS-EMOA,152,15146,88,4.0000,425.9551,1162.8058,5.0568,447.6815,1174.3471,0.000000
SMS-EMOA,153,15246,88,4.0000,425.9551,1162.8058,5.0455,447.2916,1174.6605,0.000000
SMS-EMOA,154,15346,88,4.0000,425.9551,1162.8058,5.0455,447.2916,1174.6605,0.000000
SMS-EMOA,155,15446,88,4.0000,425.9551,1162.8058,5.0455,447.2916,1174.6605,0.000000
SMS-EMOA,156,15546,87,4.0000,425.9551,1162.8058,5.0345,447.1889,1174.7311,0.000000
SMS-EMOA,157,15646,87,4.0000,425.9551,1162.8058,5.0345,447.1889,1174.7311,0.000000
SMS-EMOA,158,15746,89,4.0000,425.9551,1162.8058,5.0337,447.2716,1174.4943,0.000000
SMS-EMOA,159,15846,89,4.0000,425.9551,1162.8058,5.0337,447.2716,1174.4943,0.000000
SMS-EMOA,160,15946,89,4.0000,425.9551,1162.8058,5.0225,447.1538,1174.7400,0.000000
SMS-EMOA,161,16046,89,4.0000,425.9551,1162.8058,5.0112,447.1768,1174.7069,0.000000
SMS-EMOA,162,16146,89,4.0000,425.9551,1162.8058,5.0112,447.1768,1174.7069,0.000000
SMS-EMOA,163,16246,89,4.0000,425.9551,1162.8058,4.9888,446.8366,1174.9526,0.000000
SMS-EMOA,164,16346,89,4.0000,425.9551,1162.8058,4.9888,446.7218,1174.9526,0.000000
SMS-EMOA,165,16446,89,4.0000,425.9551,1162.8058,4.9888,446.7218,1174.9526,0.000000
SMS-EMOA,166,16546,89,4.0000,425.9551,1162.8058,4.9888,446.5888,1174.9856,0.000000
SMS-EMOA,167,16646,90,4.0000,425.9551,1162.8058,4.9889,446.3690,1174.9138,0.000000
SMS-EMOA,168,16746,90,4.0000,425.9551,1162.8058,4.9889,446.3690,1174.9138,0.000000
SMS-EMOA,169,16846,90,4.0000,425.9551,1162.8058,4.9889,446.3690,1174.9138,0.000000
SMS-EMOA,170,16946,90,4.0000,425.9551,1162.8058,4.9889,446.3690,1174.9138,0.000000
SMS-EMOA,171,17046,90,4.0000,425.9551,1162.8058,4.9889,446.3690,1174.9138,0.000000
SMS-EMOA,172,17146,90,4.0000,425.9551,1162.8058,4.9889,446.3690,1174.9138,0.000000
SMS-EMOA,173,17246,90,4.0000,425.9551,1162.8058,4.9889,446.3690,1174.9138,0.000000
SMS-EMOA,174,17346,90,4.0000,425.9551,1162.8058,4.9889,446.2721,1174.6708,0.000000
SMS-EMOA,175,17446,90,4.0000,425.9551,1162.8058,4.9889,446.2721,1174.6708,0.000000
SMS-EMOA,176,17546,90,4.0000,425.9551,1162.8058,4.9889,446.2721,1174.6708,0.000000
SMS-EMOA,177,17646,91,4.0000,425.9551,1162.8058,4.9780,446.2823,1174.8435,0.000000
SMS-EMOA,178,17746,91,4.0000,425.9551,1162.8058,4.9780,446.2823,1174.8435,0.000000
SMS-EMOA,179,17846,91,4.0000,425.9551,1162.8058,4.9780,446.2823,1174.8435,0.000000
SMS-EMOA,180,17946,91,4.0000,425.9551,1162.8058,4.9780,446.2823,1174.8435,0.000000
SMS-EMOA,181,18046,91,4.0000,425.9551,1162.8058,4.9780,446.2823,1174.8435,0.000000
SMS-EMOA,182,18146,91,4.0000,425.9551,1162.8058,4.9780,446.1415,1174.9063,0.000000
SMS-EMOA,183,18246,91,4.0000,425.9551,1162.8058,4.9780,446.1415,1174.9063,0.000000
SMS-EMOA,184,18346,91,4.0000,425.9551,1162.8058,4.9780,446.1415,1174.9063,0.000000
SMS-EMOA,185,18446,91,4.0000,425.9551,1162.8058,4.9780,445.9864,1174.6355,0.000000
SMS-EMOA,186,18546,91,4.0000,425.9551,1162.8058,4.9780,445.9864,1174.6355,0.000000
SMS-EMOA,187,18646,91,4.0000,425.9551,1162.8058,4.9780,445.8766,1174.6050,0.000000
SMS-EMOA,188,18746,91,4.0000,425.9551,1162.8058,4.9780,445.8766,1174.6050,0.000000
SMS-EMOA,189,18846,91,4.0000,425.9551,1162.8058,4.9780,445.8766,1174.6050,0.000000
SMS-EMOA,190,18946,91,4.0000,425.9551,1162.8058,4.9780,445.8766,1174.6050,0.000000
SMS-EMOA,191,19046,91,4.0000,425.9551,1162.8058,4.9780,445.7512,1174.6050,0.000000
SMS-EMOA,192,19146,91,4.0000,425.9551,1162.8058,4.9780,445.8078,1174.3020,0.000000
SMS-EMOA,193,19246,91,4.0000,425.9551,1162.8058,4.9780,445.9026,1173.7587,0.000000
SMS-EMOA,194,19346,91,4.0000,425.9551,1162.8058,4.9780,445.9026,1173.7587,0.000000
SMS-EMOA,195,19446,91,4.0000,425.9551,1162.8058,4.9780,445.9026,1173.7587,0.000000
SMS-EMOA,196,19546,91,4.0000,425.9551,1162.8058,4.9780,445.9026,1173.7587,0.000000
SMS-EMOA,197,19646,91,4.0000,425.9551,1162.8058,4.9780,445.9026,1173.7587,0.000000
SMS-EMOA,198,19746,91,4.0000,425.9551,1162.8058,4.9780,445.9026,1173.7587,0.000000
SMS-EMOA,199,19846,91,4.0000,425.9551,1162.8058,4.9780,445.9026,1173.7587,0.000000
SMS-EMOA,200,19946,91,4.0000,425.9551,1162.8058,4.9780,445.6650,1173.8215,0.000000
SMS-EMOA,201,20046,91,4.0000,425.9551,1162.8058,4.9780,445.6650,1173.8215,0.000000
SMS-EMOA,202,20146,91,4.0000,425.9551,1162.8058,4.9780,445.6650,1173.8215,0.000000
SMS-EMOA,203,20246,91,4.0000,425.9551,1162.8058,4.9670,445.4475,1173.8215,0.000000
SMS-EMOA,204,20346,91,4.0000,425.9551,1162.8058,4.9670,445.4475,1173.8215,0.000000
SMS-EMOA,205,20446,91,4.0000,425.9551,1162.8058,4.9670,445.4475,1173.8215,0.000000
SMS-EMOA,206,20546,91,4.0000,425.9551,1162.8058,4.9670,445.4475,1173.8215,0.000000
SMS-EMOA,207,20646,91,4.0000,425.9551,1162.8058,4.9670,445.4475,1173.8215,0.000000
SMS-EMOA,208,20746,91,4.0000,425.9551,1162.8058,4.9670,445.4475,1173.8215,0.000000
SMS-EMOA,209,20846,91,4.0000,425.9551,1162.8058,4.9560,445.4634,1173.8215,0.000000
SMS-EMOA,210,20946,91,4.0000,425.9551,1162.8058,4.9560,445.3186,1173.7587,0.000000
SMS-EMOA,211,21046,91,4.0000,425.9551,1162.8058,4.9560,445.3186,1173.7587,0.000000
SMS-EMOA,212,21146,91,4.0000,425.9551,1162.8058,4.9451,445.2199,1173.6959,0.000000
SMS-EMOA,213,21246,91,4.0000,425.9551,1162.8058,4.9451,445.2199,1173.6959,0.000000
SMS-EMOA,214,21346,91,4.0000,425.9551,1162.8058,4.9341,445.2245,1173.6959,0.000000
SMS-EMOA,215,21446,91,4.0000,425.9551,1162.8058,4.9341,445.2245,1173.6959,0.000000
SMS-EMOA,216,21546,91,4.0000,425.9551,1162.8058,4.9341,445.2245,1173.6959,0.000000
SMS-EMOA,217,21646,91,4.0000,425.9551,1162.8058,4.9341,445.1057,1173.6959,0.000000
SMS-EMOA,218,21746,91,4.0000,425.9551,1162.8058,4.9231,445.1103,1173.6959,0.000000
SMS-EMOA,219,21846,91,4.0000,425.9551,1162.8058,4.9231,445.1103,1173.6959,0.000000
SMS-EMOA,220,21946,91,4.0000,425.9551,1162.8058,4.9231,445.1103,1173.6959,0.000000
SMS-EMOA,221,22046,91,4.0000,425.9551,1162.8058,4.9231,445.1103,1173.6959,0.000000
SMS-EMOA,222,22146,91,4.0000,425.9551,1162.8058,4.9231,445.1103,1173.6959,0.000000
SMS-EMOA,223,22246,91,4.0000,425.9551,1162.8058,4.9231,444.8947,1173.6959,0.000000
SMS-EMOA,224,22346,91,4.0000,425.9551,1162.8058,4.9231,444.8947,1173.6959,0.000000
SMS-EMOA,225,22446,91,4.0000,425.9551,1162.8058,4.9231,444.8947,1173.6959,0.000000
SMS-EMOA,226,22546,91,4.0000,425.9551,1162.8058,4.9231,444.8947,1173.6959,0.000000
SMS-EMOA,227,22646,91,4.0000,425.9551,1162.8058,4.9231,444.8947,1173.6959,0.000000
SMS-EMOA,228,22746,91,4.0000,425.9551,1162.8058,4.9231,444.8947,1173.6959,0.000000
SMS-EMOA,229,22846,91,4.0000,425.9551,1162.8058,4.9231,444.8947,1173.6959,0.000000
SMS-EMOA,230,22946,91,4.0000,425.9551,1162.8058,4.9231,444.8947,1173.6959,0.000000
SMS-EMOA,231,23046,91,4.0000,425.9551,1162.8058,4.9231,444.8947,1173.6959,0.000000
SMS-EMOA,232,23146,91,4.0000,425.9551,1162.8058,4.9231,444.8947,1173.6959,0.000000
SMS-EMOA,233,23246,91,4.0000,425.9551,1162.8058,4.9231,444.8947,1173.6959,0.000000
SMS-EMOA,234,23346,91,4.0000,425.9551,1162.8058,4.9231,444.8947,1173.6959,0.000000
SMS-EMOA,235,23446,91,4.0000,425.9551,1162.8058,4.9231,444.8947,1173.6959,0.000000
SMS-EMOA,236,23546,91,4.0000,425.9551,1162.8058,4.9231,444.8947,1173.6959,0.000000
SMS-EMOA,237,23646,91,4.0000,425.9551,1162.8058,4.9121,444.7545,1173.6331,0.000000
SMS-EMOA,238,23746,91,4.0000,425.9551,1162.8058,4.9121,444.7545,1173.6331,0.000000
SMS-EMOA,239,23846,91,4.0000,425.9551,1162.8058,4.9121,444.7545,1173.6331,0.000000
SMS-EMOA,240,23946,91,4.0000,425.9551,1162.8058,4.9121,444.7545,1173.6331,0.000000
SMS-EMOA,241,24046,91,4.0000,425.9551,1162.8058,4.9121,444.7545,1173.6331,0.000000
SMS-EMOA,242,24146,91,4.0000,425.9551,1162.8058,4.9121,444.7545,1173.6331,0.000000
SMS-EMOA,243,24246,91,4.0000,425.9551,1162.8058,4.9121,444.7545,1173.6331,0.000000
SMS-EMOA,244,24346,91,4.0000,425.9551,1162.8058,4.8901,444.4775,1173.7478,0.000000
SMS-EMOA,245,24446,91,4.0000,425.9551,1162.8058,4.8901,444.4775,1173.7478,0.000000
SMS-EMOA,246,24546,91,4.0000,425.9551,1162.8058,4.8901,444.3741,1173.6851,0.000000
SMS-EMOA,247,24646,91,4.0000,425.9551,1162.8058,4.8901,444.3741,1173.6851,0.000000
SMS-EMOA,248,24746,91,4.0000,425.9551,1162.8058,4.8901,444.3741,1173.6851,0.000000
SMS-EMOA,249,24846,91,4.0000,425.9551,1162.8058,4.8901,444.3741,1173.6851,0.000000
SMS-EMOA,250,24946,91,4.0000,425.9551,1162.8058,4.8901,444.2708,1173.6223,0.000000
SMS-EMOA,251,25046,91,4.0000,425.9551,1162.8058,4.8901,444.2708,1173.6223,0.000000
SMS-EMOA,252,25146,91,4.0000,425.9551,1162.8058,4.8901,444.2708,1173.6223,0.000000
SMS-EMOA,253,25246,90,4.0000,425.9551,1162.8058,4.8889,443.8972,1173.6482,0.000000
SMS-EMOA,254,25346,90,4.0000,425.9551,1162.8058,4.8889,443.7837,1173.6482,0.000000
SMS-EMOA,255,25446,90,4.0000,425.9551,1162.8058,4.8778,443.6673,1173.8911,0.000000
SMS-EMOA,256,25546,90,4.0000,425.9551,1162.8058,4.8778,443.6673,1173.8911,0.000000
SMS-EMOA,257,25646,90,4.0000,425.9551,1162.8058,4.8778,443.6673,1173.8911,0.000000
SMS-EMOA,258,25746,91,4.0000,425.9551,1162.8058,4.8791,443.6901,1174.0723,0.000000
SMS-EMOA,259,25846,91,4.0000,425.9551,1162.8058,4.8791,443.6901,1174.0723,0.000000
SMS-EMOA,260,25946,91,4.0000,425.9551,1162.8058,4.8791,443.6901,1174.0723,0.000000
SMS-EMOA,261,26046,91,4.0000,425.9551,1162.8058,4.8791,443.5234,1174.0723,0.000000
SMS-EMOA,262,26146,91,4.0000,425.9551,1162.8058,4.8791,443.5234,1174.0723,0.000000
SMS-EMOA,263,26246,91,4.0000,425.9551,1162.8058,4.8791,443.4983,1173.7693,0.000000
SMS-EMOA,264,26346,91,4.0000,425.9551,1162.8058,4.8791,443.4983,1173.7693,0.000000
SMS-EMOA,265,26446,91,4.0000,425.9551,1162.8058,4.8791,443.5148,1173.4662,0.000000
SMS-EMOA,266,26546,91,4.0000,425.9551,1162.8058,4.8791,443.5148,1173.4662,0.000000
SMS-EMOA,267,26646,91,4.0000,425.9551,1162.8058,4.8791,443.5148,1173.4662,0.000000
SMS-EMOA,268,26746,91,4.0000,425.9551,1162.8058,4.8791,443.5148,1173.4662,0.000000
SMS-EMOA,269,26846,91,4.0000,425.9551,1162.8058,4.8791,443.5148,1173.4662,0.000000
SMS-EMOA,270,26946,91,4.0000,425.9551,1162.8058,4.8791,443.4517,1173.7693,0.000000
SMS-EMOA,271,27046,91,4.0000,425.9551,1162.8058,4.8791,443.4517,1173.7693,0.000000
SMS-EMOA,272,27146,91,4.0000,425.9551,1162.8058,4.8791,443.4517,1173.7693,0.000000
SMS-EMOA,273,27246,91,4.0000,425.9551,1162.8058,4.8791,443.4517,1173.7693,0.000000
SMS-EMOA,274,27346,91,4.0000,425.9551,1162.8058,4.8791,443.4517,1173.7693,0.000000
SMS-EMOA,275,27446,91,4.0000,425.9551,1162.8058,4.8791,443.4025,1173.8320,0.000000
SMS-EMOA,276,27546,91,4.0000,425.9551,1162.8058,4.8791,443.4025,1173.8320,0.000000
SMS-EMOA,277,27646,91,4.0000,425.9551,1162.8058,4.8791,443.4025,1173.8320,0.000000
SMS-EMOA,278,27746,91,4.0000,425.9551,1162.8058,4.8791,443.4025,1173.8320,0.000000
SMS-EMOA,279,27846,91,4.0000,425.9551,1162.8058,4.8791,443.4025,1173.8320,0.000000
SMS-EMOA,280,27946,91,4.0000,425.9551,1162.8058,4.8791,443.4025,1173.8320,0.000000
SMS-EMOA,281,28046,91,4.0000,425.9551,1162.8058,4.8791,443.4025,1173.8320,0.000000
SMS-EMOA,282,28146,91,4.0000,425.9551,1162.8058,4.8681,443.1850,1173.8320,0.000000
SMS-EMOA,283,28246,91,4.0000,425.9551,1162.8058,4.8681,443.1850,1173.8320,0.000000
SMS-EMOA,284,28346,92,4.0000,425.9551,1162.8058,4.8696,443.2689,1173.7122,0.000000
SMS-EMOA,285,28446,92,4.0000,425.9551,1162.8058,4.8696,443.2689,1173.7122,0.000000
SMS-EMOA,286,28546,92,4.0000,425.9551,1162.8058,4.8696,443.2689,1173.7122,0.000000
SMS-EMOA,287,28646,92,4.0000,425.9551,1162.8058,4.8696,443.2689,1173.7122,0.000000
SMS-EMOA,288,28746,92,4.0000,425.9551,1162.8058,4.8696,443.2689,1173.7122,0.000000
SMS-EMOA,289,28846,92,4.0000,425.9551,1162.8058,4.8696,443.1881,1173.7122,0.000000
SMS-EMOA,290,28946,92,4.0000,425.9551,1162.8058,4.8696,443.1881,1173.7122,0.000000
SMS-EMOA,291,29046,92,4.0000,425.9551,1162.8058,4.8696,443.0997,1173.7743,0.000000
SMS-EMOA,292,29146,92,4.0000,425.9551,1162.8058,4.8696,443.0831,1174.0740,0.000000
SMS-EMOA,293,29246,92,4.0000,425.9551,1162.8058,4.8696,443.0831,1174.0740,0.000000
SMS-EMOA,294,29346,92,4.0000,425.9551,1162.8058,4.8696,442.9091,1173.8364,0.000000
SMS-EMOA,295,29446,92,4.0000,425.9551,1162.8058,4.8804,443.7705,1173.7122,0.000000
SMS-EMOA,296,29546,92,4.0000,425.9551,1162.8058,4.8696,443.0281,1174.0119,0.000000
SMS-EMOA,297,29646,92,4.0000,425.9551,1162.8058,4.8696,443.0281,1174.0119,0.000000
SMS-EMOA,298,29746,91,4.0000,425.9551,1162.8058,4.8681,442.8565,1174.1351,0.000000
SMS-EMOA,299,29846,91,4.0000,425.9551,1162.8058,4.8681,442.8565,1174.1351,0.000000
SMS-EMOA,300,29946,91,4.0000,425.9551,1162.8058,4.8681,442.8565,1174.1351,0.000000
SMS-EMOA,301,30046,91,4.0000,425.9551,1162.8058,4.8681,442.8565,1174.1351,0.000000
SMS-EMOA,302,30146,91,4.0000,425.9551,1162.8058,4.8681,442.8565,1174.1351,0.000000
SMS-EMOA,303,30246,92,4.0000,425.9551,1162.8058,4.8696,442.7857,1174.3117,0.000000
SMS-EMOA,304,30346,92,4.0000,425.9551,1162.8058,4.8696,442.7857,1174.3117,0.000000
SMS-EMOA,305,30446,92,4.0000,425.9551,1162.8058,4.8696,442.7857,1174.3117,0.000000
SMS-EMOA,306,30546,92,4.0000,425.9551,1162.8058,4.8696,442.7857,1174.3117,0.000000
SMS-EMOA,307,30646,92,4.0000,425.9551,1162.8058,4.8696,442.7857,1174.3117,0.000000
SMS-EMOA,308,30746,92,4.0000,425.9551,1162.8058,4.8696,442.7857,1174.3117,0.000000
SMS-EMOA,309,30846,92,4.0000,425.9551,1162.8058,4.8696,442.7857,1174.3117,0.000000
SMS-EMOA,310,30946,92,4.0000,425.9551,1162.8058,4.8696,442.7857,1174.3117,0.000000
SMS-EMOA,311,31046,92,4.0000,425.9551,1162.8058,4.8696,442.7857,1174.3117,0.000000
SMS-EMOA,312,31146,92,4.0000,425.9551,1162.8058,4.8696,442.7857,1174.3117,0.000000
SMS-EMOA,313,31246,92,4.0000,425.9551,1162.8058,4.8696,442.7857,1174.3117,0.000000
SMS-EMOA,314,31346,92,4.0000,425.9551,1162.8058,4.8696,442.7857,1174.3117,0.000000
SMS-EMOA,315,31446,92,4.0000,425.9551,1162.8058,4.8696,442.7857,1174.3117,0.000000
SMS-EMOA,316,31546,92,4.0000,425.9551,1162.8058,4.8696,442.7857,1174.3117,0.000000
SMS-EMOA,317,31646,92,4.0000,425.9551,1162.8058,4.8696,442.7857,1174.3117,0.000000
SMS-EMOA,318,31746,92,4.0000,425.9551,1162.8058,4.8696,442.7857,1174.3117,0.000000
SMS-EMOA,319,31846,92,4.0000,425.9551,1162.8058,4.8696,442.7857,1174.3117,0.000000
SMS-EMOA,320,31946,92,4.0000,425.9551,1162.8058,4.8696,442.7857,1174.3117,0.000000
SMS-EMOA,321,32046,92,4.0000,425.9551,1162.8058,4.8696,442.7857,1174.3117,0.000000
SMS-EMOA,322,32146,92,4.0000,425.9551,1162.8058,4.8696,442.7857,1174.3117,0.000000
SMS-EMOA,323,32246,92,4.0000,425.9551,1162.8058,4.8696,442.7857,1174.3117,0.000000
SMS-EMOA,324,32346,92,4.0000,425.9551,1162.8058,4.8696,442.7857,1174.3117,0.000000
SMS-EMOA,325,32446,92,4.0000,425.9551,1162.8058,4.8696,442.7857,1174.3117,0.000000
SMS-EMOA,326,32546,92,4.0000,425.9551,1162.8058,4.8696,442.7857,1174.3117,0.000000
SMS-EMOA,327,32646,92,4.0000,425.9551,1162.8058,4.8696,442.7857,1174.3117,0.000000
SMS-EMOA,328,32746,92,4.0000,425.9551,1162.8058,4.8696,442.7857,1174.3117,0.000000
SMS-EMOA,329,32846,92,4.0000,425.9551,1162.8058,4.8696,442.7857,1174.3117,0.000000
SMS-EMOA,330,32946,92,4.0000,425.9551,1162.8058,4.8696,442.7857,1174.3117,0.000000
SMS-EMOA,331,33046,92,4.0000,425.9551,1162.8058,4.8696,442.7857,1174.3117,0.000000
SMS-EMOA,332,33146,92,4.0000,425.9551,1162.8058,4.8696,442.7857,1174.3117,0.000000
SMS-EMOA,333,33246,93,4.0000,425.9551,1162.8058,4.8710,442.7931,1174.1879,0.000000
SMS-EMOA,334,33346,93,4.0000,425.9551,1162.8058,4.8710,442.7931,1174.1879,0.000000
SMS-EMOA,335,33446,93,4.0000,425.9551,1162.8058,4.8710,442.7931,1174.1879,0.000000
SMS-EMOA,336,33546,93,4.0000,425.9551,1162.8058,4.8710,442.7931,1174.1879,0.000000
SMS-EMOA,337,33646,93,4.0000,425.9551,1162.8058,4.8710,442.7931,1174.1879,0.000000
SMS-EMOA,338,33746,93,4.0000,425.9551,1162.8058,4.8710,442.7931,1174.1879,0.000000
SMS-EMOA,339,33846,93,4.0000,425.9551,1162.8058,4.8710,442.7931,1174.1879,0.000000
SMS-EMOA,340,33946,93,4.0000,425.9551,1162.8058,4.8710,442.7931,1174.1879,0.000000
SMS-EMOA,341,34046,93,4.0000,425.9551,1162.8058,4.8710,442.7931,1174.1879,0.000000
SMS-EMOA,342,34146,93,4.0000,425.9551,1162.8058,4.8710,442.7931,1174.1879,0.000000
SMS-EMOA,343,34246,93,4.0000,425.9551,1162.8058,4.8710,442.7931,1174.1879,0.000000
SMS-EMOA,344,34346,93,4.0000,425.9551,1162.8058,4.8710,442.7931,1174.1879,0.000000
SMS-EMOA,345,34446,93,4.0000,425.9551,1162.8058,4.8710,442.7931,1174.1879,0.000000
SMS-EMOA,346,34546,93,4.0000,425.9551,1162.8058,4.8710,442.7931,1174.1879,0.000000
SMS-EMOA,347,34646,93,4.0000,425.9551,1162.8058,4.8710,442.7931,1174.1879,0.000000
SMS-EMOA,348,34746,94,4.0000,425.9551,1162.8058,4.8723,442.8404,1174.0669,0.000000
SMS-EMOA,349,34846,94,4.0000,425.9551,1162.8058,4.8723,442.8404,1174.0669,0.000000
SMS-EMOA,350,34946,94,4.0000,425.9551,1162.8058,4.8723,442.8162,1173.7735,0.000000
SMS-EMOA,351,35046,94,4.0000,425.9551,1162.8058,4.8723,442.8162,1173.7735,0.000000
SMS-EMOA,352,35146,94,4.0000,425.9551,1162.8058,4.8723,442.8162,1173.7735,0.000000
SMS-EMOA,353,35246,94,4.0000,425.9551,1162.8058,4.8723,442.8162,1173.7735,0.000000
SMS-EMOA,354,35346,94,4.0000,425.9551,1162.8058,4.8723,442.8162,1173.7735,0.000000
SMS-EMOA,355,35446,94,4.0000,425.9551,1162.8058,4.8723,442.7920,1173.4801,0.000000
SMS-EMOA,356,35546,94,4.0000,425.9551,1162.8058,4.8723,442.7678,1173.1868,0.000000
SMS-EMOA,357,35646,94,4.0000,425.9551,1162.8058,4.8723,442.7678,1173.1868,0.000000
SMS-EMOA,358,35746,94,4.0000,425.9551,1162.8058,4.8723,442.7678,1173.1868,0.000000
SMS-EMOA,359,35846,94,4.0000,425.9551,1162.8058,4.8723,442.7678,1173.1868,0.000000
SMS-EMOA,360,35946,94,4.0000,425.9551,1162.8058,4.8723,442.7678,1173.1868,0.000000
SMS-EMOA,361,36046,94,4.0000,425.9551,1162.8058,4.8723,442.7678,1173.1868,0.000000
SMS-EMOA,362,36146,94,4.0000,425.9551,1162.8058,4.8723,442.7678,1173.1868,0.000000
SMS-EMOA,363,36246,94,4.0000,425.9551,1162.8058,4.8723,442.7678,1173.1868,0.000000
SMS-EMOA,364,36346,94,4.0000,425.9551,1162.8058,4.8723,442.7678,1173.1868,0.000000
SMS-EMOA,365,36446,94,4.0000,425.9551,1162.8058,4.8723,442.7435,1172.8934,0.000000
SMS-EMOA,366,36546,94,4.0000,425.9551,1162.8058,4.8723,442.7435,1172.8934,0.000000
SMS-EMOA,367,36646,94,4.0000,425.9551,1162.8058,4.8723,442.7435,1172.8934,0.000000
SMS-EMOA,368,36746,94,4.0000,425.9551,1162.8058,4.8723,442.7435,1172.8934,0.000000
SMS-EMOA,369,36846,94,4.0000,425.9551,1162.8058,4.8723,442.7435,1172.8934,0.000000
SMS-EMOA,370,36946,94,4.0000,425.9551,1162.8058,4.8723,442.7435,1172.8934,0.000000
SMS-EMOA,371,37046,94,4.0000,425.9551,1162.8058,4.8723,442.7435,1172.8934,0.000000
SMS-EMOA,372,37146,94,4.0000,425.9551,1162.8058,4.8723,442.7435,1172.8934,0.000000
SMS-EMOA,373,37246,94,4.0000,425.9551,1162.8058,4.8723,442.7435,1172.8934,0.000000
SMS-EMOA,374,37346,94,4.0000,425.9551,1162.8058,4.8723,442.7435,1172.8934,0.000000
SMS-EMOA,375,37446,94,4.0000,425.9551,1162.8058,4.8723,442.7435,1172.8934,0.000000
SMS-EMOA,376,37546,94,4.0000,425.9551,1162.8058,4.8723,442.7193,1172.6001,0.000000
SMS-EMOA,377,37646,94,4.0000,425.9551,1162.8058,4.8723,442.7193,1172.6001,0.000000
SMS-EMOA,378,37746,94,4.0000,425.9551,1162.8058,4.8723,442.7462,1172.3067,0.000000
SMS-EMOA,379,37846,94,4.0000,425.9551,1162.8058,4.8723,442.7462,1172.3067,0.000000
SMS-EMOA,380,37946,94,4.0000,425.9551,1162.8058,4.8723,442.6534,1172.0741,0.000000
SMS-EMOA,381,38046,94,4.0000,425.9551,1162.8058,4.8723,442.6534,1172.0741,0.000000
SMS-EMOA,382,38146,94,4.0000,425.9551,1162.8058,4.8723,442.6534,1172.0741,0.000000
SMS-EMOA,383,38246,94,4.0000,425.9551,1162.8058,4.8723,442.6534,1172.0741,0.000000
SMS-EMOA,384,38346,94,4.0000,425.9551,1162.8058,4.8723,442.6534,1172.0741,0.000000
SMS-EMOA,385,38446,94,4.0000,425.9551,1162.8058,4.8723,442.6534,1172.0741,0.000000
SMS-EMOA,386,38546,94,4.0000,425.9551,1162.8058,4.8723,442.6534,1172.0741,0.000000
SMS-EMOA,387,38646,94,4.0000,425.9551,1162.8058,4.8723,442.6534,1172.0741,0.000000
SMS-EMOA,388,38746,94,4.0000,425.9551,1162.8058,4.8723,442.6534,1172.0741,0.000000
SMS-EMOA,389,38846,94,4.0000,425.9551,1162.8058,4.8723,442.6534,1172.0741,0.000000
SMS-EMOA,390,38946,94,4.0000,425.9551,1162.8058,4.8723,442.6534,1172.0741,0.000000
SMS-EMOA,391,39046,94,4.0000,425.9551,1162.8058,4.8723,442.6534,1172.0741,0.000000
SMS-EMOA,392,39146,94,4.0000,425.9551,1162.8058,4.8723,442.6621,1172.0133,0.000000
SMS-EMOA,393,39246,94,4.0000,425.9551,1162.8058,4.8723,442.6621,1172.0133,0.000000
SMS-EMOA,394,39346,94,4.0000,425.9551,1162.8058,4.8723,442.6621,1172.0133,0.000000
SMS-EMOA,395,39446,94,4.0000,425.9551,1162.8058,4.8723,442.6621,1172.0133,0.000000
SMS-EMOA,396,39546,94,4.0000,425.9551,1162.8058,4.8723,442.6621,1172.0133,0.000000
SMS-EMOA,397,39646,94,4.0000,425.9551,1162.8058,4.8723,442.6621,1172.0133,0.000000
SMS-EMOA,398,39746,94,4.0000,425.9551,1162.8058,4.8723,442.6621,1172.0133,0.000000
SMS-EMOA,399,39846,94,4.0000,425.9551,1162.8058,4.8723,442.6621,1172.0133,0.000000
SMS-EMOA,400,39946,94,4.0000,425.9551,1162.8058,4.8723,442.6621,1172.0133,0.000000
SMS-EMOA,401,40046,94,4.0000,425.9551,1162.8058,4.8723,442.6621,1172.0133,0.000000
SMS-EMOA,402,40146,94,4.0000,425.9551,1162.8058,4.8723,442.6621,1172.0133,0.000000
SMS-EMOA,403,40246,94,4.0000,425.9551,1162.8058,4.8723,442.6621,1172.0133,0.000000
SMS-EMOA,404,40346,94,4.0000,425.9551,1162.8058,4.8723,442.6621,1172.0133,0.000000
SMS-EMOA,405,40446,94,4.0000,425.9551,1162.8058,4.8723,442.6621,1172.0133,0.000000
SMS-EMOA,406,40546,94,4.0000,425.9551,1162.8058,4.8723,442.6621,1172.0133,0.000000
SMS-EMOA,407,40646,94,4.0000,425.9551,1162.8058,4.8723,442.6621,1172.0133,0.000000
SMS-EMOA,408,40746,94,4.0000,425.9551,1162.8058,4.8723,442.6621,1172.0133,0.000000
SMS-EMOA,409,40846,94,4.0000,425.9551,1162.8058,4.8723,442.6621,1172.0133,0.000000
SMS-EMOA,410,40946,94,4.0000,425.9551,1162.8058,4.8723,442.6621,1172.0133,0.000000
SMS-EMOA,411,41046,94,4.0000,425.9551,1162.8058,4.8723,442.6621,1172.0133,0.000000
SMS-EMOA,412,41146,94,4.0000,425.9551,1162.8058,4.8723,442.6621,1172.0133,0.000000
SMS-EMOA,413,41246,94,4.0000,425.9551,1162.8058,4.8723,442.6621,1172.0133,0.000000
SMS-EMOA,414,41346,94,4.0000,425.9551,1162.8058,4.8723,442.6621,1172.0133,0.000000
SMS-EMOA,415,41446,95,4.0000,425.9551,1162.8058,4.8632,442.4862,1172.2067,0.000000
SMS-EMOA,416,41546,95,4.0000,425.9551,1162.8058,4.8632,442.4862,1172.2067,0.000000
SMS-EMOA,417,41646,95,4.0000,425.9551,1162.8058,4.8632,442.6180,1171.9456,0.000000
SMS-EMOA,418,41746,94,4.0000,425.9551,1162.8058,4.8617,442.4856,1171.5169,0.000000
SMS-EMOA,419,41846,94,4.0000,425.9551,1162.8058,4.8617,442.4856,1171.5169,0.000000
SMS-EMOA,420,41946,95,4.0000,425.9551,1162.8058,4.8632,442.4434,1171.4561,0.000000
SMS-EMOA,421,42046,95,4.0000,425.9551,1162.8058,4.8632,442.4434,1171.4561,0.000000
SMS-EMOA,422,42146,95,4.0000,425.9551,1162.8058,4.8526,442.4044,1171.7464,0.000000
SMS-EMOA,423,42246,95,4.0000,425.9551,1162.8058,4.8526,442.4044,1171.7464,0.000000
SMS-EMOA,424,42346,96,4.0000,425.9551,1162.8058,4.8542,442.3484,1171.7128,0.000000
SMS-EMOA,425,42446,96,4.0000,425.9551,1162.8058,4.8542,442.3484,1171.7128,0.000000
SMS-EMOA,426,42546,96,4.0000,425.9551,1162.8058,4.8542,442.3484,1171.7128,0.000000
SMS-EMOA,427,42646,96,4.0000,425.9551,1162.8058,4.8542,442.3484,1171.7128,0.000000
SMS-EMOA,428,42746,97,4.0000,425.9551,1162.8058,4.8557,442.3773,1171.9052,0.000000
SMS-EMOA,429,42846,97,4.0000,425.9551,1162.8058,4.8557,442.3773,1171.9052,0.000000
SMS-EMOA,430,42946,97,4.0000,425.9551,1162.8058,4.8557,442.3773,1171.9052,0.000000
SMS-EMOA,431,43046,97,4.0000,425.9551,1162.8058,4.8557,442.3773,1171.9052,0.000000
SMS-EMOA,432,43146,97,4.0000,425.9551,1162.8058,4.8557,442.3773,1171.9052,0.000000
SMS-EMOA,433,43246,97,4.0000,425.9551,1162.8058,4.8557,442.3773,1171.9052,0.000000
SMS-EMOA,434,43346,97,4.0000,425.9551,1162.8058,4.8557,442.3773,1171.9052,0.000000
SMS-EMOA,435,43446,97,4.0000,425.9551,1162.8058,4.8557,442.3773,1171.9052,0.000000
SMS-EMOA,436,43546,98,4.0000,425.9551,1162.8058,4.8571,442.4187,1171.8707,0.000000
SMS-EMOA,437,43646,98,4.0000,425.9551,1162.8058,4.8571,442.4187,1171.8707,0.000000
SMS-EMOA,438,43746,98,4.0000,425.9551,1162.8058,4.8571,442.4187,1171.8707,0.000000
SMS-EMOA,439,43846,98,4.0000,425.9551,1162.8058,4.8571,442.4187,1171.8707,0.000000
SMS-EMOA,440,43946,98,4.0000,425.9551,1162.8058,4.8571,442.4187,1171.8707,0.000000
SMS-EMOA,441,44046,98,4.0000,425.9551,1162.8058,4.8571,442.4187,1171.8707,0.000000
SMS-EMOA,442,44146,98,4.0000,425.9551,1162.8058,4.8571,442.4187,1171.8707,0.000000
SMS-EMOA,443,44246,98,4.0000,425.9551,1162.8058,4.8571,442.4187,1171.8707,0.000000
SMS-EMOA,444,44346,98,4.0000,425.9551,1162.8058,4.8571,442.4187,1171.8707,0.000000
SMS-EMOA,445,44446,98,4.0000,425.9551,1162.8058,4.8571,442.4187,1171.8707,0.000000
SMS-EMOA,446,44546,98,4.0000,425.9551,1162.8058,4.8571,442.4187,1171.8707,0.000000
SMS-EMOA,447,44646,98,4.0000,425.9551,1162.8058,4.8571,442.4187,1171.8707,0.000000
SMS-EMOA,448,44746,98,4.0000,425.9551,1162.8058,4.8571,442.4187,1171.8707,0.000000
SMS-EMOA,449,44846,98,4.0000,425.9551,1162.8058,4.8571,442.4187,1171.8707,0.000000
SMS-EMOA,450,44946,98,4.0000,425.9551,1162.8058,4.8571,442.4187,1171.8707,0.000000
SMS-EMOA,451,45046,98,4.0000,425.9551,1162.8058,4.8571,442.4187,1171.8707,0.000000
SMS-EMOA,452,45146,98,4.0000,425.9551,1162.8058,4.8571,442.4187,1171.8707,0.000000
SMS-EMOA,453,45246,98,4.0000,425.9551,1162.8058,4.8571,442.4187,1171.8707,0.000000
SMS-EMOA,454,45346,98,4.0000,425.9551,1162.8058,4.8571,442.4187,1171.8707,0.000000
SMS-EMOA,455,45446,98,4.0000,425.9551,1162.8058,4.8571,442.4187,1171.8707,0.000000
SMS-EMOA,456,45546,98,4.0000,425.9551,1162.8058,4.8571,442.4187,1171.8707,0.000000
SMS-EMOA,457,45646,98,4.0000,425.9551,1162.8058,4.8571,442.4187,1171.8707,0.000000
SMS-EMOA,458,45746,98,4.0000,425.9551,1162.8058,4.8571,442.4187,1171.8707,0.000000
SMS-EMOA,459,45846,98,4.0000,425.9551,1162.8058,4.8571,442.4187,1171.8707,0.000000
SMS-EMOA,460,45946,98,4.0000,425.9551,1162.8058,4.8571,442.4187,1171.8707,0.000000
SMS-EMOA,461,46046,98,4.0000,425.9551,1162.8058,4.8571,442.4187,1171.8707,0.000000
SMS-EMOA,462,46146,98,4.0000,425.9551,1162.8058,4.8571,442.4639,1171.8124,0.000000
SMS-EMOA,463,46246,98,4.0000,425.9551,1162.8058,4.8571,442.4570,1172.0355,0.000000
SMS-EMOA,464,46346,98,4.0000,425.9551,1162.8058,4.8571,442.4570,1172.0355,0.000000
SMS-EMOA,465,46446,98,4.0000,425.9551,1162.8058,4.8571,442.4570,1172.0355,0.000000
SMS-EMOA,466,46546,98,4.0000,425.9551,1162.8058,4.8571,442.4570,1172.0355,0.000000
SMS-EMOA,467,46646,98,4.0000,425.9551,1162.8058,4.8571,442.4570,1172.0355,0.000000
SMS-EMOA,468,46746,97,4.0000,425.9551,1162.8058,4.8557,442.3195,1172.0717,0.000000
SMS-EMOA,469,46846,97,4.0000,425.9551,1162.8058,4.8557,442.3195,1172.0717,0.000000
SMS-EMOA,470,46946,97,4.0000,425.9551,1162.8058,4.8557,442.3195,1172.0717,0.000000
SMS-EMOA,471,47046,97,4.0000,425.9551,1162.8058,4.8557,442.3195,1172.0717,0.000000
SMS-EMOA,472,47146,97,4.0000,425.9551,1162.8058,4.8557,442.3195,1172.0717,0.000000
SMS-EMOA,473,47246,97,4.0000,425.9551,1162.8058,4.8557,442.3195,1172.0717,0.000000
SMS-EMOA,474,47346,97,4.0000,425.9551,1162.8058,4.8454,442.2172,1172.4438,0.000000
SMS-EMOA,475,47446,97,4.0000,425.9551,1162.8058,4.8454,442.2172,1172.4438,0.000000
SMS-EMOA,476,47546,97,4.0000,425.9551,1162.8058,4.8454,442.2172,1172.4438,0.000000
SMS-EMOA,477,47646,98,4.0000,425.9551,1162.8058,4.8469,442.1714,1172.6268,0.000000
SMS-EMOA,478,47746,98,4.0000,425.9551,1162.8058,4.8469,442.1714,1172.6268,0.000000
SMS-EMOA,479,47846,98,4.0000,425.9551,1162.8058,4.8469,442.1714,1172.6268,0.000000
SMS-EMOA,480,47946,98,4.0000,425.9551,1162.8058,4.8469,442.1714,1172.6268,0.000000
SMS-EMOA,481,48046,98,4.0000,425.9551,1162.8058,4.8469,442.1714,1172.6268,0.000000
SMS-EMOA,482,48146,98,4.0000,425.9551,1162.8058,4.8469,442.1714,1172.6268,0.000000
SMS-EMOA,483,48246,98,4.0000,425.9551,1162.8058,4.8469,442.1797,1172.5685,0.000000
SMS-EMOA,484,48346,98,4.0000,425.9551,1162.8058,4.8367,441.9708,1172.7916,0.000000
SMS-EMOA,485,48446,98,4.0000,425.9551,1162.8058,4.8367,441.9708,1172.7916,0.000000
SMS-EMOA,486,48546,98,4.0000,425.9551,1162.8058,4.8367,441.9708,1172.7916,0.000000
SMS-EMOA,487,48646,98,4.0000,425.9551,1162.8058,4.8367,441.9708,1172.7916,0.000000
SMS-EMOA,488,48746,98,4.0000,425.9551,1162.8058,4.8367,441.9708,1172.7916,0.000000
SMS-EMOA,489,48846,98,4.0000,425.9551,1162.8058,4.8367,441.9708,1172.7916,0.000000
SMS-EMOA,490,48946,98,4.0000,425.9551,1162.8058,4.8367,441.9708,1172.7916,0.000000
SMS-EMOA,491,49046,98,4.0000,425.9551,1162.8058,4.8367,441.9708,1172.7916,0.000000
SMS-EMOA,492,49146,98,4.0000,425.9551,1162.8058,4.8367,441.9708,1172.7916,0.000000
SMS-EMOA,493,49246,98,4.0000,425.9551,1162.8058,4.8367,441.9708,1172.7916,0.000000
SMS-EMOA,494,49346,98,4.0000,425.9551,1162.8058,4.8367,441.9708,1172.7916,0.000000
SMS-EMOA,495,49446,98,4.0000,425.9551,1162.8058,4.8367,441.9708,1172.7916,0.000000
SMS-EMOA,496,49546,98,4.0000,425.9551,1162.8058,4.8367,441.9708,1172.7916,0.000000
SMS-EMOA,497,49646,98,4.0000,425.9551,1162.8058,4.8367,441.9708,1172.7916,0.000000
SMS-EMOA,498,49746,98,4.0000,425.9551,1162.8058,4.8367,441.9708,1172.7916,0.000000
SMS-EMOA,499,49846,98,4.0000,425.9551,1162.8058,4.8367,441.9708,1172.7916,0.000000
SMS-EMOA,500,49946,98,4.0000,425.9551,1162.8058,4.8367,441.9708,1172.7916,0.000000
SMS-EMOA,501,50046,98,4.0000,425.9551,1162.8058,4.8367,441.9708,1172.7916,0.000000
SMS-EMOA,502,50146,98,4.0000,425.9551,1162.8058,4.8367,441.9708,1172.7916,0.000000
SMS-EMOA,503,50246,98,4.0000,425.9551,1162.8058,4.8367,441.9896,1172.7333,0.000000
SMS-EMOA,504,50346,98,4.0000,425.9551,1162.8058,4.8367,441.9896,1172.7333,0.000000
SMS-EMOA,505,50446,98,4.0000,425.9551,1162.8058,4.8367,441.9896,1172.7333,0.000000
SMS-EMOA,506,50546,98,4.0000,425.9551,1162.8058,4.8367,441.9896,1172.7333,0.000000
SMS-EMOA,507,50646,98,4.0000,425.9551,1162.8058,4.8367,441.9896,1172.7333,0.000000
SMS-EMOA,508,50746,98,4.0000,425.9551,1162.8058,4.8367,441.9896,1172.7333,0.000000
SMS-EMOA,509,50846,98,4.0000,425.9551,1162.8058,4.8367,441.9896,1172.7333,0.000000
SMS-EMOA,510,50946,98,4.0000,425.9551,1162.8058,4.8367,441.9896,1172.7333,0.000000
SMS-EMOA,511,51046,98,4.0000,425.9551,1162.8058,4.8367,441.9896,1172.7333,0.000000
SMS-EMOA,512,51146,98,4.0000,425.9551,1162.8058,4.8367,441.9896,1172.7333,0.000000
SMS-EMOA,513,51246,98,4.0000,425.9551,1162.8058,4.8367,441.9896,1172.7333,0.000000
SMS-EMOA,514,51346,98,4.0000,425.9551,1162.8058,4.8367,441.9896,1172.7333,0.000000
SMS-EMOA,515,51446,98,4.0000,425.9551,1162.8058,4.8367,441.9896,1172.7333,0.000000
SMS-EMOA,516,51546,98,4.0000,425.9551,1162.8058,4.8367,441.9896,1172.7333,0.000000
SMS-EMOA,517,51646,98,4.0000,425.9551,1162.8058,4.8367,441.9578,1173.0147,0.000000
SMS-EMOA,518,51746,98,4.0000,425.9551,1162.8058,4.8367,441.9578,1173.0147,0.000000
SMS-EMOA,519,51846,98,4.0000,425.9551,1162.8058,4.8367,441.9578,1173.0147,0.000000
SMS-EMOA,520,51946,98,4.0000,425.9551,1162.8058,4.8367,441.9578,1173.0147,0.000000
SMS-EMOA,521,52046,98,4.0000,425.9551,1162.8058,4.8367,441.9578,1173.0147,0.000000
SMS-EMOA,522,52146,98,4.0000,425.9551,1162.8058,4.8367,441.9578,1173.0147,0.000000
SMS-EMOA,523,52246,98,4.0000,425.9551,1162.8058,4.8367,441.9578,1173.0147,0.000000
SMS-EMOA,524,52346,98,4.0000,425.9551,1162.8058,4.8367,441.9578,1173.0147,0.000000
SMS-EMOA,525,52446,98,4.0000,425.9551,1162.8058,4.8367,441.9578,1173.0147,0.000000
SMS-EMOA,526,52546,98,4.0000,425.9551,1162.8058,4.8367,441.9578,1173.0147,0.000000
SMS-EMOA,527,52646,98,4.0000,425.9551,1162.8058,4.8367,441.9578,1173.0147,0.000000
SMS-EMOA,528,52746,98,4.0000,425.9551,1162.8058,4.8367,441.9578,1173.0147,0.000000
SMS-EMOA,529,52846,98,4.0000,425.9551,1162.8058,4.8367,441.9578,1173.0147,0.000000
SMS-EMOA,530,52946,98,4.0000,425.9551,1162.8058,4.8367,441.9578,1173.0147,0.000000
SMS-EMOA,531,53046,98,4.0000,425.9551,1162.8058,4.8367,441.9578,1173.0147,0.000000
SMS-EMOA,532,53146,98,4.0000,425.9551,1162.8058,4.8367,441.9578,1173.0147,0.000000
SMS-EMOA,533,53246,98,4.0000,425.9551,1162.8058,4.8367,441.9578,1173.0147,0.000000
SMS-EMOA,534,53346,98,4.0000,425.9551,1162.8058,4.8367,441.9406,1172.7333,0.000000
SMS-EMOA,535,53446,98,4.0000,425.9551,1162.8058,4.8367,441.9406,1172.7333,0.000000
SMS-EMOA,536,53546,98,4.0000,425.9551,1162.8058,4.8367,441.9406,1172.7333,0.000000
SMS-EMOA,537,53646,98,4.0000,425.9551,1162.8058,4.8265,441.8136,1173.3829,0.000000
SMS-EMOA,538,53746,98,4.0000,425.9551,1162.8058,4.8265,441.8136,1173.3829,0.000000
SMS-EMOA,539,53846,98,4.0000,425.9551,1162.8058,4.8265,441.8136,1173.3829,0.000000
SMS-EMOA,540,53946,98,4.0000,425.9551,1162.8058,4.8265,441.8136,1173.3829,0.000000
SMS-EMOA,541,54046,98,4.0000,425.9551,1162.8058,4.8265,441.8136,1173.3829,0.000000
SMS-EMOA,542,54146,98,4.0000,425.9551,1162.8058,4.8265,441.8136,1173.3829,0.000000
SMS-EMOA,543,54246,98,4.0000,425.9551,1162.8058,4.8163,441.8214,1173.6060,0.000000
SMS-EMOA,544,54346,98,4.0000,425.9551,1162.8058,4.8163,441.8214,1173.6060,0.000000
SMS-EMOA,545,54446,98,4.0000,425.9551,1162.8058,4.8163,441.8214,1173.6060,0.000000
SMS-EMOA,546,54546,98,4.0000,425.9551,1162.8058,4.8163,441.8214,1173.6060,0.000000
SMS-EMOA,547,54646,98,4.0000,425.9551,1162.8058,4.8163,441.8214,1173.6060,0.000000
SMS-EMOA,548,54746,98,4.0000,425.9551,1162.8058,4.8163,441.8214,1173.6060,0.000000
SMS-EMOA,549,54846,98,4.0000,425.9551,1162.8058,4.8163,441.8214,1173.6060,0.000000
SMS-EMOA,550,54946,98,4.0000,425.9551,1162.8058,4.8163,441.8214,1173.6060,0.000000
SMS-EMOA,551,55046,98,4.0000,425.9551,1162.8058,4.8163,441.8214,1173.6060,0.000000
SMS-EMOA,552,55146,98,4.0000,425.9551,1162.8058,4.8163,441.8214,1173.6060,0.000000
SMS-EMOA,553,55246,98,4.0000,425.9551,1162.8058,4.8163,441.8214,1173.6060,0.000000
SMS-EMOA,554,55346,98,4.0000,425.9551,1162.8058,4.8163,441.8214,1173.6060,0.000000
SMS-EMOA,555,55446,98,4.0000,425.9551,1162.8058,4.8163,441.8214,1173.6060,0.000000
SMS-EMOA,556,55546,98,4.0000,425.9551,1162.8058,4.8163,441.8214,1173.6060,0.000000
SMS-EMOA,557,55646,98,4.0000,425.9551,1162.8058,4.8163,441.8214,1173.6060,0.000000
SMS-EMOA,558,55746,99,4.0000,425.9551,1162.8058,4.8182,441.8381,1173.4969,0.000000
SMS-EMOA,559,55846,99,4.0000,425.9551,1162.8058,4.8182,441.8381,1173.4969,0.000000
SMS-EMOA,560,55946,99,4.0000,425.9551,1162.8058,4.8182,441.8381,1173.4969,0.000000
SMS-EMOA,561,56046,99,4.0000,425.9551,1162.8058,4.8182,441.8381,1173.4969,0.000000
SMS-EMOA,562,56146,99,4.0000,425.9551,1162.8058,4.8182,441.8381,1173.4969,0.000000
SMS-EMOA,563,56246,99,4.0000,425.9551,1162.8058,4.8182,441.8381,1173.4969,0.000000
SMS-EMOA,564,56346,99,4.0000,425.9551,1162.8058,4.8182,441.8381,1173.4969,0.000000
SMS-EMOA,565,56446,99,4.0000,425.9551,1162.8058,4.8182,441.8381,1173.4969,0.000000
SMS-EMOA,566,56546,99,4.0000,425.9551,1162.8058,4.8182,441.8381,1173.4969,0.000000
SMS-EMOA,567,56646,99,4.0000,425.9551,1162.8058,4.8182,441.8381,1173.4969,0.000000
SMS-EMOA,568,56746,99,4.0000,425.9551,1162.8058,4.8182,441.8381,1173.4969,0.000000
SMS-EMOA,569,56846,99,4.0000,425.9551,1162.8058,4.8182,441.8591,1173.2184,0.000000
SMS-EMOA,570,56946,99,4.0000,425.9551,1162.8058,4.8182,441.8591,1173.2184,0.000000
SMS-EMOA,571,57046,99,4.0000,425.9551,1162.8058,4.8182,441.8591,1173.2184,0.000000
SMS-EMOA,572,57146,99,4.0000,425.9551,1162.8058,4.8182,441.8591,1173.2184,0.000000
SMS-EMOA,573,57246,99,4.0000,425.9551,1162.8058,4.8182,441.8591,1173.2184,0.000000
SMS-EMOA,574,57346,99,4.0000,425.9551,1162.8058,4.8182,441.8591,1173.2184,0.000000
SMS-EMOA,575,57446,100,4.0000,425.9551,1162.8058,4.8200,441.8989,1173.1714,0.000000
SMS-EMOA,576,57546,100,4.0000,425.9551,1162.8058,4.8200,441.8989,1173.1714,0.000000
SMS-EMOA,577,57646,100,4.0000,425.9551,1162.8058,4.8200,441.8989,1173.1714,0.000000
SMS-EMOA,578,57746,100,4.0000,425.9551,1162.8058,4.8200,441.8989,1173.1714,0.000000
SMS-EMOA,579,57846,100,4.0000,425.9551,1162.8058,4.8200,441.8509,1173.1714,0.000000
SMS-EMOA,580,57946,100,4.0000,425.9551,1162.8058,4.8300,441.8345,1172.6199,0.000000
SMS-EMOA,581,58046,100,4.0000,425.9551,1162.8058,4.8300,441.8345,1172.6199,0.000000
SMS-EMOA,582,58146,100,4.0000,425.9551,1162.8058,4.8300,441.8345,1172.6199,0.000000
SMS-EMOA,583,58246,100,4.0000,425.9551,1162.8058,4.8300,441.8345,1172.6199,0.000000
SMS-EMOA,584,58346,100,4.0000,425.9551,1162.8058,4.8300,441.8345,1172.6199,0.000000
SMS-EMOA,585,58446,100,4.0000,425.9551,1162.8058,4.8300,441.8345,1172.6199,0.000000
SMS-EMOA,586,58546,100,4.0000,425.9551,1162.8058,4.8300,441.8345,1172.6199,0.000000
SMS-EMOA,587,58646,100,4.0000,425.9551,1162.8058,4.8300,441.8345,1172.6199,0.000000
SMS-EMOA,588,58746,100,4.0000,425.9551,1162.8058,4.8300,441.8345,1172.6199,0.000000
SMS-EMOA,589,58846,100,4.0000,425.9551,1162.8058,4.8300,441.8345,1172.6199,0.000000
SMS-EMOA,590,58946,100,4.0000,425.9551,1162.8058,4.8300,441.8345,1172.6199,0.000000
SMS-EMOA,591,59046,100,4.0000,425.9551,1162.8058,4.8300,441.8345,1172.6199,0.000000
SMS-EMOA,592,59146,100,4.0000,425.9551,1162.8058,4.8300,441.8345,1172.6199,0.000000
SMS-EMOA,593,59246,100,4.0000,425.9551,1162.8058,4.8300,441.8345,1172.6199,0.000000
SMS-EMOA,594,59346,100,4.0000,425.9551,1162.8058,4.8300,441.8345,1172.6199,0.000000
SMS-EMOA,595,59446,100,4.0000,425.9551,1162.8058,4.8300,441.8345,1172.6199,0.000000
SMS-EMOA,596,59546,100,4.0000,425.9551,1162.8058,4.8300,441.8345,1172.6199,0.000000
SMS-EMOA,597,59646,100,4.0000,425.9551,1162.8058,4.8300,441.8345,1172.6199,0.000000
SMS-EMOA,598,59746,100,4.0000,425.9551,1162.8058,4.8300,441.8345,1172.6199,0.000000
SMS-EMOA,599,59846,100,4.0000,425.9551,1162.8058,4.8300,441.8345,1172.6199,0.000000
SMS-EMOA,600,59946,100,4.0000,425.9551,1162.8058,4.8300,441.8345,1172.6199,0.000000
SMS-EMOA,601,60046,100,4.0000,425.9551,1162.8058,4.8300,441.8345,1172.6199,0.000000
SMS-EMOA,602,60146,100,4.0000,425.9551,1162.8058,4.8300,441.8345,1172.6199,0.000000
SMS-EMOA,603,60246,100,4.0000,425.9551,1162.8058,4.8300,441.8345,1172.6199,0.000000
SMS-EMOA,604,60346,100,4.0000,425.9551,1162.8058,4.8300,441.8345,1172.6199,0.000000
SMS-EMOA,605,60446,100,4.0000,425.9551,1162.8058,4.8300,441.8345,1172.6199,0.000000
SMS-EMOA,606,60546,100,4.0000,425.9551,1162.8058,4.8300,441.8345,1172.6199,0.000000
SMS-EMOA,607,60646,100,4.0000,425.9551,1162.8058,4.8300,441.8345,1172.6199,0.000000
SMS-EMOA,608,60746,100,4.0000,425.9551,1162.8058,4.8300,441.8345,1172.6199,0.000000
SMS-EMOA,609,60846,100,4.0000,425.9551,1162.8058,4.8300,441.8345,1172.6199,0.000000
SMS-EMOA,610,60946,100,4.0000,425.9551,1162.8058,4.8300,441.8345,1172.6199,0.000000
SMS-EMOA,611,61046,100,4.0000,425.9551,1162.8058,4.8300,441.8345,1172.6199,0.000000
SMS-EMOA,612,61146,100,4.0000,425.9551,1162.8058,4.8300,441.8345,1172.6199,0.000000
SMS-EMOA,613,61246,100,4.0000,425.9551,1162.8058,4.8300,441.8553,1172.3441,0.000000
SMS-EMOA,614,61346,100,4.0000,425.9551,1162.8058,4.8300,441.8553,1172.3441,0.000000
SMS-EMOA,615,61446,100,4.0000,425.9551,1162.8058,4.8300,441.8553,1172.3441,0.000000
SMS-EMOA,616,61546,100,4.0000,425.9551,1162.8058,4.8300,441.8693,1172.2870,0.000000
SMS-EMOA,617,61646,100,4.0000,425.9551,1162.8058,4.8300,441.8693,1172.2870,0.000000
SMS-EMOA,618,61746,100,4.0000,425.9551,1162.8058,4.8300,441.8693,1172.2870,0.000000
SMS-EMOA,619,61846,100,4.0000,425.9551,1162.8058,4.8300,441.8693,1172.2870,0.000000
SMS-EMOA,620,61946,100,4.0000,425.9551,1162.8058,4.8300,441.8693,1172.2870,0.000000
SMS-EMOA,621,62046,100,4.0000,425.9551,1162.8058,4.8300,441.8693,1172.2870,0.000000
SMS-EMOA,622,62146,100,4.0000,425.9551,1162.8058,4.8300,441.8693,1172.2870,0.000000
SMS-EMOA,623,62246,100,4.0000,425.9551,1162.8058,4.8300,441.8693,1172.2870,0.000000
SMS-EMOA,624,62346,100,4.0000,425.9551,1162.8058,4.8300,441.8693,1172.2870,0.000000
SMS-EMOA,625,62446,100,4.0000,425.9551,1162.8058,4.8300,441.8693,1172.2870,0.000000
SMS-EMOA,626,62546,100,4.0000,425.9551,1162.8058,4.8300,441.8421,1172.0112,0.000000
SMS-EMOA,627,62646,100,4.0000,425.9551,1162.8058,4.8300,441.8421,1172.0112,0.000000
SMS-EMOA,628,62746,100,4.0000,425.9551,1162.8058,4.8300,441.8421,1172.0112,0.000000
SMS-EMOA,629,62846,100,4.0000,425.9551,1162.8058,4.8300,441.8421,1172.0112,0.000000
SMS-EMOA,630,62946,100,4.0000,425.9551,1162.8058,4.8300,441.8421,1172.0112,0.000000
SMS-EMOA,631,63046,100,4.0000,425.9551,1162.8058,4.8300,441.6297,1172.0112,0.000000
SMS-EMOA,632,63146,100,4.0000,425.9551,1162.8058,4.8300,441.6297,1172.0112,0.000000
SMS-EMOA,633,63246,100,4.0000,425.9551,1162.8058,4.8300,441.6297,1172.0112,0.000000
SMS-EMOA,634,63346,100,4.0000,425.9551,1162.8058,4.8300,441.6297,1172.0112,0.000000
SMS-EMOA,635,63446,100,4.0000,425.9551,1162.8058,4.8300,441.6297,1172.0112,0.000000
SMS-EMOA,636,63546,100,4.0000,425.9551,1162.8058,4.8300,441.6297,1172.0112,0.000000
SMS-EMOA,637,63646,100,4.0000,425.9551,1162.8058,4.8300,441.6297,1172.0112,0.000000
SMS-EMOA,638,63746,100,4.0000,425.9551,1162.8058,4.8300,441.6297,1172.0112,0.000000
SMS-EMOA,639,63846,100,4.0000,425.9551,1162.8058,4.8300,441.6297,1172.0112,0.000000
SMS-EMOA,640,63946,100,4.0000,425.9551,1162.8058,4.8300,441.6297,1172.0112,0.000000
SMS-EMOA,641,64046,100,4.0000,425.9551,1162.8058,4.8300,441.6297,1172.0112,0.000000
SMS-EMOA,642,64146,100,4.0000,425.9551,1162.8058,4.8300,441.6297,1172.0112,0.000000
SMS-EMOA,643,64246,100,4.0000,425.9551,1162.8058,4.8300,441.6297,1172.0112,0.000000
SMS-EMOA,644,64346,100,4.0000,425.9551,1162.8058,4.8300,441.6297,1172.0112,0.000000
SMS-EMOA,645,64446,100,4.0000,425.9551,1162.8058,4.8300,441.6297,1172.0112,0.000000
SMS-EMOA,646,64546,100,4.0000,425.9551,1162.8058,4.8300,441.6297,1172.0112,0.000000
SMS-EMOA,647,64646,100,4.0000,425.9551,1162.8058,4.8300,441.6297,1172.0112,0.000000
SMS-EMOA,648,64746,100,4.0000,425.9551,1162.8058,4.8300,441.6297,1172.0112,0.000000
SMS-EMOA,649,64846,100,4.0000,425.9551,1162.8058,4.8300,441.6297,1172.0112,0.000000
SMS-EMOA,650,64946,100,4.0000,425.9551,1162.8058,4.8300,441.6297,1172.0112,0.000000
SMS-EMOA,651,65046,100,4.0000,425.9551,1162.8058,4.8300,441.6297,1172.0112,0.000000
SMS-EMOA,652,65146,100,4.0000,425.9551,1162.8058,4.8300,441.6297,1172.0112,0.000000
SMS-EMOA,653,65246,100,4.0000,425.9551,1162.8058,4.8300,441.6297,1172.0112,0.000000
SMS-EMOA,654,65346,100,4.0000,425.9551,1162.8058,4.8300,441.6297,1172.0112,0.000000
SMS-EMOA,655,65446,100,4.0000,425.9551,1162.8058,4.8300,441.6297,1172.0112,0.000000
SMS-EMOA,656,65546,100,4.0000,425.9551,1162.8058,4.8300,441.6297,1172.0112,0.000000
SMS-EMOA,657,65646,100,4.0000,425.9551,1162.8058,4.8300,441.6297,1172.0112,0.000000
SMS-EMOA,658,65746,100,4.0000,425.9551,1162.8058,4.8300,441.6297,1172.0112,0.000000
SMS-EMOA,659,65846,100,4.0000,425.9551,1162.8058,4.8300,441.6297,1172.0112,0.000000
SMS-EMOA,660,65946,100,4.0000,425.9551,1162.8058,4.8300,441.6297,1172.0112,0.000000
SMS-EMOA,661,66046,100,4.0000,425.9551,1162.8058,4.8300,441.6297,1172.0112,0.000000
SMS-EMOA,662,66146,100,4.0000,425.9551,1162.8058,4.8300,441.6297,1172.0112,0.000000
SMS-EMOA,663,66246,100,4.0000,425.9551,1162.8058,4.8300,441.6297,1172.0112,0.000000
SMS-EMOA,664,66346,100,4.0000,425.9551,1162.8058,4.8300,441.6297,1172.0112,0.000000
SMS-EMOA,665,66446,100,4.0000,425.9551,1162.8058,4.8300,441.6297,1172.0112,0.000000
SMS-EMOA,666,66546,100,4.0000,425.9551,1162.8058,4.8300,441.6297,1172.0112,0.000000
SMS-EMOA,667,66646,100,4.0000,425.9551,1162.8058,4.8300,441.6297,1172.0112,0.000000
SMS-EMOA,668,66746,100,4.0000,425.9551,1162.8058,4.8300,441.6297,1172.0112,0.000000
SMS-EMOA,669,66846,100,4.0000,425.9551,1162.8058,4.8300,441.6297,1172.0112,0.000000
SMS-EMOA,670,66946,100,4.0000,425.9551,1162.8058,4.8300,441.6297,1172.0112,0.000000
SMS-EMOA,671,67046,100,4.0000,425.9551,1162.8058,4.8300,441.6297,1172.0112,0.000000
SMS-EMOA,672,67146,100,4.0000,425.9551,1162.8058,4.8300,441.6297,1172.0112,0.000000
SMS-EMOA,673,67246,100,4.0000,425.9551,1162.8058,4.8300,441.6297,1172.0112,0.000000
SMS-EMOA,674,67346,100,4.0000,425.9551,1162.8058,4.8300,441.6297,1172.0112,0.000000
SMS-EMOA,675,67446,100,4.0000,425.9551,1162.8058,4.8300,441.6297,1172.0112,0.000000
SMS-EMOA,676,67546,100,4.0000,425.9551,1162.8058,4.8300,441.6297,1172.0112,0.000000
SMS-EMOA,677,67646,100,4.0000,425.9551,1162.8058,4.8300,441.6297,1172.0112,0.000000
SMS-EMOA,678,67746,100,4.0000,425.9551,1162.8058,4.8300,441.6297,1172.0112,0.000000
SMS-EMOA,679,67846,100,4.0000,425.9551,1162.8058,4.8300,441.6297,1172.0112,0.000000
SMS-EMOA,680,67946,100,4.0000,425.9551,1162.8058,4.8300,441.6297,1172.0112,0.000000
SMS-EMOA,681,68046,100,4.0000,425.9551,1162.8058,4.8300,441.6297,1172.0112,0.000000
SMS-EMOA,682,68146,100,4.0000,425.9551,1162.8058,4.8300,441.6297,1172.0112,0.000000
SMS-EMOA,683,68246,100,4.0000,425.9551,1162.8058,4.8300,441.6297,1172.0112,0.000000
SMS-EMOA,684,68346,100,4.0000,425.9551,1162.8058,4.8300,441.6297,1172.0112,0.000000
SMS-EMOA,685,68446,100,4.0000,425.9551,1162.8058,4.8300,441.6297,1172.0112,0.000000
SMS-EMOA,686,68546,100,4.0000,425.9551,1162.8058,4.8300,441.6297,1172.0112,0.000000
SMS-EMOA,687,68646,100,4.0000,425.9551,1162.8058,4.8300,441.6297,1172.0112,0.000000
SMS-EMOA,688,68746,100,4.0000,425.9551,1162.8058,4.8300,441.6297,1172.0112,0.000000
SMS-EMOA,689,68846,100,4.0000,425.9551,1162.8058,4.8300,441.6297,1172.0112,0.000000
SMS-EMOA,690,68946,100,4.0000,425.9551,1162.8058,4.8300,441.6297,1172.0112,0.000000
SMS-EMOA,691,69046,100,4.0000,425.9551,1162.8058,4.8300,441.6297,1172.0112,0.000000
SMS-EMOA,692,69146,100,4.0000,425.9551,1162.8058,4.8300,441.6297,1172.0112,0.000000
SMS-EMOA,693,69246,100,4.0000,425.9551,1162.8058,4.8300,441.6297,1172.0112,0.000000
SMS-EMOA,694,69346,100,4.0000,425.9551,1162.8058,4.8300,441.6297,1172.0112,0.000000
SMS-EMOA,695,69446,100,4.0000,425.9551,1162.8058,4.8300,441.6297,1172.0112,0.000000
SMS-EMOA,696,69546,100,4.0000,425.9551,1162.8058,4.8300,441.6297,1172.0112,0.000000
SMS-EMOA,697,69646,100,4.0000,425.9551,1162.8058,4.8300,441.6297,1172.0112,0.000000
SMS-EMOA,698,69746,100,4.0000,425.9551,1162.8058,4.8300,441.6297,1172.0112,0.000000
SMS-EMOA,699,69846,100,4.0000,425.9551,1162.8058,4.8300,441.6060,1171.9541,0.000000
SMS-EMOA,700,69946,100,4.0000,425.9551,1162.8058,4.8300,441.6060,1171.9541,0.000000
SMS-EMOA,701,70046,100,4.0000,425.9551,1162.8058,4.8300,441.6060,1171.9541,0.000000
SMS-EMOA,702,70146,100,4.0000,425.9551,1162.8058,4.8300,441.6060,1171.9541,0.000000
SMS-EMOA,703,70246,100,4.0000,425.9551,1162.8058,4.8300,441.6060,1171.9541,0.000000
SMS-EMOA,704,70346,100,4.0000,425.9551,1162.8058,4.8300,441.6060,1171.9541,0.000000
SMS-EMOA,705,70446,100,4.0000,425.9551,1162.8058,4.8300,441.6060,1171.9541,0.000000
SMS-EMOA,706,70546,100,4.0000,425.9551,1162.8058,4.8300,441.6060,1171.9541,0.000000
SMS-EMOA,707,70646,100,4.0000,425.9551,1162.8058,4.8300,441.6060,1171.9541,0.000000
SMS-EMOA,708,70746,100,4.0000,425.9551,1162.8058,4.8300,441.6060,1171.9541,0.000000
SMS-EMOA,709,70846,100,4.0000,425.9551,1162.8058,4.8300,441.6060,1171.9541,0.000000
SMS-EMOA,710,70946,100,4.0000,425.9551,1162.8058,4.8300,441.6060,1171.9541,0.000000
SMS-EMOA,711,71046,100,4.0000,425.9551,1162.8058,4.8300,441.6060,1171.9541,0.000000
SMS-EMOA,712,71146,100,4.0000,425.9551,1162.8058,4.8300,441.6060,1171.9541,0.000000
SMS-EMOA,713,71246,100,4.0000,425.9551,1162.8058,4.8300,441.6060,1171.9541,0.000000
SMS-EMOA,714,71346,100,4.0000,425.9551,1162.8058,4.8300,441.6060,1171.9541,0.000000
SMS-EMOA,715,71446,100,4.0000,425.9551,1162.8058,4.8300,441.6060,1171.9541,0.000000
SMS-EMOA,716,71546,100,4.0000,425.9551,1162.8058,4.8300,441.6060,1171.9541,0.000000
SMS-EMOA,717,71646,100,4.0000,425.9551,1162.8058,4.8300,441.6060,1171.9541,0.000000
SMS-EMOA,718,71746,100,4.0000,425.9551,1162.8058,4.8300,441.6060,1171.9541,0.000000
SMS-EMOA,719,71846,100,4.0000,425.9551,1162.8058,4.8300,441.6060,1171.9541,0.000000
SMS-EMOA,720,71946,100,4.0000,425.9551,1162.8058,4.8300,441.6060,1171.9541,0.000000
SMS-EMOA,721,72046,100,4.0000,425.9551,1162.8058,4.8300,441.6060,1171.9541,0.000000
SMS-EMOA,722,72146,100,4.0000,425.9551,1162.8058,4.8300,441.6060,1171.9541,0.000000
SMS-EMOA,723,72246,100,4.0000,425.9551,1162.8058,4.8300,441.6060,1171.9541,0.000000
SMS-EMOA,724,72346,100,4.0000,425.9551,1162.8058,4.8300,441.6060,1171.9541,0.000000
SMS-EMOA,725,72446,100,4.0000,425.9551,1162.8058,4.8300,441.6060,1171.9541,0.000000
SMS-EMOA,726,72546,100,4.0000,425.9551,1162.8058,4.8300,441.6060,1171.9541,0.000000
SMS-EMOA,727,72646,100,4.0000,425.9551,1162.8058,4.8300,441.6060,1171.9541,0.000000
SMS-EMOA,728,72746,100,4.0000,425.9551,1162.8058,4.8300,441.6060,1171.9541,0.000000
SMS-EMOA,729,72846,100,4.0000,425.9551,1162.8058,4.8300,441.6060,1171.9541,0.000000
SMS-EMOA,730,72946,100,4.0000,425.9551,1162.8058,4.8300,441.6060,1171.9541,0.000000
SMS-EMOA,731,73046,100,4.0000,425.9551,1162.8058,4.8300,441.6060,1171.9541,0.000000
SMS-EMOA,732,73146,100,4.0000,425.9551,1162.8058,4.8300,441.6060,1171.9541,0.000000
SMS-EMOA,733,73246,100,4.0000,425.9551,1162.8058,4.8300,441.6060,1171.9541,0.000000
SMS-EMOA,734,73346,100,4.0000,425.9551,1162.8058,4.8300,441.6060,1171.9541,0.000000
SMS-EMOA,735,73446,100,4.0000,425.9551,1162.8058,4.8300,441.6060,1171.9541,0.000000
SMS-EMOA,736,73546,100,4.0000,425.9551,1162.8058,4.8300,441.6060,1171.9541,0.000000
SMS-EMOA,737,73646,100,4.0000,425.9551,1162.8058,4.8200,441.6196,1172.1727,0.000000
SMS-EMOA,738,73746,100,4.0000,425.9551,1162.8058,4.8200,441.6196,1172.1727,0.000000
SMS-EMOA,739,73846,100,4.0000,425.9551,1162.8058,4.8200,441.6196,1172.1727,0.000000
SMS-EMOA,740,73946,100,4.0000,425.9551,1162.8058,4.8200,441.6196,1172.1727,0.000000
SMS-EMOA,741,74046,100,4.0000,425.9551,1162.8058,4.8200,441.6196,1172.1727,0.000000
SMS-EMOA,742,74146,100,4.0000,425.9551,1162.8058,4.8200,441.6196,1172.1727,0.000000
SMS-EMOA,743,74246,100,4.0000,425.9551,1162.8058,4.8200,441.6196,1172.1727,0.000000
SMS-EMOA,744,74346,100,4.0000,425.9551,1162.8058,4.8200,441.6196,1172.1727,0.000000
SMS-EMOA,745,74446,100,4.0000,425.9551,1162.8058,4.8200,441.6196,1172.1727,0.000000
SMS-EMOA,746,74546,100,4.0000,425.9551,1162.8058,4.8200,441.6196,1172.1727,0.000000
SMS-EMOA,747,74646,100,4.0000,425.9551,1162.8058,4.8200,441.6196,1172.1727,0.000000
SMS-EMOA,748,74746,100,4.0000,425.9551,1162.8058,4.8200,441.6196,1172.1727,0.000000
SMS-EMOA,749,74846,100,4.0000,425.9551,1162.8058,4.8200,441.6196,1172.1727,0.000000
SMS-EMOA,750,74946,100,4.0000,425.9551,1162.8058,4.8200,441.6196,1172.1727,0.000000
SMS-EMOA,751,75046,100,4.0000,425.9551,1162.8058,4.8200,441.6196,1172.1727,0.000000
SMS-EMOA,752,75146,100,4.0000,425.9551,1162.8058,4.8200,441.6196,1172.1727,0.000000
SMS-EMOA,753,75246,100,4.0000,425.9551,1162.8058,4.8200,441.6196,1172.1727,0.000000
SMS-EMOA,754,75346,100,4.0000,425.9551,1162.8058,4.8200,441.6196,1172.1727,0.000000
SMS-EMOA,755,75446,100,4.0000,425.9551,1162.8058,4.8200,441.6196,1172.1727,0.000000
SMS-EMOA,756,75546,100,4.0000,425.9551,1162.8058,4.8200,441.6196,1172.1727,0.000000
SMS-EMOA,757,75646,100,4.0000,425.9551,1162.8058,4.8200,441.6196,1172.1727,0.000000
SMS-EMOA,758,75746,100,4.0000,425.9551,1162.8058,4.8200,441.6196,1172.1727,0.000000
SMS-EMOA,759,75846,100,4.0000,425.9551,1162.8058,4.8200,441.6196,1172.1727,0.000000
SMS-EMOA,760,75946,100,4.0000,425.9551,1162.8058,4.8200,441.6196,1172.1727,0.000000
SMS-EMOA,761,76046,100,4.0000,425.9551,1162.8058,4.8200,441.6196,1172.1727,0.000000
SMS-EMOA,762,76146,100,4.0000,425.9551,1162.8058,4.8200,441.6196,1172.1727,0.000000
SMS-EMOA,763,76246,100,4.0000,425.9551,1162.8058,4.8200,441.6196,1172.1727,0.000000
SMS-EMOA,764,76346,100,4.0000,425.9551,1162.8058,4.8200,441.6196,1172.1727,0.000000
SMS-EMOA,765,76446,100,4.0000,425.9551,1162.8058,4.8200,441.6196,1172.1727,0.000000
SMS-EMOA,766,76546,100,4.0000,425.9551,1162.8058,4.8200,441.6196,1172.1727,0.000000
SMS-EMOA,767,76646,100,4.0000,425.9551,1162.8058,4.8200,441.6196,1172.1727,0.000000
SMS-EMOA,768,76746,100,4.0000,425.9551,1162.8058,4.8200,441.6196,1172.1727,0.000000
SMS-EMOA,769,76846,100,4.0000,425.9551,1162.8058,4.8200,441.6196,1172.1727,0.000000
SMS-EMOA,770,76946,100,4.0000,425.9551,1162.8058,4.8200,441.6196,1172.1727,0.000000
SMS-EMOA,771,77046,100,4.0000,425.9551,1162.8058,4.8200,441.6196,1172.1727,0.000000
SMS-EMOA,772,77146,100,4.0000,425.9551,1162.8058,4.8200,441.6196,1172.1727,0.000000
SMS-EMOA,773,77246,100,4.0000,425.9551,1162.8058,4.8200,441.6196,1172.1727,0.000000
SMS-EMOA,774,77346,100,4.0000,425.9551,1162.8058,4.8200,441.6196,1172.1727,0.000000
SMS-EMOA,775,77446,100,4.0000,425.9551,1162.8058,4.8200,441.6196,1172.1727,0.000000
SMS-EMOA,776,77546,100,4.0000,425.9551,1162.8058,4.8200,441.6196,1172.1727,0.000000
SMS-EMOA,777,77646,100,4.0000,425.9551,1162.8058,4.8200,441.6196,1172.1727,0.000000
SMS-EMOA,778,77746,100,4.0000,425.9551,1162.8058,4.8200,441.6404,1171.8970,0.000000
SMS-EMOA,779,77846,100,4.0000,425.9551,1162.8058,4.8200,441.6404,1171.8970,0.000000
SMS-EMOA,780,77946,100,4.0000,425.9551,1162.8058,4.8200,441.6404,1171.8970,0.000000
SMS-EMOA,781,78046,100,4.0000,425.9551,1162.8058,4.8200,441.6404,1171.8970,0.000000
SMS-EMOA,782,78146,100,4.0000,425.9551,1162.8058,4.8200,441.6404,1171.8970,0.000000
SMS-EMOA,783,78246,100,4.0000,425.9551,1162.8058,4.8200,441.6404,1171.8970,0.000000
SMS-EMOA,784,78346,100,4.0000,425.9551,1162.8058,4.8200,441.6404,1171.8970,0.000000
SMS-EMOA,785,78446,100,4.0000,425.9551,1162.8058,4.8200,441.6404,1171.8970,0.000000
SMS-EMOA,786,78546,100,4.0000,425.9551,1162.8058,4.8200,441.6404,1171.8970,0.000000
SMS-EMOA,787,78646,100,4.0000,425.9551,1162.8058,4.8200,441.6404,1171.8970,0.000000
SMS-EMOA,788,78746,100,4.0000,425.9551,1162.8058,4.8200,441.6404,1171.8970,0.000000
SMS-EMOA,789,78846,100,4.0000,425.9551,1162.8058,4.8200,441.6404,1171.8970,0.000000
SMS-EMOA,790,78946,100,4.0000,425.9551,1162.8058,4.8200,441.6404,1171.8970,0.000000
SMS-EMOA,791,79046,100,4.0000,425.9551,1162.8058,4.8200,441.6404,1171.8970,0.000000
SMS-EMOA,792,79146,100,4.0000,425.9551,1162.8058,4.8200,441.6404,1171.8970,0.000000
SMS-EMOA,793,79246,100,4.0000,425.9551,1162.8058,4.8200,441.6404,1171.8970,0.000000
SMS-EMOA,794,79346,100,4.0000,425.9551,1162.8058,4.8200,441.6404,1171.8970,0.000000
SMS-EMOA,795,79446,100,4.0000,425.9551,1162.8058,4.8200,441.6404,1171.8970,0.000000
SMS-EMOA,796,79546,100,4.0000,425.9551,1162.8058,4.8200,441.6404,1171.8970,0.000000
SMS-EMOA,797,79646,100,4.0000,425.9551,1162.8058,4.8200,441.6404,1171.8970,0.000000
SMS-EMOA,798,79746,100,4.0000,425.9551,1162.8058,4.8200,441.6404,1171.8970,0.000000
SMS-EMOA,799,79846,100,4.0000,425.9551,1162.8058,4.8200,441.6404,1171.8970,0.000000
SMS-EMOA,800,79946,100,4.0000,425.9551,1162.8058,4.8200,441.6404,1171.8970,0.000000
SMS-EMOA,801,80046,100,4.0000,425.9551,1162.8058,4.8200,441.6404,1171.8970,0.000000
SMS-EMOA,802,80146,100,4.0000,425.9551,1162.8058,4.8200,441.5591,1171.6783,0.000000
SMS-EMOA,803,80246,100,4.0000,425.9551,1162.8058,4.8200,441.5591,1171.6783,0.000000
SMS-EMOA,804,80346,100,4.0000,425.9551,1162.8058,4.8200,441.5591,1171.6783,0.000000
SMS-EMOA,805,80446,100,4.0000,425.9551,1162.8058,4.8200,441.5591,1171.6783,0.000000
SMS-EMOA,806,80546,100,4.0000,425.9551,1162.8058,4.8200,441.5591,1171.6783,0.000000
SMS-EMOA,807,80646,100,4.0000,425.9551,1162.8058,4.8200,441.5591,1171.6783,0.000000
SMS-EMOA,808,80746,100,4.0000,425.9551,1162.8058,4.8200,441.5591,1171.6783,0.000000
SMS-EMOA,809,80846,100,4.0000,425.9551,1162.8058,4.8200,441.5591,1171.6783,0.000000
SMS-EMOA,810,80946,100,4.0000,425.9551,1162.8058,4.8200,441.5591,1171.6783,0.000000
SMS-EMOA,811,81046,100,4.0000,425.9551,1162.8058,4.8200,441.5591,1171.6783,0.000000
SMS-EMOA,812,81146,100,4.0000,425.9551,1162.8058,4.8200,441.5591,1171.6783,0.000000
SMS-EMOA,813,81246,100,4.0000,425.9551,1162.8058,4.8200,441.5591,1171.6783,0.000000
SMS-EMOA,814,81346,100,4.0000,425.9551,1162.8058,4.8200,441.5591,1171.6783,0.000000
SMS-EMOA,815,81446,100,4.0000,425.9551,1162.8058,4.8200,441.5591,1171.6783,0.000000
SMS-EMOA,816,81546,100,4.0000,425.9551,1162.8058,4.8200,441.5591,1171.6783,0.000000
SMS-EMOA,817,81646,100,4.0000,425.9551,1162.8058,4.8200,441.5591,1171.6783,0.000000
SMS-EMOA,818,81746,100,4.0000,425.9551,1162.8058,4.8200,441.5591,1171.6783,0.000000
SMS-EMOA,819,81846,100,4.0000,425.9551,1162.8058,4.8200,441.5591,1171.6783,0.000000
SMS-EMOA,820,81946,100,4.0000,425.9551,1162.8058,4.8200,441.5591,1171.6783,0.000000
SMS-EMOA,821,82046,100,4.0000,425.9551,1162.8058,4.8200,441.5591,1171.6783,0.000000
SMS-EMOA,822,82146,100,4.0000,425.9551,1162.8058,4.8200,441.5591,1171.6783,0.000000
SMS-EMOA,823,82246,100,4.0000,425.9551,1162.8058,4.8100,441.2857,1171.4597,0.000000
SMS-EMOA,824,82346,100,4.0000,425.9551,1162.8058,4.8200,441.1840,1171.2411,0.000000
SMS-EMOA,825,82446,100,4.0000,425.9551,1162.8058,4.8200,441.1840,1171.2411,0.000000
SMS-EMOA,826,82546,100,4.0000,425.9551,1162.8058,4.8200,441.1840,1171.2411,0.000000
SMS-EMOA,827,82646,100,4.0000,425.9551,1162.8058,4.8200,441.1840,1171.2411,0.000000
SMS-EMOA,828,82746,100,4.0000,425.9551,1162.8058,4.8200,441.1840,1171.2411,0.000000
SMS-EMOA,829,82846,100,4.0000,425.9551,1162.8058,4.8200,441.1840,1171.2411,0.000000
SMS-EMOA,830,82946,100,4.0000,425.9551,1162.8058,4.8200,441.1840,1171.2411,0.000000
SMS-EMOA,831,83046,100,4.0000,425.9551,1162.8058,4.8200,441.1840,1171.2411,0.000000
SMS-EMOA,832,83146,100,4.0000,425.9551,1162.8058,4.8200,441.1840,1171.2411,0.000000
SMS-EMOA,833,83246,100,4.0000,425.9551,1162.8058,4.8200,441.1840,1171.2411,0.000000
SMS-EMOA,834,83346,100,4.0000,425.9551,1162.8058,4.8200,441.1840,1171.2411,0.000000
SMS-EMOA,835,83446,100,4.0000,425.9551,1162.8058,4.8200,441.1840,1171.2411,0.000000
SMS-EMOA,836,83546,100,4.0000,425.9551,1162.8058,4.8200,441.1840,1171.2411,0.000000
SMS-EMOA,837,83646,100,4.0000,425.9551,1162.8058,4.8200,441.1840,1171.2411,0.000000
SMS-EMOA,838,83746,100,4.0000,425.9551,1162.8058,4.8200,441.1840,1171.2411,0.000000
SMS-EMOA,839,83846,100,4.0000,425.9551,1162.8058,4.8300,441.1467,1170.9653,0.000000
SMS-EMOA,840,83946,100,4.0000,425.9551,1162.8058,4.8300,441.1467,1170.9653,0.000000
SMS-EMOA,841,84046,100,4.0000,425.9551,1162.8058,4.8300,441.1467,1170.9653,0.000000
SMS-EMOA,842,84146,100,4.0000,425.9551,1162.8058,4.8300,441.1467,1170.9653,0.000000
SMS-EMOA,843,84246,100,4.0000,425.9551,1162.8058,4.8300,441.1467,1170.9653,0.000000
SMS-EMOA,844,84346,100,4.0000,425.9551,1162.8058,4.8300,441.1467,1170.9653,0.000000
SMS-EMOA,845,84446,100,4.0000,425.9551,1162.8058,4.8300,441.1467,1170.9653,0.000000
SMS-EMOA,846,84546,100,4.0000,425.9551,1162.8058,4.8300,441.1467,1170.9653,0.000000
SMS-EMOA,847,84646,100,4.0000,425.9551,1162.8058,4.8300,441.1467,1170.9653,0.000000
SMS-EMOA,848,84746,100,4.0000,425.9551,1162.8058,4.8300,441.1467,1170.9653,0.000000
SMS-EMOA,849,84846,100,4.0000,425.9551,1162.8058,4.8300,441.1467,1170.9653,0.000000
SMS-EMOA,850,84946,100,4.0000,425.9551,1162.8058,4.8400,441.1263,1170.9653,0.000000
SMS-EMOA,851,85046,100,4.0000,425.9551,1162.8058,4.8400,441.1263,1170.9653,0.000000
SMS-EMOA,852,85146,100,4.0000,425.9551,1162.8058,4.8400,441.1055,1171.2411,0.000000
SMS-EMOA,853,85246,100,4.0000,425.9551,1162.8058,4.8400,441.1055,1171.2411,0.000000
SMS-EMOA,854,85346,100,4.0000,425.9551,1162.8058,4.8400,441.1055,1171.2411,0.000000
SMS-EMOA,855,85446,100,4.0000,425.9551,1162.8058,4.8400,441.1055,1171.2411,0.000000
SMS-EMOA,856,85546,100,4.0000,425.9551,1162.8058,4.8400,441.1055,1171.2411,0.000000
SMS-EMOA,857,85646,100,4.0000,425.9551,1162.8058,4.8400,441.1055,1171.2411,0.000000
SMS-EMOA,858,85746,100,4.0000,425.9551,1162.8058,4.8400,441.1055,1171.2411,0.000000
SMS-EMOA,859,85846,100,4.0000,425.9551,1162.8058,4.8400,441.1055,1171.2411,0.000000
SMS-EMOA,860,85946,100,4.0000,425.9551,1162.8058,4.8400,441.1055,1171.2411,0.000000
SMS-EMOA,861,86046,100,4.0000,425.9551,1162.8058,4.8400,441.1055,1171.2411,0.000000
SMS-EMOA,862,86146,100,4.0000,425.9551,1162.8058,4.8400,441.1055,1171.2411,0.000000
SMS-EMOA,863,86246,100,4.0000,425.9551,1162.8058,4.8400,441.1055,1171.2411,0.000000
SMS-EMOA,864,86346,100,4.0000,425.9551,1162.8058,4.8400,441.1055,1171.2411,0.000000
SMS-EMOA,865,86446,100,4.0000,425.9551,1162.8058,4.8400,441.1055,1171.2411,0.000000
SMS-EMOA,866,86546,100,4.0000,425.9551,1162.8058,4.8400,441.1055,1171.2411,0.000000
SMS-EMOA,867,86646,100,4.0000,425.9551,1162.8058,4.8400,441.1055,1171.2411,0.000000
SMS-EMOA,868,86746,100,4.0000,425.9551,1162.8058,4.8400,441.1055,1171.2411,0.000000
SMS-EMOA,869,86846,100,4.0000,425.9551,1162.8058,4.8400,441.1055,1171.2411,0.000000
SMS-EMOA,870,86946,100,4.0000,425.9551,1162.8058,4.8400,441.1055,1171.2411,0.000000
SMS-EMOA,871,87046,100,4.0000,425.9551,1162.8058,4.8400,441.1055,1171.2411,0.000000
SMS-EMOA,872,87146,100,4.0000,425.9551,1162.8058,4.8400,441.1055,1171.2411,0.000000
SMS-EMOA,873,87246,100,4.0000,425.9551,1162.8058,4.8400,441.1055,1171.2411,0.000000
SMS-EMOA,874,87346,100,4.0000,425.9551,1162.8058,4.8400,441.1055,1171.2411,0.000000
SMS-EMOA,875,87446,100,4.0000,425.9551,1162.8058,4.8400,441.1055,1171.2411,0.000000
SMS-EMOA,876,87546,100,4.0000,425.9551,1162.8058,4.8400,441.1055,1171.2411,0.000000
SMS-EMOA,877,87646,100,4.0000,425.9551,1162.8058,4.8400,441.1055,1171.2411,0.000000
SMS-EMOA,878,87746,100,4.0000,425.9551,1162.8058,4.8400,441.0914,1171.2982,0.000000
SMS-EMOA,879,87846,100,4.0000,425.9551,1162.8058,4.8400,441.0914,1171.2982,0.000000
SMS-EMOA,880,87946,100,4.0000,425.9551,1162.8058,4.8400,441.0914,1171.2982,0.000000
SMS-EMOA,881,88046,100,4.0000,425.9551,1162.8058,4.8400,441.0914,1171.2982,0.000000
SMS-EMOA,882,88146,100,4.0000,425.9551,1162.8058,4.8400,441.0914,1171.2982,0.000000
SMS-EMOA,883,88246,100,4.0000,425.9551,1162.8058,4.8400,441.0914,1171.2982,0.000000
SMS-EMOA,884,88346,100,4.0000,425.9551,1162.8058,4.8300,440.8786,1171.5739,0.000000
SMS-EMOA,885,88446,100,4.0000,425.9551,1162.8058,4.8300,440.8786,1171.5739,0.000000
SMS-EMOA,886,88546,100,4.0000,425.9551,1162.8058,4.8300,440.8786,1171.5739,0.000000
SMS-EMOA,887,88646,100,4.0000,425.9551,1162.8058,4.8300,440.8786,1171.5739,0.000000
SMS-EMOA,888,88746,100,4.0000,425.9551,1162.8058,4.8300,440.8786,1171.5739,0.000000
SMS-EMOA,889,88846,100,4.0000,425.9551,1162.8058,4.8300,440.8786,1171.5739,0.000000
SMS-EMOA,890,88946,100,4.0000,425.9551,1162.8058,4.8300,440.8786,1171.5739,0.000000
SMS-EMOA,891,89046,100,4.0000,425.9551,1162.8058,4.8300,440.8786,1171.5739,0.000000
SMS-EMOA,892,89146,100,4.0000,425.9551,1162.8058,4.8300,440.8786,1171.5739,0.000000
SMS-EMOA,893,89246,100,4.0000,425.9551,1162.8058,4.8300,440.8786,1171.5739,0.000000
SMS-EMOA,894,89346,100,4.0000,425.9551,1162.8058,4.8300,440.8786,1171.5739,0.000000
SMS-EMOA,895,89446,100,4.0000,425.9551,1162.8058,4.8300,440.8786,1171.5739,0.000000
SMS-EMOA,896,89546,100,4.0000,425.9551,1162.8058,4.8300,440.8786,1171.5739,0.000000
SMS-EMOA,897,89646,100,4.0000,425.9551,1162.8058,4.8300,440.8786,1171.5739,0.000000
SMS-EMOA,898,89746,100,4.0000,425.9551,1162.8058,4.8300,440.8786,1171.5739,0.000000
SMS-EMOA,899,89846,100,4.0000,425.9551,1162.8058,4.8300,440.8786,1171.5739,0.000000
SMS-EMOA,900,89946,100,4.0000,425.9551,1162.8058,4.8300,440.8786,1171.5739,0.000000
SMS-EMOA,901,90046,100,4.0000,425.9551,1162.8058,4.8300,440.8786,1171.5739,0.000000
SMS-EMOA,902,90146,100,4.0000,425.9551,1162.8058,4.8300,440.8786,1171.5739,0.000000
SMS-EMOA,903,90246,100,4.0000,425.9551,1162.8058,4.8300,440.8786,1171.5739,0.000000
SMS-EMOA,904,90346,100,4.0000,425.9551,1162.8058,4.8300,440.8786,1171.5739,0.000000
SMS-EMOA,905,90446,100,4.0000,425.9551,1162.8058,4.8300,440.8786,1171.5739,0.000000
SMS-EMOA,906,90546,100,4.0000,425.9551,1162.8058,4.8300,440.8786,1171.5739,0.000000
SMS-EMOA,907,90646,100,4.0000,425.9551,1162.8058,4.8300,440.8786,1171.5739,0.000000
SMS-EMOA,908,90746,100,4.0000,425.9551,1162.8058,4.8300,440.8786,1171.5739,0.000000
SMS-EMOA,909,90846,100,4.0000,425.9551,1162.8058,4.8300,440.8786,1171.5739,0.000000
SMS-EMOA,910,90946,100,4.0000,425.9551,1162.8058,4.8300,440.8786,1171.5739,0.000000
SMS-EMOA,911,91046,100,4.0000,425.9551,1162.8058,4.8300,440.8786,1171.5739,0.000000
SMS-EMOA,912,91146,100,4.0000,425.9551,1162.8058,4.8300,440.8786,1171.5739,0.000000
SMS-EMOA,913,91246,100,4.0000,425.9551,1162.8058,4.8300,440.8786,1171.5739,0.000000
SMS-EMOA,914,91346,100,4.0000,425.9551,1162.8058,4.8300,440.8786,1171.5739,0.000000
SMS-EMOA,915,91446,100,4.0000,425.9551,1162.8058,4.8300,440.8786,1171.5739,0.000000
SMS-EMOA,916,91546,100,4.0000,425.9551,1162.8058,4.8300,440.8786,1171.5739,0.000000
SMS-EMOA,917,91646,100,4.0000,425.9551,1162.8058,4.8300,440.8786,1171.5739,0.000000
SMS-EMOA,918,91746,100,4.0000,425.9551,1162.8058,4.8300,440.8786,1171.5739,0.000000
SMS-EMOA,919,91846,100,4.0000,425.9551,1162.8058,4.8300,440.8786,1171.5739,0.000000
SMS-EMOA,920,91946,100,4.0000,425.9551,1162.8058,4.8300,440.8786,1171.5739,0.000000
SMS-EMOA,921,92046,100,4.0000,425.9551,1162.8058,4.8300,440.8786,1171.5739,0.000000
SMS-EMOA,922,92146,100,4.0000,425.9551,1162.8058,4.8300,440.8786,1171.5739,0.000000
SMS-EMOA,923,92246,100,4.0000,425.9551,1162.8058,4.8300,440.8786,1171.5739,0.000000
SMS-EMOA,924,92346,100,4.0000,425.9551,1162.8058,4.8300,440.8786,1171.5739,0.000000
SMS-EMOA,925,92446,100,4.0000,425.9551,1162.8058,4.8300,440.8786,1171.5739,0.000000
SMS-EMOA,926,92546,100,4.0000,425.9551,1162.8058,4.8300,440.8786,1171.5739,0.000000
SMS-EMOA,927,92646,100,4.0000,425.9551,1162.8058,4.8300,440.8786,1171.5739,0.000000
SMS-EMOA,928,92746,100,4.0000,425.9551,1162.8058,4.8300,440.8786,1171.5739,0.000000
SMS-EMOA,929,92846,100,4.0000,425.9551,1162.8058,4.8300,440.8786,1171.5739,0.000000
SMS-EMOA,930,92946,100,4.0000,425.9551,1162.8058,4.8300,440.8786,1171.5739,0.000000
SMS-EMOA,931,93046,100,4.0000,425.9551,1162.8058,4.8300,440.8786,1171.5739,0.000000
SMS-EMOA,932,93146,100,4.0000,425.9551,1162.8058,4.8300,440.8786,1171.5739,0.000000
SMS-EMOA,933,93246,100,4.0000,425.9551,1162.8058,4.8300,440.8786,1171.5739,0.000000
SMS-EMOA,934,93346,100,4.0000,425.9551,1162.8058,4.8300,440.8786,1171.5739,0.000000
SMS-EMOA,935,93446,100,4.0000,425.9551,1162.8058,4.8300,440.8617,1171.2982,0.000000
SMS-EMOA,936,93546,100,4.0000,425.9551,1162.8058,4.8300,440.8617,1171.2982,0.000000
SMS-EMOA,937,93646,100,4.0000,425.9551,1162.8058,4.8300,440.8617,1171.2982,0.000000
SMS-EMOA,938,93746,100,4.0000,425.9551,1162.8058,4.8300,440.8617,1171.2982,0.000000
SMS-EMOA,939,93846,100,4.0000,425.9551,1162.8058,4.8200,440.6697,1171.2982,0.000000
SMS-EMOA,940,93946,100,4.0000,425.9551,1162.8058,4.8200,440.6697,1171.2982,0.000000
SMS-EMOA,941,94046,100,4.0000,425.9551,1162.8058,4.8200,440.6837,1171.2411,0.000000
SMS-EMOA,942,94146,100,4.0000,425.9551,1162.8058,4.8200,440.6837,1171.2411,0.000000
SMS-EMOA,943,94246,100,4.0000,425.9551,1162.8058,4.8200,440.6837,1171.2411,0.000000
SMS-EMOA,944,94346,100,4.0000,425.9551,1162.8058,4.8200,440.6837,1171.2411,0.000000
SMS-EMOA,945,94446,100,4.0000,425.9551,1162.8058,4.8200,440.6837,1171.2411,0.000000
SMS-EMOA,946,94546,100,4.0000,425.9551,1162.8058,4.8200,440.6837,1171.2411,0.000000
SMS-EMOA,947,94646,100,4.0000,425.9551,1162.8058,4.8200,440.6837,1171.2411,0.000000
SMS-EMOA,948,94746,100,4.0000,425.9551,1162.8058,4.8200,440.6837,1171.2411,0.000000
SMS-EMOA,949,94846,100,4.0000,425.9551,1162.8058,4.8200,440.6837,1171.2411,0.000000
SMS-EMOA,950,94946,100,4.0000,425.9551,1162.8058,4.8200,440.6837,1171.2411,0.000000
SMS-EMOA,951,95046,100,4.0000,425.9551,1162.8058,4.8200,440.6837,1171.2411,0.000000
SMS-EMOA,952,95146,100,4.0000,425.9551,1162.8058,4.8200,440.6837,1171.2411,0.000000
SMS-EMOA,953,95246,100,4.0000,425.9551,1162.8058,4.8200,440.6837,1171.2411,0.000000
SMS-EMOA,954,95346,100,4.0000,425.9551,1162.8058,4.8200,440.6837,1171.2411,0.000000
SMS-EMOA,955,95446,100,4.0000,425.9551,1162.8058,4.8200,440.6837,1171.2411,0.000000
SMS-EMOA,956,95546,100,4.0000,425.9551,1162.8058,4.8200,440.6837,1171.2411,0.000000
SMS-EMOA,957,95646,100,4.0000,425.9551,1162.8058,4.8200,440.6837,1171.2411,0.000000
SMS-EMOA,958,95746,100,4.0000,425.9551,1162.8058,4.8200,440.6837,1171.2411,0.000000
SMS-EMOA,959,95846,100,4.0000,425.9551,1162.8058,4.8200,440.6837,1171.2411,0.000000
SMS-EMOA,960,95946,100,4.0000,425.9551,1162.8058,4.8200,440.6837,1171.2411,0.000000
SMS-EMOA,961,96046,100,4.0000,425.9551,1162.8058,4.8200,440.6837,1171.2411,0.000000
SMS-EMOA,962,96146,100,4.0000,425.9551,1162.8058,4.8200,440.6837,1171.2411,0.000000
SMS-EMOA,963,96246,100,4.0000,425.9551,1162.8058,4.8200,440.6837,1171.2411,0.000000
SMS-EMOA,964,96346,100,4.0000,425.9551,1162.8058,4.8200,440.6837,1171.2411,0.000000
SMS-EMOA,965,96446,100,4.0000,425.9551,1162.8058,4.8200,440.6837,1171.2411,0.000000
SMS-EMOA,966,96546,100,4.0000,425.9551,1162.8058,4.8200,440.6837,1171.2411,0.000000
SMS-EMOA,967,96646,100,4.0000,425.9551,1162.8058,4.8200,440.6837,1171.2411,0.000000
SMS-EMOA,968,96746,100,4.0000,425.9551,1162.8058,4.8200,440.6837,1171.2411,0.000000
SMS-EMOA,969,96846,100,4.0000,425.9551,1162.8058,4.8200,440.6837,1171.2411,0.000000
SMS-EMOA,970,96946,100,4.0000,425.9551,1162.8058,4.8200,440.6837,1171.2411,0.000000
SMS-EMOA,971,97046,100,4.0000,425.9551,1162.8058,4.8200,440.6837,1171.2411,0.000000
SMS-EMOA,972,97146,100,4.0000,425.9551,1162.8058,4.8200,440.6837,1171.2411,0.000000
SMS-EMOA,973,97246,100,4.0000,425.9551,1162.8058,4.8200,440.6837,1171.2411,0.000000
SMS-EMOA,974,97346,100,4.0000,425.9551,1162.8058,4.8200,440.6837,1171.2411,0.000000
SMS-EMOA,975,97446,100,4.0000,425.9551,1162.8058,4.8200,440.6837,1171.2411,0.000000
SMS-EMOA,976,97546,100,4.0000,425.9551,1162.8058,4.8200,440.6837,1171.2411,0.000000
SMS-EMOA,977,97646,100,4.0000,425.9551,1162.8058,4.8200,440.6024,1171.0224,0.000000
SMS-EMOA,978,97746,100,4.0000,425.9551,1162.8058,4.8200,440.5647,1171.0224,0.000000
SMS-EMOA,979,97846,100,4.0000,425.9551,1162.8058,4.8200,440.5647,1171.0224,0.000000
SMS-EMOA,980,97946,100,4.0000,425.9551,1162.8058,4.8200,440.5647,1171.0224,0.000000
SMS-EMOA,981,98046,100,4.0000,425.9551,1162.8058,4.8200,440.5647,1171.0224,0.000000
SMS-EMOA,982,98146,100,4.0000,425.9551,1162.8058,4.8200,440.5647,1171.0224,0.000000
SMS-EMOA,983,98246,100,4.0000,425.9551,1162.8058,4.8200,440.5647,1171.0224,0.000000
SMS-EMOA,984,98346,100,4.0000,425.9551,1162.8058,4.8200,440.5647,1171.0224,0.000000
SMS-EMOA,985,98446,100,4.0000,425.9551,1162.8058,4.8200,440.5647,1171.0224,0.000000
SMS-EMOA,986,98546,100,4.0000,425.9551,1162.8058,4.8200,440.5647,1171.0224,0.000000
SMS-EMOA,987,98646,100,4.0000,425.9551,1162.8058,4.8200,440.5647,1171.0224,0.000000
SMS-EMOA,988,98746,100,4.0000,425.9551,1162.8058,4.8200,440.5647,1171.0224,0.000000
SMS-EMOA,989,98846,100,4.0000,425.9551,1162.8058,4.8200,440.5647,1171.0224,0.000000
SMS-EMOA,990,98946,100,4.0000,425.9551,1162.8058,4.8200,440.5647,1171.0224,0.000000
SMS-EMOA,991,99046,100,4.0000,425.9551,1162.8058,4.8200,440.5647,1171.0224,0.000000
SMS-EMOA,992,99146,100,4.0000,425.9551,1162.8058,4.8200,440.5647,1171.0224,0.000000
SMS-EMOA,993,99246,100,4.0000,425.9551,1162.8058,4.8200,440.5647,1171.0224,0.000000
SMS-EMOA,994,99346,100,4.0000,425.9551,1162.8058,4.8200,440.5647,1171.0224,0.000000
SMS-EMOA,995,99446,100,4.0000,425.9551,1162.8058,4.8200,440.5647,1171.0224,0.000000
SMS-EMOA,996,99546,100,4.0000,425.9551,1162.8058,4.8200,440.5647,1171.0224,0.000000
SMS-EMOA,997,99646,100,4.0000,425.9551,1162.8058,4.8200,440.5647,1171.0224,0.000000
SMS-EMOA,998,99746,100,4.0000,425.9551,1162.8058,4.8200,440.5647,1171.0224,0.000000
SMS-EMOA,999,99846,100,4.0000,425.9551,1162.8058,4.8200,440.5647,1171.0224,0.000000
SMS-EMOA,1000,99946,100,4.0000,425.9551,1162.8058,4.8200,440.5647,1171.0224,0.000000
SMS-EMOA,1001,100046,100,4.0000,425.9551,1162.8058,4.8200,440.5647,1171.0224,0.000000
