algorithm,generation,n_eval,n_feasible,best_f1,best_f2,best_f3,mean_f1_feas,mean_f2_feas,mean_f3_feas,min_cv_pop
NSGA-II,1,100,0,,,,,,,0.116045
NSGA-II,2,200,3,89.0000,5420.8333,1174.5529,91.0000,5520.8893,1174.5529,0.000000
NSGA-II,3,300,8,88.0000,5364.3803,1174.5529,90.1250,5508.5522,1188.5752,0.000000
NSGA-II,4,400,12,88.0000,5364.3803,1174.5529,90.5000,5527.3632,1183.9011,0.000000
NSGA-II,5,500,24,79.0000,5117.5584,1174.5529,89.2083,5528.2050,1189.8063,0.000000
NSGA-II,6,600,35,79.0000,5117.5584,1174.5529,89.0857,5534.3414,1189.4133,0.000000
NSGA-II,7,700,50,79.0000,5117.5584,1174.5529,88.5200,5525.5945,1193.3090,0.000000
NSGA-II,8,800,66,79.0000,5117.5584,1174.5529,88.5303,5532.1083,1193.5070,0.000000
NSGA-II,9,900,81,79.0000,5117.5584,1174.5529,88.1728,5516.8579,1190.5790,0.000000
NSGA-II,10,1000,85,77.0000,5103.2955,1174.5529,87.5882,5493.8689,1190.4460,0.000000
NSGA-II,11,1100,83,77.0000,5103.2955,1174.5529,86.6506,5461.6150,1192.3413,0.000000
NSGA-II,12,1200,82,77.0000,5103.2955,1174.5529,86.4146,5455.7891,1194.0739,0.000000
NSGA-II,13,1300,79,77.0000,5044.5229,1174.5529,85.7342,5424.8592,1195.6358,0.000000
NSGA-II,14,1400,78,77.0000,5044.5229,1174.5529,85.3077,5405.8307,1196.4528,0.000000
NSGA-II,15,1500,77,77.0000,5044.5229,1174.5529,84.9610,5396.1387,1196.7968,0.000000
NSGA-II,16,1600,77,77.0000,5044.5229,1174.5529,84.4416,5374.6129,1198.6318,0.000000
NSGA-II,17,1700,76,77.0000,5044.5229,1174.5529,84.2368,5363.8823,1196.5628,0.000000
NSGA-II,18,1800,72,77.0000,5044.5229,1174.5529,83.7361,5346.5821,1196.1216,0.000000
NSGA-II,19,1900,78,77.0000,5044.5229,1174.5529,82.9231,5330.5202,1196.5860,0.000000
NSGA-II,20,2000,80,77.0000,5044.5229,1174.5529,82.6000,5314.0736,1194.6163,0.000000
NSGA-II,21,2100,82,77.0000,5044.5229,1174.5529,82.1098,5300.0852,1194.7846,0.000000
NSGA-II,22,2200,78,76.0000,5044.5229,1174.5529,81.2436,5276.0951,1195.1659,0.000000
NSGA-II,23,2300,79,76.0000,5044.5229,1174.5529,80.9367,5264.5488,1196.6284,0.000000
NSGA-II,24,2400,79,74.0000,5044.5229,1174.5529,80.7089,5257.8917,1195.1872,0.000000
NSGA-II,25,2500,78,74.0000,5042.3361,1174.5529,80.4615,5243.2442,1196.2135,0.000000
NSGA-II,26,2600,81,74.0000,4974.3091,1174.5529,80.0741,5231.4412,1193.2181,0.000000
NSGA-II,27,2700,79,74.0000,4974.3091,1174.5529,79.7722,5223.2271,1193.8341,0.000000
NSGA-II,28,2800,78,74.0000,4974.3091,1174.5529,79.4359,5210.0895,1192.7168,0.000000
NSGA-II,29,2900,81,73.0000,4974.3091,1174.5529,79.0123,5199.1736,1192.6323,0.000000
NSGA-II,30,3000,80,73.0000,4974.3091,1174.5529,78.6375,5190.5960,1191.1755,0.000000
NSGA-II,31,3100,83,73.0000,4974.3091,1174.5529,78.4699,5194.0878,1191.1417,0.000000
NSGA-II,32,3200,83,73.0000,4974.3091,1174.5529,78.3012,5189.5473,1190.0329,0.000000
NSGA-II,33,3300,82,73.0000,4974.3091,1174.5529,78.1463,5184.0395,1190.1472,0.000000
NSGA-II,34,3400,80,73.0000,4974.3091,1174.5529,77.9250,5174.3766,1191.1404,0.000000
NSGA-II,35,3500,79,73.0000,4974.3091,1174.5529,77.8354,5168.9268,1191.0029,0.000000
NSGA-II,36,3600,79,73.0000,4974.3091,1174.5529,77.4810,5163.4095,1191.6490,0.000000
NSGA-II,37,3700,78,73.0000,4974.3091,1174.5529,77.3846,5157.6379,1191.5794,0.000000
NSGA-II,38,3800,81,73.0000,4974.3091,1174.5529,77.2099,5162.9375,1192.5351,0.000000
NSGA-II,39,3900,83,72.0000,4961.6965,1174.5529,76.6988,5145.3746,1193.6173,0.000000
NSGA-II,40,4000,86,72.0000,4961.6965,1174.5529,76.5233,5133.9484,1194.1206,0.000000
NSGA-II,41,4100,86,72.0000,4961.6965,1174.5529,76.4884,5126.1801,1193.3137,0.000000
NSGA-II,42,4200,85,72.0000,4961.6965,1174.5529,76.3412,5115.2856,1193.9988,0.000000
NSGA-II,43,4300,85,71.0000,4911.6881,1174.5529,76.0706,5113.0953,1193.8219,0.000000
NSGA-II,44,4400,85,71.0000,4911.6881,1174.5529,75.8588,5106.6776,1193.1959,0.000000
NSGA-II,45,4500,86,71.0000,4911.6881,1174.5529,75.7326,5097.8465,1193.6132,0.000000
NSGA-II,46,4600,85,71.0000,4911.6881,1174.5529,75.6941,5092.5296,1193.6173,0.000000
NSGA-II,47,4700,87,71.0000,4911.6881,1174.5529,75.4138,5093.1808,1193.3805,0.000000
NSGA-II,48,4800,87,71.0000,4911.6881,1174.5529,75.3448,5089.2062,1193.9630,0.000000
NSGA-II,49,4900,89,71.0000,4911.6881,1174.5529,75.2022,5083.2758,1194.8507,0.000000
NSGA-II,50,5000,90,71.0000,4911.6881,1174.5529,75.1111,5074.9294,1196.0999,0.000000
NSGA-II,51,5100,90,70.0000,4911.6881,1174.5529,74.9111,5071.1632,1195.9999,0.000000
NSGA-II,52,5200,89,70.0000,4911.6881,1174.5529,74.7640,5066.9069,1196.7574,0.000000
NSGA-II,53,5300,93,70.0000,4911.6881,1174.5529,74.6882,5067.3884,1197.8832,0.000000
NSGA-II,54,5400,92,69.0000,4911.6881,1174.5529,74.4565,5063.6542,1198.6178,0.000000
NSGA-II,55,5500,92,69.0000,4911.6881,1174.5529,74.3152,5061.7365,1198.1380,0.000000
NSGA-II,56,5600,92,69.0000,4911.6881,1174.5529,74.2935,5057.6559,1198.7808,0.000000
NSGA-II,57,5700,92,69.0000,4911.6881,1174.5529,74.1196,5055.3867,1198.1302,0.000000
NSGA-II,58,5800,91,69.0000,4911.6881,1174.5529,73.9011,5047.1447,1198.5152,0.000000
NSGA-II,59,5900,90,69.0000,4882.5031,1174.5529,73.8778,5042.7286,1198.2437,0.000000
NSGA-II,60,6000,87,69.0000,4882.5031,1174.5529,73.7816,5035.1420,1196.3289,0.000000
NSGA-II,61,6100,87,69.0000,4882.5031,1174.5529,73.6667,5033.5875,1195.2214,0.000000
NSGA-II,62,6200,86,69.0000,4882.5031,1174.5529,73.5814,5030.3289,1195.4618,0.000000
NSGA-II,63,6300,88,69.0000,4882.5031,1174.5529,73.3295,5026.6064,1196.8521,0.000000
NSGA-II,64,6400,89,69.0000,4849.9425,1174.5529,73.2360,5024.1367,1196.6016,0.000000
NSGA-II,65,6500,88,69.0000,4849.9425,1174.5529,73.0568,5011.2469,1196.6703,0.000000
NSGA-II,66,6600,86,68.0000,4849.9425,1174.5529,72.6395,5006.5833,1198.3549,0.000000
NSGA-II,67,6700,84,68.0000,4849.9425,1174.5529,72.5476,5000.5498,1198.2963,0.000000
NSGA-II,68,6800,83,68.0000,4832.0598,1174.5529,72.3735,4994.0635,1198.9258,0.000000
NSGA-II,69,6900,79,68.0000,4832.0598,1174.5529,72.2532,4990.1961,1198.7158,0.000000
NSGA-II,70,7000,80,68.0000,4820.5839,1174.5529,72.1000,4986.9342,1199.1965,0.000000
NSGA-II,71,7100,79,68.0000,4820.5839,1174.5529,71.9367,4982.9986,1200.1465,0.000000
NSGA-II,72,7200,79,68.0000,4820.5839,1174.5529,71.7722,4983.6689,1200.0836,0.000000
NSGA-II,73,7300,80,68.0000,4820.5839,1174.5529,71.7500,4980.3382,1199.1000,0.000000
NSGA-II,74,7400,80,68.0000,4820.5839,1174.5529,71.6750,4977.8988,1199.1000,0.000000
NSGA-II,75,7500,81,68.0000,4820.5839,1174.5529,71.6420,4978.7900,1199.5464,0.000000
NSGA-II,76,7600,80,66.0000,4820.5839,1174.5529,71.5250,4974.6273,1198.5112,0.000000
NSGA-II,77,7700,79,66.0000,4820.5839,1174.5529,71.4684,4969.8893,1198.6750,0.000000
NSGA-II,78,7800,79,65.0000,4820.5839,1174.5529,71.2278,4962.0392,1199.3506,0.000000
NSGA-II,79,7900,79,65.0000,4820.5839,1174.5529,71.1646,4957.1106,1199.3506,0.000000
NSGA-II,80,8000,78,65.0000,4770.7699,1174.5529,71.0256,4948.1544,1199.8135,0.000000
NSGA-II,81,8100,77,65.0000,4770.7699,1174.5529,70.9870,4947.0904,1198.7414,0.000000
NSGA-II,82,8200,80,65.0000,4770.7699,1174.5529,70.9750,4944.7985,1198.5770,0.000000
NSGA-II,83,8300,80,65.0000,4770.7699,1174.5529,70.8875,4947.8443,1198.9172,0.000000
NSGA-II,84,8400,81,65.0000,4770.7699,1174.5529,70.7778,4950.1584,1201.1737,0.000000
NSGA-II,85,8500,83,65.0000,4770.7699,1174.5529,70.6506,4948.5326,1200.4723,0.000000
NSGA-II,86,8600,84,65.0000,4770.7699,1174.5529,70.5119,4948.4290,1200.2203,0.000000
NSGA-II,87,8700,81,65.0000,4770.7699,1174.5529,70.2593,4935.1569,1201.9061,0.000000
NSGA-II,88,8800,79,65.0000,4770.7699,1174.5529,70.2025,4933.7244,1200.4818,0.000000
NSGA-II,89,8900,80,65.0000,4770.7699,1174.5529,70.1000,4931.2851,1201.1599,0.000000
NSGA-II,90,9000,78,65.0000,4770.7699,1174.5529,70.0897,4930.9063,1200.5025,0.000000
NSGA-II,91,9100,78,65.0000,4770.7699,1174.5529,70.0385,4926.2662,1199.3252,0.000000
NSGA-II,92,9200,82,65.0000,4770.7699,1174.5529,69.9512,4931.5223,1199.0521,0.000000
NSGA-II,93,9300,82,65.0000,4770.7699,1174.5529,69.9512,4931.5223,1199.0521,0.000000
NSGA-II,94,9400,82,65.0000,4770.7699,1174.5529,69.8902,4929.1787,1199.0521,0.000000
NSGA-II,95,9500,83,65.0000,4770.7699,1174.5529,69.8434,4924.4588,1198.5412,0.000000
NSGA-II,96,9600,85,65.0000,4770.7699,1174.5529,69.7647,4920.0927,1198.4114,0.000000
NSGA-II,97,9700,83,65.0000,4705.9429,1174.5529,69.6627,4913.8308,1199.7021,0.000000
NSGA-II,98,9800,83,65.0000,4705.9429,1174.5529,69.5904,4913.6569,1199.8348,0.000000
NSGA-II,99,9900,83,65.0000,4705.9429,1174.5529,69.4578,4911.7263,1200.8327,0.000000
NSGA-II,100,10000,83,65.0000,4705.9429,1174.5529,69.3253,4912.1671,1200.9654,0.000000
NSGA-II,101,10100,84,65.0000,4705.9429,1174.5529,69.2738,4910.8072,1201.6669,0.000000
NSGA-II,102,10200,84,65.0000,4705.9429,1174.5529,69.3214,4909.9446,1200.9596,0.000000
NSGA-II,103,10300,82,65.0000,4705.9429,1174.5529,69.3415,4907.3605,1201.1803,0.000000
NSGA-II,104,10400,82,65.0000,4705.9429,1174.5529,69.3537,4904.7968,1201.0422,0.000000
NSGA-II,105,10500,85,65.0000,4705.9429,1174.5529,69.3176,4903.5495,1199.6872,0.000000
NSGA-II,106,10600,86,65.0000,4705.9429,1174.5529,69.2907,4900.8709,1199.2091,0.000000
NSGA-II,107,10700,86,65.0000,4705.9429,1174.5529,69.1395,4898.1511,1198.8223,0.000000
NSGA-II,108,10800,84,65.0000,4704.6324,1174.5529,68.9524,4894.5345,1198.9219,0.000000
NSGA-II,109,10900,84,65.0000,4704.6324,1174.5529,68.8095,4894.8459,1199.4386,0.000000
NSGA-II,110,11000,82,65.0000,4704.6324,1174.5529,68.8293,4892.6107,1199.1866,0.000000
NSGA-II,111,11100,83,64.0000,4704.6324,1174.5529,68.8554,4889.9112,1198.0784,0.000000
NSGA-II,112,11200,86,64.0000,4704.6324,1174.5529,68.7442,4886.5529,1197.0692,0.000000
NSGA-II,113,11300,84,64.0000,4704.6324,1174.5529,68.6786,4879.0781,1197.4742,0.000000
NSGA-II,114,11400,83,64.0000,4704.6324,1174.5529,68.6627,4878.7125,1197.0345,0.000000
NSGA-II,115,11500,83,64.0000,4704.6324,1174.5529,68.6506,4875.3595,1197.2041,0.000000
NSGA-II,116,11600,84,64.0000,4704.6324,1174.5529,68.6667,4872.4864,1196.5096,0.000000
NSGA-II,117,11700,85,64.0000,4704.6324,1174.5529,68.6706,4870.9095,1196.4797,0.000000
NSGA-II,118,11800,85,64.0000,4704.6324,1174.5529,68.7294,4868.2522,1196.4196,0.000000
NSGA-II,119,11900,86,64.0000,4704.6324,1174.5529,68.5349,4867.5232,1196.5075,0.000000
NSGA-II,120,12000,86,64.0000,4704.6324,1174.5529,68.3837,4865.4428,1197.0702,0.000000
NSGA-II,121,12100,87,64.0000,4704.6324,1174.5529,68.1494,4864.5240,1196.4413,0.000000
NSGA-II,122,12200,86,64.0000,4704.6324,1174.5529,68.1860,4863.7316,1196.6959,0.000000
NSGA-II,123,12300,90,64.0000,4704.6324,1174.5529,68.2556,4856.6628,1194.6829,0.000000
NSGA-II,124,12400,91,63.0000,4704.6324,1174.5529,68.1648,4853.7659,1192.8264,0.000000
NSGA-II,125,12500,92,63.0000,4704.6324,1174.5529,68.1630,4853.8496,1192.2099,0.000000
NSGA-II,126,12600,91,63.0000,4704.6324,1174.5529,68.1429,4853.6082,1191.7510,0.000000
NSGA-II,127,12700,92,63.0000,4690.5268,1174.5529,67.9891,4851.3298,1191.7402,0.000000
NSGA-II,128,12800,94,63.0000,4640.1301,1174.5529,67.8936,4847.2116,1191.7795,0.000000
NSGA-II,129,12900,94,63.0000,4640.1301,1174.5529,67.8298,4843.7794,1191.9144,0.000000
NSGA-II,130,13000,94,63.0000,4640.1301,1174.5529,67.7979,4844.0912,1191.6582,0.000000
NSGA-II,131,13100,96,63.0000,4640.1301,1174.5529,67.7604,4844.0343,1191.9190,0.000000
NSGA-II,132,13200,98,63.0000,4640.1301,1174.5529,67.6327,4847.0322,1190.6828,0.000000
NSGA-II,133,13300,98,63.0000,4640.1301,1174.5529,67.6020,4844.0074,1191.2890,0.000000
NSGA-II,134,13400,99,63.0000,4640.1301,1174.5529,67.4343,4838.5154,1192.2065,0.000000
NSGA-II,135,13500,98,63.0000,4640.1301,1174.5529,67.3878,4833.1232,1192.2743,0.000000
NSGA-II,136,13600,98,63.0000,4613.3401,1174.5529,67.2653,4827.8194,1191.9489,0.000000
NSGA-II,137,13700,98,63.0000,4613.3401,1174.5529,67.1224,4827.3550,1192.0614,0.000000
NSGA-II,138,13800,98,63.0000,4613.3401,1174.5529,67.1224,4818.5671,1193.5407,0.000000
NSGA-II,139,13900,98,63.0000,4613.3401,1174.5529,67.1224,4818.5671,1193.5407,0.000000
NSGA-II,140,14000,97,63.0000,4613.3401,1174.5529,67.0928,4817.3555,1193.4581,0.000000
NSGA-II,141,14100,97,63.0000,4613.3401,1174.5529,67.0825,4813.9103,1194.4171,0.000000
NSGA-II,142,14200,96,63.0000,4613.3401,1174.5529,66.9167,4813.1809,1193.8072,0.000000
NSGA-II,143,14300,97,63.0000,4613.3401,1174.5529,66.9381,4812.9582,1193.6746,0.000000
NSGA-II,144,14400,97,63.0000,4613.3401,1174.5529,66.7320,4810.4174,1194.5143,0.000000
NSGA-II,145,14500,97,63.0000,4613.3401,1174.5529,66.6907,4802.0399,1193.9018,0.000000
NSGA-II,146,14600,97,63.0000,4613.3401,1174.5529,66.6598,4800.6415,1193.9018,0.000000
NSGA-II,147,14700,97,63.0000,4613.3401,1174.5529,66.6598,4798.7006,1194.4772,0.000000
NSGA-II,148,14800,97,63.0000,4596.4302,1174.5529,66.4536,4791.8708,1194.2738,0.000000
NSGA-II,149,14900,96,63.0000,4596.4302,1174.5529,66.3854,4790.5447,1193.9751,0.000000
NSGA-II,150,15000,96,63.0000,4596.4302,1174.5529,66.3854,4789.9986,1193.9751,0.000000
NSGA-II,151,15100,97,61.0000,4596.4302,1174.5529,66.3608,4785.9252,1193.5477,0.000000
NSGA-II,152,15200,97,61.0000,4596.4302,1174.5529,66.2268,4781.0507,1194.8726,0.000000
NSGA-II,153,15300,97,61.0000,4596.4302,1174.5529,66.2062,4779.0945,1195.1043,0.000000
NSGA-II,154,15400,96,61.0000,4596.4302,1174.5529,66.1146,4774.8481,1193.9962,0.000000
NSGA-II,155,15500,97,61.0000,4596.4302,1174.5529,66.0619,4776.9499,1195.0188,0.000000
NSGA-II,156,15600,97,61.0000,4596.4302,1174.5529,66.0412,4769.9829,1194.0859,0.000000
NSGA-II,157,15700,97,61.0000,4596.4302,1174.5529,66.0206,4767.7607,1194.0859,0.000000
NSGA-II,158,15800,97,61.0000,4596.4302,1174.5529,66.0515,4765.7964,1193.9724,0.000000
NSGA-II,159,15900,97,61.0000,4596.4302,1174.5529,65.9485,4765.1440,1193.4725,0.000000
NSGA-II,160,16000,96,61.0000,4596.4302,1174.5529,65.9167,4764.4070,1193.6696,0.000000
NSGA-II,161,16100,96,61.0000,4596.4302,1174.5529,65.7292,4766.8468,1193.7343,0.000000
NSGA-II,162,16200,96,61.0000,4596.4302,1174.5529,65.6458,4767.2619,1193.8911,0.000000
NSGA-II,163,16300,96,61.0000,4596.4302,1174.5529,65.5208,4759.6529,1194.4587,0.000000
NSGA-II,164,16400,96,61.0000,4596.4302,1174.5529,65.4688,4758.9244,1193.5558,0.000000
NSGA-II,165,16500,95,61.0000,4596.4302,1174.5529,65.4316,4755.1807,1194.2653,0.000000
NSGA-II,166,16600,95,61.0000,4596.4302,1174.5529,65.2842,4757.3258,1195.1055,0.000000
NSGA-II,167,16700,95,61.0000,4596.4302,1174.5529,65.2632,4750.9532,1194.2666,0.000000
NSGA-II,168,16800,95,61.0000,4596.4302,1174.5529,65.2632,4750.9532,1194.2666,0.000000
NSGA-II,169,16900,95,61.0000,4596.4302,1174.5529,65.2632,4750.5344,1194.2666,0.000000
NSGA-II,170,17000,95,61.0000,4596.4302,1174.5529,65.2526,4749.3893,1193.6412,0.000000
NSGA-II,171,17100,96,61.0000,4596.4302,1174.5529,65.2917,4744.0522,1192.9785,0.000000
NSGA-II,172,17200,96,61.0000,4596.4302,1174.5529,65.3229,4741.1894,1192.2466,0.000000
NSGA-II,173,17300,96,61.0000,4596.4302,1174.5529,65.1979,4738.8246,1190.7934,0.000000
NSGA-II,174,17400,96,60.0000,4596.4302,1174.5529,65.1146,4735.8190,1191.5253,0.000000
NSGA-II,175,17500,96,60.0000,4596.2500,1174.5529,65.1042,4731.3754,1190.1838,0.000000
NSGA-II,176,17600,95,60.0000,4596.2500,1174.5529,65.1474,4726.5214,1189.7247,0.000000
NSGA-II,177,17700,95,60.0000,4596.2500,1174.5529,65.1053,4724.9544,1190.2341,0.000000
NSGA-II,178,17800,95,60.0000,4596.2500,1174.5529,64.9684,4724.1258,1191.0360,0.000000
NSGA-II,179,17900,95,60.0000,4596.2500,1174.5529,64.9474,4722.9313,1191.6467,0.000000
NSGA-II,180,18000,95,60.0000,4596.2500,1174.5529,64.8737,4722.3224,1191.6138,0.000000
NSGA-II,181,18100,95,60.0000,4596.2500,1174.5529,64.7579,4722.1173,1192.0273,0.000000
NSGA-II,182,18200,95,60.0000,4596.2500,1174.5529,64.6947,4720.1688,1191.9356,0.000000
NSGA-II,183,18300,95,60.0000,4596.2500,1174.5529,64.6421,4719.6982,1192.0515,0.000000
NSGA-II,184,18400,95,60.0000,4596.2500,1174.5529,64.6000,4716.8744,1192.3958,0.000000
NSGA-II,185,18500,95,60.0000,4588.6844,1174.5529,64.5368,4715.2273,1192.5099,0.000000
NSGA-II,186,18600,95,60.0000,4588.6844,1174.5529,64.4316,4715.0018,1191.4928,0.000000
NSGA-II,187,18700,94,60.0000,4588.6844,1174.5529,64.3723,4715.0982,1191.6730,0.000000
NSGA-II,188,18800,93,60.0000,4588.6844,1174.5529,64.3656,4715.4228,1190.6996,0.000000
NSGA-II,189,18900,93,60.0000,4588.6844,1174.5529,64.2366,4718.6023,1190.2935,0.000000
NSGA-II,190,19000,94,60.0000,4518.6957,1174.5529,64.0532,4718.7571,1191.6300,0.000000
NSGA-II,191,19100,95,60.0000,4518.6957,1174.5529,63.8737,4718.9212,1192.8070,0.000000
NSGA-II,192,19200,95,60.0000,4518.6957,1174.5529,63.8947,4718.7364,1192.1816,0.000000
NSGA-II,193,19300,96,60.0000,4518.6957,1174.5529,63.9062,4718.7745,1191.9980,0.000000
NSGA-II,194,19400,96,60.0000,4518.6957,1174.5529,63.8542,4718.3782,1192.6151,0.000000
NSGA-II,195,19500,96,60.0000,4518.6957,1174.5529,63.7500,4718.1246,1191.3682,0.000000
NSGA-II,196,19600,96,58.0000,4518.6957,1174.5529,63.7188,4714.6594,1191.2293,0.000000
NSGA-II,197,19700,96,58.0000,4518.6957,1174.5529,63.6771,4710.1158,1190.5936,0.000000
NSGA-II,198,19800,96,58.0000,4518.6957,1174.5529,63.6354,4706.8638,1191.0460,0.000000
NSGA-II,199,19900,96,58.0000,4518.6957,1174.5529,63.6562,4700.9455,1191.0396,0.000000
NSGA-II,200,20000,96,58.0000,4518.6957,1174.5529,63.6562,4696.7215,1191.4272,0.000000
NSGA-II,201,20100,96,58.0000,4511.0789,1174.5529,63.6979,4692.6788,1191.1786,0.000000
NSGA-II,202,20200,96,58.0000,4511.0789,1174.5529,63.7396,4687.7918,1191.0697,0.000000
NSGA-II,203,20300,95,58.0000,4511.0789,1174.5529,63.6842,4684.7433,1191.0536,0.000000
NSGA-II,204,20400,95,58.0000,4511.0789,1174.5529,63.6842,4684.7433,1191.0536,0.000000
NSGA-II,205,20500,95,58.0000,4511.0789,1174.5529,63.6947,4682.9015,1191.0296,0.000000
NSGA-II,206,20600,95,58.0000,4511.0789,1174.5529,63.6632,4681.6412,1190.4778,0.000000
NSGA-II,207,20700,95,58.0000,4511.0789,1174.5529,63.6947,4680.6731,1190.4778,0.000000
NSGA-II,208,20800,95,58.0000,4511.0789,1174.5529,63.6947,4680.6731,1190.4778,0.000000
NSGA-II,209,20900,94,58.0000,4511.0789,1174.5529,63.5000,4680.0080,1190.3768,0.000000
NSGA-II,210,21000,95,58.0000,4511.0789,1174.5529,63.5053,4679.6462,1190.8099,0.000000
NSGA-II,211,21100,94,58.0000,4511.0789,1174.5529,63.5000,4679.3708,1190.9828,0.000000
NSGA-II,212,21200,94,58.0000,4511.0789,1174.5529,63.4468,4679.6796,1191.1214,0.000000
NSGA-II,213,21300,94,58.0000,4511.0789,1174.5529,63.4149,4676.3363,1189.4209,0.000000
NSGA-II,214,21400,94,58.0000,4511.0789,1174.5529,63.4149,4676.3363,1189.4209,0.000000
NSGA-II,215,21500,93,58.0000,4511.0789,1174.5529,63.4301,4675.4071,1189.4517,0.000000
NSGA-II,216,21600,93,58.0000,4511.0789,1174.5529,63.3978,4673.2638,1189.5701,0.000000
NSGA-II,217,21700,92,58.0000,4511.0789,1174.5529,63.4022,4669.6654,1189.0894,0.000000
NSGA-II,218,21800,92,58.0000,4461.8681,1174.5529,63.3696,4662.1569,1188.1952,0.000000
NSGA-II,219,21900,92,58.0000,4461.8681,1174.5529,63.3913,4654.7652,1189.1395,0.000000
NSGA-II,220,22000,92,58.0000,4461.8681,1174.5529,63.3587,4656.2871,1188.9750,0.000000
NSGA-II,221,22100,92,58.0000,4461.8681,1174.5529,63.3478,4651.7672,1188.7337,0.000000
NSGA-II,222,22200,92,58.0000,4461.8681,1174.5529,63.3152,4646.7776,1188.2094,0.000000
NSGA-II,223,22300,93,58.0000,4461.8681,1174.5529,63.2581,4645.1432,1187.5440,0.000000
NSGA-II,224,22400,91,58.0000,4461.8681,1174.5529,63.0110,4642.4502,1187.4297,0.000000
NSGA-II,225,22500,91,56.0000,4461.8681,1174.5529,62.6154,4642.5616,1187.6657,0.000000
NSGA-II,226,22600,91,56.0000,4461.8681,1174.5529,62.5604,4640.9910,1188.1706,0.000000
NSGA-II,227,22700,90,56.0000,4461.8681,1174.5529,62.5222,4636.3873,1187.8224,0.000000
NSGA-II,228,22800,90,56.0000,4461.8681,1174.5529,62.4778,4631.6294,1188.0639,0.000000
NSGA-II,229,22900,90,56.0000,4461.8681,1174.5529,62.4444,4628.9926,1188.0639,0.000000
NSGA-II,230,23000,89,56.0000,4423.9633,1174.5529,62.4944,4624.0063,1187.8163,0.000000
NSGA-II,231,23100,89,56.0000,4423.9633,1174.5529,62.4944,4624.0063,1187.8163,0.000000
NSGA-II,232,23200,88,56.0000,4412.5996,1174.5529,62.3068,4622.2798,1187.8776,0.000000
NSGA-II,233,23300,87,56.0000,4409.9803,1174.5529,62.2529,4619.9436,1187.8258,0.000000
NSGA-II,234,23400,86,56.0000,4387.1962,1174.5529,61.9884,4621.0849,1187.7045,0.000000
NSGA-II,235,23500,86,56.0000,4387.1962,1174.5529,61.9070,4621.6700,1187.4144,0.000000
NSGA-II,236,23600,87,56.0000,4387.1962,1174.5529,61.9080,4620.1054,1188.1230,0.000000
NSGA-II,237,23700,86,56.0000,4383.7928,1174.5529,61.7674,4619.4756,1188.0246,0.000000
NSGA-II,238,23800,87,56.0000,4383.7928,1174.5529,61.7471,4620.0357,1187.8061,0.000000
NSGA-II,239,23900,86,56.0000,4383.7928,1174.5529,61.7442,4618.5493,1187.9602,0.000000
NSGA-II,240,24000,87,56.0000,4383.7928,1174.5529,61.5977,4617.7014,1187.6883,0.000000
NSGA-II,241,24100,87,56.0000,4383.7928,1174.5529,61.5517,4616.0850,1187.9983,0.000000
NSGA-II,242,24200,87,56.0000,4383.7928,1174.5529,61.5402,4614.0965,1186.7891,0.000000
NSGA-II,243,24300,87,56.0000,4383.7928,1174.5529,61.4943,4609.1139,1186.7891,0.000000
NSGA-II,244,24400,86,56.0000,4383.7928,1174.5529,61.3953,4612.5884,1186.1768,0.000000
NSGA-II,245,24500,90,56.0000,4383.7928,1174.5529,61.3778,4613.3125,1185.6434,0.000000
NSGA-II,246,24600,90,56.0000,4383.7928,1174.5529,61.3778,4611.8255,1185.1439,0.000000
NSGA-II,247,24700,90,56.0000,4383.7928,1174.5529,61.3333,4615.1893,1185.0105,0.000000
NSGA-II,248,24800,90,56.0000,4383.7928,1174.5529,61.3111,4615.5957,1185.1213,0.000000
NSGA-II,249,24900,90,56.0000,4383.7928,1174.5529,61.3000,4613.1781,1185.1909,0.000000
NSGA-II,250,25000,90,56.0000,4383.7928,1174.5529,61.2444,4613.8854,1185.1909,0.000000
NSGA-II,251,25100,90,56.0000,4347.0033,1174.5529,61.0889,4610.0289,1185.5766,0.000000
NSGA-II,252,25200,92,56.0000,4347.0033,1174.5529,61.1848,4608.5643,1185.3369,0.000000
NSGA-II,253,25300,93,56.0000,4347.0033,1174.5529,61.1075,4607.5893,1185.6909,0.000000
NSGA-II,254,25400,92,56.0000,4286.1853,1174.5529,60.9130,4611.0389,1184.9881,0.000000
NSGA-II,255,25500,92,56.0000,4286.1853,1174.5529,60.8696,4612.8462,1185.1079,0.000000
NSGA-II,256,25600,93,56.0000,4286.1853,1174.5529,60.8495,4610.7493,1185.1869,0.000000
NSGA-II,257,25700,92,56.0000,4286.1853,1174.5529,60.7717,4611.3912,1184.5075,0.000000
NSGA-II,258,25800,93,56.0000,4286.1853,1174.5529,60.6882,4607.7697,1183.8058,0.000000
NSGA-II,259,25900,93,56.0000,4286.1853,1174.5529,60.4839,4609.1089,1183.5574,0.000000
NSGA-II,260,26000,93,56.0000,4286.1853,1174.5529,60.4409,4612.4839,1183.0638,0.000000
NSGA-II,261,26100,93,56.0000,4286.1853,1174.5529,60.4086,4610.2237,1183.2374,0.000000
NSGA-II,262,26200,93,56.0000,4286.1853,1174.5529,60.4194,4608.6056,1183.1190,0.000000
NSGA-II,263,26300,93,56.0000,4286.1853,1174.5529,60.4194,4608.6056,1183.1190,0.000000
NSGA-II,264,26400,93,56.0000,4286.1853,1174.5529,60.4194,4608.4127,1183.1190,0.000000
NSGA-II,265,26500,93,56.0000,4166.1057,1174.5529,60.3118,4599.1631,1183.3856,0.000000
NSGA-II,266,26600,93,56.0000,4166.1057,1174.5529,60.3118,4599.1631,1183.3856,0.000000
NSGA-II,267,26700,92,56.0000,4166.1057,1174.5529,60.2609,4599.8394,1183.4817,0.000000
NSGA-II,268,26800,91,56.0000,4166.1057,1174.5529,60.1978,4595.4998,1182.9925,0.000000
NSGA-II,269,26900,91,55.0000,4166.1057,1174.5529,60.1429,4587.1863,1183.1433,0.000000
NSGA-II,270,27000,91,55.0000,4166.1057,1174.5529,60.1648,4584.6575,1183.0222,0.000000
NSGA-II,271,27100,90,55.0000,4166.1057,1174.5529,60.1222,4579.5157,1183.5249,0.000000
NSGA-II,272,27200,89,55.0000,4166.1057,1174.5529,60.1124,4573.6643,1183.7684,0.000000
NSGA-II,273,27300,88,55.0000,4166.1057,1174.5529,60.0455,4569.9994,1183.8731,0.000000
NSGA-II,274,27400,89,55.0000,4166.1057,1174.5529,59.9663,4565.3392,1184.1278,0.000000
NSGA-II,275,27500,89,55.0000,4166.1057,1174.5529,59.8652,4566.3323,1184.2056,0.000000
NSGA-II,276,27600,90,55.0000,4166.1057,1174.5529,59.8000,4565.6072,1183.9684,0.000000
NSGA-II,277,27700,90,55.0000,4166.1057,1174.5529,59.7444,4567.2714,1183.9574,0.000000
NSGA-II,278,27800,90,55.0000,4166.1057,1174.5529,59.6778,4567.3442,1183.9574,0.000000
NSGA-II,279,27900,90,55.0000,4166.1057,1174.5529,59.6333,4562.1850,1183.8008,0.000000
NSGA-II,280,28000,91,55.0000,4166.1057,1174.5529,59.5495,4563.3288,1183.3898,0.000000
NSGA-II,281,28100,91,55.0000,4166.1057,1174.5529,59.5055,4562.5652,1183.1291,0.000000
NSGA-II,282,28200,91,55.0000,4166.1057,1174.5529,59.5055,4561.4387,1183.1182,0.000000
NSGA-II,283,28300,92,55.0000,4166.1057,1174.5529,59.4783,4560.3243,1183.0136,0.000000
NSGA-II,284,28400,92,55.0000,4166.1057,1174.5529,59.4891,4560.7365,1182.8938,0.000000
NSGA-II,285,28500,92,53.0000,4166.1057,1174.5529,59.3370,4553.9049,1183.2437,0.000000
NSGA-II,286,28600,92,53.0000,4166.1057,1174.5529,59.2826,4549.5197,1183.2322,0.000000
NSGA-II,287,28700,93,53.0000,4166.1057,1174.5529,59.2473,4549.0370,1183.1274,0.000000
NSGA-II,288,28800,93,53.0000,4166.1057,1174.5529,59.2366,4549.8691,1182.9399,0.000000
NSGA-II,289,28900,93,53.0000,4166.1057,1174.5529,59.2688,4545.5514,1183.0983,0.000000
NSGA-II,290,29000,94,53.0000,4166.1057,1174.5529,59.1809,4539.9614,1183.5006,0.000000
NSGA-II,291,29100,93,53.0000,4166.1057,1174.5529,59.1720,4539.2245,1183.3420,0.000000
NSGA-II,292,29200,93,53.0000,4166.1057,1174.5529,59.1720,4539.2245,1183.3420,0.000000
NSGA-II,293,29300,93,53.0000,4166.1057,1174.5529,59.1720,4528.4931,1183.7676,0.000000
NSGA-II,294,29400,96,53.0000,4166.1057,1174.5529,59.0104,4517.2190,1184.4903,0.000000
NSGA-II,295,29500,96,53.0000,4166.1057,1174.5529,58.7604,4517.1605,1184.9373,0.000000
NSGA-II,296,29600,97,53.0000,4166.1057,1174.5529,58.7320,4517.0334,1184.9833,0.000000
NSGA-II,297,29700,96,53.0000,4166.1057,1174.5529,58.6562,4513.1303,1184.8895,0.000000
NSGA-II,298,29800,96,53.0000,4166.1057,1174.5529,58.6354,4515.8627,1184.5387,0.000000
NSGA-II,299,29900,97,53.0000,4166.1057,1174.5529,58.4536,4509.6690,1185.0265,0.000000
NSGA-II,300,30000,96,53.0000,4163.3470,1174.5529,58.6042,4514.5449,1184.2740,0.000000
NSGA-II,301,30100,96,53.0000,4149.1608,1174.5529,58.5417,4505.1156,1184.2810,0.000000
NSGA-II,302,30200,97,53.0000,4149.1608,1174.5529,58.4639,4506.2625,1184.3642,0.000000
NSGA-II,303,30300,97,53.0000,4149.1608,1174.5529,58.5155,4505.9091,1184.0928,0.000000
NSGA-II,304,30400,97,53.0000,4149.1608,1174.5529,58.4433,4501.1607,1183.9950,0.000000
NSGA-II,305,30500,97,52.0000,4086.8191,1174.5529,58.4742,4506.1927,1183.5383,0.000000
NSGA-II,306,30600,97,52.0000,4086.8191,1174.5529,58.4742,4500.2322,1183.5069,0.000000
NSGA-II,307,30700,97,52.0000,4086.8191,1174.5529,58.4227,4492.9150,1183.4921,0.000000
NSGA-II,308,30800,97,52.0000,4086.8191,1174.5529,58.4639,4492.8057,1183.0857,0.000000
NSGA-II,309,30900,96,52.0000,4086.8191,1174.5529,58.4688,4489.8544,1183.1746,0.000000
NSGA-II,310,31000,96,52.0000,4086.8191,1174.5529,58.3333,4490.3190,1183.2732,0.000000
NSGA-II,311,31100,97,52.0000,4086.8191,1174.5529,58.2887,4480.5532,1183.4458,0.000000
NSGA-II,312,31200,97,52.0000,4086.8191,1174.5529,58.1753,4469.7221,1183.6261,0.000000
NSGA-II,313,31300,97,52.0000,4086.8191,1174.5529,58.0000,4461.6950,1183.9660,0.000000
NSGA-II,314,31400,97,52.0000,4086.8191,1174.5529,57.8041,4448.0369,1184.3857,0.000000
NSGA-II,315,31500,97,52.0000,4086.8191,1174.5529,57.7938,4445.4914,1184.3857,0.000000
NSGA-II,316,31600,96,52.0000,4086.8191,1174.5529,57.6042,4431.7688,1184.7266,0.000000
NSGA-II,317,31700,97,52.0000,4086.8191,1174.5529,57.5567,4428.9537,1185.0971,0.000000
NSGA-II,318,31800,97,52.0000,4086.8191,1174.5529,57.3299,4420.6661,1185.0549,0.000000
NSGA-II,319,31900,97,52.0000,4086.8191,1174.5529,57.2577,4415.3683,1185.2621,0.000000
NSGA-II,320,32000,97,52.0000,4086.8191,1174.5529,57.3299,4411.5024,1184.5276,0.000000
NSGA-II,321,32100,97,52.0000,4086.8191,1174.5529,57.2062,4396.8850,1184.9022,0.000000
NSGA-II,322,32200,97,52.0000,4086.8191,1174.5529,57.1134,4398.7915,1184.5864,0.000000
NSGA-II,323,32300,97,52.0000,4086.8191,1174.5529,56.9691,4391.0428,1184.6949,0.000000
NSGA-II,324,32400,97,52.0000,4086.8191,1174.5529,56.8763,4384.5066,1184.7763,0.000000
NSGA-II,325,32500,99,52.0000,4086.8191,1174.5529,56.6869,4370.4171,1184.7627,0.000000
NSGA-II,326,32600,100,52.0000,4086.8191,1174.5529,56.5900,4355.8462,1184.7554,0.000000
NSGA-II,327,32700,100,52.0000,4086.8191,1174.5529,56.5300,4351.1044,1184.7925,0.000000
NSGA-II,328,32800,100,52.0000,4086.8191,1174.5529,56.3700,4346.4265,1184.8766,0.000000
NSGA-II,329,32900,100,52.0000,4086.8191,1174.5529,56.3700,4346.1057,1184.8766,0.000000
NSGA-II,330,33000,100,52.0000,4086.8191,1174.5529,56.4000,4338.7062,1185.0029,0.000000
NSGA-II,331,33100,100,52.0000,4086.8191,1174.5529,56.4300,4338.0119,1184.6800,0.000000
NSGA-II,332,33200,100,52.0000,4086.8191,1174.5529,56.3400,4329.9352,1184.7855,0.000000
NSGA-II,333,33300,100,52.0000,4080.8452,1174.5529,56.2300,4325.3798,1184.7855,0.000000
NSGA-II,334,33400,100,52.0000,4069.5977,1174.5529,56.2600,4325.9733,1184.4636,0.000000
NSGA-II,335,33500,100,52.0000,4069.5977,1174.5529,56.4000,4333.7013,1183.4406,0.000000
NSGA-II,336,33600,100,52.0000,4069.5977,1174.5529,56.3300,4333.7689,1183.3557,0.000000
NSGA-II,337,33700,100,52.0000,4069.5977,1174.5529,56.3800,4334.8005,1183.1187,0.000000
NSGA-II,338,33800,100,52.0000,4069.5977,1174.5529,56.3500,4331.8165,1183.2028,0.000000
NSGA-II,339,33900,100,52.0000,4069.5977,1174.5529,56.3500,4329.7389,1183.1339,0.000000
NSGA-II,340,34000,100,51.0000,4069.5977,1174.5529,56.2900,4325.7514,1183.1808,0.000000
NSGA-II,341,34100,100,51.0000,4069.5977,1174.5529,56.2700,4318.8338,1183.0744,0.000000
NSGA-II,342,34200,100,51.0000,4069.5977,1174.5529,56.3100,4325.0691,1182.6845,0.000000
NSGA-II,343,34300,100,51.0000,4069.5977,1174.5529,56.2900,4321.3819,1182.7686,0.000000
NSGA-II,344,34400,100,51.0000,4069.5977,1174.5529,56.2900,4321.3819,1182.7686,0.000000
NSGA-II,345,34500,100,51.0000,4069.5977,1174.5529,56.1800,4319.0184,1183.0007,0.000000
NSGA-II,346,34600,100,51.0000,4069.5977,1174.5529,56.1800,4319.0184,1183.0007,0.000000
NSGA-II,347,34700,100,51.0000,4069.5977,1174.5529,56.1900,4318.7225,1183.0007,0.000000
NSGA-II,348,34800,100,51.0000,4069.5977,1174.5529,56.1300,4311.7488,1183.9562,0.000000
NSGA-II,349,34900,100,51.0000,4069.5977,1174.5529,56.2000,4311.5053,1183.6187,0.000000
NSGA-II,350,35000,100,51.0000,4069.5977,1174.5529,56.1700,4305.3178,1183.7027,0.000000
NSGA-II,351,35100,100,51.0000,4069.5977,1174.5529,56.1300,4290.6753,1183.6043,0.000000
NSGA-II,352,35200,99,51.0000,4069.5977,1174.5529,56.0101,4283.7554,1183.7014,0.000000
NSGA-II,353,35300,99,51.0000,4069.5977,1174.5529,55.8889,4281.6034,1184.1633,0.000000
NSGA-II,354,35400,99,51.0000,4069.5977,1174.5529,55.7576,4276.6400,1184.1580,0.000000
NSGA-II,355,35500,99,51.0000,4069.5977,1174.5529,55.7475,4272.9345,1183.7111,0.000000
NSGA-II,356,35600,98,51.0000,4069.5977,1174.5529,55.5816,4267.9179,1184.8584,0.000000
NSGA-II,357,35700,99,51.0000,4069.5977,1174.5529,55.4747,4268.1958,1184.8201,0.000000
NSGA-II,358,35800,99,51.0000,4069.5977,1174.5529,55.5051,4264.5450,1184.5654,0.000000
NSGA-II,359,35900,99,51.0000,4069.5977,1174.5529,55.6061,4263.3569,1183.9755,0.000000
NSGA-II,360,36000,99,51.0000,4069.5977,1174.5529,55.5859,4257.2260,1184.3855,0.000000
NSGA-II,361,36100,99,51.0000,4069.5977,1174.5529,55.4747,4254.0021,1184.7154,0.000000
NSGA-II,362,36200,99,51.0000,4069.5977,1174.5529,55.4747,4254.0021,1184.7154,0.000000
NSGA-II,363,36300,99,51.0000,4069.5977,1174.5529,55.4848,4253.3572,1184.6994,0.000000
NSGA-II,364,36400,99,51.0000,4069.5977,1174.5529,55.4848,4253.3572,1184.6994,0.000000
NSGA-II,365,36500,99,51.0000,4069.5977,1174.5529,55.4141,4250.6478,1185.2142,0.000000
NSGA-II,366,36600,99,51.0000,4069.5977,1174.5529,55.1717,4238.9599,1185.8690,0.000000
NSGA-II,367,36700,99,51.0000,4069.5977,1174.5529,55.2626,4236.9673,1185.2425,0.000000
NSGA-II,368,36800,99,51.0000,4069.5977,1174.5529,55.1313,4236.6053,1185.6030,0.000000
NSGA-II,369,36900,99,51.0000,4069.5977,1174.5529,55.0808,4232.6455,1185.8630,0.000000
NSGA-II,370,37000,99,51.0000,4069.5977,1174.5529,55.0505,4229.8404,1185.8790,0.000000
NSGA-II,371,37100,99,51.0000,4069.5977,1174.5529,54.9899,4230.4166,1186.0013,0.000000
NSGA-II,372,37200,99,51.0000,4069.5977,1174.5529,54.9798,4229.8982,1186.0013,0.000000
NSGA-II,373,37300,99,51.0000,4040.0211,1174.5529,54.9293,4222.6065,1185.8295,0.000000
NSGA-II,374,37400,99,51.0000,4040.0211,1174.5529,54.9293,4222.6065,1185.8295,0.000000
NSGA-II,375,37500,99,51.0000,4040.0211,1174.5529,54.9091,4217.8757,1185.9840,0.000000
NSGA-II,376,37600,99,51.0000,4040.0211,1174.5529,54.9091,4217.8626,1185.9840,0.000000
NSGA-II,377,37700,99,51.0000,4040.0211,1174.5529,54.9394,4220.2327,1185.5741,0.000000
NSGA-II,378,37800,98,51.0000,4040.0211,1174.5529,54.9184,4220.2592,1185.6008,0.000000
NSGA-II,379,37900,99,51.0000,4040.0211,1174.5529,54.9495,4218.8760,1185.7385,0.000000
NSGA-II,380,38000,99,51.0000,4040.0211,1174.5529,54.9192,4219.1316,1185.7545,0.000000
NSGA-II,381,38100,99,51.0000,4040.0211,1174.5529,54.9091,4218.4584,1185.8028,0.000000
NSGA-II,382,38200,99,51.0000,4040.0211,1174.5529,54.9091,4218.4584,1185.8028,0.000000
NSGA-II,383,38300,99,51.0000,4040.0211,1174.5529,54.9091,4217.3103,1185.8028,0.000000
NSGA-II,384,38400,99,51.0000,4040.0211,1174.5529,54.8485,4214.1149,1186.1943,0.000000
NSGA-II,385,38500,99,51.0000,4040.0211,1174.5529,54.8586,4213.0242,1185.7179,0.000000
NSGA-II,386,38600,99,51.0000,4040.0211,1174.5529,54.8283,4213.3122,1185.8028,0.000000
NSGA-II,387,38700,99,51.0000,4040.0211,1174.5529,54.8485,4217.5980,1185.5634,0.000000
NSGA-II,388,38800,99,51.0000,4040.0211,1174.5529,54.7374,4211.2177,1186.2103,0.000000
NSGA-II,389,38900,99,51.0000,4040.0211,1174.5529,54.7576,4210.9400,1185.8028,0.000000
NSGA-II,390,39000,99,50.0000,4040.0211,1174.5529,54.6061,4210.4888,1185.6590,0.000000
NSGA-II,391,39100,99,50.0000,4040.0211,1174.5529,54.6061,4210.4888,1185.6590,0.000000
NSGA-II,392,39200,99,50.0000,4040.0211,1174.5529,54.5960,4208.7007,1185.4028,0.000000
NSGA-II,393,39300,99,50.0000,4040.0211,1174.5529,54.6465,4203.4349,1185.3019,0.000000
NSGA-II,394,39400,99,50.0000,4040.0211,1174.5529,54.6465,4199.2536,1185.3019,0.000000
NSGA-II,395,39500,98,50.0000,4040.0211,1174.5529,54.5612,4199.8570,1185.3419,0.000000
NSGA-II,396,39600,97,50.0000,4040.0211,1174.5529,54.6186,4191.7418,1185.2955,0.000000
NSGA-II,397,39700,97,50.0000,4040.0211,1174.5529,54.6495,4193.9995,1185.1378,0.000000
NSGA-II,398,39800,97,50.0000,4039.3593,1174.5529,54.5052,4193.5443,1185.4695,0.000000
NSGA-II,399,39900,98,50.0000,4039.3593,1174.5529,54.4388,4188.6418,1185.5142,0.000000
NSGA-II,400,40000,97,50.0000,4039.3593,1174.5529,54.4021,4187.1098,1185.6435,0.000000
NSGA-II,401,40100,98,50.0000,4039.3593,1174.5529,54.5000,4188.8853,1185.0720,0.000000
NSGA-II,402,40200,98,50.0000,4039.3593,1174.5529,54.4082,4188.4485,1185.1316,0.000000
NSGA-II,403,40300,98,50.0000,4039.3593,1174.5529,54.3673,4185.9017,1184.9268,0.000000
NSGA-II,404,40400,98,50.0000,4032.2521,1174.5529,54.2959,4180.5856,1184.4455,0.000000
NSGA-II,405,40500,98,50.0000,4032.2521,1174.5529,54.2959,4180.5856,1184.4455,0.000000
NSGA-II,406,40600,98,50.0000,4032.2521,1174.5529,54.3265,4177.9178,1184.3590,0.000000
NSGA-II,407,40700,98,50.0000,4032.2521,1174.5529,54.3265,4177.9178,1184.3590,0.000000
NSGA-II,408,40800,98,50.0000,3996.8362,1174.5529,54.3163,4173.6152,1184.3429,0.000000
NSGA-II,409,40900,98,50.0000,3996.8362,1174.5529,54.2347,4165.8678,1184.6543,0.000000
NSGA-II,410,41000,98,50.0000,3996.8362,1174.5529,54.1939,4166.4896,1184.5883,0.000000
NSGA-II,411,41100,98,50.0000,3996.8362,1174.5529,54.1122,4160.8738,1184.7437,0.000000
NSGA-II,412,41200,98,50.0000,3996.8362,1174.5529,54.1531,4160.2837,1184.6083,0.000000
NSGA-II,413,41300,97,50.0000,3996.8362,1174.5529,54.1134,4159.8974,1184.5550,0.000000
NSGA-II,414,41400,98,50.0000,3996.8362,1174.5529,54.1122,4154.7481,1184.6083,0.000000
NSGA-II,415,41500,98,50.0000,3996.8362,1174.5529,54.1429,4149.4348,1184.5225,0.000000
NSGA-II,416,41600,98,50.0000,3996.8362,1174.5529,54.1122,4150.4714,1184.5225,0.000000
NSGA-II,417,41700,98,50.0000,3996.8362,1174.5529,54.0816,4149.8925,1184.6083,0.000000
NSGA-II,418,41800,98,50.0000,3996.8362,1174.5529,54.0714,4143.8187,1184.4042,0.000000
NSGA-II,419,41900,99,50.0000,3996.8362,1174.5529,54.0909,4141.2268,1184.3047,0.000000
NSGA-II,420,42000,99,50.0000,3996.8362,1174.5529,54.0707,4139.3408,1184.1932,0.000000
NSGA-II,421,42100,99,50.0000,3996.8362,1174.5529,54.0808,4137.0423,1184.1083,0.000000
NSGA-II,422,42200,99,50.0000,3996.8362,1174.5529,54.0101,4139.5238,1184.0074,0.000000
NSGA-II,423,42300,99,50.0000,3996.8362,1174.5529,53.9697,4139.4531,1183.8270,0.000000
NSGA-II,424,42400,99,50.0000,3996.8362,1174.5529,53.8788,4139.2491,1184.1780,0.000000
NSGA-II,425,42500,99,50.0000,3996.8362,1174.5529,53.8788,4139.2491,1184.1780,0.000000
NSGA-II,426,42600,99,50.0000,3975.1164,1174.5529,53.8586,4137.5677,1184.1091,0.000000
NSGA-II,427,42700,99,50.0000,3975.1164,1174.5529,53.7677,4134.5832,1184.2789,0.000000
NSGA-II,428,42800,99,50.0000,3975.1164,1174.5529,53.8283,4132.6810,1184.2629,0.000000
NSGA-II,429,42900,99,50.0000,3975.1164,1174.5529,53.8283,4132.3440,1184.2629,0.000000
NSGA-II,430,43000,99,50.0000,3975.1164,1174.5529,53.6869,4133.8366,1184.7701,0.000000
NSGA-II,431,43100,99,50.0000,3975.1164,1174.5529,53.6768,4136.0894,1184.6156,0.000000
NSGA-II,432,43200,99,50.0000,3975.1164,1174.5529,53.6364,4136.9195,1184.5940,0.000000
NSGA-II,433,43300,99,50.0000,3975.1164,1174.5529,53.6061,4137.2638,1184.3546,0.000000
NSGA-II,434,43400,100,49.0000,3975.1164,1174.5529,53.5700,4138.2699,1184.2566,0.000000
NSGA-II,435,43500,100,49.0000,3947.4192,1174.5529,53.4800,4137.5143,1184.5376,0.000000
NSGA-II,436,43600,100,49.0000,3947.4192,1174.5529,53.5100,4133.5637,1184.5217,0.000000
NSGA-II,437,43700,100,49.0000,3947.4192,1174.5529,53.5100,4133.5637,1184.5217,0.000000
NSGA-II,438,43800,100,49.0000,3947.4192,1174.5529,53.4700,4132.7290,1184.6747,0.000000
NSGA-II,439,43900,100,49.0000,3947.4192,1174.5529,53.4300,4130.0398,1185.0099,0.000000
NSGA-II,440,44000,100,49.0000,3947.4192,1174.5529,53.4000,4128.4275,1185.2469,0.000000
NSGA-II,441,44100,100,49.0000,3947.4192,1174.5529,53.4500,4130.0499,1184.5021,0.000000
NSGA-II,442,44200,100,49.0000,3947.4192,1174.5529,53.5500,4124.1884,1184.2894,0.000000
NSGA-II,443,44300,100,49.0000,3947.4192,1174.5529,53.5300,4120.9108,1184.4637,0.000000
NSGA-II,444,44400,100,49.0000,3947.4192,1174.5529,53.4800,4117.6248,1184.2267,0.000000
NSGA-II,445,44500,100,49.0000,3947.4192,1174.5529,53.3900,4117.6217,1184.3955,0.000000
NSGA-II,446,44600,100,49.0000,3947.4192,1174.5529,53.3500,4121.3933,1184.4114,0.000000
NSGA-II,447,44700,100,49.0000,3947.4192,1174.5529,53.3400,4121.0408,1184.4114,0.000000
NSGA-II,448,44800,100,49.0000,3947.4192,1174.5529,53.3400,4120.8608,1184.4114,0.000000
NSGA-II,449,44900,100,49.0000,3947.4192,1174.5529,53.3300,4120.7869,1184.5643,0.000000
NSGA-II,450,45000,100,49.0000,3947.4192,1174.5529,53.3300,4120.7499,1184.5643,0.000000
NSGA-II,451,45100,100,49.0000,3947.4192,1174.5529,53.3100,4120.4088,1184.5643,0.000000
NSGA-II,452,45200,100,49.0000,3947.4192,1174.5529,53.3100,4120.4088,1184.5643,0.000000
NSGA-II,453,45300,100,49.0000,3947.4192,1174.5529,53.3200,4118.6200,1184.5643,0.000000
NSGA-II,454,45400,100,49.0000,3947.4192,1174.5529,53.2400,4121.0951,1184.6483,0.000000
NSGA-II,455,45500,100,49.0000,3947.4192,1174.5529,53.2500,4119.9667,1184.5484,0.000000
NSGA-II,456,45600,100,49.0000,3947.4192,1174.5529,53.3400,4116.6693,1183.9322,0.000000
NSGA-II,457,45700,100,49.0000,3947.4192,1174.5529,53.3200,4115.0267,1183.9322,0.000000
NSGA-II,458,45800,100,49.0000,3947.4192,1174.5529,53.1500,4113.4134,1184.6567,0.000000
NSGA-II,459,45900,100,49.0000,3947.4192,1174.5529,53.1300,4113.7148,1184.1627,0.000000
NSGA-II,460,46000,100,49.0000,3947.4192,1174.5529,53.1200,4113.6028,1183.7750,0.000000
NSGA-II,461,46100,100,49.0000,3947.4192,1174.5529,53.1200,4112.5216,1183.6069,0.000000
NSGA-II,462,46200,100,49.0000,3947.4192,1174.5529,53.0800,4111.7421,1183.6593,0.000000
NSGA-II,463,46300,100,49.0000,3947.4192,1174.5529,52.9600,4111.3199,1184.2181,0.000000
NSGA-II,464,46400,100,49.0000,3947.4192,1174.5529,52.9600,4109.8886,1184.2863,0.000000
NSGA-II,465,46500,100,49.0000,3947.4192,1174.5529,52.9000,4110.3359,1183.6290,0.000000
NSGA-II,466,46600,100,49.0000,3947.4192,1174.5529,52.9500,4105.9527,1183.6132,0.000000
NSGA-II,467,46700,100,49.0000,3947.4192,1174.5529,52.8700,4104.8007,1183.7978,0.000000
NSGA-II,468,46800,100,49.0000,3947.4192,1174.5529,52.8700,4103.3215,1183.6290,0.000000
NSGA-II,469,46900,100,49.0000,3947.4192,1174.5529,52.7800,4105.4108,1183.7600,0.000000
NSGA-II,470,47000,100,49.0000,3947.4192,1174.5529,52.7300,4106.2348,1184.5368,0.000000
NSGA-II,471,47100,100,49.0000,3947.4192,1174.5529,52.7600,4101.0328,1184.7202,0.000000
NSGA-II,472,47200,100,49.0000,3947.4192,1174.5529,52.7000,4098.0545,1184.6733,0.000000
NSGA-II,473,47300,100,49.0000,3947.4192,1174.5529,52.6700,4096.4481,1184.7256,0.000000
NSGA-II,474,47400,100,49.0000,3947.4192,1174.5529,52.5600,4094.8895,1185.1306,0.000000
NSGA-II,475,47500,100,49.0000,3947.4192,1174.5529,52.4800,4093.7758,1185.3628,0.000000
NSGA-II,476,47600,100,49.0000,3947.4192,1174.5529,52.4500,4094.3773,1185.5315,0.000000
NSGA-II,477,47700,100,49.0000,3947.4192,1174.5529,52.4500,4093.3221,1185.2263,0.000000
NSGA-II,478,47800,100,49.0000,3947.4192,1174.5529,52.3300,4085.2457,1185.4108,0.000000
NSGA-II,479,47900,100,49.0000,3947.4192,1174.5529,52.3300,4085.0703,1185.4108,0.000000
NSGA-II,480,48000,100,49.0000,3947.4192,1174.5529,52.2700,4087.7062,1185.1757,0.000000
NSGA-II,481,48100,100,49.0000,3947.4192,1174.5529,52.2300,4089.7253,1185.4545,0.000000
NSGA-II,482,48200,100,49.0000,3947.4192,1174.5529,52.1500,4087.3019,1185.8856,0.000000
NSGA-II,483,48300,100,49.0000,3947.4192,1174.5529,52.1200,4085.1301,1185.6149,0.000000
NSGA-II,484,48400,100,49.0000,3947.4192,1174.5529,52.0700,4083.6968,1185.6989,0.000000
NSGA-II,485,48500,100,49.0000,3947.4192,1174.5529,52.0700,4083.3592,1185.6989,0.000000
NSGA-II,486,48600,100,49.0000,3947.4192,1174.5529,52.0600,4081.9211,1185.8878,0.000000
NSGA-II,487,48700,100,49.0000,3947.4192,1174.5529,52.0500,4081.7922,1185.4843,0.000000
NSGA-II,488,48800,100,49.0000,3947.4192,1174.5529,52.0300,4082.4138,1185.3155,0.000000
NSGA-II,489,48900,100,49.0000,3947.4192,1174.5529,52.0000,4082.7416,1185.5683,0.000000
NSGA-II,490,49000,100,49.0000,3923.4942,1174.5529,51.8600,4083.6396,1185.4785,0.000000
NSGA-II,491,49100,100,49.0000,3923.4942,1174.5529,51.8400,4083.4849,1185.5046,0.000000
NSGA-II,492,49200,100,49.0000,3923.4942,1174.5529,51.7900,4082.9665,1185.5887,0.000000
NSGA-II,493,49300,100,49.0000,3923.4942,1174.5529,51.7500,4085.7216,1185.6727,0.000000
NSGA-II,494,49400,100,49.0000,3923.4942,1174.5529,51.7500,4081.9381,1185.7984,0.000000
NSGA-II,495,49500,100,49.0000,3923.4942,1174.5529,51.7100,4085.5274,1185.8142,0.000000
NSGA-II,496,49600,100,49.0000,3923.4942,1174.5529,51.7100,4085.5274,1185.8142,0.000000
NSGA-II,497,49700,100,49.0000,3923.4942,1174.5529,51.7500,4082.8261,1185.7302,0.000000
NSGA-II,498,49800,100,49.0000,3923.4942,1174.5529,51.7000,4083.3861,1185.7460,0.000000
NSGA-II,499,49900,100,49.0000,3923.4942,1174.5529,51.7200,4081.0188,1185.4932,0.000000
NSGA-II,500,50000,100,49.0000,3923.4942,1174.5529,51.7500,4080.6725,1185.4250,0.000000
NSGA-II,501,50100,99,49.0000,3923.4942,1174.5529,51.6970,4077.6409,1186.0157,0.000000
NSGA-II,502,50200,99,49.0000,3923.4942,1174.5529,51.6970,4080.8593,1185.3846,0.000000
NSGA-II,503,50300,99,49.0000,3923.4942,1174.5529,51.6364,4081.1267,1185.3738,0.000000
NSGA-II,504,50400,99,49.0000,3923.4942,1174.5529,51.6364,4081.1267,1185.3738,0.000000
NSGA-II,505,50500,99,49.0000,3923.4942,1174.5529,51.6364,4080.4326,1185.3375,0.000000
NSGA-II,506,50600,99,49.0000,3902.9978,1174.5529,51.5657,4076.5882,1185.6510,0.000000
NSGA-II,507,50700,98,49.0000,3902.9978,1174.5529,51.5000,4076.7976,1185.8338,0.000000
NSGA-II,508,50800,98,49.0000,3902.9978,1174.5529,51.3980,4083.7958,1186.0918,0.000000
NSGA-II,509,50900,98,48.0000,3902.9978,1174.5529,51.3163,4087.0653,1186.0918,0.000000
NSGA-II,510,51000,98,48.0000,3902.9978,1174.5529,51.3367,4086.1704,1186.0060,0.000000
NSGA-II,511,51100,98,48.0000,3902.9978,1174.5529,51.2959,4082.7066,1186.0646,0.000000
NSGA-II,512,51200,98,48.0000,3902.9978,1174.5529,51.2041,4081.7531,1186.7087,0.000000
NSGA-II,513,51300,99,48.0000,3902.9978,1174.5529,51.1919,4079.6841,1186.7404,0.000000
NSGA-II,514,51400,99,48.0000,3902.9978,1174.5529,51.1616,4074.6449,1186.6909,0.000000
NSGA-II,515,51500,99,48.0000,3902.9978,1174.5529,51.1717,4069.7828,1186.3921,0.000000
NSGA-II,516,51600,99,48.0000,3902.9978,1174.5529,51.0909,4069.8293,1186.4770,0.000000
NSGA-II,517,51700,99,48.0000,3902.9978,1174.5529,51.0000,4075.2499,1187.0291,0.000000
NSGA-II,518,51800,99,48.0000,3902.9978,1174.5529,51.0000,4074.4721,1186.8508,0.000000
NSGA-II,519,51900,99,48.0000,3902.9978,1174.5529,50.9596,4074.6354,1186.7819,0.000000
NSGA-II,520,52000,99,48.0000,3902.9978,1174.5529,50.9899,4066.0597,1186.1730,0.000000
NSGA-II,521,52100,99,48.0000,3902.9978,1174.5529,50.9596,4066.2378,1186.1730,0.000000
NSGA-II,522,52200,99,48.0000,3902.9978,1174.5529,50.9495,4065.0270,1186.5499,0.000000
NSGA-II,523,52300,99,48.0000,3902.9978,1174.5529,50.9495,4065.0270,1186.5499,0.000000
NSGA-II,524,52400,99,48.0000,3902.9978,1174.5529,50.9495,4060.0069,1186.8473,0.000000
NSGA-II,525,52500,99,48.0000,3902.9978,1174.5529,50.8485,4058.9825,1187.0894,0.000000
NSGA-II,526,52600,99,48.0000,3902.9978,1174.5529,50.8485,4058.3637,1187.0894,0.000000
NSGA-II,527,52700,99,48.0000,3902.9978,1174.5529,50.8485,4058.3637,1187.0894,0.000000
NSGA-II,528,52800,99,48.0000,3902.9978,1174.5529,50.8384,4057.4926,1187.3868,0.000000
NSGA-II,529,52900,99,48.0000,3902.9978,1174.5529,50.8384,4057.4926,1187.3868,0.000000
NSGA-II,530,53000,99,48.0000,3902.9978,1174.5529,50.8384,4057.4926,1187.3868,0.000000
NSGA-II,531,53100,99,48.0000,3902.9978,1174.5529,50.7677,4057.3312,1187.7691,0.000000
NSGA-II,532,53200,99,48.0000,3902.9978,1174.5529,50.7576,4051.7776,1187.8271,0.000000
NSGA-II,533,53300,99,48.0000,3902.9978,1174.5529,50.7778,4051.2890,1187.8960,0.000000
NSGA-II,534,53400,99,48.0000,3902.9978,1174.5529,50.7778,4051.2890,1187.8960,0.000000
NSGA-II,535,53500,99,48.0000,3902.9978,1174.5529,50.7677,4047.3089,1188.2095,0.000000
NSGA-II,536,53600,99,48.0000,3902.9978,1174.5529,50.7677,4046.0667,1187.7091,0.000000
NSGA-II,537,53700,99,48.0000,3902.9978,1174.5529,50.7778,4043.5478,1187.5119,0.000000
NSGA-II,538,53800,99,48.0000,3902.9978,1174.5529,50.7475,4042.9353,1187.4430,0.000000
NSGA-II,539,53900,99,48.0000,3902.9978,1174.5529,50.7576,4042.9749,1188.3667,0.000000
NSGA-II,540,54000,99,48.0000,3897.1016,1174.5529,50.7273,4040.2316,1188.7694,0.000000
NSGA-II,541,54100,99,48.0000,3897.1016,1174.5529,50.7273,4040.2316,1188.7694,0.000000
NSGA-II,542,54200,99,48.0000,3897.1016,1174.5529,50.7172,4038.7830,1189.1063,0.000000
NSGA-II,543,54300,99,48.0000,3897.1016,1174.5529,50.6667,4038.7959,1189.3517,0.000000
NSGA-II,544,54400,99,48.0000,3897.1016,1174.5529,50.6970,4037.6128,1189.1123,0.000000
NSGA-II,545,54500,99,48.0000,3897.1016,1174.5529,50.6970,4037.6128,1189.1123,0.000000
NSGA-II,546,54600,99,48.0000,3897.1016,1174.5529,50.6263,4039.0432,1189.2828,0.000000
NSGA-II,547,54700,99,48.0000,3897.1016,1174.5529,50.6263,4039.0432,1189.2828,0.000000
NSGA-II,548,54800,99,48.0000,3897.1016,1174.5529,50.6263,4035.7171,1189.0434,0.000000
NSGA-II,549,54900,99,48.0000,3897.1016,1174.5529,50.5455,4036.0033,1189.3053,0.000000
NSGA-II,550,55000,98,48.0000,3897.1016,1174.5529,50.5204,4036.2611,1189.4558,0.000000
NSGA-II,551,55100,99,48.0000,3897.1016,1174.5529,50.5051,4035.2961,1189.3053,0.000000
NSGA-II,552,55200,99,48.0000,3897.1016,1174.5529,50.5253,4034.5029,1189.3053,0.000000
NSGA-II,553,55300,99,48.0000,3897.1016,1174.5529,50.5152,4033.0852,1189.3742,0.000000
NSGA-II,554,55400,99,48.0000,3881.4959,1174.5529,50.4646,4031.9832,1189.3742,0.000000
NSGA-II,555,55500,99,48.0000,3881.4959,1174.5529,50.4343,4032.9378,1189.9633,0.000000
NSGA-II,556,55600,99,48.0000,3881.4959,1174.5529,50.4444,4030.0664,1189.3987,0.000000
NSGA-II,557,55700,99,48.0000,3881.4959,1174.5529,50.4444,4029.5285,1189.3987,0.000000
NSGA-II,558,55800,99,48.0000,3881.4959,1174.5529,50.4242,4031.0762,1189.3616,0.000000
NSGA-II,559,55900,99,48.0000,3881.4959,1174.5529,50.3939,4029.3125,1189.1872,0.000000
NSGA-II,560,56000,99,48.0000,3881.4959,1174.5529,50.4141,4027.0650,1189.0167,0.000000
NSGA-II,561,56100,99,48.0000,3881.4959,1174.5529,50.3636,4026.7257,1189.4475,0.000000
NSGA-II,562,56200,99,48.0000,3881.4959,1174.5529,50.3636,4026.7257,1189.4475,0.000000
NSGA-II,563,56300,99,48.0000,3881.4959,1174.5529,50.3030,4026.2044,1189.6543,0.000000
NSGA-II,564,56400,99,48.0000,3881.4959,1174.5529,50.2727,4029.3375,1189.7392,0.000000
NSGA-II,565,56500,99,48.0000,3881.4959,1174.5529,50.2929,4027.7027,1189.9679,0.000000
NSGA-II,566,56600,99,48.0000,3876.6468,1174.5529,50.2828,4024.8253,1189.8640,0.000000
NSGA-II,567,56700,99,48.0000,3876.6468,1174.5529,50.2727,4022.0256,1190.1236,0.000000
NSGA-II,568,56800,99,48.0000,3876.6468,1174.5529,50.2929,4019.7361,1189.8843,0.000000
NSGA-II,569,56900,99,48.0000,3876.6468,1174.5529,50.2929,4019.7361,1189.8843,0.000000
NSGA-II,570,57000,99,48.0000,3876.6468,1174.5529,50.2828,4019.7807,1189.8843,0.000000
NSGA-II,571,57100,99,48.0000,3876.6468,1174.5529,50.2828,4015.2180,1189.4274,0.000000
NSGA-II,572,57200,99,48.0000,3876.6468,1174.5529,50.2727,4012.0022,1189.6559,0.000000
NSGA-II,573,57300,99,48.0000,3876.6468,1174.5529,50.2626,4011.3300,1189.6559,0.000000
NSGA-II,574,57400,99,48.0000,3876.6468,1174.5529,50.2727,4010.8975,1189.7988,0.000000
NSGA-II,575,57500,99,48.0000,3876.6468,1174.5529,50.2525,4014.7701,1189.5497,0.000000
NSGA-II,576,57600,99,48.0000,3876.6468,1174.5529,50.2525,4014.7701,1189.5497,0.000000
NSGA-II,577,57700,99,48.0000,3876.6468,1174.5529,50.2525,4007.6152,1190.1519,0.000000
NSGA-II,578,57800,99,48.0000,3876.6468,1174.5529,50.1818,4005.1922,1190.4654,0.000000
NSGA-II,579,57900,98,48.0000,3876.6468,1174.5529,50.1939,4004.5408,1190.6169,0.000000
NSGA-II,580,58000,98,48.0000,3876.6468,1174.5529,50.1735,4004.2324,1190.6169,0.000000
NSGA-II,581,58100,98,47.0000,3834.5880,1174.5529,50.1224,3999.2240,1190.2587,0.000000
NSGA-II,582,58200,98,47.0000,3834.5880,1174.5529,50.1020,3998.5827,1190.2587,0.000000
NSGA-II,583,58300,98,47.0000,3834.5880,1174.5529,50.0714,3998.1402,1190.2335,0.000000
NSGA-II,584,58400,98,47.0000,3834.5880,1174.5529,50.0714,3998.1402,1190.2335,0.000000
NSGA-II,585,58500,98,47.0000,3834.5880,1174.5529,50.0714,3998.1402,1190.2335,0.000000
NSGA-II,586,58600,98,47.0000,3834.5880,1174.5529,50.0816,3995.7018,1190.5577,0.000000
NSGA-II,587,58700,98,47.0000,3834.5880,1174.5529,50.0612,3994.8769,1190.5577,0.000000
NSGA-II,588,58800,98,47.0000,3834.5880,1174.5529,50.0510,3997.7012,1190.4138,0.000000
NSGA-II,589,58900,99,47.0000,3834.5880,1174.5529,50.0606,3999.2173,1190.7579,0.000000
NSGA-II,590,59000,99,47.0000,3834.5880,1174.5529,50.0808,3997.1958,1190.0622,0.000000
NSGA-II,591,59100,99,47.0000,3834.5880,1174.5529,50.0808,3997.1958,1190.0622,0.000000
NSGA-II,592,59200,99,47.0000,3834.5880,1174.5529,50.0909,3996.3961,1189.6345,0.000000
NSGA-II,593,59300,99,47.0000,3834.5880,1174.5529,50.0909,3996.3961,1189.6345,0.000000
NSGA-II,594,59400,99,47.0000,3834.5880,1174.5529,50.0202,3998.5985,1190.1873,0.000000
NSGA-II,595,59500,99,47.0000,3834.5880,1174.5529,50.0707,3996.8962,1190.2287,0.000000
NSGA-II,596,59600,99,47.0000,3834.5880,1174.5529,50.0202,3993.2603,1190.0218,0.000000
NSGA-II,597,59700,99,47.0000,3834.5880,1174.5529,50.0101,3989.7898,1190.3192,0.000000
NSGA-II,598,59800,99,47.0000,3834.5880,1174.5529,49.9899,3990.6882,1190.1074,0.000000
NSGA-II,599,59900,99,47.0000,3834.5880,1174.5529,49.9899,3990.1456,1189.7251,0.000000
NSGA-II,600,60000,99,47.0000,3834.5880,1174.5529,49.9697,3990.5247,1190.0435,0.000000
NSGA-II,601,60100,99,47.0000,3834.5880,1174.5529,49.9394,3990.7439,1190.1865,0.000000
NSGA-II,602,60200,99,47.0000,3834.5880,1174.5529,49.9394,3989.1071,1190.3409,0.000000
NSGA-II,603,60300,99,47.0000,3834.5880,1174.5529,49.9091,3988.6655,1190.3409,0.000000
NSGA-II,604,60400,99,47.0000,3834.5880,1174.5529,49.9495,3984.1853,1190.1541,0.000000
NSGA-II,605,60500,99,47.0000,3834.5880,1174.5529,49.9495,3984.1853,1190.1541,0.000000
NSGA-II,606,60600,99,47.0000,3834.5880,1174.5529,49.9495,3983.3647,1190.3659,0.000000
NSGA-II,607,60700,99,47.0000,3834.5880,1174.5529,49.9192,3982.3196,1190.6584,0.000000
NSGA-II,608,60800,98,47.0000,3834.5880,1174.5529,49.9184,3982.5901,1190.4823,0.000000
NSGA-II,609,60900,98,47.0000,3834.5880,1174.5529,49.9184,3982.5901,1190.4823,0.000000
NSGA-II,610,61000,98,47.0000,3834.5880,1174.5529,49.9388,3981.6271,1190.6963,0.000000
NSGA-II,611,61100,98,47.0000,3834.5880,1174.5529,49.9388,3981.6271,1190.6963,0.000000
NSGA-II,612,61200,98,47.0000,3834.5880,1174.5529,49.9388,3981.6271,1190.6963,0.000000
NSGA-II,613,61300,99,47.0000,3834.5880,1174.5529,49.8990,3982.0226,1190.9156,0.000000
NSGA-II,614,61400,99,47.0000,3834.5880,1174.5529,49.9293,3981.2319,1190.6022,0.000000
NSGA-II,615,61500,99,47.0000,3834.5880,1174.5529,49.8889,3980.4521,1190.9392,0.000000
NSGA-II,616,61600,99,47.0000,3834.5880,1174.5529,49.8384,3980.5634,1190.8014,0.000000
NSGA-II,617,61700,99,47.0000,3834.5880,1174.5529,49.8990,3974.4117,1190.4771,0.000000
NSGA-II,618,61800,98,47.0000,3834.5880,1174.5529,49.9082,3972.8559,1190.3121,0.000000
NSGA-II,619,61900,98,47.0000,3834.5880,1174.5529,49.9184,3971.6639,1189.9717,0.000000
NSGA-II,620,62000,97,47.0000,3834.5880,1174.5529,49.9381,3971.0969,1189.7404,0.000000
NSGA-II,621,62100,97,47.0000,3834.5880,1174.5529,49.9794,3969.1383,1189.7241,0.000000
NSGA-II,622,62200,98,47.0000,3834.5880,1174.5529,49.9388,3968.1525,1189.5693,0.000000
NSGA-II,623,62300,98,47.0000,3834.5880,1174.5529,49.9286,3965.7888,1189.5997,0.000000
NSGA-II,624,62400,99,47.0000,3834.5880,1174.5529,49.9091,3966.7182,1189.4477,0.000000
NSGA-II,625,62500,99,47.0000,3834.5880,1174.5529,49.9293,3963.0787,1189.6969,0.000000
NSGA-II,626,62600,99,47.0000,3834.5880,1174.5529,49.8990,3963.8529,1189.5963,0.000000
NSGA-II,627,62700,99,47.0000,3834.5880,1174.5529,49.8889,3963.4829,1189.5963,0.000000
NSGA-II,628,62800,99,47.0000,3834.5880,1174.5529,49.9192,3961.4167,1189.3146,0.000000
NSGA-II,629,62900,99,47.0000,3834.5880,1174.5529,49.9192,3961.1915,1189.1716,0.000000
NSGA-II,630,63000,99,47.0000,3834.5880,1174.5529,49.8586,3961.1548,1189.4397,0.000000
NSGA-II,631,63100,99,47.0000,3834.5880,1174.5529,49.9091,3951.2144,1188.7174,0.000000
NSGA-II,632,63200,99,47.0000,3834.5880,1174.5529,49.8788,3949.1171,1188.9292,0.000000
NSGA-II,633,63300,99,47.0000,3834.5880,1174.5529,49.8788,3947.9530,1188.9292,0.000000
NSGA-II,634,63400,99,47.0000,3834.5880,1174.5529,49.8788,3947.8167,1189.1411,0.000000
NSGA-II,635,63500,99,47.0000,3834.5880,1174.5529,49.8788,3946.6977,1188.8654,0.000000
NSGA-II,636,63600,99,47.0000,3834.5880,1174.5529,49.8788,3946.6977,1188.8654,0.000000
NSGA-II,637,63700,99,47.0000,3834.5880,1174.5529,49.8485,3946.9097,1188.5412,0.000000
NSGA-II,638,63800,99,47.0000,3834.5880,1174.5529,49.8485,3946.9097,1188.5412,0.000000
NSGA-II,639,63900,99,47.0000,3834.5880,1174.5529,49.8485,3946.1709,1188.8782,0.000000
NSGA-II,640,64000,99,47.0000,3834.5880,1174.5529,49.8889,3945.7988,1188.4959,0.000000
NSGA-II,641,64100,99,47.0000,3834.5880,1174.5529,49.8485,3945.8403,1188.7404,0.000000
NSGA-II,642,64200,99,47.0000,3834.5880,1174.5529,49.8990,3944.8114,1188.5700,0.000000
NSGA-II,643,64300,99,47.0000,3834.5880,1174.5529,49.8990,3944.6638,1188.3306,0.000000
NSGA-II,644,64400,99,47.0000,3834.5880,1174.5529,49.8586,3942.9175,1188.6063,0.000000
NSGA-II,645,64500,99,47.0000,3812.5257,1174.5529,49.8182,3941.7468,1188.5374,0.000000
NSGA-II,646,64600,100,47.0000,3812.5257,1174.5529,49.8600,3937.8563,1188.4101,0.000000
NSGA-II,647,64700,99,47.0000,3812.5257,1174.5529,49.8485,3936.4565,1188.2131,0.000000
NSGA-II,648,64800,100,47.0000,3812.5257,1174.5529,49.8600,3936.1331,1188.4101,0.000000
NSGA-II,649,64900,100,47.0000,3812.5257,1174.5529,49.8700,3935.3908,1188.4101,0.000000
NSGA-II,650,65000,100,47.0000,3812.5257,1174.5529,49.8400,3935.2422,1188.4101,0.000000
NSGA-II,651,65100,100,47.0000,3812.5257,1174.5529,49.8600,3934.3453,1188.2004,0.000000
NSGA-II,652,65200,100,47.0000,3812.5257,1174.5529,49.8600,3932.5623,1187.8144,0.000000
NSGA-II,653,65300,100,47.0000,3812.5257,1174.5529,49.8400,3931.0233,1187.4359,0.000000
NSGA-II,654,65400,100,47.0000,3812.5257,1174.5529,49.7500,3932.9475,1187.7088,0.000000
NSGA-II,655,65500,100,47.0000,3812.5257,1174.5529,49.7400,3932.8964,1187.7088,0.000000
NSGA-II,656,65600,100,47.0000,3812.5257,1174.5529,49.6200,3933.4164,1187.8327,0.000000
NSGA-II,657,65700,100,47.0000,3812.5257,1174.5529,49.5800,3931.1062,1188.5664,0.000000
NSGA-II,658,65800,100,47.0000,3812.5257,1174.5529,49.6000,3930.1346,1188.2561,0.000000
NSGA-II,659,65900,100,47.0000,3812.5257,1174.5529,49.5800,3928.7439,1188.5216,0.000000
NSGA-II,660,66000,100,47.0000,3812.5257,1174.5529,49.5100,3927.7481,1188.5055,0.000000
NSGA-II,661,66100,100,47.0000,3812.5257,1174.5529,49.5100,3927.1954,1188.1285,0.000000
NSGA-II,662,66200,100,47.0000,3812.5257,1174.5529,49.4700,3927.7100,1188.4621,0.000000
NSGA-II,663,66300,100,47.0000,3812.5257,1174.5529,49.4700,3927.3392,1188.3382,0.000000
NSGA-II,664,66400,100,47.0000,3812.5257,1174.5529,49.4100,3928.7352,1188.2511,0.000000
NSGA-II,665,66500,100,47.0000,3812.5257,1174.5529,49.3700,3928.3749,1188.2511,0.000000
NSGA-II,666,66600,100,47.0000,3812.5257,1174.5529,49.3400,3928.4862,1187.6396,0.000000
NSGA-II,667,66700,100,47.0000,3812.5257,1174.5529,49.3200,3926.9586,1187.6396,0.000000
NSGA-II,668,66800,100,47.0000,3812.5257,1174.5529,49.3200,3926.9586,1187.6396,0.000000
NSGA-II,669,66900,100,47.0000,3812.5257,1174.5529,49.2800,3926.6331,1187.9283,0.000000
NSGA-II,670,67000,100,47.0000,3812.5257,1174.5529,49.3500,3923.5017,1187.1031,0.000000
NSGA-II,671,67100,100,47.0000,3812.5257,1174.5529,49.3200,3923.8596,1187.7133,0.000000
NSGA-II,672,67200,100,47.0000,3812.5257,1174.5529,49.3300,3920.7471,1187.9426,0.000000
NSGA-II,673,67300,100,47.0000,3812.5257,1174.5529,49.3300,3920.7471,1187.9426,0.000000
NSGA-II,674,67400,100,47.0000,3812.5257,1174.5529,49.3300,3920.7471,1187.9426,0.000000
NSGA-II,675,67500,100,47.0000,3720.3273,1174.5529,49.2500,3918.9445,1187.6198,0.000000
NSGA-II,676,67600,100,47.0000,3720.3273,1174.5529,49.1900,3919.7284,1187.9534,0.000000
NSGA-II,677,67700,100,47.0000,3720.3273,1174.5529,49.2100,3917.6303,1187.5749,0.000000
NSGA-II,678,67800,100,46.0000,3720.3273,1174.5529,49.1300,3915.3648,1187.8403,0.000000
NSGA-II,679,67900,100,46.0000,3720.3273,1174.5529,49.0900,3914.4548,1187.9010,0.000000
NSGA-II,680,68000,100,46.0000,3720.3273,1174.5529,49.0200,3913.2781,1188.0257,0.000000
NSGA-II,681,68100,100,46.0000,3720.3273,1174.5529,48.9200,3912.5983,1188.1081,0.000000
NSGA-II,682,68200,100,46.0000,3720.3273,1174.5529,48.9500,3911.2063,1187.7744,0.000000
NSGA-II,683,68300,100,46.0000,3720.3273,1174.5529,48.9400,3910.7718,1187.3960,0.000000
NSGA-II,684,68400,100,46.0000,3720.3273,1174.5529,48.9600,3909.2900,1187.3960,0.000000
NSGA-II,685,68500,100,46.0000,3720.3273,1174.5529,48.9200,3906.8165,1187.2480,0.000000
NSGA-II,686,68600,100,46.0000,3720.3273,1174.5529,48.8700,3905.9220,1187.5368,0.000000
NSGA-II,687,68700,100,46.0000,3720.3273,1174.5529,48.8200,3906.1037,1187.2588,0.000000
NSGA-II,688,68800,100,46.0000,3720.3273,1174.5529,48.8400,3903.6131,1187.4686,0.000000
NSGA-II,689,68900,100,46.0000,3720.3273,1174.5529,48.8500,3898.3843,1186.7034,0.000000
NSGA-II,690,69000,100,46.0000,3720.3273,1174.5529,48.8100,3896.2946,1186.2041,0.000000
NSGA-II,691,69100,100,46.0000,3720.3273,1174.5529,48.7800,3895.6976,1186.6520,0.000000
NSGA-II,692,69200,100,46.0000,3720.3273,1174.5529,48.7600,3894.9903,1186.8131,0.000000
NSGA-II,693,69300,100,46.0000,3720.3273,1174.5529,48.7100,3894.9421,1186.6476,0.000000
NSGA-II,694,69400,100,46.0000,3720.3273,1174.5529,48.7100,3894.9421,1186.6476,0.000000
NSGA-II,695,69500,100,46.0000,3720.3273,1174.5529,48.6600,3895.0324,1186.3139,0.000000
NSGA-II,696,69600,100,46.0000,3720.3273,1174.5529,48.6600,3895.0324,1186.3139,0.000000
NSGA-II,697,69700,100,45.0000,3720.3273,1174.5529,48.6300,3894.8451,1185.9803,0.000000
NSGA-II,698,69800,100,45.0000,3720.3273,1174.5529,48.6200,3890.7084,1185.6985,0.000000
NSGA-II,699,69900,100,45.0000,3720.3273,1174.5529,48.5800,3891.6281,1185.4887,0.000000
NSGA-II,700,70000,100,45.0000,3720.3273,1174.5529,48.5800,3890.1477,1185.4439,0.000000
NSGA-II,701,70100,100,45.0000,3720.3273,1174.5529,48.6000,3889.5326,1185.4439,0.000000
NSGA-II,702,70200,100,45.0000,3720.3273,1174.5529,48.5500,3890.0006,1185.3580,0.000000
NSGA-II,703,70300,100,45.0000,3720.3273,1174.5529,48.5400,3886.9878,1185.0329,0.000000
NSGA-II,704,70400,100,45.0000,3720.3273,1174.5529,48.5200,3885.5583,1184.5721,0.000000
NSGA-II,705,70500,100,45.0000,3720.3273,1174.5529,48.5300,3884.9906,1184.5721,0.000000
NSGA-II,706,70600,100,45.0000,3720.3273,1174.5529,48.5100,3886.5097,1184.9664,0.000000
NSGA-II,707,70700,100,45.0000,3720.3273,1174.5529,48.5500,3883.7071,1183.3217,0.000000
NSGA-II,708,70800,100,45.0000,3720.3273,1174.5529,48.5300,3882.5346,1183.9890,0.000000
NSGA-II,709,70900,100,45.0000,3720.3273,1174.5529,48.4200,3882.3611,1184.2837,0.000000
NSGA-II,710,71000,100,45.0000,3720.3273,1174.5529,48.4400,3877.9959,1184.5130,0.000000
NSGA-II,711,71100,100,45.0000,3720.3273,1174.5529,48.3900,3878.9006,1184.5130,0.000000
NSGA-II,712,71200,100,45.0000,3720.3273,1174.5529,48.3800,3877.9045,1184.5130,0.000000
NSGA-II,713,71300,100,45.0000,3720.3273,1174.5529,48.3500,3877.5940,1184.6232,0.000000
NSGA-II,714,71400,100,45.0000,3720.3273,1174.5529,48.3300,3875.1654,1184.9801,0.000000
NSGA-II,715,71500,99,45.0000,3720.3273,1174.5529,48.2727,3873.9718,1185.6717,0.000000
NSGA-II,716,71600,99,45.0000,3720.3273,1174.5529,48.2929,3871.1243,1185.5663,0.000000
NSGA-II,717,71700,99,45.0000,3720.3273,1174.5529,48.3434,3866.0527,1184.5101,0.000000
NSGA-II,718,71800,99,45.0000,3720.3273,1174.5529,48.3434,3865.4067,1184.5101,0.000000
NSGA-II,719,71900,99,45.0000,3720.3273,1174.5529,48.3232,3864.8662,1184.1731,0.000000
NSGA-II,720,72000,99,45.0000,3720.3273,1174.5529,48.3232,3864.7705,1184.1731,0.000000
NSGA-II,721,72100,99,45.0000,3720.3273,1174.5529,48.3333,3863.4516,1184.2072,0.000000
NSGA-II,722,72200,99,45.0000,3720.3273,1174.5529,48.3838,3860.3219,1183.6259,0.000000
NSGA-II,723,72300,99,45.0000,3720.3273,1174.5529,48.3131,3859.5326,1183.9628,0.000000
NSGA-II,724,72400,99,45.0000,3720.3273,1174.5529,48.2121,3859.9573,1184.1412,0.000000
NSGA-II,725,72500,99,45.0000,3720.3273,1174.5529,48.2222,3859.2022,1184.4335,0.000000
NSGA-II,726,72600,99,45.0000,3720.3273,1174.5529,48.1818,3858.0473,1184.4335,0.000000
NSGA-II,727,72700,99,45.0000,3720.3273,1174.5529,48.2020,3855.0653,1184.4335,0.000000
NSGA-II,728,72800,99,45.0000,3720.3273,1174.5529,48.1919,3855.0536,1184.4662,0.000000
NSGA-II,729,72900,99,45.0000,3720.3273,1174.5529,48.1818,3853.9618,1184.4662,0.000000
NSGA-II,730,73000,99,45.0000,3720.3273,1174.5529,48.1717,3852.5109,1184.4662,0.000000
NSGA-II,731,73100,99,45.0000,3720.3273,1174.5529,48.1818,3850.6313,1184.4662,0.000000
NSGA-II,732,73200,99,45.0000,3720.3273,1174.5529,48.1111,3850.6270,1184.4662,0.000000
NSGA-II,733,73300,99,45.0000,3720.3273,1174.5529,48.1313,3848.7802,1184.1292,0.000000
NSGA-II,734,73400,99,45.0000,3720.3273,1174.5529,48.1515,3845.4387,1183.7922,0.000000
NSGA-II,735,73500,99,45.0000,3720.3273,1174.5529,48.0404,3845.9153,1183.2060,0.000000
NSGA-II,736,73600,100,45.0000,3704.4131,1174.5529,48.0500,3844.5609,1183.2296,0.000000
NSGA-II,737,73700,100,45.0000,3704.4131,1174.5529,48.0500,3844.5609,1183.2296,0.000000
NSGA-II,738,73800,100,45.0000,3704.4131,1174.5529,48.0500,3842.8408,1183.1194,0.000000
NSGA-II,739,73900,100,45.0000,3704.4131,1174.5529,48.0600,3841.2390,1183.1194,0.000000
NSGA-II,740,74000,100,45.0000,3704.4131,1174.5529,48.0300,3840.8458,1183.1071,0.000000
NSGA-II,741,74100,100,45.0000,3704.4131,1174.5529,48.0200,3839.8142,1182.8778,0.000000
NSGA-II,742,74200,100,45.0000,3704.4131,1174.5529,47.9900,3837.9589,1182.5884,0.000000
NSGA-II,743,74300,100,45.0000,3704.4131,1174.5529,47.9800,3837.2994,1182.6325,0.000000
NSGA-II,744,74400,100,45.0000,3704.4131,1174.5529,47.9600,3836.6499,1182.8793,0.000000
NSGA-II,745,74500,100,45.0000,3704.4131,1174.5529,47.9600,3836.6499,1182.8793,0.000000
NSGA-II,746,74600,100,45.0000,3704.4131,1174.5529,47.9600,3836.6499,1182.8793,0.000000
NSGA-II,747,74700,100,45.0000,3704.4131,1174.5529,47.9500,3835.8043,1183.1261,0.000000
NSGA-II,748,74800,100,45.0000,3704.4131,1174.5529,47.8700,3834.7746,1183.4597,0.000000
NSGA-II,749,74900,100,45.0000,3704.4131,1174.5529,47.8400,3835.9416,1183.1261,0.000000
NSGA-II,750,75000,99,45.0000,3704.4131,1174.5529,47.7778,3836.4011,1183.0323,0.000000
NSGA-II,751,75100,100,45.0000,3704.4131,1174.5529,47.8100,3836.4092,1183.0577,0.000000
NSGA-II,752,75200,100,45.0000,3704.4131,1174.5529,47.7600,3836.6464,1183.5117,0.000000
NSGA-II,753,75300,100,45.0000,3704.4131,1174.5529,47.8000,3834.2074,1183.4808,0.000000
NSGA-II,754,75400,100,45.0000,3704.4131,1174.5529,47.7700,3835.1119,1184.0449,0.000000
NSGA-II,755,75500,100,45.0000,3674.1610,1174.5529,47.7500,3832.5985,1184.0449,0.000000
NSGA-II,756,75600,100,45.0000,3674.1610,1174.5529,47.7300,3833.0057,1183.8156,0.000000
NSGA-II,757,75700,100,45.0000,3674.1610,1174.5529,47.7300,3830.3045,1183.8156,0.000000
NSGA-II,758,75800,100,45.0000,3674.1610,1174.5529,47.7100,3829.5536,1183.8838,0.000000
NSGA-II,759,75900,100,45.0000,3674.1610,1174.5529,47.6600,3827.4578,1184.3276,0.000000
NSGA-II,760,76000,100,45.0000,3674.1610,1174.5529,47.6600,3827.4578,1184.3276,0.000000
NSGA-II,761,76100,100,45.0000,3674.1610,1174.5529,47.6500,3826.4217,1183.7634,0.000000
NSGA-II,762,76200,100,45.0000,3674.1610,1174.5529,47.6800,3822.9173,1183.8361,0.000000
NSGA-II,763,76300,100,45.0000,3674.1610,1174.5529,47.6400,3821.8367,1184.1697,0.000000
NSGA-II,764,76400,100,45.0000,3674.1610,1174.5529,47.6300,3820.4589,1184.2799,0.000000
NSGA-II,765,76500,99,45.0000,3674.1610,1174.5529,47.6162,3820.7678,1184.1289,0.000000
NSGA-II,766,76600,99,45.0000,3674.1610,1174.5529,47.6162,3820.5514,1184.1289,0.000000
NSGA-II,767,76700,100,45.0000,3674.1610,1174.5529,47.6100,3821.1869,1184.0331,0.000000
NSGA-II,768,76800,100,45.0000,3674.1610,1174.5529,47.6300,3819.4516,1184.0046,0.000000
NSGA-II,769,76900,100,45.0000,3674.1610,1174.5529,47.6300,3815.9706,1184.0046,0.000000
NSGA-II,770,77000,100,44.0000,3674.1610,1174.5529,47.5500,3813.2962,1184.0046,0.000000
NSGA-II,771,77100,100,44.0000,3674.1610,1174.5529,47.5500,3810.3996,1184.2566,0.000000
NSGA-II,772,77200,99,44.0000,3674.1610,1174.5529,47.5051,3809.4502,1184.5113,0.000000
NSGA-II,773,77300,99,44.0000,3674.1610,1174.5529,47.4848,3810.0840,1184.5559,0.000000
NSGA-II,774,77400,99,44.0000,3666.5073,1174.5529,47.5253,3806.2805,1184.5536,0.000000
NSGA-II,775,77500,99,44.0000,3666.5073,1174.5529,47.5253,3804.9034,1184.5536,0.000000
NSGA-II,776,77600,99,44.0000,3666.5073,1174.5529,47.5152,3801.8747,1184.2167,0.000000
NSGA-II,777,77700,99,44.0000,3666.5073,1174.5529,47.4949,3797.2434,1184.5440,0.000000
NSGA-II,778,77800,99,44.0000,3666.5073,1174.5529,47.4848,3794.2557,1184.2070,0.000000
NSGA-II,779,77900,99,44.0000,3666.5073,1174.5529,47.4444,3794.3768,1184.5440,0.000000
NSGA-II,780,78000,99,44.0000,3666.5073,1174.5529,47.4444,3793.0092,1184.4236,0.000000
NSGA-II,781,78100,99,44.0000,3666.5073,1174.5529,47.4646,3791.5468,1184.4236,0.000000
NSGA-II,782,78200,99,44.0000,3666.5073,1174.5529,47.4646,3791.5468,1184.4236,0.000000
NSGA-II,783,78300,99,44.0000,3666.5073,1174.5529,47.4242,3788.9627,1184.6462,0.000000
NSGA-II,784,78400,99,44.0000,3617.0392,1174.5529,47.4141,3785.0177,1184.6462,0.000000
NSGA-II,785,78500,99,44.0000,3617.0392,1174.5529,47.4242,3783.9431,1184.5773,0.000000
NSGA-II,786,78600,100,44.0000,3617.0392,1174.5529,47.3900,3783.1690,1184.9794,0.000000
NSGA-II,787,78700,100,44.0000,3617.0392,1174.5529,47.4000,3780.8748,1185.4173,0.000000
NSGA-II,788,78800,100,44.0000,3617.0392,1174.5529,47.3600,3781.0611,1185.0837,0.000000
NSGA-II,789,78900,100,44.0000,3617.0392,1174.5529,47.3600,3780.3382,1185.4173,0.000000
NSGA-II,790,79000,100,44.0000,3617.0392,1174.5529,47.3600,3780.3382,1185.4173,0.000000
NSGA-II,791,79100,100,44.0000,3617.0392,1174.5529,47.3200,3780.8227,1185.4173,0.000000
NSGA-II,792,79200,100,44.0000,3617.0392,1174.5529,47.2600,3779.3237,1185.1706,0.000000
NSGA-II,793,79300,100,44.0000,3617.0392,1174.5529,47.2600,3779.3237,1185.1706,0.000000
NSGA-II,794,79400,100,44.0000,3617.0392,1174.5529,47.2600,3777.5387,1184.7921,0.000000
NSGA-II,795,79500,100,44.0000,3617.0392,1174.5529,47.2000,3777.7934,1185.1843,0.000000
NSGA-II,796,79600,100,44.0000,3617.0392,1174.5529,47.1300,3777.5712,1184.9550,0.000000
NSGA-II,797,79700,100,44.0000,3617.0392,1174.5529,47.0700,3776.7703,1184.9550,0.000000
NSGA-II,798,79800,100,44.0000,3617.0392,1174.5529,47.0500,3776.3036,1184.9550,0.000000
NSGA-II,799,79900,100,44.0000,3617.0392,1174.5529,47.0300,3775.5392,1184.9550,0.000000
NSGA-II,800,80000,100,44.0000,3617.0392,1174.5529,47.0300,3775.5392,1184.9550,0.000000
NSGA-II,801,80100,100,44.0000,3617.0392,1174.5529,47.0500,3771.0825,1185.2229,0.000000
NSGA-II,802,80200,100,44.0000,3617.0392,1174.5529,47.0200,3770.3967,1185.4249,0.000000
NSGA-II,803,80300,100,44.0000,3617.0392,1174.5529,47.0300,3769.9261,1185.0912,0.000000
NSGA-II,804,80400,100,44.0000,3617.0392,1174.5529,47.0200,3769.3156,1185.4835,0.000000
NSGA-II,805,80500,100,44.0000,3617.0392,1174.5529,47.0400,3767.4423,1185.1499,0.000000
NSGA-II,806,80600,100,44.0000,3617.0392,1174.5529,47.0400,3765.3796,1185.3733,0.000000
NSGA-II,807,80700,100,44.0000,3617.0392,1174.5529,47.0100,3764.5773,1185.7069,0.000000
NSGA-II,808,80800,100,44.0000,3589.9791,1174.5529,46.9800,3762.0713,1185.5421,0.000000
NSGA-II,809,80900,100,44.0000,3589.9791,1174.5529,47.0200,3760.7984,1184.8749,0.000000
NSGA-II,810,81000,100,44.0000,3589.9791,1174.5529,47.0300,3761.5761,1184.9306,0.000000
NSGA-II,811,81100,100,44.0000,3589.9791,1174.5529,47.0300,3761.5761,1184.9306,0.000000
NSGA-II,812,81200,100,44.0000,3589.9791,1174.5529,46.9800,3760.7947,1185.4330,0.000000
NSGA-II,813,81300,100,44.0000,3589.9791,1174.5529,46.9100,3759.9532,1185.0729,0.000000
NSGA-II,814,81400,100,44.0000,3589.9791,1174.5529,46.9100,3756.9949,1184.7393,0.000000
NSGA-II,815,81500,100,44.0000,3589.9791,1174.5529,46.9100,3756.9949,1184.7393,0.000000
NSGA-II,816,81600,100,44.0000,3589.9791,1174.5529,46.8300,3756.8965,1184.5705,0.000000
NSGA-II,817,81700,100,44.0000,3589.9791,1174.5529,46.8300,3752.5838,1184.9041,0.000000
NSGA-II,818,81800,100,44.0000,3589.9791,1174.5529,46.7900,3752.0771,1185.2377,0.000000
NSGA-II,819,81900,100,44.0000,3589.9791,1174.5529,46.8000,3750.2774,1185.0143,0.000000
NSGA-II,820,82000,100,44.0000,3589.9791,1174.5529,46.7700,3751.3869,1185.0143,0.000000
NSGA-II,821,82100,99,44.0000,3589.9791,1174.5529,46.6970,3752.9308,1184.4224,0.000000
NSGA-II,822,82200,99,44.0000,3589.9791,1174.5529,46.7172,3752.6808,1184.7594,0.000000
NSGA-II,823,82300,99,44.0000,3589.9791,1174.5529,46.7071,3751.3288,1184.7594,0.000000
NSGA-II,824,82400,99,44.0000,3589.9791,1174.5529,46.6768,3752.3236,1185.5518,0.000000
NSGA-II,825,82500,99,44.0000,3545.3962,1174.5529,46.6162,3751.4895,1185.6110,0.000000
NSGA-II,826,82600,99,44.0000,3545.3962,1174.5529,46.5859,3747.6047,1184.7399,0.000000
NSGA-II,827,82700,99,44.0000,3545.3962,1174.5529,46.5960,3747.1308,1184.7399,0.000000
NSGA-II,828,82800,99,44.0000,3545.3962,1174.5529,46.5859,3744.9399,1184.6840,0.000000
NSGA-II,829,82900,100,44.0000,3545.3962,1174.5529,46.5700,3739.7252,1184.1318,0.000000
NSGA-II,830,83000,100,44.0000,3545.3962,1174.5529,46.6000,3736.9956,1183.4865,0.000000
NSGA-II,831,83100,100,44.0000,3545.3962,1174.5529,46.5300,3736.5327,1183.2044,0.000000
NSGA-II,832,83200,100,44.0000,3545.3962,1174.5529,46.5400,3735.0603,1183.1176,0.000000
NSGA-II,833,83300,100,44.0000,3545.3962,1174.5529,46.4900,3733.4749,1183.4297,0.000000
NSGA-II,834,83400,100,44.0000,3545.3962,1174.5529,46.5100,3733.3946,1183.0961,0.000000
NSGA-II,835,83500,100,44.0000,3545.3962,1174.5529,46.5100,3733.3946,1183.0961,0.000000
NSGA-II,836,83600,100,44.0000,3545.3962,1174.5529,46.4900,3733.1313,1183.4081,0.000000
NSGA-II,837,83700,100,44.0000,3545.3962,1174.5529,46.5200,3731.3055,1183.5183,0.000000
NSGA-II,838,83800,100,44.0000,3545.3962,1174.5529,46.5500,3726.8188,1183.4501,0.000000
NSGA-II,839,83900,100,44.0000,3545.3962,1174.5529,46.5500,3726.8188,1183.4501,0.000000
NSGA-II,840,84000,100,43.0000,3545.3962,1174.5529,46.5000,3724.3134,1183.6945,0.000000
NSGA-II,841,84100,100,43.0000,3545.3962,1174.5529,46.4300,3722.8388,1184.7031,0.000000
NSGA-II,842,84200,100,43.0000,3545.3962,1174.5529,46.3600,3722.1838,1184.7250,0.000000
NSGA-II,843,84300,100,43.0000,3545.3962,1174.5529,46.3500,3722.6114,1184.7580,0.000000
NSGA-II,844,84400,100,42.0000,3545.3962,1174.5529,46.3100,3721.3166,1184.7799,0.000000
NSGA-II,845,84500,100,42.0000,3545.3962,1174.5529,46.3000,3717.6722,1184.8457,0.000000
NSGA-II,846,84600,100,42.0000,3545.3962,1174.5529,46.2400,3718.1931,1185.0476,0.000000
NSGA-II,847,84700,100,42.0000,3545.3962,1174.5529,46.2400,3717.9135,1184.5339,0.000000
NSGA-II,848,84800,100,42.0000,3545.3962,1174.5529,46.2200,3718.2381,1184.6441,0.000000
NSGA-II,849,84900,100,42.0000,3545.3962,1174.5529,46.1500,3716.7357,1184.6660,0.000000
NSGA-II,850,85000,100,42.0000,3545.3962,1174.5529,46.1600,3713.4836,1184.5420,0.000000
NSGA-II,851,85100,100,42.0000,3545.3962,1174.5529,46.1700,3710.5838,1184.2384,0.000000
NSGA-II,852,85200,100,42.0000,3545.3962,1174.5529,46.1600,3709.8739,1183.8124,0.000000
NSGA-II,853,85300,100,42.0000,3545.3962,1174.5529,46.1600,3709.4747,1183.7538,0.000000
NSGA-II,854,85400,100,42.0000,3545.3962,1174.5529,46.1700,3706.8479,1183.9844,0.000000
NSGA-II,855,85500,100,42.0000,3545.3962,1174.5529,46.1100,3708.3376,1183.7210,0.000000
NSGA-II,856,85600,100,42.0000,3545.3962,1174.5529,46.0900,3706.5121,1183.6293,0.000000
NSGA-II,857,85700,100,42.0000,3545.3962,1174.5529,46.0500,3705.0175,1183.3400,0.000000
NSGA-II,858,85800,100,42.0000,3545.3962,1174.5529,46.0300,3704.7843,1183.5371,0.000000
NSGA-II,859,85900,100,42.0000,3545.3962,1174.5529,46.0100,3704.6089,1183.2034,0.000000
NSGA-II,860,86000,100,42.0000,3545.3962,1174.5529,46.0000,3703.7265,1183.2688,0.000000
NSGA-II,861,86100,100,42.0000,3545.3962,1174.5529,45.9800,3702.1855,1183.6024,0.000000
NSGA-II,862,86200,100,42.0000,3545.3962,1174.5529,45.9300,3699.6619,1183.2024,0.000000
NSGA-II,863,86300,100,42.0000,3545.3962,1174.5529,45.9300,3698.1585,1183.3815,0.000000
NSGA-II,864,86400,100,42.0000,3545.3962,1174.5529,45.9300,3692.3479,1183.6918,0.000000
NSGA-II,865,86500,100,42.0000,3545.3962,1174.5529,45.9300,3692.3479,1183.6918,0.000000
NSGA-II,866,86600,100,42.0000,3545.3962,1174.5529,45.8500,3693.0847,1183.6918,0.000000
NSGA-II,867,86700,100,42.0000,3545.3962,1174.5529,45.7700,3691.5508,1183.8238,0.000000
NSGA-II,868,86800,100,42.0000,3545.3962,1174.5529,45.8000,3688.7525,1183.5565,0.000000
NSGA-II,869,86900,99,42.0000,3545.3962,1174.5529,45.8384,3686.9653,1183.3104,0.000000
NSGA-II,870,87000,99,42.0000,3545.3962,1174.5529,45.7778,3685.1640,1182.8345,0.000000
NSGA-II,871,87100,99,42.0000,3545.3962,1174.5529,45.7172,3685.2228,1182.8380,0.000000
NSGA-II,872,87200,99,42.0000,3545.3962,1174.5529,45.6869,3683.9846,1182.9493,0.000000
NSGA-II,873,87300,99,42.0000,3545.3962,1174.5529,45.6768,3682.9173,1182.9493,0.000000
NSGA-II,874,87400,99,42.0000,3545.3962,1174.5529,45.6566,3681.6075,1183.0147,0.000000
NSGA-II,875,87500,99,42.0000,3545.3962,1174.5529,45.6869,3678.0149,1182.6032,0.000000
NSGA-II,876,87600,99,42.0000,3545.3962,1174.5529,45.6970,3677.6923,1182.6032,0.000000
NSGA-II,877,87700,99,42.0000,3545.3962,1174.5529,45.6667,3677.6814,1182.6032,0.000000
NSGA-II,878,87800,99,42.0000,3545.3962,1174.5529,45.6263,3674.1576,1183.1656,0.000000
NSGA-II,879,87900,98,42.0000,3545.3962,1174.5529,45.5918,3674.1436,1183.2535,0.000000
NSGA-II,880,88000,98,42.0000,3545.3962,1174.5529,45.5714,3674.4742,1183.5487,0.000000
NSGA-II,881,88100,98,42.0000,3545.3962,1174.5529,45.5918,3673.2932,1183.0958,0.000000
NSGA-II,882,88200,98,42.0000,3545.3962,1174.5529,45.5510,3673.3127,1183.4143,0.000000
NSGA-II,883,88300,98,42.0000,3545.3962,1174.5529,45.5408,3671.1366,1183.3242,0.000000
NSGA-II,884,88400,98,42.0000,3545.3962,1174.5529,45.4694,3673.5403,1183.2122,0.000000
NSGA-II,885,88500,98,42.0000,3545.3962,1174.5529,45.5102,3669.5461,1182.8457,0.000000
NSGA-II,886,88600,97,42.0000,3545.3962,1174.5529,45.5361,3667.5393,1182.7005,0.000000
NSGA-II,887,88700,97,42.0000,3519.0299,1174.5529,45.4227,3666.1881,1182.5412,0.000000
NSGA-II,888,88800,97,42.0000,3519.0299,1174.5529,45.4639,3663.6606,1181.9443,0.000000
NSGA-II,889,88900,97,42.0000,3519.0299,1174.5529,45.4536,3661.8425,1181.5430,0.000000
NSGA-II,890,89000,97,41.0000,3519.0299,1174.5529,45.4433,3659.7814,1181.4295,0.000000
NSGA-II,891,89100,98,41.0000,3519.0299,1174.5529,45.4184,3657.4219,1181.1979,0.000000
NSGA-II,892,89200,98,41.0000,3519.0299,1174.5529,45.4388,3656.7385,1181.0855,0.000000
NSGA-II,893,89300,98,41.0000,3519.0299,1174.5529,45.4388,3656.3265,1180.9954,0.000000
NSGA-II,894,89400,98,41.0000,3519.0299,1174.5529,45.4286,3655.6528,1180.9954,0.000000
NSGA-II,895,89500,98,41.0000,3519.0299,1174.5529,45.4286,3655.6528,1180.9954,0.000000
NSGA-II,896,89600,98,41.0000,3519.0299,1174.5529,45.4184,3654.6993,1180.9954,0.000000
NSGA-II,897,89700,98,41.0000,3519.0299,1174.5529,45.3673,3651.4914,1181.0054,0.000000
NSGA-II,898,89800,98,41.0000,3519.0299,1174.5529,45.3776,3650.1078,1181.0054,0.000000
NSGA-II,899,89900,98,41.0000,3519.0299,1174.5529,45.3163,3650.3948,1181.0278,0.000000
NSGA-II,900,90000,98,41.0000,3519.0299,1174.5529,45.1735,3650.1367,1181.0724,0.000000
NSGA-II,901,90100,98,41.0000,3519.0299,1174.5529,45.1735,3650.1367,1181.0724,0.000000
NSGA-II,902,90200,98,41.0000,3519.0299,1174.5529,45.1531,3648.8751,1180.8667,0.000000
NSGA-II,903,90300,98,41.0000,3519.0299,1174.5529,45.1531,3645.4805,1180.5716,0.000000
NSGA-II,904,90400,98,41.0000,3519.0299,1174.5529,45.1122,3645.1564,1180.5940,0.000000
NSGA-II,905,90500,98,41.0000,3519.0299,1174.5529,45.0612,3644.8259,1180.8000,0.000000
NSGA-II,906,90600,98,41.0000,3519.0299,1174.5529,45.0918,3640.3122,1180.5272,0.000000
NSGA-II,907,90700,98,41.0000,3519.0299,1174.5529,45.0510,3638.9934,1180.8000,0.000000
NSGA-II,908,90800,98,41.0000,3519.0299,1174.5529,45.0510,3635.2382,1180.5272,0.000000
NSGA-II,909,90900,98,41.0000,3519.0299,1174.5529,45.0306,3633.4126,1180.6397,0.000000
NSGA-II,910,91000,98,41.0000,3519.0299,1174.5529,45.0408,3630.8374,1180.6620,0.000000
NSGA-II,911,91100,98,41.0000,3519.0299,1174.5529,45.0408,3630.6995,1180.6620,0.000000
NSGA-II,912,91200,99,41.0000,3519.0299,1174.5529,45.1010,3629.9872,1180.3302,0.000000
NSGA-II,913,91300,99,41.0000,3519.0299,1174.5529,45.0404,3628.6874,1180.3524,0.000000
NSGA-II,914,91400,99,41.0000,3497.3747,1174.5529,44.9697,3625.6897,1180.1802,0.000000
NSGA-II,915,91500,99,41.0000,3497.3747,1174.5529,44.9192,3626.1989,1179.8871,0.000000
NSGA-II,916,91600,100,41.0000,3497.3747,1174.5529,44.8700,3624.1048,1180.0576,0.000000
NSGA-II,917,91700,100,41.0000,3497.3747,1174.5529,44.8000,3623.5718,1180.1017,0.000000
NSGA-II,918,91800,100,41.0000,3497.3747,1174.5529,44.7500,3623.0804,1180.1017,0.000000
NSGA-II,919,91900,100,41.0000,3497.3747,1174.5529,44.7500,3621.4813,1180.1017,0.000000
NSGA-II,920,92000,100,41.0000,3497.3747,1174.5529,44.7000,3621.9514,1179.9217,0.000000
NSGA-II,921,92100,100,41.0000,3497.3747,1174.5529,44.6300,3621.4980,1179.9436,0.000000
NSGA-II,922,92200,100,41.0000,3481.3977,1174.5529,44.6200,3619.6126,1179.2764,0.000000
NSGA-II,923,92300,100,41.0000,3481.3977,1174.5529,44.6100,3621.7145,1178.9897,0.000000
NSGA-II,924,92400,100,41.0000,3481.3977,1174.5529,44.5400,3618.5012,1178.9676,0.000000
NSGA-II,925,92500,100,41.0000,3481.3977,1174.5529,44.5300,3618.0550,1178.9676,0.000000
NSGA-II,926,92600,100,41.0000,3481.3977,1174.5529,44.5700,3615.7633,1178.9676,0.000000
NSGA-II,927,92700,100,41.0000,3481.3977,1174.5529,44.5900,3615.8467,1178.5479,0.000000
NSGA-II,928,92800,100,41.0000,3481.3977,1174.5529,44.6100,3614.7636,1178.6397,0.000000
NSGA-II,929,92900,100,41.0000,3481.3977,1174.5529,44.6100,3614.7636,1178.6397,0.000000
NSGA-II,930,93000,100,41.0000,3481.3977,1174.5529,44.6000,3614.0988,1178.5479,0.000000
NSGA-II,931,93100,100,41.0000,3481.3977,1174.5529,44.5800,3614.6179,1178.5698,0.000000
NSGA-II,932,93200,100,41.0000,3481.3977,1174.5529,44.5300,3614.5672,1178.8815,0.000000
NSGA-II,933,93300,100,41.0000,3481.3977,1174.5529,44.5900,3614.8518,1178.7495,0.000000
NSGA-II,934,93400,100,41.0000,3481.3977,1174.5529,44.5500,3614.9819,1178.7713,0.000000
NSGA-II,935,93500,100,41.0000,3481.3977,1174.5529,44.5300,3614.3876,1178.7713,0.000000
NSGA-II,936,93600,100,41.0000,3481.3977,1174.5529,44.5300,3614.3876,1178.7713,0.000000
NSGA-II,937,93700,100,41.0000,3481.3977,1174.5529,44.5000,3613.7672,1178.5228,0.000000
NSGA-II,938,93800,100,41.0000,3481.3977,1174.5529,44.5000,3613.0649,1178.5228,0.000000
NSGA-II,939,93900,99,41.0000,3481.3977,1174.5529,44.5051,3610.8924,1178.4737,0.000000
NSGA-II,940,94000,99,41.0000,3481.3977,1174.5529,44.5152,3610.5088,1178.4737,0.000000
NSGA-II,941,94100,99,41.0000,3481.3977,1174.5529,44.5051,3610.0029,1178.4615,0.000000
NSGA-II,942,94200,99,41.0000,3481.3977,1174.5529,44.4848,3609.3927,1178.4615,0.000000
NSGA-II,943,94300,99,41.0000,3481.3977,1174.5529,44.4040,3608.8498,1178.4836,0.000000
NSGA-II,944,94400,100,41.0000,3481.3977,1174.5529,44.4200,3605.3618,1178.4345,0.000000
NSGA-II,945,94500,100,41.0000,3481.3977,1174.5529,44.4300,3604.5379,1178.4126,0.000000
NSGA-II,946,94600,100,41.0000,3481.3977,1174.5529,44.3700,3602.0554,1178.4345,0.000000
NSGA-II,947,94700,100,41.0000,3481.3977,1174.5529,44.3300,3601.4065,1178.4345,0.000000
NSGA-II,948,94800,100,41.0000,3481.3977,1174.5529,44.3300,3601.2510,1178.4345,0.000000
NSGA-II,949,94900,100,41.0000,3481.3977,1174.5529,44.3200,3599.9472,1178.5027,0.000000
NSGA-II,950,95000,100,41.0000,3481.3977,1174.5529,44.2400,3599.0099,1178.7701,0.000000
NSGA-II,951,95100,100,41.0000,3481.3977,1174.5529,44.2500,3598.4367,1178.7482,0.000000
NSGA-II,952,95200,100,41.0000,3481.3977,1174.5529,44.2500,3598.2548,1178.6599,0.000000
NSGA-II,953,95300,99,41.0000,3481.3977,1174.5529,44.2525,3596.3306,1178.8955,0.000000
NSGA-II,954,95400,99,41.0000,3481.3977,1174.5529,44.2323,3597.0414,1179.2325,0.000000
NSGA-II,955,95500,99,41.0000,3481.3977,1174.5529,44.2424,3595.7722,1178.9176,0.000000
NSGA-II,956,95600,99,41.0000,3481.3977,1174.5529,44.2222,3595.5660,1178.8955,0.000000
NSGA-II,957,95700,99,41.0000,3481.3977,1174.5529,44.2626,3603.4085,1178.5617,0.000000
NSGA-II,958,95800,99,41.0000,3481.3977,1174.5529,44.1919,3596.3063,1178.2022,0.000000
NSGA-II,959,95900,99,41.0000,3481.3977,1174.5529,44.2020,3594.7378,1178.0669,0.000000
NSGA-II,960,96000,99,41.0000,3481.3977,1174.5529,44.1515,3594.7346,1177.6186,0.000000
NSGA-II,961,96100,99,41.0000,3481.3977,1174.5529,44.1515,3593.9076,1177.4835,0.000000
NSGA-II,962,96200,99,41.0000,3481.3977,1174.5529,44.1515,3593.9076,1177.4835,0.000000
NSGA-II,963,96300,99,41.0000,3481.3977,1174.5529,44.1515,3592.4112,1177.4835,0.000000
NSGA-II,964,96400,99,41.0000,3480.3847,1174.5529,44.1515,3590.6793,1177.4835,0.000000
NSGA-II,965,96500,99,41.0000,3480.3847,1174.5529,44.1515,3590.6793,1177.4835,0.000000
NSGA-II,966,96600,99,41.0000,3480.3847,1174.5529,44.0909,3590.0738,1177.3477,0.000000
NSGA-II,967,96700,99,41.0000,3480.3847,1174.5529,44.1111,3589.5741,1177.5735,0.000000
NSGA-II,968,96800,99,41.0000,3480.3847,1174.5529,44.1414,3588.5693,1177.6627,0.000000
NSGA-II,969,96900,99,41.0000,3480.3847,1174.5529,44.1111,3589.6877,1177.9236,0.000000
NSGA-II,970,97000,99,41.0000,3480.3847,1174.5529,44.1010,3588.8941,1177.9236,0.000000
NSGA-II,971,97100,99,41.0000,3480.3847,1174.5529,44.0909,3586.8566,1177.9704,0.000000
NSGA-II,972,97200,99,41.0000,3480.3847,1174.5529,43.9899,3584.3717,1178.2186,0.000000
NSGA-II,973,97300,99,41.0000,3480.3847,1174.5529,43.9899,3585.0379,1178.4445,0.000000
NSGA-II,974,97400,99,41.0000,3480.3847,1174.5529,44.0000,3582.7820,1178.7138,0.000000
NSGA-II,975,97500,99,41.0000,3480.3847,1174.5529,43.9394,3582.0235,1178.7359,0.000000
NSGA-II,976,97600,99,41.0000,3480.3847,1174.5529,44.0202,3582.0252,1178.5127,0.000000
NSGA-II,977,97700,99,41.0000,3480.3847,1174.5529,44.0202,3582.0252,1178.5127,0.000000
NSGA-II,978,97800,99,41.0000,3480.3847,1174.5529,44.0000,3580.5005,1178.5352,0.000000
NSGA-II,979,97900,99,41.0000,3480.3847,1174.5529,43.9798,3579.7623,1178.5352,0.000000
NSGA-II,980,98000,99,40.0000,3450.4565,1174.5529,43.9495,3578.3858,1178.2873,0.000000
NSGA-II,981,98100,99,40.0000,3450.4565,1174.5529,43.9394,3581.8137,1177.8834,0.000000
NSGA-II,982,98200,100,40.0000,3450.4565,1174.5529,43.9900,3584.0275,1177.6262,0.000000
NSGA-II,983,98300,100,40.0000,3450.4565,1174.5529,43.9500,3582.5487,1177.8936,0.000000
NSGA-II,984,98400,100,40.0000,3450.4565,1174.5529,43.9900,3582.1289,1177.8717,0.000000
NSGA-II,985,98500,100,40.0000,3450.4565,1174.5529,44.0300,3579.7251,1177.9180,0.000000
NSGA-II,986,98600,100,40.0000,3450.4565,1174.5529,44.0300,3579.7251,1177.9180,0.000000
NSGA-II,987,98700,100,40.0000,3450.4565,1174.5529,44.0500,3579.5128,1177.8961,0.000000
NSGA-II,988,98800,100,40.0000,3450.4565,1174.5529,44.0500,3578.3051,1177.8961,0.000000
NSGA-II,989,98900,100,40.0000,3450.4565,1174.5529,44.0500,3578.3051,1177.8961,0.000000
NSGA-II,990,99000,100,40.0000,3450.4565,1174.5529,44.1000,3576.7070,1177.8056,0.000000
NSGA-II,991,99100,100,40.0000,3450.4565,1174.5529,44.1200,3575.8253,1177.8056,0.000000
NSGA-II,992,99200,100,40.0000,3450.4565,1174.5529,44.1500,3575.5783,1177.8056,0.000000
NSGA-II,993,99300,100,40.0000,3450.4565,1174.5529,44.1500,3574.7306,1177.8056,0.000000
NSGA-II,994,99400,100,40.0000,3450.4565,1174.5529,44.1500,3573.1484,1177.8275,0.000000
NSGA-II,995,99500,100,40.0000,3450.4565,1174.5529,44.1500,3573.1484,1177.8275,0.000000
NSGA-II,996,99600,100,40.0000,3450.4565,1174.5529,44.0600,3572.7969,1178.2948,0.000000
NSGA-II,997,99700,100,40.0000,3447.3446,1174.5529,43.9600,3569.4761,1178.3167,0.000000
NSGA-II,998,99800,100,40.0000,3447.3446,1174.5529,43.9700,3570.5351,1178.2948,0.000000
NSGA-II,999,99900,100,40.0000,3447.3446,1174.5529,43.8500,3567.8564,1178.5840,0.000000
NSGA-II,1000,100000,100,40.0000,3447.3446,1174.5529,43.8300,3567.9409,1178.5840,0.000000
MOEA/D,1,105,0,,,,,,,0.110122
MOEA/D,2,210,93,80.0000,5175.3334,1174.5529,82.0108,5234.0567,1184.7498,0.000000
MOEA/D,3,315,105,77.0000,5084.9683,1174.5529,78.8667,5151.0398,1179.2432,0.000000
MOEA/D,4,420,105,76.0000,5045.0370,1174.5529,77.8095,5087.2236,1187.9080,0.000000
MOEA/D,5,525,105,75.0000,4999.3833,1174.5529,76.9048,5053.8133,1191.1387,0.000000
MOEA/D,6,630,105,76.0000,4981.4936,1174.5529,76.8000,5012.8323,1177.7633,0.000000
MOEA/D,7,735,105,75.0000,4950.5342,1174.5529,76.3714,4990.7162,1175.4885,0.000000
MOEA/D,8,840,105,74.0000,4913.7724,1174.5529,75.4952,4965.7708,1176.5448,0.000000
MOEA/D,9,945,105,73.0000,4913.7724,1174.5529,75.6095,4947.1433,1176.2976,0.000000
MOEA/D,10,1050,105,73.0000,4888.1305,1174.5529,75.1810,4926.4171,1175.8903,0.000000
MOEA/D,11,1155,105,73.0000,4864.2161,1174.5529,75.1333,4897.6533,1183.7698,0.000000
MOEA/D,12,1260,105,73.0000,4842.6288,1174.9688,74.8095,4870.9841,1181.8160,0.000000
MOEA/D,13,1365,105,71.0000,4774.8336,1174.9688,74.1238,4837.6909,1185.4439,0.000000
MOEA/D,14,1470,105,72.0000,4774.8336,1174.9688,73.7429,4818.8320,1184.1297,0.000000
MOEA/D,15,1575,105,71.0000,4744.6010,1174.5529,72.5714,4770.6836,1187.2862,0.000000
MOEA/D,16,1680,105,71.0000,4744.6010,1174.5529,72.5714,4768.3875,1187.6719,0.000000
MOEA/D,17,1785,105,71.0000,4740.1232,1174.9688,72.3143,4755.8899,1188.6244,0.000000
MOEA/D,18,1890,105,70.0000,4740.1232,1174.9688,72.0381,4754.3970,1186.8682,0.000000
MOEA/D,19,1995,105,70.0000,4722.5872,1177.2201,71.7143,4748.9227,1186.4301,0.000000
MOEA/D,20,2100,105,70.0000,4722.5872,1177.2201,71.6095,4747.4605,1186.5976,0.000000
MOEA/D,21,2205,105,70.0000,4717.1799,1177.2201,71.0762,4738.6325,1187.6023,0.000000
MOEA/D,22,2310,105,70.0000,4717.1799,1177.2201,70.9619,4735.7439,1187.4349,0.000000
MOEA/D,23,2415,105,70.0000,4717.1799,1177.2201,70.9333,4735.7332,1187.4349,0.000000
MOEA/D,24,2520,105,69.0000,4659.5998,1177.2201,70.1619,4705.4101,1196.2578,0.000000
MOEA/D,25,2625,105,68.0000,4589.1302,1177.2201,69.3238,4668.4547,1199.3472,0.000000
MOEA/D,26,2730,105,67.0000,4589.1302,1177.2201,68.7238,4649.1140,1200.7795,0.000000
MOEA/D,27,2835,105,67.0000,4555.1964,1177.2201,68.5143,4622.3138,1198.3994,0.000000
MOEA/D,28,2940,105,64.0000,4555.1964,1194.8029,66.8000,4587.2005,1198.1746,0.000000
MOEA/D,29,3045,105,64.0000,4549.7890,1194.8029,66.9714,4580.7668,1197.6457,0.000000
MOEA/D,30,3150,105,64.0000,4549.7890,1194.8029,66.8095,4577.0684,1197.5796,0.000000
MOEA/D,31,3255,105,64.0000,4549.7890,1194.8029,66.5619,4567.9779,1198.2407,0.000000
MOEA/D,32,3360,105,63.0000,4505.3350,1194.8029,65.7619,4551.1390,1196.8524,0.000000
MOEA/D,33,3465,105,64.0000,4486.0294,1194.8029,65.9810,4546.9163,1196.8524,0.000000
MOEA/D,34,3570,105,63.0000,4486.0294,1194.8029,65.5238,4531.8162,1197.4755,0.000000
MOEA/D,35,3675,105,63.0000,4486.0294,1194.8029,65.0381,4515.4065,1197.1450,0.000000
MOEA/D,36,3780,105,63.0000,4480.8662,1194.8029,65.1524,4510.0088,1196.6194,0.000000
MOEA/D,37,3885,105,63.0000,4480.8662,1194.8029,64.6571,4495.4300,1195.1335,0.000000
MOEA/D,38,3990,105,63.0000,4479.2983,1194.8029,64.6286,4493.3150,1194.9351,0.000000
MOEA/D,39,4095,105,63.0000,4453.0799,1194.8029,63.9429,4480.6803,1194.8667,0.000000
MOEA/D,40,4200,105,62.0000,4430.7117,1194.8029,63.7810,4471.8484,1194.8029,0.000000
MOEA/D,41,4305,105,62.0000,4430.7117,1194.8029,63.6000,4468.9385,1194.8029,0.000000
MOEA/D,42,4410,105,62.0000,4429.8181,1194.8029,63.3048,4460.7781,1194.8029,0.000000
MOEA/D,43,4515,105,61.0000,4429.8181,1194.8029,63.0190,4453.7391,1194.8029,0.000000
MOEA/D,44,4620,105,61.0000,4394.5639,1194.8029,62.9429,4443.5530,1194.8029,0.000000
MOEA/D,45,4725,105,61.0000,4394.5639,1194.8029,62.9429,4443.5530,1194.8029,0.000000
MOEA/D,46,4830,105,61.0000,4393.9991,1194.8029,62.4762,4434.2529,1194.8029,0.000000
MOEA/D,47,4935,105,61.0000,4385.7654,1194.8029,61.6857,4412.7444,1194.8029,0.000000
MOEA/D,48,5040,105,61.0000,4370.6987,1194.8029,61.3238,4399.0736,1194.8029,0.000000
MOEA/D,49,5145,105,60.0000,4353.4828,1194.8029,60.9905,4388.8178,1194.8029,0.000000
MOEA/D,50,5250,105,60.0000,4353.4828,1194.8029,61.1524,4386.9016,1194.8029,0.000000
MOEA/D,51,5355,105,60.0000,4323.5387,1194.8029,61.0286,4378.7882,1194.8029,0.000000
MOEA/D,52,5460,105,60.0000,4323.5387,1194.8029,60.8857,4368.2683,1194.8029,0.000000
MOEA/D,53,5565,105,60.0000,4323.5387,1194.8029,60.9714,4358.3926,1194.8029,0.000000
MOEA/D,54,5670,105,60.0000,4323.5387,1194.8029,61.0571,4355.9103,1194.8029,0.000000
MOEA/D,55,5775,105,60.0000,4318.5137,1194.8029,61.1333,4349.8038,1194.8029,0.000000
MOEA/D,56,5880,105,60.0000,4311.3226,1194.8029,61.0381,4329.4029,1194.8029,0.000000
MOEA/D,57,5985,105,60.0000,4231.6035,1194.8029,60.7429,4307.9981,1194.8029,0.000000
MOEA/D,58,6090,105,60.0000,4231.6035,1194.8029,60.7905,4298.1820,1194.8029,0.000000
MOEA/D,59,6195,105,60.0000,4231.6035,1194.8029,60.6952,4288.4904,1194.9623,0.000000
MOEA/D,60,6300,105,60.0000,4231.6035,1194.8029,60.8000,4287.7897,1194.9623,0.000000
MOEA/D,61,6405,105,60.0000,4231.6035,1194.8029,60.6571,4280.6229,1194.9623,0.000000
MOEA/D,62,6510,105,60.0000,4190.1126,1194.8029,60.7333,4245.7263,1194.9623,0.000000
MOEA/D,63,6615,105,60.0000,4169.7316,1194.8029,60.6952,4238.9370,1194.9623,0.000000
MOEA/D,64,6720,105,58.0000,4161.7951,1194.8029,59.9143,4210.1075,1194.8986,0.000000
MOEA/D,65,6825,105,58.0000,4161.7951,1194.8029,59.6095,4204.2339,1194.8986,0.000000
MOEA/D,66,6930,105,58.0000,4161.7951,1194.8029,59.6286,4199.6794,1194.8667,0.000000
MOEA/D,67,7035,105,58.0000,4117.4402,1194.8029,59.3905,4182.8527,1194.8029,0.000000
MOEA/D,68,7140,105,58.0000,4079.5728,1194.8029,58.9905,4162.9341,1194.8029,0.000000
MOEA/D,69,7245,105,58.0000,4079.5728,1194.8029,58.6095,4143.4436,1194.8029,0.000000
MOEA/D,70,7350,105,58.0000,4079.5728,1194.8029,58.4667,4129.7048,1194.8029,0.000000
MOEA/D,71,7455,105,58.0000,4079.5728,1194.8029,58.5048,4126.8762,1194.8029,0.000000
MOEA/D,72,7560,105,58.0000,4079.5728,1194.8029,58.5048,4126.6613,1194.8029,0.000000
MOEA/D,73,7665,105,58.0000,4079.5728,1194.8029,58.4476,4125.2248,1194.8029,0.000000
MOEA/D,74,7770,105,58.0000,4035.2500,1194.8029,58.3238,4106.6343,1194.8029,0.000000
MOEA/D,75,7875,105,57.0000,4035.2500,1194.8029,57.9333,4096.3374,1194.8029,0.000000
MOEA/D,76,7980,105,57.0000,4011.8867,1194.8029,57.9524,4080.1584,1194.8029,0.000000
MOEA/D,77,8085,105,57.0000,4011.8867,1194.8029,57.9048,4079.3224,1194.8029,0.000000
MOEA/D,78,8190,105,57.0000,4011.8867,1194.8029,57.9333,4066.6957,1194.8029,0.000000
MOEA/D,79,8295,105,57.0000,4006.9924,1194.8029,57.8571,4041.5799,1194.8029,0.000000
MOEA/D,80,8400,105,57.0000,3995.4482,1194.8029,57.7238,4032.6194,1194.8029,0.000000
MOEA/D,81,8505,105,57.0000,3995.4482,1194.8029,57.7429,4019.2784,1194.8029,0.000000
MOEA/D,82,8610,105,57.0000,3995.4482,1194.8029,57.7429,4019.7159,1194.8029,0.000000
MOEA/D,83,8715,105,57.0000,3995.4482,1194.8029,57.6952,4017.6622,1194.8029,0.000000
MOEA/D,84,8820,105,57.0000,3995.4482,1194.8029,57.6571,4016.5808,1194.8029,0.000000
MOEA/D,85,8925,105,57.0000,3995.4482,1194.8029,57.6381,4013.8163,1194.8029,0.000000
MOEA/D,86,9030,105,57.0000,3980.6618,1194.8029,57.6381,4007.9721,1194.8029,0.000000
MOEA/D,87,9135,105,57.0000,3980.6618,1194.8029,57.6381,4007.9721,1194.8029,0.000000
MOEA/D,88,9240,105,57.0000,3980.6618,1194.8029,57.4762,4002.3031,1194.8029,0.000000
MOEA/D,89,9345,105,57.0000,3980.6618,1194.8029,57.4762,4002.3031,1194.8029,0.000000
MOEA/D,90,9450,105,57.0000,3980.6618,1194.8029,57.4476,4002.1639,1194.8029,0.000000
MOEA/D,91,9555,105,57.0000,3980.6618,1194.8029,57.3619,3999.6262,1194.8029,0.000000
MOEA/D,92,9660,105,56.0000,3980.4408,1194.8029,57.1714,3997.2090,1194.9194,0.000000
MOEA/D,93,9765,105,56.0000,3980.4408,1194.8029,57.2095,3997.2878,1194.9360,0.000000
MOEA/D,94,9870,105,56.0000,3980.4408,1194.8029,57.2857,3997.1000,1194.9360,0.000000
MOEA/D,95,9975,105,56.0000,3980.4408,1194.8029,56.9048,3991.7254,1194.9027,0.000000
MOEA/D,96,10080,105,56.0000,3980.4408,1194.8029,56.9143,3991.8562,1194.9027,0.000000
MOEA/D,97,10185,105,56.0000,3980.4408,1194.8029,56.9524,3991.7387,1194.9027,0.000000
MOEA/D,98,10290,105,56.0000,3971.3525,1194.8029,56.7810,3985.0618,1194.8362,0.000000
MOEA/D,99,10395,105,56.0000,3971.3525,1194.8029,56.6952,3984.4097,1194.8362,0.000000
MOEA/D,100,10500,105,56.0000,3947.9224,1194.8029,56.7238,3978.1083,1194.8362,0.000000
MOEA/D,101,10605,105,56.0000,3947.9224,1194.8029,56.7429,3977.4791,1194.8362,0.000000
MOEA/D,102,10710,105,56.0000,3944.9779,1194.8029,56.7048,3968.0197,1194.8675,0.000000
MOEA/D,103,10815,105,55.0000,3944.9779,1194.8029,56.6667,3964.1294,1194.8094,0.000000
MOEA/D,104,10920,105,55.0000,3944.9779,1194.8029,56.6095,3960.4855,1194.8029,0.000000
MOEA/D,105,11025,105,55.0000,3936.2815,1194.8029,56.6190,3957.8640,1194.8029,0.000000
MOEA/D,106,11130,105,55.0000,3936.2815,1194.8029,56.2952,3952.7191,1194.8029,0.000000
MOEA/D,107,11235,105,55.0000,3936.2815,1194.8029,56.4476,3950.5085,1194.8029,0.000000
MOEA/D,108,11340,105,55.0000,3924.2563,1194.8029,56.2190,3945.1046,1194.8029,0.000000
MOEA/D,109,11445,105,55.0000,3924.2563,1194.8029,56.1905,3941.6921,1194.8029,0.000000
MOEA/D,110,11550,105,55.0000,3924.2563,1194.8029,56.1905,3940.8436,1194.8029,0.000000
MOEA/D,111,11655,105,55.0000,3924.2563,1194.8029,56.1905,3940.8436,1194.8029,0.000000
MOEA/D,112,11760,105,55.0000,3924.2563,1194.8029,56.1905,3940.8436,1194.8029,0.000000
MOEA/D,113,11865,105,55.0000,3924.2563,1194.8029,56.1524,3940.5202,1194.8029,0.000000
MOEA/D,114,11970,105,55.0000,3924.2563,1194.8029,56.1524,3940.5202,1194.8029,0.000000
MOEA/D,115,12075,105,55.0000,3924.2563,1194.8029,56.3429,3936.7488,1194.8029,0.000000
MOEA/D,116,12180,105,55.0000,3924.2563,1194.8029,56.3429,3936.7081,1194.8029,0.000000
MOEA/D,117,12285,105,55.0000,3924.2563,1194.8029,56.3714,3936.6893,1194.8029,0.000000
MOEA/D,118,12390,105,55.0000,3924.2563,1194.8029,56.3714,3936.6893,1194.8029,0.000000
MOEA/D,119,12495,105,55.0000,3903.8152,1194.8029,56.0095,3930.3396,1194.8029,0.000000
MOEA/D,120,12600,105,55.0000,3903.8152,1194.8029,56.0286,3930.2928,1194.8029,0.000000
MOEA/D,121,12705,105,55.0000,3903.8152,1194.8029,55.8571,3928.3085,1194.8029,0.000000
MOEA/D,122,12810,105,55.0000,3903.8152,1194.8029,55.6286,3927.4698,1194.8029,0.000000
MOEA/D,123,12915,105,55.0000,3903.8152,1194.8029,55.5143,3925.7983,1194.8029,0.000000
MOEA/D,124,13020,105,55.0000,3903.8152,1194.8029,55.5238,3926.0172,1194.8029,0.000000
MOEA/D,125,13125,105,55.0000,3903.8152,1194.8029,55.5238,3926.0172,1194.8029,0.000000
MOEA/D,126,13230,105,55.0000,3903.8152,1194.8029,55.6762,3925.2530,1194.8029,0.000000
MOEA/D,127,13335,105,55.0000,3903.8152,1194.8029,55.6667,3925.3881,1194.8029,0.000000
MOEA/D,128,13440,105,55.0000,3903.8152,1194.8029,55.4857,3925.2458,1194.8029,0.000000
MOEA/D,129,13545,105,55.0000,3903.8152,1194.8029,55.4857,3922.6134,1194.8029,0.000000
MOEA/D,130,13650,105,54.0000,3903.0291,1194.8029,55.0571,3916.3425,1194.8029,0.000000
MOEA/D,131,13755,105,54.0000,3903.0291,1194.8029,55.0381,3916.2230,1194.8029,0.000000
MOEA/D,132,13860,105,54.0000,3903.0291,1194.8029,55.0381,3916.2230,1194.8029,0.000000
MOEA/D,133,13965,105,54.0000,3903.0291,1194.8029,55.1619,3916.2165,1194.8029,0.000000
MOEA/D,134,14070,105,54.0000,3903.0291,1194.8029,55.1619,3916.2165,1194.8029,0.000000
MOEA/D,135,14175,105,54.0000,3903.0291,1194.8029,55.1905,3915.3951,1194.8029,0.000000
MOEA/D,136,14280,105,54.0000,3903.0291,1194.8029,55.1905,3915.3951,1194.8029,0.000000
MOEA/D,137,14385,105,54.0000,3903.0291,1194.8029,55.1905,3915.3951,1194.8029,0.000000
MOEA/D,138,14490,105,54.0000,3869.0285,1194.8029,55.3905,3908.4177,1194.8029,0.000000
MOEA/D,139,14595,105,54.0000,3869.0285,1194.8029,55.8381,3905.0330,1194.8029,0.000000
MOEA/D,140,14700,105,54.0000,3869.0285,1194.8029,55.8381,3905.0330,1194.8029,0.000000
MOEA/D,141,14805,105,54.0000,3869.0285,1194.8029,55.8762,3904.8270,1194.8029,0.000000
MOEA/D,142,14910,105,54.0000,3869.0285,1194.8029,55.9810,3904.7685,1194.8029,0.000000
MOEA/D,143,15015,105,54.0000,3869.0285,1194.8029,56.1429,3903.8595,1194.8029,0.000000
MOEA/D,144,15120,105,54.0000,3869.0285,1194.8029,56.1143,3903.4773,1194.8029,0.000000
MOEA/D,145,15225,105,54.0000,3869.0285,1194.8029,56.1143,3903.4773,1194.8029,0.000000
MOEA/D,146,15330,105,54.0000,3869.0285,1194.8029,56.1714,3903.2309,1194.8029,0.000000
MOEA/D,147,15435,105,55.0000,3869.0285,1194.8029,56.3619,3900.0901,1194.8029,0.000000
MOEA/D,148,15540,105,55.0000,3869.0285,1194.8029,56.3619,3900.0901,1194.8029,0.000000
MOEA/D,149,15645,105,55.0000,3869.0285,1194.8029,56.3619,3900.0901,1194.8029,0.000000
MOEA/D,150,15750,105,55.0000,3869.0285,1194.8029,56.4000,3895.2408,1194.8029,0.000000
MOEA/D,151,15855,105,55.0000,3869.0285,1194.8029,56.3429,3893.6326,1194.8029,0.000000
MOEA/D,152,15960,105,55.0000,3869.0285,1194.8029,56.3429,3893.6326,1194.8029,0.000000
MOEA/D,153,16065,105,55.0000,3869.0285,1194.8029,56.3429,3893.6326,1194.8029,0.000000
MOEA/D,154,16170,105,55.0000,3869.0285,1194.8029,56.3429,3893.6326,1194.8029,0.000000
MOEA/D,155,16275,105,55.0000,3869.0285,1194.8029,56.3524,3891.1485,1194.8029,0.000000
MOEA/D,156,16380,105,55.0000,3869.0285,1194.8029,56.4476,3889.7768,1194.8029,0.000000
MOEA/D,157,16485,105,56.0000,3869.0285,1194.8029,56.5714,3885.3437,1194.8029,0.000000
MOEA/D,158,16590,105,56.0000,3869.0285,1194.8029,56.5714,3885.3437,1194.8029,0.000000
MOEA/D,159,16695,105,56.0000,3869.0285,1194.8029,56.3619,3881.0958,1194.8029,0.000000
MOEA/D,160,16800,105,56.0000,3853.9029,1194.8029,56.3333,3878.1394,1194.8861,0.000000
MOEA/D,161,16905,105,56.0000,3853.9029,1194.8029,56.2190,3876.8795,1194.8695,0.000000
MOEA/D,162,17010,105,56.0000,3853.9029,1194.8029,56.2190,3876.8795,1194.8695,0.000000
MOEA/D,163,17115,105,56.0000,3853.9029,1194.8029,56.2381,3876.5504,1194.8695,0.000000
MOEA/D,164,17220,105,56.0000,3853.9029,1194.8029,56.2286,3876.1558,1194.8528,0.000000
MOEA/D,165,17325,105,56.0000,3853.9029,1194.8029,56.2571,3874.8893,1194.8362,0.000000
MOEA/D,166,17430,105,56.0000,3853.9029,1194.8029,56.3048,3873.2088,1194.8196,0.000000
MOEA/D,167,17535,105,56.0000,3853.9029,1194.8029,56.2381,3873.1715,1194.8196,0.000000
MOEA/D,168,17640,105,56.0000,3853.9029,1194.8029,56.3048,3871.6474,1194.8196,0.000000
MOEA/D,169,17745,105,56.0000,3853.9029,1194.8029,56.3143,3871.4868,1194.8196,0.000000
MOEA/D,170,17850,105,56.0000,3853.9029,1194.8029,56.3143,3871.4868,1194.8196,0.000000
MOEA/D,171,17955,105,56.0000,3853.9029,1194.8029,56.3333,3871.5018,1194.8196,0.000000
MOEA/D,172,18060,105,56.0000,3853.9029,1194.8029,56.3333,3871.5018,1194.8196,0.000000
MOEA/D,173,18165,105,56.0000,3853.9029,1194.8029,56.3333,3871.2094,1194.8196,0.000000
MOEA/D,174,18270,105,56.0000,3853.9029,1194.8029,56.3810,3870.0367,1194.8196,0.000000
MOEA/D,175,18375,105,56.0000,3853.9029,1194.8029,56.3810,3870.0367,1194.8196,0.000000
MOEA/D,176,18480,105,56.0000,3853.9029,1194.8029,56.3810,3869.9165,1194.8196,0.000000
MOEA/D,177,18585,105,56.0000,3853.9029,1194.8029,56.3333,3868.7422,1194.8029,0.000000
MOEA/D,178,18690,105,56.0000,3853.9029,1194.8029,56.3524,3868.7983,1194.8029,0.000000
MOEA/D,179,18795,105,56.0000,3853.9029,1194.8029,56.3524,3868.7983,1194.8029,0.000000
MOEA/D,180,18900,105,56.0000,3853.9029,1194.8029,56.2762,3866.7945,1194.8029,0.000000
MOEA/D,181,19005,105,56.0000,3853.9029,1194.8029,56.2762,3866.7945,1194.8029,0.000000
MOEA/D,182,19110,105,56.0000,3853.9029,1194.8029,56.2571,3867.0062,1194.8029,0.000000
MOEA/D,183,19215,105,56.0000,3853.9029,1194.8029,56.2571,3867.0062,1194.8029,0.000000
MOEA/D,184,19320,105,55.0000,3829.7698,1194.8029,55.9333,3860.2985,1194.8029,0.000000
MOEA/D,185,19425,105,55.0000,3820.3570,1194.8029,55.9048,3855.3782,1194.8029,0.000000
MOEA/D,186,19530,105,55.0000,3820.3570,1194.8029,55.8476,3852.4321,1194.8029,0.000000
MOEA/D,187,19635,105,55.0000,3820.3570,1194.8029,55.5810,3844.4145,1194.8029,0.000000
MOEA/D,188,19740,105,55.0000,3820.3570,1194.8029,55.5333,3842.5910,1194.8029,0.000000
MOEA/D,189,19845,105,55.0000,3820.3570,1194.8029,55.5333,3842.3915,1194.8029,0.000000
MOEA/D,190,19950,105,55.0000,3820.3570,1194.8029,55.5333,3842.3861,1194.8029,0.000000
MOEA/D,191,20055,105,55.0000,3820.3570,1194.8029,55.5333,3842.3861,1194.8029,0.000000
MOEA/D,192,20160,105,54.0000,3820.3570,1194.8029,55.3143,3838.1021,1194.8029,0.000000
MOEA/D,193,20265,105,54.0000,3820.3570,1194.8029,55.3143,3838.1021,1194.8029,0.000000
MOEA/D,194,20370,105,54.0000,3820.3570,1194.8029,55.3238,3837.5949,1194.8029,0.000000
MOEA/D,195,20475,105,54.0000,3820.3570,1194.8029,55.3333,3837.5796,1194.8029,0.000000
MOEA/D,196,20580,105,54.0000,3820.3570,1194.8029,55.2762,3837.5033,1194.8029,0.000000
MOEA/D,197,20685,105,54.0000,3820.3570,1194.8029,55.2762,3836.4235,1194.8029,0.000000
MOEA/D,198,20790,105,54.0000,3820.3570,1194.8029,55.3143,3836.1705,1194.8029,0.000000
MOEA/D,199,20895,105,54.0000,3820.3570,1194.8029,55.3143,3836.1705,1194.8029,0.000000
MOEA/D,200,21000,105,54.0000,3820.3570,1194.8029,55.3524,3835.2181,1194.8029,0.000000
MOEA/D,201,21105,105,54.0000,3820.3570,1194.8029,55.3524,3835.2044,1194.8029,0.000000
MOEA/D,202,21210,105,54.0000,3820.3570,1194.8029,55.3524,3835.2044,1194.8029,0.000000
MOEA/D,203,21315,105,54.0000,3820.3570,1194.8029,55.3524,3835.2044,1194.8029,0.000000
MOEA/D,204,21420,105,54.0000,3820.3570,1194.8029,55.3714,3834.9634,1194.8029,0.000000
MOEA/D,205,21525,105,54.0000,3820.3570,1194.8029,55.3619,3834.9285,1194.8029,0.000000
MOEA/D,206,21630,105,54.0000,3820.3570,1194.8029,55.3619,3834.9285,1194.8029,0.000000
MOEA/D,207,21735,105,54.0000,3818.9260,1194.8029,55.1429,3830.8435,1194.8029,0.000000
MOEA/D,208,21840,105,54.0000,3818.9260,1194.8029,55.1333,3830.7200,1194.8029,0.000000
MOEA/D,209,21945,105,54.0000,3818.9260,1194.8029,55.1429,3830.7298,1194.8029,0.000000
MOEA/D,210,22050,105,54.0000,3818.9260,1194.8029,55.0476,3829.7227,1194.8029,0.000000
MOEA/D,211,22155,105,54.0000,3818.9260,1194.8029,54.9048,3828.9933,1194.8029,0.000000
MOEA/D,212,22260,105,54.0000,3818.9260,1194.8029,54.9048,3828.9933,1194.8029,0.000000
MOEA/D,213,22365,105,54.0000,3818.9260,1194.8029,54.8381,3828.6341,1194.8029,0.000000
MOEA/D,214,22470,105,54.0000,3798.9067,1194.8029,54.5333,3821.8654,1194.8029,0.000000
MOEA/D,215,22575,105,54.0000,3798.9067,1194.8029,54.5333,3821.8654,1194.8029,0.000000
MOEA/D,216,22680,105,53.0000,3778.1121,1194.8029,54.1810,3813.1611,1194.8029,0.000000
MOEA/D,217,22785,105,53.0000,3778.1121,1194.8029,54.1810,3812.6154,1194.8029,0.000000
MOEA/D,218,22890,105,53.0000,3778.1121,1194.8029,54.0571,3811.6736,1194.8029,0.000000
MOEA/D,219,22995,105,53.0000,3778.1121,1194.8029,54.0857,3811.0008,1194.8029,0.000000
MOEA/D,220,23100,105,53.0000,3778.1121,1194.8029,53.5238,3799.8132,1194.8029,0.000000
MOEA/D,221,23205,105,52.0000,3748.1965,1194.8029,53.1905,3791.4596,1194.8029,0.000000
MOEA/D,222,23310,105,52.0000,3748.1965,1194.8029,53.0667,3782.5864,1194.8029,0.000000
MOEA/D,223,23415,105,52.0000,3748.1965,1194.8029,52.6952,3769.4714,1194.8029,0.000000
MOEA/D,224,23520,105,52.0000,3748.1965,1194.8029,52.6667,3768.1826,1194.8029,0.000000
MOEA/D,225,23625,105,52.0000,3748.1965,1194.8029,52.6571,3768.0311,1194.8029,0.000000
MOEA/D,226,23730,105,52.0000,3748.1965,1194.8029,52.5905,3765.9840,1194.8029,0.000000
MOEA/D,227,23835,105,52.0000,3748.1965,1194.8029,52.5714,3765.7877,1194.8029,0.000000
MOEA/D,228,23940,105,52.0000,3748.1965,1194.8029,52.5714,3763.1577,1194.8029,0.000000
MOEA/D,229,24045,105,52.0000,3748.1965,1194.8029,52.6952,3762.0654,1194.8029,0.000000
MOEA/D,230,24150,105,52.0000,3748.1965,1194.8029,52.6857,3761.8694,1194.8029,0.000000
MOEA/D,231,24255,105,52.0000,3748.1965,1194.8029,52.6857,3762.2360,1194.8029,0.000000
MOEA/D,232,24360,105,52.0000,3748.1965,1194.8029,52.6286,3761.5935,1194.8029,0.000000
MOEA/D,233,24465,105,52.0000,3748.1965,1194.8029,52.5905,3759.9930,1194.8029,0.000000
MOEA/D,234,24570,105,52.0000,3748.1965,1194.8029,52.5905,3759.9930,1194.8029,0.000000
MOEA/D,235,24675,105,52.0000,3748.1965,1194.8029,52.5905,3759.9930,1194.8029,0.000000
MOEA/D,236,24780,105,52.0000,3748.1965,1194.8029,52.6190,3760.0374,1194.8029,0.000000
MOEA/D,237,24885,105,52.0000,3748.1965,1194.8029,52.6190,3760.0374,1194.8029,0.000000
MOEA/D,238,24990,105,52.0000,3748.1965,1194.8029,52.5714,3759.4841,1194.8029,0.000000
MOEA/D,239,25095,105,52.0000,3748.1965,1194.8029,52.5619,3759.3734,1194.8029,0.000000
MOEA/D,240,25200,105,52.0000,3748.1965,1194.8029,52.5619,3759.2814,1194.8029,0.000000
MOEA/D,241,25305,105,52.0000,3748.1965,1194.8029,52.5619,3759.2814,1194.8029,0.000000
MOEA/D,242,25410,105,52.0000,3743.8484,1194.8029,52.5429,3756.6802,1194.8029,0.000000
MOEA/D,243,25515,105,51.0000,3742.4316,1194.8029,52.2571,3754.7281,1194.8029,0.000000
MOEA/D,244,25620,105,51.0000,3742.4316,1194.8029,52.2571,3752.6451,1194.8029,0.000000
MOEA/D,245,25725,105,51.0000,3742.4316,1194.8029,52.3429,3751.8130,1194.8029,0.000000
MOEA/D,246,25830,105,51.0000,3728.6183,1194.8029,52.2952,3746.8536,1194.8029,0.000000
MOEA/D,247,25935,105,51.0000,3728.6183,1194.8029,52.4286,3745.9952,1194.8029,0.000000
MOEA/D,248,26040,105,51.0000,3728.6183,1194.8029,52.5810,3744.0344,1194.8029,0.000000
MOEA/D,249,26145,105,51.0000,3728.6183,1194.8029,52.4952,3743.5349,1194.8029,0.000000
MOEA/D,250,26250,105,51.0000,3720.8010,1194.8029,52.6190,3742.0229,1194.8029,0.000000
MOEA/D,251,26355,105,51.0000,3720.8010,1194.8029,52.6190,3742.0229,1194.8029,0.000000
MOEA/D,252,26460,105,51.0000,3718.3265,1194.8029,52.1238,3733.6504,1194.8029,0.000000
MOEA/D,253,26565,105,51.0000,3718.3265,1194.8029,52.0857,3733.3819,1194.8029,0.000000
MOEA/D,254,26670,105,51.0000,3718.3265,1194.8029,52.1238,3733.1339,1194.8029,0.000000
MOEA/D,255,26775,105,51.0000,3718.3265,1194.8029,52.1048,3733.2322,1194.8029,0.000000
MOEA/D,256,26880,105,51.0000,3718.3265,1194.8029,52.0857,3733.0396,1194.8029,0.000000
MOEA/D,257,26985,105,51.0000,3708.2919,1194.8029,52.0762,3728.6532,1194.8029,0.000000
MOEA/D,258,27090,105,51.0000,3708.2919,1194.8029,52.0762,3728.6532,1194.8029,0.000000
MOEA/D,259,27195,105,51.0000,3708.2919,1194.8029,51.9429,3725.4113,1194.8029,0.000000
MOEA/D,260,27300,105,51.0000,3708.2919,1194.8029,51.9429,3725.4113,1194.8029,0.000000
MOEA/D,261,27405,105,51.0000,3708.2919,1194.8029,51.7524,3722.8169,1194.8029,0.000000
MOEA/D,262,27510,105,51.0000,3708.2919,1194.8029,51.7524,3722.8169,1194.8029,0.000000
MOEA/D,263,27615,105,51.0000,3708.2919,1194.8029,51.7429,3723.0689,1194.8029,0.000000
MOEA/D,264,27720,105,51.0000,3708.2919,1194.8029,51.6571,3721.5655,1194.8029,0.000000
MOEA/D,265,27825,105,51.0000,3708.2919,1194.8029,51.6667,3721.5875,1194.8029,0.000000
MOEA/D,266,27930,105,51.0000,3708.2919,1194.8029,51.6571,3722.1344,1194.8029,0.000000
MOEA/D,267,28035,105,51.0000,3708.2919,1194.8029,51.6571,3722.1344,1194.8029,0.000000
MOEA/D,268,28140,105,51.0000,3708.2919,1194.8029,51.5905,3721.6417,1194.8029,0.000000
MOEA/D,269,28245,105,51.0000,3708.2919,1194.8029,51.7619,3719.9998,1194.8029,0.000000
MOEA/D,270,28350,105,51.0000,3708.2919,1194.8029,51.7048,3719.8044,1194.8029,0.000000
MOEA/D,271,28455,105,51.0000,3708.2919,1194.8029,51.7048,3719.8044,1194.8029,0.000000
MOEA/D,272,28560,105,51.0000,3708.2919,1194.8029,51.7048,3719.8044,1194.8029,0.000000
MOEA/D,273,28665,105,51.0000,3708.2919,1194.8029,51.7048,3719.8044,1194.8029,0.000000
MOEA/D,274,28770,105,51.0000,3708.2919,1194.8029,51.7048,3719.8044,1194.8029,0.000000
MOEA/D,275,28875,105,51.0000,3708.2919,1194.8029,51.7048,3719.8044,1194.8029,0.000000
MOEA/D,276,28980,105,51.0000,3708.2919,1194.8029,51.7048,3719.7842,1194.8029,0.000000
MOEA/D,277,29085,105,51.0000,3708.2919,1194.8029,51.7048,3719.7842,1194.8029,0.000000
MOEA/D,278,29190,105,51.0000,3708.2919,1194.8029,51.6857,3719.6860,1194.8029,0.000000
MOEA/D,279,29295,105,51.0000,3708.2919,1194.8029,51.5905,3719.2881,1194.8029,0.000000
MOEA/D,280,29400,105,51.0000,3708.2919,1194.8029,51.5905,3719.2881,1194.8029,0.000000
MOEA/D,281,29505,105,51.0000,3708.2919,1194.8029,51.6000,3719.3021,1194.8029,0.000000
MOEA/D,282,29610,105,51.0000,3708.2919,1194.8029,51.6000,3719.3021,1194.8029,0.000000
MOEA/D,283,29715,105,51.0000,3708.2919,1194.8029,51.5810,3719.3274,1194.8029,0.000000
MOEA/D,284,29820,105,51.0000,3708.2919,1194.8029,51.5810,3719.3274,1194.8029,0.000000
MOEA/D,285,29925,105,51.0000,3708.2919,1194.8029,51.5810,3719.3274,1194.8029,0.000000
MOEA/D,286,30030,105,51.0000,3708.2919,1194.8029,51.5810,3719.3274,1194.8029,0.000000
MOEA/D,287,30135,105,51.0000,3708.2919,1194.8029,51.5524,3719.2208,1194.8029,0.000000
MOEA/D,288,30240,105,51.0000,3708.2919,1194.8029,51.5524,3719.2208,1194.8029,0.000000
MOEA/D,289,30345,105,51.0000,3708.2919,1194.8029,51.5429,3719.1905,1194.8029,0.000000
MOEA/D,290,30450,105,51.0000,3708.2919,1194.8029,51.5524,3719.2452,1194.8029,0.000000
MOEA/D,291,30555,105,51.0000,3708.2919,1194.8029,51.5619,3719.1535,1194.8029,0.000000
MOEA/D,292,30660,105,51.0000,3708.2919,1194.8029,51.5619,3719.1535,1194.8029,0.000000
MOEA/D,293,30765,105,51.0000,3708.2919,1194.8029,51.5429,3719.0789,1194.8029,0.000000
MOEA/D,294,30870,105,51.0000,3708.2919,1194.8029,51.5524,3719.1484,1194.8029,0.000000
MOEA/D,295,30975,105,51.0000,3708.2919,1194.8029,51.5524,3719.2406,1194.8029,0.000000
MOEA/D,296,31080,105,51.0000,3708.2919,1194.8029,51.5905,3718.7269,1194.8029,0.000000
MOEA/D,297,31185,105,51.0000,3708.2919,1194.8029,51.7238,3717.2155,1194.8029,0.000000
MOEA/D,298,31290,105,51.0000,3708.2919,1194.8029,51.7905,3716.2656,1194.8029,0.000000
MOEA/D,299,31395,105,51.0000,3677.9121,1194.8029,51.6286,3709.1242,1194.8029,0.000000
MOEA/D,300,31500,105,51.0000,3677.9121,1194.8029,51.5714,3707.1615,1194.8029,0.000000
MOEA/D,301,31605,105,51.0000,3677.9121,1194.8029,51.5714,3706.8693,1194.8029,0.000000
MOEA/D,302,31710,105,51.0000,3677.9121,1194.8029,51.5143,3701.5858,1194.8029,0.000000
MOEA/D,303,31815,105,51.0000,3677.9121,1194.8029,51.4286,3700.0491,1194.8029,0.000000
MOEA/D,304,31920,105,50.0000,3666.3868,1194.8029,51.2190,3695.7932,1194.8029,0.000000
MOEA/D,305,32025,105,50.0000,3666.3868,1194.8029,51.0667,3694.0906,1194.8029,0.000000
MOEA/D,306,32130,105,50.0000,3666.3868,1194.8029,50.8762,3691.4650,1194.8029,0.000000
MOEA/D,307,32235,105,50.0000,3666.3868,1194.8029,50.7619,3687.2450,1194.8029,0.000000
MOEA/D,308,32340,105,50.0000,3666.3868,1194.8029,50.9238,3686.2799,1194.8029,0.000000
MOEA/D,309,32445,105,50.0000,3666.3868,1194.8029,50.9238,3686.2799,1194.8029,0.000000
MOEA/D,310,32550,105,50.0000,3666.3868,1194.8029,50.9238,3686.2799,1194.8029,0.000000
MOEA/D,311,32655,105,50.0000,3666.3868,1194.8029,50.9524,3686.1934,1194.8029,0.000000
MOEA/D,312,32760,105,50.0000,3666.3868,1194.8029,50.9524,3686.0793,1194.8029,0.000000
MOEA/D,313,32865,105,50.0000,3666.3868,1194.8029,50.9524,3686.0793,1194.8029,0.000000
MOEA/D,314,32970,105,50.0000,3666.3868,1194.8029,50.9524,3686.0793,1194.8029,0.000000
MOEA/D,315,33075,105,50.0000,3666.3868,1194.8029,50.9524,3686.1630,1194.8029,0.000000
MOEA/D,316,33180,105,50.0000,3666.3868,1194.8029,51.0476,3685.1402,1194.8029,0.000000
MOEA/D,317,33285,105,50.0000,3666.3868,1194.8029,51.0476,3685.1402,1194.8029,0.000000
MOEA/D,318,33390,105,50.0000,3666.3868,1194.8029,50.9143,3684.2181,1194.8029,0.000000
MOEA/D,319,33495,105,50.0000,3666.3868,1194.8029,50.9143,3684.2181,1194.8029,0.000000
MOEA/D,320,33600,105,50.0000,3666.3868,1194.8029,50.9429,3683.9885,1194.8029,0.000000
MOEA/D,321,33705,105,50.0000,3666.3868,1194.8029,50.9429,3683.2806,1194.8029,0.000000
MOEA/D,322,33810,105,50.0000,3666.3868,1194.8029,50.9429,3682.8568,1194.8029,0.000000
MOEA/D,323,33915,105,50.0000,3666.3868,1194.8029,50.9429,3682.8568,1194.8029,0.000000
MOEA/D,324,34020,105,50.0000,3666.3868,1194.8029,50.9429,3682.8568,1194.8029,0.000000
MOEA/D,325,34125,105,50.0000,3666.3868,1194.8029,50.8476,3680.8107,1194.8029,0.000000
MOEA/D,326,34230,105,50.0000,3666.3868,1194.8029,50.8476,3680.8107,1194.8029,0.000000
MOEA/D,327,34335,105,50.0000,3666.3868,1194.8029,50.7905,3680.4486,1194.8029,0.000000
MOEA/D,328,34440,105,50.0000,3666.3868,1194.8029,50.7905,3680.5381,1194.8029,0.000000
MOEA/D,329,34545,105,50.0000,3666.3868,1194.8029,50.7143,3679.1989,1194.8029,0.000000
MOEA/D,330,34650,105,50.0000,3666.3868,1194.8029,50.7143,3679.1989,1194.8029,0.000000
MOEA/D,331,34755,105,50.0000,3666.3868,1194.8029,50.7143,3677.7982,1194.8029,0.000000
MOEA/D,332,34860,105,50.0000,3666.3868,1194.8029,50.7143,3677.7982,1194.8029,0.000000
MOEA/D,333,34965,105,50.0000,3666.3868,1194.8029,50.7143,3677.7982,1194.8029,0.000000
MOEA/D,334,35070,105,50.0000,3666.3868,1194.8029,50.5905,3675.5774,1194.8029,0.000000
MOEA/D,335,35175,105,50.0000,3666.3868,1194.8029,50.5238,3675.3648,1194.8029,0.000000
MOEA/D,336,35280,105,50.0000,3666.3868,1194.8029,50.5143,3675.3950,1194.8029,0.000000
MOEA/D,337,35385,105,50.0000,3666.3868,1194.8029,50.5143,3675.3950,1194.8029,0.000000
MOEA/D,338,35490,105,50.0000,3666.3868,1194.8029,50.5143,3675.3950,1194.8029,0.000000
MOEA/D,339,35595,105,50.0000,3666.3868,1194.8029,50.5143,3675.3950,1194.8029,0.000000
MOEA/D,340,35700,105,50.0000,3666.3868,1194.8029,50.5048,3674.7923,1194.8029,0.000000
MOEA/D,341,35805,105,50.0000,3666.3868,1194.8029,50.5048,3674.7923,1194.8029,0.000000
MOEA/D,342,35910,105,50.0000,3666.3868,1194.8029,50.4857,3674.6650,1194.8029,0.000000
MOEA/D,343,36015,105,50.0000,3666.3868,1194.8029,50.4857,3674.6650,1194.8029,0.000000
MOEA/D,344,36120,105,50.0000,3666.3868,1194.8029,50.4952,3674.6586,1194.8029,0.000000
MOEA/D,345,36225,105,50.0000,3666.3868,1194.8029,50.4952,3674.6586,1194.8029,0.000000
MOEA/D,346,36330,105,50.0000,3666.3868,1194.8029,50.4762,3674.5997,1194.8029,0.000000
MOEA/D,347,36435,105,50.0000,3666.3868,1194.8029,50.4857,3674.6081,1194.8029,0.000000
MOEA/D,348,36540,105,50.0000,3666.3868,1194.8029,50.4857,3674.6081,1194.8029,0.000000
MOEA/D,349,36645,105,50.0000,3666.3868,1194.8029,50.4857,3674.6081,1194.8029,0.000000
MOEA/D,350,36750,105,50.0000,3666.3868,1194.8029,50.4857,3674.6081,1194.8029,0.000000
MOEA/D,351,36855,105,50.0000,3666.3868,1194.8029,50.4857,3674.6081,1194.8029,0.000000
MOEA/D,352,36960,105,50.0000,3666.3868,1194.8029,50.4857,3674.6081,1194.8029,0.000000
MOEA/D,353,37065,105,50.0000,3666.3868,1194.8029,50.4857,3674.6081,1194.8029,0.000000
MOEA/D,354,37170,105,50.0000,3666.3868,1194.8029,50.4857,3674.6081,1194.8029,0.000000
MOEA/D,355,37275,105,50.0000,3666.3868,1194.8029,50.4857,3674.6081,1194.8029,0.000000
MOEA/D,356,37380,105,50.0000,3666.3868,1194.8029,50.4857,3674.6081,1194.8029,0.000000
MOEA/D,357,37485,105,50.0000,3666.3868,1194.8029,50.4857,3674.6309,1194.8029,0.000000
MOEA/D,358,37590,105,50.0000,3666.3868,1194.8029,50.4857,3674.6851,1194.8029,0.000000
MOEA/D,359,37695,105,50.0000,3666.3868,1194.8029,50.4857,3674.7566,1194.8029,0.000000
MOEA/D,360,37800,105,50.0000,3666.3868,1194.8029,50.4857,3674.7566,1194.8029,0.000000
MOEA/D,361,37905,105,50.0000,3666.3868,1194.8029,50.5714,3674.8542,1194.8029,0.000000
MOEA/D,362,38010,105,50.0000,3666.3868,1194.8029,50.5619,3674.8032,1194.8029,0.000000
MOEA/D,363,38115,105,50.0000,3666.3868,1194.8029,50.5619,3674.8032,1194.8029,0.000000
MOEA/D,364,38220,105,50.0000,3666.3868,1194.8029,50.5619,3674.8032,1194.8029,0.000000
MOEA/D,365,38325,105,50.0000,3666.3868,1194.8029,50.5905,3674.5907,1194.8029,0.000000
MOEA/D,366,38430,105,50.0000,3666.3868,1194.8029,50.5905,3674.5907,1194.8029,0.000000
MOEA/D,367,38535,105,50.0000,3666.3868,1194.8029,50.5905,3674.5907,1194.8029,0.000000
MOEA/D,368,38640,105,50.0000,3666.3868,1194.8029,50.5905,3674.5907,1194.8029,0.000000
MOEA/D,369,38745,105,50.0000,3666.3868,1194.8029,50.5810,3674.5633,1194.8029,0.000000
MOEA/D,370,38850,105,50.0000,3666.3868,1194.8029,50.5810,3674.5633,1194.8029,0.000000
MOEA/D,371,38955,105,50.0000,3666.3868,1194.8029,50.5810,3674.5633,1194.8029,0.000000
MOEA/D,372,39060,105,50.0000,3666.3868,1194.8029,50.5810,3674.5633,1194.8029,0.000000
MOEA/D,373,39165,105,50.0000,3666.3868,1194.8029,50.5810,3674.5633,1194.8029,0.000000
MOEA/D,374,39270,105,50.0000,3666.3868,1194.8029,50.5810,3674.5633,1194.8029,0.000000
MOEA/D,375,39375,105,50.0000,3666.3868,1194.8029,50.5810,3674.5633,1194.8029,0.000000
MOEA/D,376,39480,105,50.0000,3666.3868,1194.8029,50.5810,3674.5633,1194.8029,0.000000
MOEA/D,377,39585,105,50.0000,3666.3868,1194.8029,50.5810,3674.5633,1194.8029,0.000000
MOEA/D,378,39690,105,50.0000,3666.3868,1194.8029,50.6095,3674.4145,1194.8029,0.000000
MOEA/D,379,39795,105,50.0000,3666.3868,1194.8029,50.6095,3674.4145,1194.8029,0.000000
MOEA/D,380,39900,105,50.0000,3666.3868,1194.8029,50.6095,3674.4127,1194.8029,0.000000
MOEA/D,381,40005,105,50.0000,3666.3868,1194.8029,50.6190,3674.4250,1194.8029,0.000000
MOEA/D,382,40110,105,50.0000,3666.3868,1194.8029,50.6190,3674.4250,1194.8029,0.000000
MOEA/D,383,40215,105,50.0000,3666.3868,1194.8029,50.6190,3674.4250,1194.8029,0.000000
MOEA/D,384,40320,105,50.0000,3666.3868,1194.8029,50.6190,3674.2155,1194.8029,0.000000
MOEA/D,385,40425,105,50.0000,3666.3868,1194.8029,50.6190,3674.2155,1194.8029,0.000000
MOEA/D,386,40530,105,50.0000,3666.3868,1194.8029,50.6286,3674.1869,1194.8029,0.000000
MOEA/D,387,40635,105,50.0000,3666.3868,1194.8029,50.6286,3674.1531,1194.8029,0.000000
MOEA/D,388,40740,105,50.0000,3666.3868,1194.8029,50.6286,3674.1531,1194.8029,0.000000
MOEA/D,389,40845,105,50.0000,3666.3868,1194.8029,50.6286,3674.1584,1194.8029,0.000000
MOEA/D,390,40950,105,50.0000,3666.3868,1194.8029,50.6286,3674.1584,1194.8029,0.000000
MOEA/D,391,41055,105,50.0000,3666.3868,1194.8029,50.6286,3674.1584,1194.8029,0.000000
MOEA/D,392,41160,105,50.0000,3666.3868,1194.8029,50.6286,3674.1584,1194.8029,0.000000
MOEA/D,393,41265,105,50.0000,3666.3868,1194.8029,50.5238,3673.5434,1194.8029,0.000000
MOEA/D,394,41370,105,50.0000,3666.3868,1194.8029,50.5238,3673.5434,1194.8029,0.000000
MOEA/D,395,41475,105,50.0000,3666.3868,1194.8029,50.5238,3673.4982,1194.8029,0.000000
MOEA/D,396,41580,105,50.0000,3663.0263,1194.8029,50.5333,3673.4813,1194.8029,0.000000
MOEA/D,397,41685,105,50.0000,3663.0263,1194.8029,50.5333,3673.4813,1194.8029,0.000000
MOEA/D,398,41790,105,50.0000,3663.0263,1194.8029,50.5333,3673.4813,1194.8029,0.000000
MOEA/D,399,41895,105,50.0000,3663.0263,1194.8029,50.5333,3673.4813,1194.8029,0.000000
MOEA/D,400,42000,105,50.0000,3663.0263,1194.8029,50.4952,3673.0737,1194.8029,0.000000
MOEA/D,401,42105,105,50.0000,3663.0263,1194.8029,50.4952,3673.0737,1194.8029,0.000000
MOEA/D,402,42210,105,50.0000,3663.0263,1194.8029,50.4952,3673.0737,1194.8029,0.000000
MOEA/D,403,42315,105,50.0000,3663.0263,1194.8029,50.4952,3673.0737,1194.8029,0.000000
MOEA/D,404,42420,105,50.0000,3663.0263,1194.8029,50.4952,3673.0737,1194.8029,0.000000
MOEA/D,405,42525,105,50.0000,3663.0263,1194.8029,50.4952,3673.0737,1194.8029,0.000000
MOEA/D,406,42630,105,50.0000,3663.0263,1194.8029,50.4952,3673.0737,1194.8029,0.000000
MOEA/D,407,42735,105,50.0000,3663.0263,1194.8029,50.5048,3673.0215,1194.8029,0.000000
MOEA/D,408,42840,105,50.0000,3663.0263,1194.8029,50.5429,3672.8563,1194.8029,0.000000
MOEA/D,409,42945,105,50.0000,3663.0263,1194.8029,50.5429,3672.8563,1194.8029,0.000000
MOEA/D,410,43050,105,50.0000,3663.0263,1194.8029,50.5429,3672.8563,1194.8029,0.000000
MOEA/D,411,43155,105,50.0000,3663.0263,1194.8029,50.5429,3672.8563,1194.8029,0.000000
MOEA/D,412,43260,105,50.0000,3663.0263,1194.8029,50.5143,3672.8553,1194.8029,0.000000
MOEA/D,413,43365,105,50.0000,3663.0263,1194.8029,50.5143,3672.8553,1194.8029,0.000000
MOEA/D,414,43470,105,50.0000,3663.0263,1194.8029,50.4762,3672.4997,1194.8029,0.000000
MOEA/D,415,43575,105,50.0000,3663.0263,1194.8029,50.4762,3672.4997,1194.8029,0.000000
MOEA/D,416,43680,105,50.0000,3663.0263,1194.8029,50.4762,3672.4830,1194.8029,0.000000
MOEA/D,417,43785,105,50.0000,3663.0263,1194.8029,50.4762,3672.3404,1194.8029,0.000000
MOEA/D,418,43890,105,50.0000,3656.6695,1194.8029,50.4190,3671.0332,1194.8029,0.000000
MOEA/D,419,43995,105,50.0000,3656.6695,1194.8029,50.4190,3671.0332,1194.8029,0.000000
MOEA/D,420,44100,105,50.0000,3656.6695,1194.8029,50.4190,3671.0332,1194.8029,0.000000
MOEA/D,421,44205,105,50.0000,3656.6695,1194.8029,50.3619,3669.6005,1194.8029,0.000000
MOEA/D,422,44310,105,50.0000,3656.6695,1194.8029,50.2857,3668.6143,1194.8029,0.000000
MOEA/D,423,44415,105,50.0000,3656.6695,1194.8029,50.2667,3668.3943,1194.8029,0.000000
MOEA/D,424,44520,105,50.0000,3656.6695,1194.8029,50.2667,3668.3943,1194.8029,0.000000
MOEA/D,425,44625,105,50.0000,3656.6695,1194.8029,50.2667,3668.3943,1194.8029,0.000000
MOEA/D,426,44730,105,49.0000,3650.4673,1194.8029,50.1333,3666.5497,1194.8029,0.000000
MOEA/D,427,44835,105,49.0000,3650.4673,1194.8029,50.1333,3666.5483,1194.8029,0.000000
MOEA/D,428,44940,105,49.0000,3650.4673,1194.8029,50.1333,3666.4432,1194.8029,0.000000
MOEA/D,429,45045,105,49.0000,3650.4673,1194.8029,50.1238,3666.4796,1194.8029,0.000000
MOEA/D,430,45150,105,49.0000,3650.4673,1194.8029,50.0000,3665.6993,1194.8029,0.000000
MOEA/D,431,45255,105,49.0000,3650.4673,1194.8029,50.0000,3665.6993,1194.8029,0.000000
MOEA/D,432,45360,105,49.0000,3650.4673,1194.8029,50.0000,3665.6993,1194.8029,0.000000
MOEA/D,433,45465,105,49.0000,3650.4673,1194.8029,50.0000,3665.6993,1194.8029,0.000000
MOEA/D,434,45570,105,49.0000,3650.4673,1194.8029,50.0000,3665.6993,1194.8029,0.000000
MOEA/D,435,45675,105,49.0000,3650.4673,1194.8029,49.9905,3665.2888,1194.8029,0.000000
MOEA/D,436,45780,105,49.0000,3650.3562,1194.8029,49.9810,3664.4171,1194.8029,0.000000
MOEA/D,437,45885,105,49.0000,3650.3562,1194.8029,49.9810,3664.4171,1194.8029,0.000000
MOEA/D,438,45990,105,49.0000,3650.3562,1194.8029,49.9810,3664.4171,1194.8029,0.000000
MOEA/D,439,46095,105,49.0000,3650.3562,1194.8029,49.9810,3664.4063,1194.8029,0.000000
MOEA/D,440,46200,105,49.0000,3650.3562,1194.8029,50.0000,3664.5893,1194.8029,0.000000
MOEA/D,441,46305,105,49.0000,3650.3562,1194.8029,50.0000,3664.5893,1194.8029,0.000000
MOEA/D,442,46410,105,49.0000,3650.3562,1194.8029,50.0000,3664.5893,1194.8029,0.000000
MOEA/D,443,46515,105,49.0000,3650.3562,1194.8029,50.0000,3664.5893,1194.8029,0.000000
MOEA/D,444,46620,105,49.0000,3650.3562,1194.8029,49.9714,3664.3971,1194.8029,0.000000
MOEA/D,445,46725,105,49.0000,3650.3562,1194.8029,49.9714,3664.3971,1194.8029,0.000000
MOEA/D,446,46830,105,49.0000,3650.3562,1194.8029,49.9714,3664.3971,1194.8029,0.000000
MOEA/D,447,46935,105,49.0000,3650.3562,1194.8029,49.9714,3664.3971,1194.8029,0.000000
MOEA/D,448,47040,105,49.0000,3650.3562,1194.8029,49.9714,3664.3971,1194.8029,0.000000
MOEA/D,449,47145,105,49.0000,3650.3562,1194.8029,49.9714,3664.3971,1194.8029,0.000000
MOEA/D,450,47250,105,49.0000,3650.3562,1194.8029,49.9714,3662.3149,1194.8029,0.000000
MOEA/D,451,47355,105,49.0000,3650.3562,1194.8029,49.9714,3662.3149,1194.8029,0.000000
MOEA/D,452,47460,105,49.0000,3650.3562,1194.8029,49.9714,3662.2851,1194.8029,0.000000
MOEA/D,453,47565,105,49.0000,3650.3562,1194.8029,49.9714,3662.2851,1194.8029,0.000000
MOEA/D,454,47670,105,49.0000,3650.3562,1194.8029,49.9048,3662.1230,1194.8029,0.000000
MOEA/D,455,47775,105,49.0000,3650.3562,1194.8029,49.9048,3662.1230,1194.8029,0.000000
MOEA/D,456,47880,105,49.0000,3650.3562,1194.8029,49.9048,3662.1230,1194.8029,0.000000
MOEA/D,457,47985,105,49.0000,3628.5645,1194.8029,49.7905,3656.9075,1194.8029,0.000000
MOEA/D,458,48090,105,49.0000,3628.5645,1194.8029,49.8095,3656.3412,1194.8029,0.000000
MOEA/D,459,48195,105,49.0000,3628.5645,1194.8029,49.7333,3655.5196,1194.8029,0.000000
MOEA/D,460,48300,105,49.0000,3628.5645,1194.8029,49.7333,3654.4972,1194.8029,0.000000
MOEA/D,461,48405,105,49.0000,3628.5645,1194.8029,49.7714,3654.4223,1194.8029,0.000000
MOEA/D,462,48510,105,49.0000,3628.5645,1194.8029,49.7714,3654.4223,1194.8029,0.000000
MOEA/D,463,48615,105,49.0000,3628.5645,1194.8029,49.7714,3654.4223,1194.8029,0.000000
MOEA/D,464,48720,105,49.0000,3628.5645,1194.8029,49.7714,3654.4223,1194.8029,0.000000
MOEA/D,465,48825,105,49.0000,3628.5645,1194.8029,49.7714,3654.4223,1194.8029,0.000000
MOEA/D,466,48930,105,49.0000,3628.5645,1194.8029,49.7714,3654.4223,1194.8029,0.000000
MOEA/D,467,49035,105,49.0000,3628.5645,1194.8029,49.7714,3654.1502,1194.8029,0.000000
MOEA/D,468,49140,105,49.0000,3628.5645,1194.8029,49.7714,3654.1502,1194.8029,0.000000
MOEA/D,469,49245,105,49.0000,3628.5645,1194.8029,49.7714,3654.0572,1194.8029,0.000000
MOEA/D,470,49350,105,49.0000,3628.5645,1194.8029,49.7619,3653.6987,1194.8029,0.000000
MOEA/D,471,49455,105,49.0000,3628.5645,1194.8029,49.7048,3653.2193,1194.8029,0.000000
MOEA/D,472,49560,105,49.0000,3628.5645,1194.8029,49.7048,3653.2193,1194.8029,0.000000
MOEA/D,473,49665,105,49.0000,3628.5645,1194.8029,49.7238,3653.1930,1194.8029,0.000000
MOEA/D,474,49770,105,49.0000,3628.5645,1194.8029,49.7238,3653.1930,1194.8029,0.000000
MOEA/D,475,49875,105,49.0000,3628.5645,1194.8029,49.7238,3653.1930,1194.8029,0.000000
MOEA/D,476,49980,105,49.0000,3628.5645,1194.8029,49.6571,3650.4141,1194.8029,0.000000
MOEA/D,477,50085,105,49.0000,3628.5645,1194.8029,49.6571,3650.4141,1194.8029,0.000000
MOEA/D,478,50190,105,49.0000,3628.5645,1194.8029,49.6667,3649.7154,1194.8029,0.000000
MOEA/D,479,50295,105,49.0000,3628.5645,1194.8029,49.5810,3649.3257,1194.8029,0.000000
MOEA/D,480,50400,105,49.0000,3628.5645,1194.8029,49.5810,3649.3257,1194.8029,0.000000
MOEA/D,481,50505,105,49.0000,3628.5645,1194.8029,49.5810,3649.3257,1194.8029,0.000000
MOEA/D,482,50610,105,49.0000,3628.5645,1194.8029,49.5810,3649.3257,1194.8029,0.000000
MOEA/D,483,50715,105,49.0000,3628.5645,1194.8029,49.5810,3649.3257,1194.8029,0.000000
MOEA/D,484,50820,105,49.0000,3628.5645,1194.8029,49.5810,3649.3858,1194.8029,0.000000
MOEA/D,485,50925,105,49.0000,3628.5645,1194.8029,49.5810,3649.3506,1194.8029,0.000000
MOEA/D,486,51030,105,49.0000,3628.5645,1194.8029,49.5714,3649.5084,1194.8029,0.000000
MOEA/D,487,51135,105,49.0000,3628.5645,1194.8029,49.5714,3649.6314,1194.8029,0.000000
MOEA/D,488,51240,105,49.0000,3628.5645,1194.8029,49.5714,3649.4489,1194.8029,0.000000
MOEA/D,489,51345,105,49.0000,3628.5645,1194.8029,49.6952,3648.7648,1194.8029,0.000000
MOEA/D,490,51450,105,49.0000,3628.5645,1194.8029,49.6952,3648.7648,1194.8029,0.000000
MOEA/D,491,51555,105,49.0000,3628.5645,1194.8029,49.6857,3647.9266,1194.8029,0.000000
MOEA/D,492,51660,105,49.0000,3628.5645,1194.8029,49.6857,3647.9266,1194.8029,0.000000
MOEA/D,493,51765,105,49.0000,3628.5645,1194.8029,49.6286,3646.8588,1194.8029,0.000000
MOEA/D,494,51870,105,49.0000,3628.5645,1194.8029,49.6286,3646.8588,1194.8029,0.000000
MOEA/D,495,51975,105,49.0000,3628.5645,1194.8029,49.6000,3646.8079,1194.8029,0.000000
MOEA/D,496,52080,105,49.0000,3628.5645,1194.8029,49.6000,3646.8079,1194.8029,0.000000
MOEA/D,497,52185,105,49.0000,3628.5645,1194.8029,49.6095,3646.7605,1194.8029,0.000000
MOEA/D,498,52290,105,49.0000,3628.5645,1194.8029,49.6095,3646.7378,1194.8029,0.000000
MOEA/D,499,52395,105,49.0000,3628.5645,1194.8029,49.5143,3646.5629,1194.8029,0.000000
MOEA/D,500,52500,105,49.0000,3628.5645,1194.8029,49.5238,3646.4513,1194.8029,0.000000
MOEA/D,501,52605,105,49.0000,3628.5645,1194.8029,49.5429,3646.4473,1194.8029,0.000000
MOEA/D,502,52710,105,49.0000,3628.5645,1194.8029,49.5429,3646.4473,1194.8029,0.000000
MOEA/D,503,52815,105,49.0000,3628.5645,1194.8029,49.5429,3646.4473,1194.8029,0.000000
MOEA/D,504,52920,105,49.0000,3628.5645,1194.8029,49.5905,3646.4269,1194.8029,0.000000
MOEA/D,505,53025,105,49.0000,3628.5645,1194.8029,49.5905,3646.4269,1194.8029,0.000000
MOEA/D,506,53130,105,49.0000,3628.5645,1194.8029,49.5905,3646.4269,1194.8029,0.000000
MOEA/D,507,53235,105,49.0000,3628.5645,1194.8029,49.5905,3646.4269,1194.8029,0.000000
MOEA/D,508,53340,105,49.0000,3628.5645,1194.8029,49.5905,3646.4269,1194.8029,0.000000
MOEA/D,509,53445,105,49.0000,3628.5645,1194.8029,49.5905,3646.4269,1194.8029,0.000000
MOEA/D,510,53550,105,49.0000,3628.5645,1194.8029,49.5905,3646.4269,1194.8029,0.000000
MOEA/D,511,53655,105,49.0000,3628.5645,1194.8029,49.5905,3646.4269,1194.8029,0.000000
MOEA/D,512,53760,105,49.0000,3628.5645,1194.8029,49.6286,3645.2059,1194.8029,0.000000
MOEA/D,513,53865,105,49.0000,3628.5645,1194.8029,49.6286,3645.2059,1194.8029,0.000000
MOEA/D,514,53970,105,49.0000,3628.5645,1194.8029,49.6286,3645.2059,1194.8029,0.000000
MOEA/D,515,54075,105,49.0000,3628.5645,1194.8029,49.6286,3645.2059,1194.8029,0.000000
MOEA/D,516,54180,105,49.0000,3628.5645,1194.8029,49.6286,3645.2059,1194.8029,0.000000
MOEA/D,517,54285,105,49.0000,3628.5645,1194.8029,49.6190,3645.2644,1194.8029,0.000000
MOEA/D,518,54390,105,49.0000,3628.5645,1194.8029,49.6476,3644.5535,1194.8029,0.000000
MOEA/D,519,54495,105,49.0000,3628.5645,1194.8029,49.6476,3644.5535,1194.8029,0.000000
MOEA/D,520,54600,105,49.0000,3628.5645,1194.8029,49.6571,3644.2744,1194.8029,0.000000
MOEA/D,521,54705,105,49.0000,3628.5645,1194.8029,49.6571,3644.2744,1194.8029,0.000000
MOEA/D,522,54810,105,49.0000,3628.5645,1194.8029,49.6571,3644.2744,1194.8029,0.000000
MOEA/D,523,54915,105,49.0000,3628.5645,1194.8029,49.6571,3644.2744,1194.8029,0.000000
MOEA/D,524,55020,105,49.0000,3628.5645,1194.8029,49.6571,3644.2744,1194.8029,0.000000
MOEA/D,525,55125,105,49.0000,3628.5645,1194.8029,49.6571,3644.3156,1194.8029,0.000000
MOEA/D,526,55230,105,49.0000,3628.5645,1194.8029,49.6571,3644.3156,1194.8029,0.000000
MOEA/D,527,55335,105,49.0000,3628.5645,1194.8029,49.6571,3644.3156,1194.8029,0.000000
MOEA/D,528,55440,105,49.0000,3628.5645,1194.8029,49.6571,3644.3156,1194.8029,0.000000
MOEA/D,529,55545,105,49.0000,3628.5645,1194.8029,49.6667,3644.3992,1194.8029,0.000000
MOEA/D,530,55650,105,49.0000,3628.5645,1194.8029,49.6667,3644.3992,1194.8029,0.000000
MOEA/D,531,55755,105,49.0000,3628.5645,1194.8029,49.6667,3644.3992,1194.8029,0.000000
MOEA/D,532,55860,105,49.0000,3626.1693,1194.8029,49.6571,3644.2213,1194.8029,0.000000
MOEA/D,533,55965,105,49.0000,3626.1693,1194.8029,49.6667,3644.0807,1194.8029,0.000000
MOEA/D,534,56070,105,49.0000,3626.1693,1194.8029,49.6667,3644.0561,1194.8029,0.000000
MOEA/D,535,56175,105,49.0000,3626.1693,1194.8029,49.6667,3644.0561,1194.8029,0.000000
MOEA/D,536,56280,105,49.0000,3626.1693,1194.8029,49.6762,3644.0573,1194.8029,0.000000
MOEA/D,537,56385,105,49.0000,3626.1693,1194.8029,49.6571,3644.0248,1194.8029,0.000000
MOEA/D,538,56490,105,49.0000,3626.1693,1194.8029,49.6571,3644.0248,1194.8029,0.000000
MOEA/D,539,56595,105,49.0000,3626.1693,1194.8029,49.6571,3643.9878,1194.8029,0.000000
MOEA/D,540,56700,105,49.0000,3626.1693,1194.8029,49.6571,3643.9878,1194.8029,0.000000
MOEA/D,541,56805,105,49.0000,3626.1693,1194.8029,49.6571,3643.9878,1194.8029,0.000000
MOEA/D,542,56910,105,49.0000,3626.1693,1194.8029,49.6571,3643.9878,1194.8029,0.000000
MOEA/D,543,57015,105,49.0000,3628.5645,1194.8029,49.5429,3642.5705,1194.8029,0.000000
MOEA/D,544,57120,105,49.0000,3628.5645,1194.8029,49.5429,3642.5705,1194.8029,0.000000
MOEA/D,545,57225,105,49.0000,3628.5645,1194.8029,49.5429,3642.5705,1194.8029,0.000000
MOEA/D,546,57330,105,49.0000,3628.5645,1194.8029,49.5429,3642.5705,1194.8029,0.000000
MOEA/D,547,57435,105,49.0000,3628.5645,1194.8029,49.5429,3642.5705,1194.8029,0.000000
MOEA/D,548,57540,105,49.0000,3628.5645,1194.8029,49.5429,3642.5705,1194.8029,0.000000
MOEA/D,549,57645,105,49.0000,3628.5645,1194.8029,49.5429,3642.5705,1194.8029,0.000000
MOEA/D,550,57750,105,49.0000,3628.5645,1194.8029,49.5429,3642.5705,1194.8029,0.000000
MOEA/D,551,57855,105,49.0000,3628.5645,1194.8029,49.5429,3642.5705,1194.8029,0.000000
MOEA/D,552,57960,105,49.0000,3628.5645,1194.8029,49.5429,3642.5705,1194.8029,0.000000
MOEA/D,553,58065,105,49.0000,3628.5645,1194.8029,49.5429,3642.5705,1194.8029,0.000000
MOEA/D,554,58170,105,49.0000,3628.5645,1194.8029,49.4095,3640.5779,1194.8029,0.000000
MOEA/D,555,58275,105,49.0000,3628.5645,1194.8029,49.4095,3640.5779,1194.8029,0.000000
MOEA/D,556,58380,105,49.0000,3628.5645,1194.8029,49.4095,3640.5779,1194.8029,0.000000
MOEA/D,557,58485,105,49.0000,3628.5645,1194.8029,49.4095,3640.5779,1194.8029,0.000000
MOEA/D,558,58590,105,49.0000,3628.5645,1194.8029,49.3333,3639.2800,1194.8029,0.000000
MOEA/D,559,58695,105,49.0000,3628.5645,1194.8029,49.3333,3639.2800,1194.8029,0.000000
MOEA/D,560,58800,105,49.0000,3628.5645,1194.8029,49.3333,3639.2800,1194.8029,0.000000
MOEA/D,561,58905,105,49.0000,3626.1693,1194.8029,49.3048,3637.7977,1194.8029,0.000000
MOEA/D,562,59010,105,49.0000,3626.1693,1194.8029,49.3048,3637.6609,1194.8029,0.000000
MOEA/D,563,59115,105,49.0000,3626.1693,1194.8029,49.3048,3637.6609,1194.8029,0.000000
MOEA/D,564,59220,105,49.0000,3626.1693,1194.8029,49.3048,3637.6609,1194.8029,0.000000
MOEA/D,565,59325,105,49.0000,3626.1693,1194.8029,49.3048,3637.5256,1194.8029,0.000000
MOEA/D,566,59430,105,49.0000,3626.1693,1194.8029,49.3048,3637.5256,1194.8029,0.000000
MOEA/D,567,59535,105,49.0000,3626.1693,1194.8029,49.3048,3637.4637,1194.8029,0.000000
MOEA/D,568,59640,105,49.0000,3626.1693,1194.8029,49.3048,3637.4637,1194.8029,0.000000
MOEA/D,569,59745,105,49.0000,3626.1693,1194.8029,49.3143,3637.2181,1194.8029,0.000000
MOEA/D,570,59850,105,48.0000,3626.1693,1194.8029,49.2952,3637.2300,1194.8029,0.000000
MOEA/D,571,59955,105,48.0000,3626.1693,1194.8029,49.2952,3637.2300,1194.8029,0.000000
MOEA/D,572,60060,105,48.0000,3626.1693,1194.8029,49.2952,3637.2300,1194.8029,0.000000
MOEA/D,573,60165,105,48.0000,3626.1693,1194.8029,49.2952,3637.2300,1194.8029,0.000000
MOEA/D,574,60270,105,48.0000,3626.1693,1194.8029,49.2952,3637.2300,1194.8029,0.000000
MOEA/D,575,60375,105,48.0000,3626.1693,1194.8029,49.2952,3637.1412,1194.8029,0.000000
MOEA/D,576,60480,105,48.0000,3626.1693,1194.8029,49.2952,3637.1412,1194.8029,0.000000
MOEA/D,577,60585,105,48.0000,3626.1693,1194.8029,49.2952,3637.1412,1194.8029,0.000000
MOEA/D,578,60690,105,48.0000,3626.1693,1194.8029,49.2952,3637.1412,1194.8029,0.000000
MOEA/D,579,60795,105,48.0000,3626.1693,1194.8029,49.2952,3637.1412,1194.8029,0.000000
MOEA/D,580,60900,105,48.0000,3626.1693,1194.8029,49.2952,3637.1412,1194.8029,0.000000
MOEA/D,581,61005,105,48.0000,3626.1693,1194.8029,49.2952,3637.1412,1194.8029,0.000000
MOEA/D,582,61110,105,48.0000,3626.1693,1194.8029,49.2952,3637.1412,1194.8029,0.000000
MOEA/D,583,61215,105,48.0000,3626.1693,1194.8029,49.2952,3637.1412,1194.8029,0.000000
MOEA/D,584,61320,105,48.0000,3626.1693,1194.8029,49.2952,3636.8710,1194.8029,0.000000
MOEA/D,585,61425,105,48.0000,3626.1693,1194.8029,49.2476,3636.3145,1194.8029,0.000000
MOEA/D,586,61530,105,48.0000,3626.1693,1194.8029,49.2476,3636.3096,1194.8029,0.000000
MOEA/D,587,61635,105,48.0000,3626.1693,1194.8029,49.2476,3636.3096,1194.8029,0.000000
MOEA/D,588,61740,105,48.0000,3626.1693,1194.8029,49.2476,3636.3096,1194.8029,0.000000
MOEA/D,589,61845,105,48.0000,3626.1693,1194.8029,49.2476,3636.3096,1194.8029,0.000000
MOEA/D,590,61950,105,48.0000,3626.1693,1194.8029,49.2476,3636.3096,1194.8029,0.000000
MOEA/D,591,62055,105,48.0000,3626.1693,1194.8029,49.2476,3636.1779,1194.8029,0.000000
MOEA/D,592,62160,105,48.0000,3626.1693,1194.8029,49.2476,3636.1779,1194.8029,0.000000
MOEA/D,593,62265,105,48.0000,3626.1693,1194.8029,49.2476,3636.1779,1194.8029,0.000000
MOEA/D,594,62370,105,48.0000,3626.1693,1194.8029,49.2381,3636.2496,1194.8029,0.000000
MOEA/D,595,62475,105,48.0000,3626.1693,1194.8029,49.2381,3636.2496,1194.8029,0.000000
MOEA/D,596,62580,105,48.0000,3626.1693,1194.8029,49.2381,3636.2496,1194.8029,0.000000
MOEA/D,597,62685,105,48.0000,3626.1693,1194.8029,49.1524,3635.2446,1194.8029,0.000000
MOEA/D,598,62790,105,48.0000,3626.1693,1194.8029,49.1524,3635.2446,1194.8029,0.000000
MOEA/D,599,62895,105,48.0000,3626.1693,1194.8029,49.1524,3635.2446,1194.8029,0.000000
MOEA/D,600,63000,105,48.0000,3626.1693,1194.8029,49.1524,3635.2446,1194.8029,0.000000
MOEA/D,601,63105,105,48.0000,3626.1693,1194.8029,49.1524,3635.1618,1194.8029,0.000000
MOEA/D,602,63210,105,48.0000,3626.1693,1194.8029,49.1524,3635.1618,1194.8029,0.000000
MOEA/D,603,63315,105,48.0000,3626.1693,1194.8029,49.1524,3635.1618,1194.8029,0.000000
MOEA/D,604,63420,105,48.0000,3626.1693,1194.8029,49.1524,3635.1618,1194.8029,0.000000
MOEA/D,605,63525,105,48.0000,3626.1693,1194.8029,49.1524,3635.2154,1194.8029,0.000000
MOEA/D,606,63630,105,48.0000,3626.1693,1194.8029,49.1524,3634.8796,1194.8029,0.000000
MOEA/D,607,63735,105,48.0000,3626.1693,1194.8029,49.1524,3634.8796,1194.8029,0.000000
MOEA/D,608,63840,105,48.0000,3626.1693,1194.8029,49.1524,3634.8796,1194.8029,0.000000
MOEA/D,609,63945,105,48.0000,3626.1693,1194.8029,49.1524,3634.8796,1194.8029,0.000000
MOEA/D,610,64050,105,48.0000,3626.1693,1194.8029,49.1524,3634.8796,1194.8029,0.000000
MOEA/D,611,64155,105,48.0000,3626.1693,1194.8029,49.1524,3634.8796,1194.8029,0.000000
MOEA/D,612,64260,105,48.0000,3626.1693,1194.8029,49.1524,3634.8796,1194.8029,0.000000
MOEA/D,613,64365,105,48.0000,3626.1693,1194.8029,49.1524,3634.8796,1194.8029,0.000000
MOEA/D,614,64470,105,48.0000,3626.1693,1194.8029,49.1524,3634.8796,1194.8029,0.000000
MOEA/D,615,64575,105,48.0000,3626.1693,1194.8029,49.1524,3634.8796,1194.8029,0.000000
MOEA/D,616,64680,105,48.0000,3626.1693,1194.8029,49.1524,3634.8796,1194.8029,0.000000
MOEA/D,617,64785,105,48.0000,3626.1693,1194.8029,49.1524,3634.8796,1194.8029,0.000000
MOEA/D,618,64890,105,48.0000,3626.1693,1194.8029,49.1524,3634.8796,1194.8029,0.000000
MOEA/D,619,64995,105,48.0000,3626.1693,1194.8029,49.1524,3634.8796,1194.8029,0.000000
MOEA/D,620,65100,105,48.0000,3626.1693,1194.8029,49.1524,3634.7860,1194.8029,0.000000
MOEA/D,621,65205,105,48.0000,3626.1693,1194.8029,49.1524,3634.7860,1194.8029,0.000000
MOEA/D,622,65310,105,48.0000,3626.1693,1194.8029,49.1524,3634.8141,1194.8029,0.000000
MOEA/D,623,65415,105,48.0000,3626.1693,1194.8029,49.1524,3634.8141,1194.8029,0.000000
MOEA/D,624,65520,105,48.0000,3626.1693,1194.8029,49.1524,3634.8141,1194.8029,0.000000
MOEA/D,625,65625,105,48.0000,3626.1693,1194.8029,49.1524,3634.6321,1194.8029,0.000000
MOEA/D,626,65730,105,48.0000,3626.1693,1194.8029,49.1524,3634.6321,1194.8029,0.000000
MOEA/D,627,65835,105,48.0000,3626.1693,1194.8029,49.1524,3634.6321,1194.8029,0.000000
MOEA/D,628,65940,105,48.0000,3626.1693,1194.8029,49.1524,3634.6321,1194.8029,0.000000
MOEA/D,629,66045,105,48.0000,3626.1693,1194.8029,49.1619,3634.6221,1194.8029,0.000000
MOEA/D,630,66150,105,48.0000,3626.1693,1194.8029,49.1619,3634.6221,1194.8029,0.000000
MOEA/D,631,66255,105,48.0000,3626.1693,1194.8029,49.1619,3634.6221,1194.8029,0.000000
MOEA/D,632,66360,105,48.0000,3626.1693,1194.8029,49.1619,3634.5990,1194.8029,0.000000
MOEA/D,633,66465,105,48.0000,3626.1693,1194.8029,49.1619,3634.1554,1194.8029,0.000000
MOEA/D,634,66570,105,48.0000,3626.1693,1194.8029,49.1619,3634.1554,1194.8029,0.000000
MOEA/D,635,66675,105,48.0000,3626.1693,1194.8029,49.1619,3634.1554,1194.8029,0.000000
MOEA/D,636,66780,105,48.0000,3626.1693,1194.8029,49.1619,3634.2069,1194.8029,0.000000
MOEA/D,637,66885,105,48.0000,3626.1693,1194.8029,49.1524,3634.1457,1194.8029,0.000000
MOEA/D,638,66990,105,48.0000,3626.1693,1194.8029,49.1524,3634.1457,1194.8029,0.000000
MOEA/D,639,67095,105,48.0000,3626.1693,1194.8029,49.1524,3634.1457,1194.8029,0.000000
MOEA/D,640,67200,105,48.0000,3626.1693,1194.8029,49.1524,3634.1466,1194.8029,0.000000
MOEA/D,641,67305,105,48.0000,3626.1693,1194.8029,49.1524,3634.1466,1194.8029,0.000000
MOEA/D,642,67410,105,48.0000,3626.1693,1194.8029,49.1524,3634.1361,1194.8029,0.000000
MOEA/D,643,67515,105,48.0000,3626.1693,1194.8029,49.1524,3634.1506,1194.8029,0.000000
MOEA/D,644,67620,105,48.0000,3626.1693,1194.8029,49.1524,3634.1506,1194.8029,0.000000
MOEA/D,645,67725,105,48.0000,3626.1693,1194.8029,49.1524,3634.1506,1194.8029,0.000000
MOEA/D,646,67830,105,48.0000,3626.1693,1194.8029,49.1524,3633.6212,1194.8029,0.000000
MOEA/D,647,67935,105,48.0000,3626.1693,1194.8029,49.1524,3633.5246,1194.8029,0.000000
MOEA/D,648,68040,105,48.0000,3626.1693,1194.8029,49.1524,3633.5660,1194.8029,0.000000
MOEA/D,649,68145,105,48.0000,3626.1693,1194.8029,49.1524,3633.5660,1194.8029,0.000000
MOEA/D,650,68250,105,48.0000,3626.1693,1194.8029,49.1524,3633.5660,1194.8029,0.000000
MOEA/D,651,68355,105,48.0000,3626.1693,1194.8029,49.1524,3633.5660,1194.8029,0.000000
MOEA/D,652,68460,105,48.0000,3626.1693,1194.8029,49.1524,3633.5432,1194.8029,0.000000
MOEA/D,653,68565,105,48.0000,3626.1693,1194.8029,49.1524,3633.5432,1194.8029,0.000000
MOEA/D,654,68670,105,48.0000,3626.1693,1194.8029,49.1524,3633.5432,1194.8029,0.000000
MOEA/D,655,68775,105,48.0000,3626.1693,1194.8029,49.1524,3633.5432,1194.8029,0.000000
MOEA/D,656,68880,105,48.0000,3626.1693,1194.8029,49.1524,3633.5432,1194.8029,0.000000
MOEA/D,657,68985,105,48.0000,3626.1693,1194.8029,49.1524,3633.5432,1194.8029,0.000000
MOEA/D,658,69090,105,48.0000,3626.1693,1194.8029,49.1524,3633.5432,1194.8029,0.000000
MOEA/D,659,69195,105,48.0000,3626.1693,1194.8029,49.1524,3633.5432,1194.8029,0.000000
MOEA/D,660,69300,105,48.0000,3626.1693,1194.8029,49.1524,3633.5354,1194.8029,0.000000
MOEA/D,661,69405,105,48.0000,3626.1693,1194.8029,49.1524,3633.5317,1194.8029,0.000000
MOEA/D,662,69510,105,48.0000,3626.1693,1194.8029,49.1524,3633.5317,1194.8029,0.000000
MOEA/D,663,69615,105,48.0000,3626.1693,1194.8029,49.1524,3633.5723,1194.8029,0.000000
MOEA/D,664,69720,105,48.0000,3626.1693,1194.8029,49.1524,3633.4354,1194.8029,0.000000
MOEA/D,665,69825,105,48.0000,3626.1693,1194.8029,49.1524,3633.4354,1194.8029,0.000000
MOEA/D,666,69930,105,48.0000,3626.1693,1194.8029,49.1524,3633.4354,1194.8029,0.000000
MOEA/D,667,70035,105,48.0000,3626.1693,1194.8029,49.1524,3633.4354,1194.8029,0.000000
MOEA/D,668,70140,105,48.0000,3626.1693,1194.8029,49.1524,3633.4354,1194.8029,0.000000
MOEA/D,669,70245,105,48.0000,3626.1693,1194.8029,49.1524,3633.4354,1194.8029,0.000000
MOEA/D,670,70350,105,48.0000,3626.1693,1194.8029,49.1524,3633.4354,1194.8029,0.000000
MOEA/D,671,70455,105,48.0000,3626.1693,1194.8029,49.1524,3633.4354,1194.8029,0.000000
MOEA/D,672,70560,105,48.0000,3626.1693,1194.8029,49.1524,3633.3214,1194.8029,0.000000
MOEA/D,673,70665,105,48.0000,3626.1693,1194.8029,49.1524,3633.3214,1194.8029,0.000000
MOEA/D,674,70770,105,48.0000,3626.1693,1194.8029,49.1524,3633.3214,1194.8029,0.000000
MOEA/D,675,70875,105,48.0000,3626.1693,1194.8029,49.1524,3633.2985,1194.8029,0.000000
MOEA/D,676,70980,105,48.0000,3626.1693,1194.8029,49.1524,3633.2985,1194.8029,0.000000
MOEA/D,677,71085,105,48.0000,3626.1693,1194.8029,49.1524,3633.2985,1194.8029,0.000000
MOEA/D,678,71190,105,48.0000,3626.1693,1194.8029,49.1524,3633.2810,1194.8029,0.000000
MOEA/D,679,71295,105,48.0000,3626.1693,1194.8029,49.1524,3633.2810,1194.8029,0.000000
MOEA/D,680,71400,105,48.0000,3626.1693,1194.8029,49.1524,3633.2544,1194.8029,0.000000
MOEA/D,681,71505,105,48.0000,3626.1693,1194.8029,49.1524,3633.2544,1194.8029,0.000000
MOEA/D,682,71610,105,48.0000,3626.1693,1194.8029,49.1524,3633.2544,1194.8029,0.000000
MOEA/D,683,71715,105,48.0000,3626.1693,1194.8029,49.1524,3633.2120,1194.8029,0.000000
MOEA/D,684,71820,105,48.0000,3626.1693,1194.8029,49.1524,3633.2120,1194.8029,0.000000
MOEA/D,685,71925,105,48.0000,3626.1693,1194.8029,49.1524,3633.2120,1194.8029,0.000000
MOEA/D,686,72030,105,48.0000,3626.1693,1194.8029,49.1524,3633.2120,1194.8029,0.000000
MOEA/D,687,72135,105,48.0000,3626.1693,1194.8029,49.1524,3633.2120,1194.8029,0.000000
MOEA/D,688,72240,105,48.0000,3626.1693,1194.8029,49.1524,3633.2120,1194.8029,0.000000
MOEA/D,689,72345,105,48.0000,3626.1693,1194.8029,49.1524,3633.2120,1194.8029,0.000000
MOEA/D,690,72450,105,48.0000,3626.1693,1194.8029,49.1524,3633.2120,1194.8029,0.000000
MOEA/D,691,72555,105,48.0000,3625.6151,1194.8029,49.1524,3633.1303,1194.8029,0.000000
MOEA/D,692,72660,105,48.0000,3625.6151,1194.8029,49.1524,3633.1303,1194.8029,0.000000
MOEA/D,693,72765,105,48.0000,3625.6151,1194.8029,49.1524,3633.1303,1194.8029,0.000000
MOEA/D,694,72870,105,48.0000,3625.6151,1194.8029,49.1524,3633.1303,1194.8029,0.000000
MOEA/D,695,72975,105,48.0000,3625.6151,1194.8029,49.1524,3633.1303,1194.8029,0.000000
MOEA/D,696,73080,105,48.0000,3625.6151,1194.8029,49.1524,3633.1303,1194.8029,0.000000
MOEA/D,697,73185,105,48.0000,3625.6151,1194.8029,49.1524,3633.0201,1194.8029,0.000000
MOEA/D,698,73290,105,48.0000,3625.6151,1194.8029,49.1524,3633.0201,1194.8029,0.000000
MOEA/D,699,73395,105,48.0000,3625.6151,1194.8029,49.1524,3633.0201,1194.8029,0.000000
MOEA/D,700,73500,105,48.0000,3625.6151,1194.8029,49.1429,3632.9540,1194.8029,0.000000
MOEA/D,701,73605,105,48.0000,3625.6151,1194.8029,49.1429,3632.9540,1194.8029,0.000000
MOEA/D,702,73710,105,48.0000,3625.6151,1194.8029,49.1429,3632.9540,1194.8029,0.000000
MOEA/D,703,73815,105,48.0000,3625.6151,1194.8029,49.1429,3632.9540,1194.8029,0.000000
MOEA/D,704,73920,105,48.0000,3625.6151,1194.8029,49.1429,3632.9540,1194.8029,0.000000
MOEA/D,705,74025,105,48.0000,3625.6151,1194.8029,49.1333,3632.8701,1194.8029,0.000000
MOEA/D,706,74130,105,48.0000,3625.6151,1194.8029,49.1333,3632.8473,1194.8029,0.000000
MOEA/D,707,74235,105,48.0000,3625.6151,1194.8029,49.1333,3632.8473,1194.8029,0.000000
MOEA/D,708,74340,105,48.0000,3625.6151,1194.8029,49.1333,3632.8473,1194.8029,0.000000
MOEA/D,709,74445,105,48.0000,3625.6151,1194.8029,49.1333,3632.8473,1194.8029,0.000000
MOEA/D,710,74550,105,48.0000,3625.6151,1194.8029,49.1333,3632.8473,1194.8029,0.000000
MOEA/D,711,74655,105,48.0000,3625.6151,1194.8029,49.1333,3632.8383,1194.8029,0.000000
MOEA/D,712,74760,105,48.0000,3625.6151,1194.8029,49.1333,3632.8383,1194.8029,0.000000
MOEA/D,713,74865,105,48.0000,3625.6151,1194.8029,49.1333,3632.8383,1194.8029,0.000000
MOEA/D,714,74970,105,48.0000,3625.6151,1194.8029,49.1333,3632.8383,1194.8029,0.000000
MOEA/D,715,75075,105,48.0000,3625.6151,1194.8029,49.1333,3632.8155,1194.8029,0.000000
MOEA/D,716,75180,105,48.0000,3625.6151,1194.8029,49.1333,3632.8155,1194.8029,0.000000
MOEA/D,717,75285,105,48.0000,3625.6151,1194.8029,49.1333,3632.8155,1194.8029,0.000000
MOEA/D,718,75390,105,48.0000,3625.6151,1194.8029,49.1333,3632.8155,1194.8029,0.000000
MOEA/D,719,75495,105,48.0000,3625.6151,1194.8029,49.1333,3632.8155,1194.8029,0.000000
MOEA/D,720,75600,105,48.0000,3625.6151,1194.8029,49.1333,3632.8155,1194.8029,0.000000
MOEA/D,721,75705,105,48.0000,3625.6151,1194.8029,49.1333,3632.5260,1194.8029,0.000000
MOEA/D,722,75810,105,48.0000,3625.6151,1194.8029,49.1333,3632.5260,1194.8029,0.000000
MOEA/D,723,75915,105,48.0000,3625.6151,1194.8029,49.1333,3632.5260,1194.8029,0.000000
MOEA/D,724,76020,105,48.0000,3625.6151,1194.8029,49.1429,3632.5796,1194.8029,0.000000
MOEA/D,725,76125,105,48.0000,3625.6151,1194.8029,49.1429,3632.5634,1194.8029,0.000000
MOEA/D,726,76230,105,48.0000,3625.6151,1194.8029,49.1429,3632.5634,1194.8029,0.000000
MOEA/D,727,76335,105,48.0000,3625.6151,1194.8029,49.1429,3632.5634,1194.8029,0.000000
MOEA/D,728,76440,105,48.0000,3625.6151,1194.8029,49.1429,3632.5634,1194.8029,0.000000
MOEA/D,729,76545,105,48.0000,3625.6151,1194.8029,49.1429,3632.5634,1194.8029,0.000000
MOEA/D,730,76650,105,48.0000,3625.6151,1194.8029,49.1429,3632.5634,1194.8029,0.000000
MOEA/D,731,76755,105,48.0000,3625.6151,1194.8029,49.1429,3632.5559,1194.8029,0.000000
MOEA/D,732,76860,105,48.0000,3625.6151,1194.8029,49.1333,3632.5615,1194.8029,0.000000
MOEA/D,733,76965,105,48.0000,3625.6151,1194.8029,49.1333,3632.5615,1194.8029,0.000000
MOEA/D,734,77070,105,48.0000,3625.6151,1194.8029,49.1333,3632.5824,1194.8029,0.000000
MOEA/D,735,77175,105,48.0000,3625.6151,1194.8029,49.1333,3632.5824,1194.8029,0.000000
MOEA/D,736,77280,105,48.0000,3625.6151,1194.8029,49.1333,3632.5824,1194.8029,0.000000
MOEA/D,737,77385,105,48.0000,3625.6151,1194.8029,49.1333,3632.5824,1194.8029,0.000000
MOEA/D,738,77490,105,48.0000,3625.6151,1194.8029,49.1333,3632.5824,1194.8029,0.000000
MOEA/D,739,77595,105,48.0000,3625.6151,1194.8029,49.1333,3632.5824,1194.8029,0.000000
MOEA/D,740,77700,105,48.0000,3625.6151,1194.8029,49.1333,3632.5824,1194.8029,0.000000
MOEA/D,741,77805,105,48.0000,3625.6151,1194.8029,49.1333,3632.5928,1194.8029,0.000000
MOEA/D,742,77910,105,48.0000,3625.6151,1194.8029,49.1333,3632.5928,1194.8029,0.000000
MOEA/D,743,78015,105,48.0000,3625.6151,1194.8029,49.1333,3632.5928,1194.8029,0.000000
MOEA/D,744,78120,105,48.0000,3625.6151,1194.8029,49.1714,3632.6933,1194.8029,0.000000
MOEA/D,745,78225,105,48.0000,3625.6151,1194.8029,49.1714,3632.6933,1194.8029,0.000000
MOEA/D,746,78330,105,48.0000,3625.6151,1194.8029,49.1714,3632.6933,1194.8029,0.000000
MOEA/D,747,78435,105,48.0000,3625.6151,1194.8029,49.1714,3632.6758,1194.8029,0.000000
MOEA/D,748,78540,105,48.0000,3625.6151,1194.8029,49.1714,3632.6758,1194.8029,0.000000
MOEA/D,749,78645,105,48.0000,3625.6151,1194.8029,49.1714,3632.6758,1194.8029,0.000000
MOEA/D,750,78750,105,48.0000,3625.6151,1194.8029,49.1714,3632.7004,1194.8029,0.000000
MOEA/D,751,78855,105,48.0000,3625.6151,1194.8029,49.1714,3632.6963,1194.8029,0.000000
MOEA/D,752,78960,105,48.0000,3625.6151,1194.8029,49.1714,3632.6963,1194.8029,0.000000
MOEA/D,753,79065,105,48.0000,3625.6151,1194.8029,49.1714,3632.6963,1194.8029,0.000000
MOEA/D,754,79170,105,48.0000,3625.6151,1194.8029,49.1714,3632.6963,1194.8029,0.000000
MOEA/D,755,79275,105,48.0000,3625.6151,1194.8029,49.1714,3632.6963,1194.8029,0.000000
MOEA/D,756,79380,105,48.0000,3625.6151,1194.8029,49.1714,3632.6963,1194.8029,0.000000
MOEA/D,757,79485,105,48.0000,3625.6151,1194.8029,49.1714,3632.6963,1194.8029,0.000000
MOEA/D,758,79590,105,48.0000,3625.6151,1194.8029,49.1714,3632.6963,1194.8029,0.000000
MOEA/D,759,79695,105,48.0000,3625.6151,1194.8029,49.1714,3632.6963,1194.8029,0.000000
MOEA/D,760,79800,105,48.0000,3625.6151,1194.8029,49.1714,3632.6963,1194.8029,0.000000
MOEA/D,761,79905,105,48.0000,3625.6151,1194.8029,49.1714,3632.6963,1194.8029,0.000000
MOEA/D,762,80010,105,48.0000,3625.6151,1194.8029,49.1714,3632.6963,1194.8029,0.000000
MOEA/D,763,80115,105,48.0000,3625.6151,1194.8029,49.1714,3632.6963,1194.8029,0.000000
MOEA/D,764,80220,105,48.0000,3625.6151,1194.8029,49.1714,3632.6963,1194.8029,0.000000
MOEA/D,765,80325,105,48.0000,3592.2294,1194.8029,48.8952,3623.3636,1194.8029,0.000000
MOEA/D,766,80430,105,48.0000,3592.2294,1194.8029,48.8952,3623.3636,1194.8029,0.000000
MOEA/D,767,80535,105,48.0000,3592.2294,1194.8029,48.8952,3624.7568,1194.8029,0.000000
MOEA/D,768,80640,105,48.0000,3592.2294,1194.8029,48.8952,3624.7568,1194.8029,0.000000
MOEA/D,769,80745,105,48.0000,3592.2294,1194.8029,48.7048,3621.3589,1194.8029,0.000000
MOEA/D,770,80850,105,48.0000,3592.2294,1194.8029,48.7048,3621.3589,1194.8029,0.000000
MOEA/D,771,80955,105,48.0000,3592.2294,1194.8029,48.7048,3621.3589,1194.8029,0.000000
MOEA/D,772,81060,105,48.0000,3592.2294,1194.8029,48.5333,3616.3745,1194.8029,0.000000
MOEA/D,773,81165,105,48.0000,3592.2294,1194.8029,48.5333,3614.7962,1194.8029,0.000000
MOEA/D,774,81270,105,48.0000,3592.2294,1194.8029,48.4571,3612.8462,1194.8029,0.000000
MOEA/D,775,81375,105,48.0000,3592.2294,1194.8029,48.4571,3612.8462,1194.8029,0.000000
MOEA/D,776,81480,105,48.0000,3592.2294,1194.8029,48.4571,3612.8393,1194.8029,0.000000
MOEA/D,777,81585,105,48.0000,3592.2294,1194.8029,48.4571,3612.4453,1194.8029,0.000000
MOEA/D,778,81690,105,48.0000,3592.2294,1194.8029,48.4286,3611.2040,1194.8029,0.000000
MOEA/D,779,81795,105,48.0000,3592.2294,1194.8029,48.4667,3611.8716,1194.8029,0.000000
MOEA/D,780,81900,105,48.0000,3592.2294,1194.8029,48.4667,3611.8716,1194.8029,0.000000
MOEA/D,781,82005,105,48.0000,3592.2294,1194.8029,48.4667,3611.7658,1194.8029,0.000000
MOEA/D,782,82110,105,48.0000,3592.2294,1194.8029,48.4667,3611.7658,1194.8029,0.000000
MOEA/D,783,82215,105,48.0000,3592.2294,1194.8029,48.3333,3610.6721,1194.8029,0.000000
MOEA/D,784,82320,105,48.0000,3592.2294,1194.8029,48.3333,3610.6721,1194.8029,0.000000
MOEA/D,785,82425,105,48.0000,3592.2294,1194.8029,48.3333,3610.6721,1194.8029,0.000000
MOEA/D,786,82530,105,48.0000,3592.2294,1194.8029,48.3333,3610.6721,1194.8029,0.000000
MOEA/D,787,82635,105,48.0000,3592.2294,1194.8029,48.3333,3610.6721,1194.8029,0.000000
MOEA/D,788,82740,105,48.0000,3592.2294,1194.8029,48.3333,3610.6721,1194.8029,0.000000
MOEA/D,789,82845,105,48.0000,3592.2294,1194.8029,48.3333,3610.6721,1194.8029,0.000000
MOEA/D,790,82950,105,48.0000,3592.2294,1194.8029,48.3333,3610.6721,1194.8029,0.000000
MOEA/D,791,83055,105,48.0000,3592.2294,1194.8029,48.4286,3611.0197,1194.8029,0.000000
MOEA/D,792,83160,105,48.0000,3592.2294,1194.8029,48.4286,3611.0197,1194.8029,0.000000
MOEA/D,793,83265,105,48.0000,3592.2294,1194.8029,48.4286,3611.0197,1194.8029,0.000000
MOEA/D,794,83370,105,48.0000,3592.2294,1194.8029,48.4286,3611.0197,1194.8029,0.000000
MOEA/D,795,83475,105,48.0000,3592.2294,1194.8029,48.3333,3607.9686,1194.8029,0.000000
MOEA/D,796,83580,105,48.0000,3592.2294,1194.8029,48.3333,3607.9642,1194.8029,0.000000
MOEA/D,797,83685,105,48.0000,3592.2294,1194.8029,48.3238,3607.9496,1194.8029,0.000000
MOEA/D,798,83790,105,48.0000,3592.2294,1194.8029,48.3238,3607.9496,1194.8029,0.000000
MOEA/D,799,83895,105,48.0000,3592.2294,1194.8029,48.3238,3607.9496,1194.8029,0.000000
MOEA/D,800,84000,105,48.0000,3592.2294,1194.8029,48.2667,3605.0488,1194.8029,0.000000
MOEA/D,801,84105,105,48.0000,3592.2294,1194.8029,48.2667,3605.0213,1194.8029,0.000000
MOEA/D,802,84210,105,48.0000,3592.2294,1194.8029,48.2667,3605.0213,1194.8029,0.000000
MOEA/D,803,84315,105,48.0000,3592.2294,1194.8029,48.2381,3604.2320,1194.8029,0.000000
MOEA/D,804,84420,105,48.0000,3592.2294,1194.8029,48.2381,3604.2320,1194.8029,0.000000
MOEA/D,805,84525,105,48.0000,3592.2294,1194.8029,48.2381,3603.4838,1194.8029,0.000000
MOEA/D,806,84630,105,48.0000,3592.2294,1194.8029,48.2381,3603.4838,1194.8029,0.000000
MOEA/D,807,84735,105,48.0000,3592.2294,1194.8029,48.2476,3603.4925,1194.8029,0.000000
MOEA/D,808,84840,105,48.0000,3592.2294,1194.8029,48.2476,3603.3257,1194.8029,0.000000
MOEA/D,809,84945,105,48.0000,3592.2294,1194.8029,48.2476,3603.3997,1194.8029,0.000000
MOEA/D,810,85050,105,48.0000,3592.2294,1194.8029,48.2476,3603.3997,1194.8029,0.000000
MOEA/D,811,85155,105,48.0000,3592.2294,1194.8029,48.2476,3603.4225,1194.8029,0.000000
MOEA/D,812,85260,105,48.0000,3592.2294,1194.8029,48.2476,3603.4225,1194.8029,0.000000
MOEA/D,813,85365,105,48.0000,3592.2294,1194.8029,48.2476,3603.4225,1194.8029,0.000000
MOEA/D,814,85470,105,48.0000,3592.2294,1194.8029,48.2476,3603.4225,1194.8029,0.000000
MOEA/D,815,85575,105,48.0000,3592.2294,1194.8029,48.2476,3603.4225,1194.8029,0.000000
MOEA/D,816,85680,105,48.0000,3592.2294,1194.8029,48.2476,3603.4225,1194.8029,0.000000
MOEA/D,817,85785,105,48.0000,3592.2294,1194.8029,48.2476,3603.4225,1194.8029,0.000000
MOEA/D,818,85890,105,48.0000,3592.2294,1194.8029,48.2476,3603.4225,1194.8029,0.000000
MOEA/D,819,85995,105,48.0000,3592.2294,1194.8029,48.2476,3603.4225,1194.8029,0.000000
MOEA/D,820,86100,105,48.0000,3592.2294,1194.8029,48.2476,3603.4225,1194.8029,0.000000
MOEA/D,821,86205,105,48.0000,3592.2294,1194.8029,48.2571,3603.6284,1194.8029,0.000000
MOEA/D,822,86310,105,48.0000,3592.2294,1194.8029,48.2571,3603.6284,1194.8029,0.000000
MOEA/D,823,86415,105,48.0000,3592.2294,1194.8029,48.2571,3603.6284,1194.8029,0.000000
MOEA/D,824,86520,105,48.0000,3592.2294,1194.8029,48.2476,3603.6496,1194.8029,0.000000
MOEA/D,825,86625,105,47.0000,3592.2294,1194.8029,48.1810,3601.4837,1194.8029,0.000000
MOEA/D,826,86730,105,47.0000,3592.2294,1194.8029,48.1810,3601.4837,1194.8029,0.000000
MOEA/D,827,86835,105,47.0000,3592.2294,1194.8029,48.1810,3601.3169,1194.8029,0.000000
MOEA/D,828,86940,105,47.0000,3592.2294,1194.8029,48.1810,3601.3169,1194.8029,0.000000
MOEA/D,829,87045,105,47.0000,3592.2294,1194.8029,48.1810,3601.2756,1194.8029,0.000000
MOEA/D,830,87150,105,47.0000,3592.2294,1194.8029,48.1810,3601.3630,1194.8029,0.000000
MOEA/D,831,87255,105,47.0000,3592.2294,1194.8029,48.1810,3601.3630,1194.8029,0.000000
MOEA/D,832,87360,105,47.0000,3592.2294,1194.8029,48.1810,3601.3630,1194.8029,0.000000
MOEA/D,833,87465,105,47.0000,3592.2294,1194.8029,48.1810,3601.3630,1194.8029,0.000000
MOEA/D,834,87570,105,47.0000,3592.2294,1194.8029,48.1905,3601.4825,1194.8029,0.000000
MOEA/D,835,87675,105,47.0000,3592.2294,1194.8029,48.2095,3601.6145,1194.8029,0.000000
MOEA/D,836,87780,105,47.0000,3592.2294,1194.8029,48.2095,3601.6145,1194.8029,0.000000
MOEA/D,837,87885,105,47.0000,3592.2294,1194.8029,48.2095,3601.6145,1194.8029,0.000000
MOEA/D,838,87990,105,47.0000,3592.2294,1194.8029,48.2095,3601.6145,1194.8029,0.000000
MOEA/D,839,88095,105,47.0000,3592.2294,1194.8029,48.2095,3601.6145,1194.8029,0.000000
MOEA/D,840,88200,105,47.0000,3592.2294,1194.8029,48.2095,3601.6145,1194.8029,0.000000
MOEA/D,841,88305,105,47.0000,3592.2294,1194.8029,48.2095,3601.6145,1194.8029,0.000000
MOEA/D,842,88410,105,47.0000,3592.2294,1194.8029,48.2000,3601.4460,1194.8029,0.000000
MOEA/D,843,88515,105,47.0000,3592.2294,1194.8029,48.2000,3601.4460,1194.8029,0.000000
MOEA/D,844,88620,105,47.0000,3592.2294,1194.8029,48.1810,3601.4672,1194.8029,0.000000
MOEA/D,845,88725,105,47.0000,3592.2294,1194.8029,48.1810,3601.4672,1194.8029,0.000000
MOEA/D,846,88830,105,48.0000,3592.2294,1194.8029,48.1905,3601.4974,1194.8029,0.000000
MOEA/D,847,88935,105,48.0000,3592.2294,1194.8029,48.1905,3601.4711,1194.8029,0.000000
MOEA/D,848,89040,105,48.0000,3592.2294,1194.8029,48.1905,3601.4711,1194.8029,0.000000
MOEA/D,849,89145,105,48.0000,3592.2294,1194.8029,48.1905,3601.4711,1194.8029,0.000000
MOEA/D,850,89250,105,48.0000,3592.2294,1194.8029,48.1905,3601.4711,1194.8029,0.000000
MOEA/D,851,89355,105,48.0000,3592.2294,1194.8029,48.1905,3601.4711,1194.8029,0.000000
MOEA/D,852,89460,105,48.0000,3592.2294,1194.8029,48.1905,3601.4711,1194.8029,0.000000
MOEA/D,853,89565,105,48.0000,3592.2294,1194.8029,48.1905,3601.4711,1194.8029,0.000000
MOEA/D,854,89670,105,48.0000,3592.2294,1194.8029,48.1905,3601.4711,1194.8029,0.000000
MOEA/D,855,89775,105,48.0000,3592.2294,1194.8029,48.1905,3601.4169,1194.8029,0.000000
MOEA/D,856,89880,105,48.0000,3592.2294,1194.8029,48.1905,3601.4169,1194.8029,0.000000
MOEA/D,857,89985,105,48.0000,3592.2294,1194.8029,48.1905,3601.4169,1194.8029,0.000000
MOEA/D,858,90090,105,48.0000,3592.2294,1194.8029,48.1905,3601.4169,1194.8029,0.000000
MOEA/D,859,90195,105,48.0000,3592.2294,1194.8029,48.1905,3601.4169,1194.8029,0.000000
MOEA/D,860,90300,105,48.0000,3592.2294,1194.8029,48.1905,3601.4116,1194.8029,0.000000
MOEA/D,861,90405,105,48.0000,3592.2294,1194.8029,48.1905,3601.4116,1194.8029,0.000000
MOEA/D,862,90510,105,48.0000,3592.2294,1194.8029,48.1905,3601.4116,1194.8029,0.000000
MOEA/D,863,90615,105,48.0000,3592.2294,1194.8029,48.1905,3601.4116,1194.8029,0.000000
MOEA/D,864,90720,105,48.0000,3592.2294,1194.8029,48.1905,3601.3309,1194.8029,0.000000
MOEA/D,865,90825,105,48.0000,3592.2294,1194.8029,48.1905,3601.3309,1194.8029,0.000000
MOEA/D,866,90930,105,48.0000,3592.2294,1194.8029,48.1905,3601.3309,1194.8029,0.000000
MOEA/D,867,91035,105,48.0000,3592.2294,1194.8029,48.1905,3601.3309,1194.8029,0.000000
MOEA/D,868,91140,105,48.0000,3592.2294,1194.8029,48.1905,3601.3309,1194.8029,0.000000
MOEA/D,869,91245,105,48.0000,3592.2294,1194.8029,48.1905,3601.3309,1194.8029,0.000000
MOEA/D,870,91350,105,48.0000,3592.2294,1194.8029,48.1905,3601.3309,1194.8029,0.000000
MOEA/D,871,91455,105,48.0000,3592.2294,1194.8029,48.1905,3601.3309,1194.8029,0.000000
MOEA/D,872,91560,105,48.0000,3592.2294,1194.8029,48.1905,3601.3203,1194.8029,0.000000
MOEA/D,873,91665,105,48.0000,3592.2294,1194.8029,48.1905,3601.3203,1194.8029,0.000000
MOEA/D,874,91770,105,48.0000,3592.2294,1194.8029,48.1905,3601.3203,1194.8029,0.000000
MOEA/D,875,91875,105,48.0000,3592.2294,1194.8029,48.1905,3601.3203,1194.8029,0.000000
MOEA/D,876,91980,105,48.0000,3591.6752,1194.8029,48.2000,3600.6371,1194.8029,0.000000
MOEA/D,877,92085,105,48.0000,3591.6752,1194.8029,48.2000,3600.6423,1194.8029,0.000000
MOEA/D,878,92190,105,48.0000,3591.6752,1194.8029,48.2571,3600.6037,1194.8029,0.000000
MOEA/D,879,92295,105,48.0000,3591.6752,1194.8029,48.2571,3600.6037,1194.8029,0.000000
MOEA/D,880,92400,105,48.0000,3591.6752,1194.8029,48.2571,3600.6037,1194.8029,0.000000
MOEA/D,881,92505,105,48.0000,3591.6752,1194.8029,48.2762,3600.6140,1194.8029,0.000000
MOEA/D,882,92610,105,48.0000,3591.6752,1194.8029,48.3048,3600.4460,1194.8029,0.000000
MOEA/D,883,92715,105,48.0000,3591.6752,1194.8029,48.3048,3600.4701,1194.8029,0.000000
MOEA/D,884,92820,105,48.0000,3591.6752,1194.8029,48.3048,3600.4701,1194.8029,0.000000
MOEA/D,885,92925,105,48.0000,3591.6752,1194.8029,48.3048,3600.4542,1194.8029,0.000000
MOEA/D,886,93030,105,48.0000,3591.6752,1194.8029,48.3048,3600.4542,1194.8029,0.000000
MOEA/D,887,93135,105,48.0000,3591.6752,1194.8029,48.3048,3600.4542,1194.8029,0.000000
MOEA/D,888,93240,105,48.0000,3591.6752,1194.8029,48.3048,3600.4542,1194.8029,0.000000
MOEA/D,889,93345,105,48.0000,3591.6752,1194.8029,48.3048,3600.4542,1194.8029,0.000000
MOEA/D,890,93450,105,48.0000,3591.6752,1194.8029,48.3048,3600.4542,1194.8029,0.000000
MOEA/D,891,93555,105,48.0000,3591.6752,1194.8029,48.3333,3600.6707,1194.8029,0.000000
MOEA/D,892,93660,105,48.0000,3591.6752,1194.8029,48.3333,3600.6707,1194.8029,0.000000
MOEA/D,893,93765,105,48.0000,3591.6752,1194.8029,48.3143,3600.5773,1194.8029,0.000000
MOEA/D,894,93870,105,48.0000,3591.6752,1194.8029,48.3143,3600.5773,1194.8029,0.000000
MOEA/D,895,93975,105,48.0000,3591.6752,1194.8029,48.3143,3600.5773,1194.8029,0.000000
MOEA/D,896,94080,105,48.0000,3591.6752,1194.8029,48.3143,3600.5773,1194.8029,0.000000
MOEA/D,897,94185,105,48.0000,3591.6752,1194.8029,48.3143,3600.5773,1194.8029,0.000000
MOEA/D,898,94290,105,48.0000,3591.6752,1194.8029,48.3143,3600.5658,1194.8029,0.000000
MOEA/D,899,94395,105,48.0000,3591.6752,1194.8029,48.3143,3600.5658,1194.8029,0.000000
MOEA/D,900,94500,105,48.0000,3591.6752,1194.8029,48.3524,3600.4354,1194.8029,0.000000
MOEA/D,901,94605,105,48.0000,3591.6752,1194.8029,48.3524,3600.4354,1194.8029,0.000000
MOEA/D,902,94710,105,48.0000,3591.6752,1194.8029,48.4476,3600.4227,1194.8029,0.000000
MOEA/D,903,94815,105,48.0000,3591.6752,1194.8029,48.4476,3600.4068,1194.8029,0.000000
MOEA/D,904,94920,105,48.0000,3591.6752,1194.8029,48.4476,3600.4068,1194.8029,0.000000
MOEA/D,905,95025,105,48.0000,3591.6752,1194.8029,48.4476,3600.4068,1194.8029,0.000000
MOEA/D,906,95130,105,48.0000,3591.6752,1194.8029,48.4476,3600.4068,1194.8029,0.000000
MOEA/D,907,95235,105,48.0000,3591.6752,1194.8029,48.4476,3600.4068,1194.8029,0.000000
MOEA/D,908,95340,105,48.0000,3591.6752,1194.8029,48.4476,3600.4068,1194.8029,0.000000
MOEA/D,909,95445,105,48.0000,3591.6752,1194.8029,48.4476,3600.4068,1194.8029,0.000000
MOEA/D,910,95550,105,48.0000,3591.6752,1194.8029,48.4476,3600.4068,1194.8029,0.000000
MOEA/D,911,95655,105,48.0000,3591.6752,1194.8029,48.4476,3600.4791,1194.8029,0.000000
MOEA/D,912,95760,105,48.0000,3591.6752,1194.8029,48.4476,3600.4791,1194.8029,0.000000
MOEA/D,913,95865,105,48.0000,3591.6752,1194.8029,48.4476,3600.4791,1194.8029,0.000000
MOEA/D,914,95970,105,48.0000,3591.6752,1194.8029,48.4476,3600.4791,1194.8029,0.000000
MOEA/D,915,96075,105,48.0000,3591.6752,1194.8029,48.4476,3600.4791,1194.8029,0.000000
MOEA/D,916,96180,105,48.0000,3591.6752,1194.8029,48.4476,3600.4944,1194.8029,0.000000
MOEA/D,917,96285,105,48.0000,3591.6752,1194.8029,48.4476,3600.4944,1194.8029,0.000000
MOEA/D,918,96390,105,48.0000,3591.6752,1194.8029,48.4476,3600.4944,1194.8029,0.000000
MOEA/D,919,96495,105,48.0000,3591.6752,1194.8029,48.4476,3600.4944,1194.8029,0.000000
MOEA/D,920,96600,105,48.0000,3591.6752,1194.8029,48.4476,3600.4944,1194.8029,0.000000
MOEA/D,921,96705,105,48.0000,3591.6752,1194.8029,48.4476,3600.4944,1194.8029,0.000000
MOEA/D,922,96810,105,48.0000,3591.6752,1194.8029,48.4476,3600.4944,1194.8029,0.000000
MOEA/D,923,96915,105,48.0000,3591.6752,1194.8029,48.4476,3600.4944,1194.8029,0.000000
MOEA/D,924,97020,105,48.0000,3591.6752,1194.8029,48.4476,3600.4944,1194.8029,0.000000
MOEA/D,925,97125,105,48.0000,3591.6752,1194.8029,48.4476,3600.4944,1194.8029,0.000000
MOEA/D,926,97230,105,48.0000,3591.6752,1194.8029,48.4667,3600.4829,1194.8029,0.000000
MOEA/D,927,97335,105,48.0000,3591.6752,1194.8029,48.4667,3600.4829,1194.8029,0.000000
MOEA/D,928,97440,105,48.0000,3591.6752,1194.8029,48.4667,3600.4829,1194.8029,0.000000
MOEA/D,929,97545,105,48.0000,3591.6752,1194.8029,48.4667,3600.4829,1194.8029,0.000000
MOEA/D,930,97650,105,48.0000,3591.6752,1194.8029,48.4667,3600.5184,1194.8029,0.000000
MOEA/D,931,97755,105,48.0000,3591.6752,1194.8029,48.4667,3600.5161,1194.8029,0.000000
MOEA/D,932,97860,105,48.0000,3591.6752,1194.8029,48.4667,3600.5161,1194.8029,0.000000
MOEA/D,933,97965,105,48.0000,3591.6752,1194.8029,48.4667,3600.4922,1194.8029,0.000000
MOEA/D,934,98070,105,48.0000,3591.6752,1194.8029,48.4667,3600.4922,1194.8029,0.000000
MOEA/D,935,98175,105,48.0000,3591.6752,1194.8029,48.4667,3600.4922,1194.8029,0.000000
MOEA/D,936,98280,105,48.0000,3591.6752,1194.8029,48.4667,3600.4922,1194.8029,0.000000
MOEA/D,937,98385,105,48.0000,3591.6752,1194.8029,48.4667,3600.4922,1194.8029,0.000000
MOEA/D,938,98490,105,48.0000,3591.6752,1194.8029,48.4667,3600.4922,1194.8029,0.000000
MOEA/D,939,98595,105,48.0000,3591.6752,1194.8029,48.4667,3600.4922,1194.8029,0.000000
MOEA/D,940,98700,105,48.0000,3591.6752,1194.8029,48.4667,3600.4922,1194.8029,0.000000
MOEA/D,941,98805,105,48.0000,3591.6752,1194.8029,48.4667,3600.4922,1194.8029,0.000000
MOEA/D,942,98910,105,48.0000,3591.6752,1194.8029,48.4667,3600.4922,1194.8029,0.000000
MOEA/D,943,99015,105,48.0000,3591.6752,1194.8029,48.4667,3600.4922,1194.8029,0.000000
MOEA/D,944,99120,105,48.0000,3591.6752,1194.8029,48.4667,3600.4922,1194.8029,0.000000
MOEA/D,945,99225,105,48.0000,3591.6752,1194.8029,48.4667,3600.4984,1194.8029,0.000000
MOEA/D,946,99330,105,48.0000,3591.6752,1194.8029,48.4667,3600.4984,1194.8029,0.000000
MOEA/D,947,99435,105,48.0000,3591.6752,1194.8029,48.4667,3600.4984,1194.8029,0.000000
MOEA/D,948,99540,105,48.0000,3591.6752,1194.8029,48.4667,3600.2030,1194.8029,0.000000
MOEA/D,949,99645,105,48.0000,3591.6752,1194.8029,48.4667,3600.2030,1194.8029,0.000000
MOEA/D,950,99750,105,48.0000,3591.6752,1194.8029,48.4667,3600.2030,1194.8029,0.000000
MOEA/D,951,99855,105,48.0000,3591.6752,1194.8029,48.4667,3600.2030,1194.8029,0.000000
MOEA/D,952,99960,105,48.0000,3591.6752,1194.8029,48.4667,3600.2030,1194.8029,0.000000
MOEA/D,953,100065,105,48.0000,3591.6752,1194.8029,48.4667,3600.2030,1194.8029,0.000000
SMS-EMOA,1,100,2,87.0000,5444.4159,1174.5529,87.5000,5480.5878,1180.1240,0.000000
SMS-EMOA,2,200,7,87.0000,5444.4159,1174.5529,89.2857,5527.2513,1197.0252,0.000000
SMS-EMOA,3,300,14,82.0000,5203.2905,1174.5529,88.8571,5498.9788,1193.7488,0.000000
SMS-EMOA,4,400,26,81.0000,5134.1987,1174.5529,88.2692,5472.5195,1189.5623,0.000000
SMS-EMOA,5,500,43,81.0000,5134.1987,1174.5529,88.4186,5485.8883,1189.8724,0.000000
SMS-EMOA,6,600,56,81.0000,5134.1987,1174.5529,88.5357,5489.7023,1188.8385,0.000000
SMS-EMOA,7,700,79,81.0000,5134.1987,1174.5529,88.5823,5502.0598,1189.4582,0.000000
SMS-EMOA,8,800,93,81.0000,5134.1987,1174.5529,87.9355,5478.7402,1190.6134,0.000000
SMS-EMOA,9,900,94,81.0000,5134.1987,1174.5529,87.3936,5458.3994,1193.1770,0.000000
SMS-EMOA,10,1000,95,81.0000,5134.1987,1174.5529,87.1263,5443.3235,1192.2379,0.000000
SMS-EMOA,11,1100,96,80.0000,5134.1987,1174.5529,86.3854,5417.3770,1191.6969,0.000000
SMS-EMOA,12,1200,94,79.0000,5134.1987,1174.5529,85.6277,5395.5024,1192.9592,0.000000
SMS-EMOA,13,1300,97,79.0000,5134.1987,1174.5529,85.0722,5378.3766,1191.1880,0.000000
SMS-EMOA,14,1400,97,79.0000,5134.1987,1174.5529,84.5670,5356.4787,1188.5270,0.000000
SMS-EMOA,15,1500,95,78.0000,5134.1987,1174.5529,83.8105,5328.5644,1188.1146,0.000000
SMS-EMOA,16,1600,91,78.0000,5030.1939,1174.5529,83.3297,5304.7454,1187.9157,0.000000
SMS-EMOA,17,1700,88,78.0000,5030.1939,1174.5529,82.6818,5289.9674,1186.5591,0.000000
SMS-EMOA,18,1800,91,78.0000,5030.1939,1174.5529,82.2967,5281.7495,1185.1056,0.000000
SMS-EMOA,19,1900,92,77.0000,5030.1939,1174.5529,82.0652,5266.3551,1184.8404,0.000000
SMS-EMOA,20,2000,94,77.0000,4985.2650,1174.5529,81.7979,5254.2870,1183.2873,0.000000
SMS-EMOA,21,2100,93,75.0000,4985.2650,1174.5529,81.5591,5236.8629,1183.0145,0.000000
SMS-EMOA,22,2200,93,75.0000,4985.2650,1174.5529,81.0968,5225.6820,1183.6759,0.000000
SMS-EMOA,23,2300,94,75.0000,4985.2650,1174.5529,80.9043,5219.2461,1184.6708,0.000000
SMS-EMOA,24,2400,91,75.0000,4985.2650,1174.5529,80.5934,5206.0908,1185.2730,0.000000
SMS-EMOA,25,2500,90,75.0000,4985.2650,1174.5529,80.4000,5184.6489,1184.5660,0.000000
SMS-EMOA,26,2600,90,74.0000,4985.2650,1174.5529,80.1222,5178.4097,1185.1687,0.000000
SMS-EMOA,27,2700,90,74.0000,4985.2650,1174.5529,80.0111,5172.1272,1184.3940,0.000000
SMS-EMOA,28,2800,88,74.0000,4985.2650,1174.5529,79.7045,5162.1642,1184.8201,0.000000
SMS-EMOA,29,2900,88,74.0000,4984.2582,1174.5529,79.5000,5156.4115,1184.1879,0.000000
SMS-EMOA,30,3000,85,74.0000,4984.2582,1174.5529,79.0941,5151.2020,1182.4639,0.000000
SMS-EMOA,31,3100,83,74.0000,4984.2582,1174.5529,78.8916,5142.4889,1181.5936,0.000000
SMS-EMOA,32,3200,85,73.0000,4984.2582,1174.5529,78.4706,5126.7051,1180.9679,0.000000
SMS-EMOA,33,3300,85,72.0000,4854.0393,1174.5529,78.2235,5115.6068,1181.2972,0.000000
SMS-EMOA,34,3400,83,72.0000,4854.0393,1174.5529,77.8675,5105.9098,1180.9662,0.000000
SMS-EMOA,35,3500,83,72.0000,4854.0393,1174.5529,77.6386,5100.0963,1180.9662,0.000000
SMS-EMOA,36,3600,83,72.0000,4854.0393,1174.5529,77.5060,5094.3601,1182.8772,0.000000
SMS-EMOA,37,3700,83,72.0000,4809.3153,1174.5529,77.0843,5086.6863,1182.2296,0.000000
SMS-EMOA,38,3800,83,72.0000,4809.3153,1174.5529,76.9639,5082.7600,1182.1053,0.000000
SMS-EMOA,39,3900,84,72.0000,4809.3153,1174.5529,76.6548,5069.1045,1181.6967,0.000000
SMS-EMOA,40,4000,83,72.0000,4809.3153,1174.5529,76.5422,5059.7121,1181.4460,0.000000
SMS-EMOA,41,4100,84,72.0000,4809.3153,1174.5529,76.3452,5055.9438,1180.8440,0.000000
SMS-EMOA,42,4200,86,72.0000,4809.3153,1174.5529,76.3023,5053.0136,1180.9381,0.000000
SMS-EMOA,43,4300,88,72.0000,4809.3153,1174.5529,76.1364,5041.8434,1180.6926,0.000000
SMS-EMOA,44,4400,88,72.0000,4809.3153,1174.5529,76.1477,5041.1372,1180.6926,0.000000
SMS-EMOA,45,4500,87,71.0000,4809.3153,1174.5529,75.8736,5030.3401,1180.9762,0.000000
SMS-EMOA,46,4600,87,71.0000,4809.3153,1174.5529,75.4713,5010.4106,1180.2845,0.000000
SMS-EMOA,47,4700,87,71.0000,4809.3153,1174.5529,75.1379,4998.0063,1180.0469,0.000000
SMS-EMOA,48,4800,88,71.0000,4809.3153,1174.5529,75.1477,4995.0891,1179.5543,0.000000
SMS-EMOA,49,4900,90,71.0000,4809.3153,1174.5529,75.0778,4988.4185,1179.0438,0.000000
SMS-EMOA,50,5000,88,70.0000,4809.3153,1174.5529,74.6705,4982.2914,1179.1459,0.000000
SMS-EMOA,51,5100,89,70.0000,4783.8481,1174.5529,74.4944,4974.5523,1179.0942,0.000000
SMS-EMOA,52,5200,88,70.0000,4783.8481,1174.5529,74.3295,4969.3239,1179.1459,0.000000
SMS-EMOA,53,5300,87,70.0000,4783.8481,1174.5529,74.0805,4963.5666,1179.1986,0.000000
SMS-EMOA,54,5400,85,69.0000,4783.8481,1174.5529,73.7176,4950.7281,1178.6619,0.000000
SMS-EMOA,55,5500,85,69.0000,4693.2224,1174.5529,73.5765,4944.3891,1178.8541,0.000000
SMS-EMOA,56,5600,87,69.0000,4693.2224,1174.5529,73.3678,4943.1680,1178.8452,0.000000
SMS-EMOA,57,5700,87,69.0000,4693.2224,1174.5529,73.1724,4934.2564,1177.5578,0.000000
SMS-EMOA,58,5800,87,69.0000,4693.2224,1174.5529,72.9310,4925.1688,1177.1357,0.000000
SMS-EMOA,59,5900,85,68.0000,4693.2224,1174.5529,72.6471,4916.8712,1176.3057,0.000000
SMS-EMOA,60,6000,86,68.0000,4693.2224,1174.5529,72.5814,4916.2799,1176.7522,0.000000
SMS-EMOA,61,6100,86,67.0000,4690.0039,1174.5529,72.2442,4904.9294,1176.7633,0.000000
SMS-EMOA,62,6200,86,67.0000,4690.0039,1174.5529,72.0698,4898.4769,1176.6007,0.000000
SMS-EMOA,63,6300,84,66.0000,4690.0039,1174.5529,71.7500,4889.3773,1176.7973,0.000000
SMS-EMOA,64,6400,81,65.0000,4690.0039,1174.5529,71.4938,4883.5644,1176.3614,0.000000
SMS-EMOA,65,6500,82,64.0000,4690.0039,1174.5529,71.0610,4881.0919,1176.4020,0.000000
SMS-EMOA,66,6600,84,64.0000,4690.0039,1174.5529,70.9643,4878.6051,1176.3580,0.000000
SMS-EMOA,67,6700,84,64.0000,4645.8215,1174.5529,70.6548,4870.0758,1176.2647,0.000000
SMS-EMOA,68,6800,83,64.0000,4645.8215,1174.5529,70.4096,4863.8390,1176.2854,0.000000
SMS-EMOA,69,6900,83,64.0000,4645.8215,1174.5529,70.2048,4861.0857,1176.2854,0.000000
SMS-EMOA,70,7000,90,64.0000,4645.8215,1174.5529,69.8778,4859.0328,1176.9598,0.000000
SMS-EMOA,71,7100,91,64.0000,4645.8215,1174.5529,69.6923,4848.6967,1177.6580,0.000000
SMS-EMOA,72,7200,94,64.0000,4645.8215,1174.5529,69.4574,4842.6874,1177.8031,0.000000
SMS-EMOA,73,7300,94,63.0000,4641.2844,1174.5529,69.0106,4832.5427,1178.7536,0.000000
SMS-EMOA,74,7400,92,63.0000,4641.2844,1174.5529,68.8261,4826.0856,1179.4717,0.000000
SMS-EMOA,75,7500,92,63.0000,4641.2844,1174.5529,68.4239,4821.2982,1180.0601,0.000000
SMS-EMOA,76,7600,94,63.0000,4641.2844,1174.5529,68.0213,4811.1848,1180.2256,0.000000
SMS-EMOA,77,7700,95,63.0000,4641.2844,1174.5529,67.6947,4802.9478,1180.8480,0.000000
SMS-EMOA,78,7800,95,63.0000,4615.4425,1174.5529,67.4316,4798.3671,1181.4197,0.000000
SMS-EMOA,79,7900,95,63.0000,4615.4425,1174.5529,67.3368,4794.8983,1181.7819,0.000000
SMS-EMOA,80,8000,95,62.0000,4615.4425,1174.5529,67.0000,4787.1731,1182.9669,0.000000
SMS-EMOA,81,8100,95,62.0000,4585.1299,1174.5529,66.7474,4780.1085,1184.2364,0.000000
SMS-EMOA,82,8200,96,62.0000,4552.2231,1174.5529,66.5521,4764.2438,1184.2569,0.000000
SMS-EMOA,83,8300,95,62.0000,4552.2231,1174.5529,66.3579,4756.8761,1184.0017,0.000000
SMS-EMOA,84,8400,95,62.0000,4552.2231,1174.5529,66.3053,4752.9936,1184.0970,0.000000
SMS-EMOA,85,8500,97,62.0000,4552.2231,1174.5529,66.1546,4746.3336,1184.3895,0.000000
SMS-EMOA,86,8600,97,61.0000,4433.9083,1174.5529,66.0825,4740.2253,1183.7117,0.000000
SMS-EMOA,87,8700,98,61.0000,4433.9083,1174.5529,65.8265,4732.0984,1183.1485,0.000000
SMS-EMOA,88,8800,99,61.0000,4433.9083,1174.5529,65.7879,4720.3703,1183.1998,0.000000
SMS-EMOA,89,8900,98,61.0000,4433.9083,1174.5529,65.5306,4713.9114,1184.2524,0.000000
SMS-EMOA,90,9000,97,61.0000,4433.9083,1174.5529,65.2474,4702.7406,1184.4173,0.000000
SMS-EMOA,91,9100,96,61.0000,4433.9083,1174.5529,65.1771,4697.4608,1184.5007,0.000000
SMS-EMOA,92,9200,96,61.0000,4433.9083,1174.5529,65.0625,4690.1307,1185.3933,0.000000
SMS-EMOA,93,9300,96,61.0000,4433.9083,1174.5529,64.9271,4681.5044,1185.4223,0.000000
SMS-EMOA,94,9400,96,61.0000,4433.9083,1174.5529,64.8854,4677.3002,1185.3858,0.000000
SMS-EMOA,95,9500,95,61.0000,4433.9083,1174.5529,64.8105,4664.7324,1185.2387,0.000000
SMS-EMOA,96,9600,95,61.0000,4433.9083,1174.5529,64.6632,4659.0035,1185.0153,0.000000
SMS-EMOA,97,9700,96,60.0000,4423.9175,1174.5529,64.4375,4649.3851,1185.0820,0.000000
SMS-EMOA,98,9800,96,60.0000,4423.9175,1174.5529,64.3021,4643.1844,1185.0657,0.000000
SMS-EMOA,99,9900,94,60.0000,4423.9175,1174.5529,63.9894,4636.4043,1185.0894,0.000000
SMS-EMOA,100,10000,94,60.0000,4423.9175,1174.5529,63.9255,4631.4666,1185.5179,0.000000
SMS-EMOA,101,10100,93,60.0000,4423.9175,1174.5529,63.7849,4628.1925,1185.2433,0.000000
SMS-EMOA,102,10200,92,60.0000,4423.9175,1174.5529,63.6196,4625.5095,1185.4643,0.000000
SMS-EMOA,103,10300,92,60.0000,4423.9175,1174.5529,63.4783,4624.0701,1185.3338,0.000000
SMS-EMOA,104,10400,95,60.0000,4423.9175,1174.5529,63.4632,4617.1780,1184.8284,0.000000
SMS-EMOA,105,10500,95,60.0000,4423.9175,1174.5529,63.3684,4609.1837,1185.1973,0.000000
SMS-EMOA,106,10600,95,60.0000,4423.9175,1174.5529,63.2737,4601.1767,1184.9254,0.000000
SMS-EMOA,107,10700,95,60.0000,4423.9175,1174.5529,63.0737,4600.3459,1184.7461,0.000000
SMS-EMOA,108,10800,95,57.0000,4423.9175,1174.5529,63.0000,4593.5144,1183.9542,0.000000
SMS-EMOA,109,10900,93,57.0000,4331.8517,1174.5529,62.8710,4589.7457,1183.8140,0.000000
SMS-EMOA,110,11000,92,57.0000,4331.8517,1174.5529,62.8587,4589.4306,1183.6401,0.000000
SMS-EMOA,111,11100,92,57.0000,4331.8517,1174.5529,62.8152,4588.4776,1183.6401,0.000000
SMS-EMOA,112,11200,90,57.0000,4331.8517,1174.5529,62.8000,4583.1789,1183.7943,0.000000
SMS-EMOA,113,11300,89,57.0000,4331.8517,1174.5529,62.7191,4579.0311,1184.0278,0.000000
SMS-EMOA,114,11400,89,57.0000,4331.8517,1174.5529,62.6180,4574.5416,1183.4305,0.000000
SMS-EMOA,115,11500,88,57.0000,4331.8517,1174.5529,62.4886,4566.6915,1183.7239,0.000000
SMS-EMOA,116,11600,87,57.0000,4331.8517,1174.5529,62.3218,4563.7227,1184.0356,0.000000
SMS-EMOA,117,11700,89,57.0000,4331.8517,1174.5529,62.1461,4562.3799,1183.9575,0.000000
SMS-EMOA,118,11800,91,57.0000,4331.8517,1174.5529,61.9560,4558.0509,1183.4788,0.000000
SMS-EMOA,119,11900,91,57.0000,4331.8517,1174.5529,61.7912,4555.5092,1183.4386,0.000000
SMS-EMOA,120,12000,91,57.0000,4331.8517,1174.5529,61.7473,4554.0779,1183.4425,0.000000
SMS-EMOA,121,12100,90,57.0000,4331.8517,1174.5529,61.6889,4538.2256,1183.6106,0.000000
SMS-EMOA,122,12200,89,57.0000,4331.8517,1174.5529,61.6292,4535.2306,1183.7263,0.000000
SMS-EMOA,123,12300,88,57.0000,4323.7475,1174.5529,61.4886,4530.4800,1183.8907,0.000000
SMS-EMOA,124,12400,87,57.0000,4323.7475,1174.5529,61.3448,4527.7406,1184.6799,0.000000
SMS-EMOA,125,12500,87,57.0000,4323.7475,1174.5529,61.2529,4526.2701,1184.7716,0.000000
SMS-EMOA,126,12600,87,57.0000,4323.7475,1174.5529,61.1954,4522.9291,1184.7716,0.000000
SMS-EMOA,127,12700,86,57.0000,4323.7475,1174.5529,61.0116,4519.8813,1184.8241,0.000000
SMS-EMOA,128,12800,87,57.0000,4323.7475,1174.5529,60.9425,4517.0981,1184.4725,0.000000
SMS-EMOA,129,12900,89,57.0000,4323.7475,1174.5529,60.9326,4515.9365,1184.8290,0.000000
SMS-EMOA,130,13000,88,57.0000,4323.7475,1174.5529,60.8977,4513.2129,1184.7312,0.000000
SMS-EMOA,131,13100,91,57.0000,4323.7475,1174.5529,60.8242,4513.0105,1185.2270,0.000000
SMS-EMOA,132,13200,92,57.0000,4323.7475,1174.5529,60.6413,4506.2182,1185.0240,0.000000
SMS-EMOA,133,13300,93,57.0000,4323.7475,1174.5529,60.5699,4506.6843,1185.6718,0.000000
SMS-EMOA,134,13400,93,57.0000,4323.7475,1174.5529,60.4731,4507.6964,1185.5023,0.000000
SMS-EMOA,135,13500,92,57.0000,4323.7475,1174.5529,60.2174,4507.4152,1185.9898,0.000000
SMS-EMOA,136,13600,94,57.0000,4323.7475,1174.5529,60.1915,4510.2609,1186.2706,0.000000
SMS-EMOA,137,13700,96,57.0000,4323.7475,1174.5529,60.1354,4507.3057,1186.2933,0.000000
SMS-EMOA,138,13800,98,57.0000,4323.7475,1174.5529,60.0714,4503.7858,1186.8403,0.000000
SMS-EMOA,139,13900,97,57.0000,4323.7475,1174.5529,60.0000,4498.5567,1185.3453,0.000000
SMS-EMOA,140,14000,97,56.0000,4323.7475,1174.5529,59.9381,4493.3950,1184.9535,0.000000
SMS-EMOA,141,14100,96,56.0000,4323.7475,1174.5529,59.9167,4490.3839,1184.4592,0.000000
SMS-EMOA,142,14200,96,56.0000,4323.7475,1174.5529,59.8646,4489.8099,1184.4592,0.000000
SMS-EMOA,143,14300,97,56.0000,4315.6742,1174.5529,59.7216,4485.6239,1184.7121,0.000000
SMS-EMOA,144,14400,97,56.0000,4315.6742,1174.5529,59.7010,4484.0365,1184.8488,0.000000
SMS-EMOA,145,14500,98,56.0000,4315.6742,1174.5529,59.6633,4483.4592,1184.7437,0.000000
SMS-EMOA,146,14600,98,56.0000,4315.6742,1174.5529,59.6020,4483.7941,1185.0755,0.000000
SMS-EMOA,147,14700,98,56.0000,4315.6742,1174.5529,59.5612,4484.0955,1184.9529,0.000000
SMS-EMOA,148,14800,98,56.0000,4315.6742,1174.5529,59.4898,4476.9384,1184.6090,0.000000
SMS-EMOA,149,14900,98,56.0000,4315.6742,1174.5529,59.4592,4477.0486,1184.2045,0.000000
SMS-EMOA,150,15000,97,56.0000,4315.6742,1174.5529,59.4227,4474.0822,1184.4032,0.000000
SMS-EMOA,151,15100,97,56.0000,4315.6742,1174.5529,59.4433,4470.6582,1183.8516,0.000000
SMS-EMOA,152,15200,99,56.0000,4315.6742,1174.5529,59.3838,4466.3138,1183.7008,0.000000
SMS-EMOA,153,15300,98,56.0000,4315.6742,1174.5529,59.3469,4461.4210,1183.6589,0.000000
SMS-EMOA,154,15400,98,56.0000,4315.6742,1174.5529,59.1429,4459.1852,1183.7313,0.000000
SMS-EMOA,155,15500,98,56.0000,4315.6742,1174.5529,59.1122,4459.6886,1183.7310,0.000000
SMS-EMOA,156,15600,98,56.0000,4315.6742,1174.5529,58.8980,4458.6485,1183.3382,0.000000
SMS-EMOA,157,15700,99,56.0000,4315.6742,1174.5529,58.8485,4457.3019,1183.3498,0.000000
SMS-EMOA,158,15800,100,56.0000,4315.6742,1174.5529,58.8300,4457.0390,1182.8696,0.000000
SMS-EMOA,159,15900,100,56.0000,4315.6742,1174.5529,58.8300,4453.7597,1182.9897,0.000000
SMS-EMOA,160,16000,100,56.0000,4315.6742,1174.5529,58.7500,4449.9817,1183.2679,0.000000
SMS-EMOA,161,16100,100,56.0000,4315.6742,1174.5529,58.7300,4447.1043,1183.0423,0.000000
SMS-EMOA,162,16200,100,56.0000,4315.6742,1174.5529,58.5300,4449.8252,1183.2761,0.000000
SMS-EMOA,163,16300,100,56.0000,4315.6742,1174.5529,58.5400,4449.2561,1183.3275,0.000000
SMS-EMOA,164,16400,100,54.0000,4311.0692,1174.5529,58.4700,4446.7394,1182.4055,0.000000
SMS-EMOA,165,16500,100,54.0000,4261.7453,1174.5529,58.3900,4444.7573,1182.5770,0.000000
SMS-EMOA,166,16600,100,54.0000,4261.7453,1174.5529,58.3500,4442.4945,1182.5256,0.000000
SMS-EMOA,167,16700,100,54.0000,4261.7453,1174.5529,58.3500,4439.1831,1182.2747,0.000000
SMS-EMOA,168,16800,100,54.0000,4261.7453,1174.5529,58.3000,4439.6676,1182.0790,0.000000
SMS-EMOA,169,16900,100,54.0000,4261.7453,1174.5529,58.3300,4433.5875,1181.8208,0.000000
SMS-EMOA,170,17000,100,54.0000,4261.7453,1174.5529,58.2900,4428.6476,1181.3752,0.000000
SMS-EMOA,171,17100,99,54.0000,4261.7453,1174.5529,58.2323,4427.5623,1181.3501,0.000000
SMS-EMOA,172,17200,99,54.0000,4261.7453,1174.5529,58.1717,4425.6800,1181.4714,0.000000
SMS-EMOA,173,17300,99,54.0000,4261.7453,1174.5529,58.1010,4422.5269,1181.2652,0.000000
SMS-EMOA,174,17400,99,54.0000,4261.7453,1174.5529,58.0202,4418.9300,1181.3168,0.000000
SMS-EMOA,175,17500,99,54.0000,4261.7453,1174.5529,58.0202,4417.3235,1181.2321,0.000000
SMS-EMOA,176,17600,99,54.0000,4261.7453,1174.5529,57.9697,4416.0073,1181.1108,0.000000
SMS-EMOA,177,17700,99,54.0000,4261.7453,1174.5529,57.9697,4410.4988,1180.9622,0.000000
SMS-EMOA,178,17800,98,54.0000,4261.7453,1174.5529,57.9082,4408.3016,1180.8894,0.000000
SMS-EMOA,179,17900,98,53.0000,4261.7453,1174.5529,57.8265,4405.7227,1180.9398,0.000000
SMS-EMOA,180,18000,98,53.0000,4261.7453,1174.5529,57.7551,4403.1685,1181.2858,0.000000
SMS-EMOA,181,18100,97,53.0000,4213.4636,1174.5529,57.6289,4399.9609,1181.4090,0.000000
SMS-EMOA,182,18200,97,53.0000,4213.4636,1174.5529,57.5876,4397.1147,1181.2460,0.000000
SMS-EMOA,183,18300,97,53.0000,4213.4636,1174.5529,57.5670,4396.3415,1181.2460,0.000000
SMS-EMOA,184,18400,98,53.0000,4213.4636,1174.5529,57.4592,4392.0048,1181.2053,0.000000
SMS-EMOA,185,18500,97,53.0000,4213.4636,1174.5529,57.4742,4389.9926,1181.3713,0.000000
SMS-EMOA,186,18600,97,53.0000,4213.4636,1174.5529,57.4433,4383.0419,1181.5617,0.000000
SMS-EMOA,187,18700,97,53.0000,4213.4636,1174.5529,57.4536,4380.2453,1181.5895,0.000000
SMS-EMOA,188,18800,97,53.0000,4213.4636,1174.5529,57.4948,4376.7728,1181.7357,0.000000
SMS-EMOA,189,18900,97,53.0000,4213.4636,1174.5529,57.4227,4372.7412,1182.1167,0.000000
SMS-EMOA,190,19000,97,51.0000,4147.6288,1174.5529,57.2577,4368.5365,1182.3307,0.000000
SMS-EMOA,191,19100,97,51.0000,4147.6288,1174.5529,57.2577,4365.5029,1183.0371,0.000000
SMS-EMOA,192,19200,95,51.0000,4110.7252,1174.5529,57.0842,4358.4977,1182.3909,0.000000
SMS-EMOA,193,19300,94,51.0000,4110.7252,1174.5529,57.0745,4355.7825,1182.3466,0.000000
SMS-EMOA,194,19400,93,51.0000,4110.7252,1174.5529,57.0215,4353.3669,1182.7906,0.000000
SMS-EMOA,195,19500,92,51.0000,4110.7252,1174.5529,56.9783,4347.2120,1182.6070,0.000000
SMS-EMOA,196,19600,90,51.0000,4110.7252,1174.5529,56.8000,4342.9072,1182.7058,0.000000
SMS-EMOA,197,19700,89,51.0000,4110.7252,1174.5529,56.6517,4339.3840,1181.9541,0.000000
SMS-EMOA,198,19800,90,51.0000,4110.7252,1174.5529,56.4111,4333.9367,1182.7623,0.000000
SMS-EMOA,199,19900,89,51.0000,4110.7252,1174.5529,56.2022,4330.5064,1182.3951,0.000000
SMS-EMOA,200,20000,87,51.0000,4110.7252,1174.5529,56.0345,4323.4195,1181.9329,0.000000
SMS-EMOA,201,20100,87,51.0000,4110.7252,1174.5529,55.8506,4320.0755,1182.5404,0.000000
SMS-EMOA,202,20200,87,51.0000,4110.7252,1174.5529,55.7471,4315.9437,1182.7388,0.000000
SMS-EMOA,203,20300,87,51.0000,4110.7252,1174.5529,55.6897,4315.0834,1184.0751,0.000000
SMS-EMOA,204,20400,86,51.0000,4110.7252,1174.5529,55.6047,4308.7090,1183.0452,0.000000
SMS-EMOA,205,20500,87,51.0000,4110.7252,1174.5529,55.2759,4305.3307,1182.3592,0.000000
SMS-EMOA,206,20600,88,51.0000,4110.7252,1174.5529,55.1818,4303.2674,1182.4070,0.000000
SMS-EMOA,207,20700,91,51.0000,4110.7252,1174.5529,55.1319,4301.7553,1182.4119,0.000000
SMS-EMOA,208,20800,90,51.0000,4110.7252,1174.5529,54.9556,4294.6871,1182.5095,0.000000
SMS-EMOA,209,20900,92,51.0000,4110.7252,1174.5529,54.8370,4288.4754,1182.6815,0.000000
SMS-EMOA,210,21000,94,51.0000,4110.7252,1174.5529,54.8191,4284.3874,1182.7640,0.000000
SMS-EMOA,211,21100,96,51.0000,4100.1157,1174.5529,54.7604,4280.7755,1183.0853,0.000000
SMS-EMOA,212,21200,97,51.0000,4100.1157,1174.5529,54.6701,4277.4181,1182.9695,0.000000
SMS-EMOA,213,21300,98,51.0000,4100.1157,1174.5529,54.5510,4273.2086,1183.1011,0.000000
SMS-EMOA,214,21400,99,51.0000,4100.1157,1174.5529,54.4949,4270.9673,1183.2573,0.000000
SMS-EMOA,215,21500,98,51.0000,4100.1157,1174.5529,54.4286,4267.4856,1183.1640,0.000000
SMS-EMOA,216,21600,98,51.0000,4100.1157,1174.5529,54.1633,4262.7737,1183.2445,0.000000
SMS-EMOA,217,21700,97,51.0000,4100.1157,1174.5529,54.1753,4260.6471,1182.6314,0.000000
SMS-EMOA,218,21800,97,51.0000,4100.1157,1174.5529,54.1340,4257.2647,1182.1534,0.000000
SMS-EMOA,219,21900,96,51.0000,4100.1157,1174.5529,54.1042,4252.4089,1182.3518,0.000000
SMS-EMOA,220,22000,96,51.0000,4100.1157,1174.5529,54.0417,4251.6915,1181.7751,0.000000
SMS-EMOA,221,22100,96,51.0000,4100.1157,1174.5529,54.0000,4249.1698,1181.8458,0.000000
SMS-EMOA,222,22200,96,51.0000,4100.1157,1174.5529,53.9062,4245.8416,1181.6467,0.000000
SMS-EMOA,223,22300,96,51.0000,4100.1157,1174.5529,53.8333,4241.5910,1181.4860,0.000000
SMS-EMOA,224,22400,96,51.0000,4100.1157,1174.5529,53.7812,4237.4960,1182.1250,0.000000
SMS-EMOA,225,22500,95,51.0000,4100.1157,1174.5529,53.8105,4234.7476,1182.0870,0.000000
SMS-EMOA,226,22600,95,51.0000,4100.1157,1174.5529,53.8000,4233.0036,1181.9607,0.000000
SMS-EMOA,227,22700,94,51.0000,4100.1157,1174.5529,53.8085,4230.6939,1181.9638,0.000000
SMS-EMOA,228,22800,94,51.0000,4100.1157,1174.5529,53.8085,4230.6218,1181.7865,0.000000
SMS-EMOA,229,22900,94,51.0000,4100.1157,1174.5529,53.7553,4223.0715,1182.3857,0.000000
SMS-EMOA,230,23000,94,51.0000,4100.1157,1174.5529,53.7128,4221.7793,1182.8345,0.000000
SMS-EMOA,231,23100,94,51.0000,4059.0970,1174.5529,53.6809,4217.3844,1182.9622,0.000000
SMS-EMOA,232,23200,93,51.0000,4059.0970,1174.5529,53.6022,4212.3357,1183.6118,0.000000
SMS-EMOA,233,23300,93,51.0000,4059.0970,1174.5529,53.5269,4211.0837,1184.1659,0.000000
SMS-EMOA,234,23400,92,51.0000,4059.0970,1174.5529,53.5326,4208.3903,1184.0094,0.000000
SMS-EMOA,235,23500,92,51.0000,4059.0970,1174.5529,53.5109,4207.5301,1184.0094,0.000000
SMS-EMOA,236,23600,91,51.0000,4059.0970,1174.5529,53.4286,4208.2371,1183.6533,0.000000
SMS-EMOA,237,23700,91,51.0000,4059.0970,1174.5529,53.3187,4206.4099,1183.2061,0.000000
SMS-EMOA,238,23800,87,51.0000,4059.0970,1174.5529,53.1149,4199.7023,1183.3392,0.000000
SMS-EMOA,239,23900,90,51.0000,4059.0970,1174.5529,53.0667,4200.8824,1183.3403,0.000000
SMS-EMOA,240,24000,89,51.0000,4059.0970,1174.5529,52.9438,4198.1635,1183.3041,0.000000
SMS-EMOA,241,24100,91,51.0000,4059.0970,1174.5529,52.8791,4196.2150,1183.4331,0.000000
SMS-EMOA,242,24200,92,51.0000,4059.0970,1174.5529,52.8587,4197.5292,1183.6332,0.000000
SMS-EMOA,243,24300,91,51.0000,4059.0970,1174.5529,52.8681,4195.1118,1183.3951,0.000000
SMS-EMOA,244,24400,91,51.0000,4059.0970,1174.5529,52.8242,4191.3756,1182.1624,0.000000
SMS-EMOA,245,24500,91,51.0000,4059.0970,1174.5529,52.8352,4189.3265,1181.8307,0.000000
SMS-EMOA,246,24600,91,51.0000,4059.0970,1174.5529,52.8462,4188.7932,1181.8307,0.000000
SMS-EMOA,247,24700,90,51.0000,4059.0970,1174.5529,52.6889,4185.1511,1181.6533,0.000000
SMS-EMOA,248,24800,90,51.0000,4059.0970,1174.5529,52.6889,4185.1398,1181.6533,0.000000
SMS-EMOA,249,24900,89,51.0000,4059.0970,1174.5529,52.6517,4181.9862,1182.3883,0.000000
SMS-EMOA,250,25000,88,51.0000,4059.0970,1174.5529,52.6136,4181.0986,1182.2044,0.000000
SMS-EMOA,251,25100,87,51.0000,4034.1088,1174.5529,52.5747,4178.8611,1182.1544,0.000000
SMS-EMOA,252,25200,86,50.0000,4034.1088,1174.5529,52.5233,4175.9399,1182.7812,0.000000
SMS-EMOA,253,25300,86,50.0000,4034.1088,1174.5529,52.5233,4175.9399,1182.7812,0.000000
SMS-EMOA,254,25400,86,50.0000,4034.1088,1174.5529,52.5116,4171.9705,1182.9209,0.000000
SMS-EMOA,255,25500,85,50.0000,4034.1088,1174.5529,52.4824,4170.1602,1182.8780,0.000000
SMS-EMOA,256,25600,85,50.0000,4034.1088,1174.5529,52.4235,4168.9984,1182.8780,0.000000
SMS-EMOA,257,25700,85,50.0000,4034.1088,1174.5529,52.3529,4166.1490,1183.1670,0.000000
SMS-EMOA,258,25800,86,50.0000,4034.1088,1174.5529,52.2791,4165.9190,1183.2982,0.000000
SMS-EMOA,259,25900,86,50.0000,4034.1088,1174.5529,52.2791,4164.2385,1183.2982,0.000000
SMS-EMOA,260,26000,86,50.0000,4034.1088,1174.5529,52.1977,4164.2364,1183.3589,0.000000
SMS-EMOA,261,26100,87,50.0000,4034.1088,1174.5529,52.1609,4163.1101,1183.3957,0.000000
SMS-EMOA,262,26200,86,50.0000,4034.1088,1174.5529,52.1395,4161.8259,1183.4985,0.000000
SMS-EMOA,263,26300,86,50.0000,4034.1088,1174.5529,52.1047,4160.8317,1183.4985,0.000000
SMS-EMOA,264,26400,87,50.0000,4034.1088,1174.5529,52.0805,4160.8118,1183.4557,0.000000
SMS-EMOA,265,26500,86,50.0000,4034.1088,1174.5529,52.0233,4158.3293,1183.4196,0.000000
SMS-EMOA,266,26600,86,50.0000,4034.1088,1174.5529,51.9535,4156.9697,1183.3297,0.000000
SMS-EMOA,267,26700,88,50.0000,4034.1088,1174.5529,51.9318,4153.5777,1183.5822,0.000000
SMS-EMOA,268,26800,87,50.0000,4026.7387,1174.5529,51.9080,4153.0252,1183.0157,0.000000
SMS-EMOA,269,26900,87,50.0000,4026.7387,1174.5529,51.8736,4154.4885,1183.0157,0.000000
SMS-EMOA,270,27000,87,50.0000,4026.7387,1174.5529,51.8046,4141.7953,1183.1824,0.000000
SMS-EMOA,271,27100,87,50.0000,4026.7387,1174.5529,51.7816,4140.4197,1183.3204,0.000000
SMS-EMOA,272,27200,87,49.0000,4026.7387,1174.5529,51.7126,4137.5388,1183.1738,0.000000
SMS-EMOA,273,27300,87,49.0000,4026.7387,1174.5529,51.7126,4136.8426,1183.1738,0.000000
SMS-EMOA,274,27400,87,49.0000,4026.7387,1174.5529,51.6782,4136.7505,1183.1138,0.000000
SMS-EMOA,275,27500,87,49.0000,4026.7387,1174.5529,51.7011,4134.0655,1183.1138,0.000000
SMS-EMOA,276,27600,87,49.0000,4026.7387,1174.5529,51.7011,4131.7449,1183.0596,0.000000
SMS-EMOA,277,27700,87,49.0000,4026.7387,1174.5529,51.6782,4131.3898,1183.0596,0.000000
SMS-EMOA,278,27800,86,49.0000,4026.7387,1174.5529,51.6744,4129.1372,1183.1585,0.000000
SMS-EMOA,279,27900,86,49.0000,4026.7387,1174.5529,51.6628,4126.4713,1183.1585,0.000000
SMS-EMOA,280,28000,86,49.0000,4016.2976,1174.5529,51.6163,4124.2264,1183.0978,0.000000
SMS-EMOA,281,28100,87,49.0000,4016.2976,1174.5529,51.6092,4120.8245,1183.1330,0.000000
SMS-EMOA,282,28200,85,49.0000,4016.2976,1174.5529,51.5882,4120.2479,1183.0767,0.000000
SMS-EMOA,283,28300,86,49.0000,4016.2976,1174.5529,51.6163,4116.5252,1183.1172,0.000000
SMS-EMOA,284,28400,85,49.0000,4016.2976,1174.5529,51.6000,4115.1138,1183.2180,0.000000
SMS-EMOA,285,28500,85,49.0000,4016.2976,1174.5529,51.5294,4114.0667,1183.9040,0.000000
SMS-EMOA,286,28600,85,49.0000,4016.2976,1174.5529,51.5529,4112.9635,1184.0453,0.000000
SMS-EMOA,287,28700,85,49.0000,4016.2976,1174.5529,51.5647,4112.4263,1184.0453,0.000000
SMS-EMOA,288,28800,86,49.0000,4016.2976,1174.5529,51.5349,4110.6671,1183.8846,0.000000
SMS-EMOA,289,28900,87,49.0000,4016.2976,1174.5529,51.4828,4111.6360,1183.5851,0.000000
SMS-EMOA,290,29000,87,49.0000,4014.5353,1174.5529,51.4253,4108.0740,1183.8611,0.000000
SMS-EMOA,291,29100,87,49.0000,3981.9253,1174.5529,51.4023,4106.8730,1183.8611,0.000000
SMS-EMOA,292,29200,88,49.0000,3981.9253,1174.5529,51.3409,4108.1082,1183.8918,0.000000
SMS-EMOA,293,29300,88,49.0000,3981.9253,1174.5529,51.2841,4109.5387,1183.7554,0.000000
SMS-EMOA,294,29400,87,49.0000,3981.9253,1174.5529,51.2759,4107.8936,1183.8611,0.000000
SMS-EMOA,295,29500,89,49.0000,3976.6737,1174.5529,51.2472,4105.8426,1183.7869,0.000000
SMS-EMOA,296,29600,91,49.0000,3925.8087,1174.5529,51.1429,4101.5720,1183.3533,0.000000
SMS-EMOA,297,29700,91,49.0000,3925.8087,1174.5529,51.1209,4098.7930,1183.2214,0.000000
SMS-EMOA,298,29800,92,49.0000,3925.8087,1174.5529,51.1413,4098.4409,1183.1272,0.000000
SMS-EMOA,299,29900,92,49.0000,3925.8087,1174.5529,51.1522,4094.6589,1182.8886,0.000000
SMS-EMOA,300,30000,92,49.0000,3925.8087,1174.5529,51.1630,4093.2692,1182.7521,0.000000
SMS-EMOA,301,30100,92,49.0000,3925.8087,1174.5529,51.1630,4093.2692,1182.7521,0.000000
SMS-EMOA,302,30200,90,49.0000,3925.8087,1174.5529,51.1222,4089.3167,1182.0950,0.000000
SMS-EMOA,303,30300,91,49.0000,3925.8087,1174.5529,51.1429,4088.5856,1182.0050,0.000000
SMS-EMOA,304,30400,90,49.0000,3925.8087,1174.5529,51.1222,4083.6656,1181.5660,0.000000
SMS-EMOA,305,30500,91,49.0000,3925.8087,1174.5529,51.0330,4083.9367,1181.2996,0.000000
SMS-EMOA,306,30600,90,48.0000,3924.9893,1174.5529,50.9333,4081.2869,1181.2411,0.000000
SMS-EMOA,307,30700,91,48.0000,3924.9893,1174.5529,50.8571,4075.2098,1181.1676,0.000000
SMS-EMOA,308,30800,91,48.0000,3924.9893,1174.5529,50.8901,4076.8079,1181.0357,0.000000
SMS-EMOA,309,30900,90,48.0000,3924.9893,1174.5529,50.8444,4075.3492,1180.4598,0.000000
SMS-EMOA,310,31000,90,48.0000,3924.9893,1174.5529,50.8556,4074.7594,1180.4013,0.000000
SMS-EMOA,311,31100,89,48.0000,3924.9893,1174.5529,50.8539,4074.5448,1180.3321,0.000000
SMS-EMOA,312,31200,90,48.0000,3877.3452,1174.5529,50.8222,4071.0111,1180.6010,0.000000
SMS-EMOA,313,31300,90,48.0000,3877.3452,1174.5529,50.7667,4072.5660,1180.6010,0.000000
SMS-EMOA,314,31400,92,48.0000,3877.3452,1174.5529,50.7826,4071.9571,1180.6001,0.000000
SMS-EMOA,315,31500,92,48.0000,3877.3452,1174.5529,50.7609,4070.0728,1180.7306,0.000000
SMS-EMOA,316,31600,92,48.0000,3877.3452,1174.5529,50.7283,4067.7670,1180.0967,0.000000
SMS-EMOA,317,31700,94,48.0000,3877.3452,1174.5529,50.7128,4064.5588,1180.0563,0.000000
SMS-EMOA,318,31800,94,48.0000,3877.3452,1174.5529,50.6915,4064.5132,1180.1493,0.000000
SMS-EMOA,319,31900,93,48.0000,3877.3452,1174.5529,50.6774,4063.3728,1180.2095,0.000000
SMS-EMOA,320,32000,93,48.0000,3877.3452,1174.5529,50.6774,4062.8828,1180.2095,0.000000
SMS-EMOA,321,32100,93,48.0000,3877.3452,1174.5529,50.6559,4060.6885,1180.0161,0.000000
SMS-EMOA,322,32200,92,48.0000,3877.3452,1174.5529,50.6630,4059.6935,1179.9450,0.000000
SMS-EMOA,323,32300,92,48.0000,3877.3452,1174.5529,50.6087,4057.7945,1180.0755,0.000000
SMS-EMOA,324,32400,92,48.0000,3877.3452,1174.5529,50.6087,4057.7945,1180.0755,0.000000
SMS-EMOA,325,32500,92,48.0000,3877.3452,1174.5529,50.5435,4056.3742,1180.1268,0.000000
SMS-EMOA,326,32600,92,48.0000,3877.3452,1174.5529,50.5326,4055.0044,1179.9963,0.000000
SMS-EMOA,327,32700,92,48.0000,3877.3452,1174.5529,50.5217,4052.6939,1179.9963,0.000000
SMS-EMOA,328,32800,93,48.0000,3868.8427,1174.5529,50.4409,4047.3692,1180.1245,0.000000
SMS-EMOA,329,32900,93,48.0000,3868.8427,1174.5529,50.4194,4044.0804,1180.2536,0.000000
SMS-EMOA,330,33000,93,48.0000,3868.8427,1174.5529,50.4409,4039.9590,1180.0305,0.000000
SMS-EMOA,331,33100,93,48.0000,3868.8427,1174.5529,50.4409,4039.9590,1180.0305,0.000000
SMS-EMOA,332,33200,93,48.0000,3868.8427,1174.5529,50.4409,4036.0350,1180.1596,0.000000
SMS-EMOA,333,33300,93,48.0000,3868.8427,1174.5529,50.3871,4030.7441,1180.2887,0.000000
SMS-EMOA,334,33400,93,48.0000,3868.8427,1174.5529,50.3871,4030.7441,1180.2887,0.000000
SMS-EMOA,335,33500,93,48.0000,3868.8427,1174.5529,50.3871,4029.7310,1180.4178,0.000000
SMS-EMOA,336,33600,92,48.0000,3868.8427,1174.5529,50.3478,4027.9012,1180.4816,0.000000
SMS-EMOA,337,33700,92,48.0000,3868.8427,1174.5529,50.3043,4027.1184,1180.6121,0.000000
SMS-EMOA,338,33800,91,48.0000,3868.8427,1174.5529,50.3187,4024.0223,1180.7588,0.000000
SMS-EMOA,339,33900,91,48.0000,3868.8427,1174.5529,50.3187,4025.0377,1180.6268,0.000000
SMS-EMOA,340,34000,90,48.0000,3868.8427,1174.5529,50.2000,4020.1887,1180.8801,0.000000
SMS-EMOA,341,34100,91,48.0000,3868.8427,1174.5529,50.1758,4017.1658,1180.8189,0.000000
SMS-EMOA,342,34200,91,48.0000,3868.8427,1174.5529,50.1538,4015.8203,1180.6870,0.000000
SMS-EMOA,343,34300,90,48.0000,3868.8427,1174.5529,50.1000,4013.3155,1180.8075,0.000000
SMS-EMOA,344,34400,90,48.0000,3868.8427,1174.5529,50.1000,4013.3155,1180.8075,0.000000
SMS-EMOA,345,34500,90,48.0000,3868.8427,1174.5529,50.1000,4012.5721,1180.8075,0.000000
SMS-EMOA,346,34600,90,48.0000,3868.8427,1174.5529,50.0889,4013.2776,1180.6741,0.000000
SMS-EMOA,347,34700,90,48.0000,3868.8427,1174.5529,50.0889,4012.2474,1180.6741,0.000000
SMS-EMOA,348,34800,89,48.0000,3868.8427,1174.5529,50.0787,4012.6112,1180.4646,0.000000
SMS-EMOA,349,34900,89,48.0000,3868.8427,1174.5529,50.0337,4011.3929,1180.4708,0.000000
SMS-EMOA,350,35000,89,48.0000,3868.8427,1174.5529,50.0337,4011.3579,1180.3889,0.000000
SMS-EMOA,351,35100,89,48.0000,3868.8427,1174.5529,50.0225,4012.7733,1180.3889,0.000000
SMS-EMOA,352,35200,87,48.0000,3868.8427,1174.5529,49.9655,4011.1673,1180.5231,0.000000
SMS-EMOA,353,35300,87,48.0000,3868.8427,1174.5529,49.9540,4011.7452,1180.3851,0.000000
SMS-EMOA,354,35400,86,48.0000,3868.8427,1174.5529,49.9070,4007.7538,1180.8537,0.000000
SMS-EMOA,355,35500,86,48.0000,3868.8427,1174.5529,49.9070,4007.3643,1180.8537,0.000000
SMS-EMOA,356,35600,85,48.0000,3868.8427,1174.5529,49.8941,4006.8289,1180.9278,0.000000
SMS-EMOA,357,35700,86,47.0000,3868.8427,1174.5529,49.8256,4004.2475,1181.1878,0.000000
SMS-EMOA,358,35800,86,47.0000,3868.8427,1174.5529,49.8023,4004.3921,1181.1878,0.000000
SMS-EMOA,359,35900,87,47.0000,3868.8427,1174.5529,49.7816,4003.4585,1181.2495,0.000000
SMS-EMOA,360,36000,87,47.0000,3868.8427,1174.5529,49.7816,4003.4585,1181.2495,0.000000
SMS-EMOA,361,36100,86,47.0000,3868.8427,1174.5529,49.7326,4002.1159,1181.3274,0.000000
SMS-EMOA,362,36200,86,47.0000,3868.8427,1174.5529,49.7326,4000.1334,1181.3274,0.000000
SMS-EMOA,363,36300,85,47.0000,3868.8427,1174.5529,49.6588,3993.9226,1181.8126,0.000000
SMS-EMOA,364,36400,85,47.0000,3868.8427,1174.5529,49.5647,3991.6990,1181.8681,0.000000
SMS-EMOA,365,36500,85,47.0000,3803.5775,1174.5529,49.4471,3986.3992,1181.9628,0.000000
SMS-EMOA,366,36600,84,47.0000,3803.5775,1174.5529,49.4048,3984.0454,1181.9016,0.000000
SMS-EMOA,367,36700,84,47.0000,3803.5775,1174.5529,49.3929,3983.0276,1181.9016,0.000000
SMS-EMOA,368,36800,84,47.0000,3803.5775,1174.5529,49.3929,3983.0276,1181.9016,0.000000
SMS-EMOA,369,36900,81,47.0000,3803.5775,1174.5529,49.2840,3978.5046,1182.1737,0.000000
SMS-EMOA,370,37000,81,47.0000,3803.5775,1174.5529,49.2840,3978.3603,1182.1737,0.000000
SMS-EMOA,371,37100,80,47.0000,3803.5775,1174.5529,49.2625,3973.5636,1182.4191,0.000000
SMS-EMOA,372,37200,81,47.0000,3803.5775,1174.5529,49.2346,3971.0760,1182.3219,0.000000
SMS-EMOA,373,37300,80,47.0000,3803.5775,1174.5529,49.2000,3968.9736,1182.4191,0.000000
SMS-EMOA,374,37400,80,47.0000,3803.5775,1174.5529,49.1750,3968.6942,1182.2690,0.000000
SMS-EMOA,375,37500,80,47.0000,3803.5775,1174.5529,49.1500,3967.4383,1182.2690,0.000000
SMS-EMOA,376,37600,80,47.0000,3803.5775,1174.5529,49.1250,3966.5040,1182.4191,0.000000
SMS-EMOA,377,37700,81,47.0000,3803.5775,1174.5529,49.0741,3961.5577,1182.2824,0.000000
SMS-EMOA,378,37800,82,47.0000,3803.5775,1174.5529,49.0366,3960.6188,1182.1881,0.000000
SMS-EMOA,379,37900,82,47.0000,3796.6615,1174.5529,48.9878,3955.5767,1182.0417,0.000000
SMS-EMOA,380,38000,82,47.0000,3796.6615,1174.5529,48.9512,3955.0277,1182.4621,0.000000
SMS-EMOA,381,38100,82,47.0000,3796.6615,1174.5529,48.9634,3954.3072,1182.1692,0.000000
SMS-EMOA,382,38200,83,47.0000,3796.6615,1174.5529,48.9518,3953.3549,1182.0775,0.000000
SMS-EMOA,383,38300,83,47.0000,3796.6615,1174.5529,48.8554,3950.2676,1182.5769,0.000000
SMS-EMOA,384,38400,83,47.0000,3796.6615,1174.5529,48.7108,3947.0015,1182.5769,0.000000
SMS-EMOA,385,38500,88,47.0000,3796.6615,1174.5529,48.6705,3947.5961,1182.5271,0.000000
SMS-EMOA,386,38600,90,47.0000,3796.6615,1174.5529,48.6778,3943.5858,1182.6089,0.000000
SMS-EMOA,387,38700,90,47.0000,3796.6615,1174.5529,48.6222,3942.2361,1183.0167,0.000000
SMS-EMOA,388,38800,90,47.0000,3796.6615,1174.5529,48.6111,3938.5047,1183.0088,0.000000
SMS-EMOA,389,38900,89,47.0000,3796.6615,1174.5529,48.5281,3933.5934,1183.1007,0.000000
SMS-EMOA,390,39000,89,47.0000,3796.6615,1174.5529,48.5393,3931.6450,1182.9658,0.000000
SMS-EMOA,391,39100,89,47.0000,3796.6615,1174.5529,48.5393,3931.1183,1182.9658,0.000000
SMS-EMOA,392,39200,89,47.0000,3796.6615,1174.5529,48.5056,3927.5798,1183.1173,0.000000
SMS-EMOA,393,39300,89,47.0000,3796.6615,1174.5529,48.4831,3924.8427,1183.1173,0.000000
SMS-EMOA,394,39400,89,47.0000,3796.6615,1174.5529,48.4831,3924.8427,1183.1173,0.000000
SMS-EMOA,395,39500,89,47.0000,3796.6615,1174.5529,48.4944,3923.9749,1182.9824,0.000000
SMS-EMOA,396,39600,87,47.0000,3796.6615,1174.5529,48.4828,3921.0294,1183.0900,0.000000
SMS-EMOA,397,39700,87,47.0000,3796.6615,1174.5529,48.4368,3918.6772,1182.9520,0.000000
SMS-EMOA,398,39800,86,47.0000,3796.6615,1174.5529,48.3837,3914.3771,1182.6456,0.000000
SMS-EMOA,399,39900,87,47.0000,3771.2970,1174.5529,48.3793,3911.8115,1182.6906,0.000000
SMS-EMOA,400,40000,87,47.0000,3771.2970,1174.5529,48.3678,3910.7933,1182.5526,0.000000
SMS-EMOA,401,40100,87,47.0000,3771.2970,1174.5529,48.3563,3909.7966,1182.5439,0.000000
SMS-EMOA,402,40200,86,47.0000,3771.2970,1174.5529,48.3256,3907.0255,1182.2188,0.000000
SMS-EMOA,403,40300,85,47.0000,3771.2970,1174.5529,48.3059,3905.5891,1181.8936,0.000000
SMS-EMOA,404,40400,85,47.0000,3771.2970,1174.5529,48.3059,3903.5483,1182.0348,0.000000
SMS-EMOA,405,40500,85,47.0000,3771.2970,1174.5529,48.3059,3902.7612,1181.8936,0.000000
SMS-EMOA,406,40600,85,47.0000,3771.2970,1174.5529,48.3176,3901.6348,1181.7523,0.000000
SMS-EMOA,407,40700,85,47.0000,3771.2970,1174.5529,48.2941,3900.0481,1181.7523,0.000000
SMS-EMOA,408,40800,85,47.0000,3771.2970,1174.5529,48.3059,3899.5260,1181.6111,0.000000
SMS-EMOA,409,40900,84,47.0000,3771.2970,1174.5529,48.2738,3897.4663,1181.4092,0.000000
SMS-EMOA,410,41000,84,46.0000,3771.2970,1174.5529,48.2024,3894.9502,1181.1615,0.000000
SMS-EMOA,411,41100,83,46.0000,3771.2970,1174.5529,48.1807,3893.2509,1181.0965,0.000000
SMS-EMOA,412,41200,82,46.0000,3771.2970,1174.5529,48.1098,3889.7155,1181.0298,0.000000
SMS-EMOA,413,41300,82,46.0000,3771.2970,1174.5529,48.1220,3888.5388,1181.0298,0.000000
SMS-EMOA,414,41400,82,46.0000,3771.2970,1174.5529,48.0122,3887.1579,1181.6818,0.000000
SMS-EMOA,415,41500,81,46.0000,3771.2970,1174.5529,47.9506,3882.9354,1182.2816,0.000000
SMS-EMOA,416,41600,81,46.0000,3771.2970,1174.5529,47.9383,3881.8871,1182.2816,0.000000
SMS-EMOA,417,41700,82,46.0000,3771.2970,1174.5529,47.9146,3880.6720,1182.1873,0.000000
SMS-EMOA,418,41800,80,46.0000,3771.2970,1174.5529,47.8875,3878.4644,1182.2281,0.000000
SMS-EMOA,419,41900,80,46.0000,3771.2970,1174.5529,47.8875,3877.8161,1182.3782,0.000000
SMS-EMOA,420,42000,79,46.0000,3771.2970,1174.5529,47.8354,3874.8873,1182.3252,0.000000
SMS-EMOA,421,42100,79,46.0000,3771.2970,1174.5529,47.8481,3873.1183,1182.3322,0.000000
SMS-EMOA,422,42200,80,46.0000,3771.2970,1174.5529,47.8375,3873.5598,1182.2350,0.000000
SMS-EMOA,423,42300,80,46.0000,3771.2970,1174.5529,47.8625,3872.8015,1181.4855,0.000000
SMS-EMOA,424,42400,80,46.0000,3771.2970,1174.5529,47.8250,3871.9252,1181.3285,0.000000
SMS-EMOA,425,42500,84,46.0000,3771.2970,1174.5529,47.7857,3874.4332,1181.5767,0.000000
SMS-EMOA,426,42600,82,46.0000,3771.2970,1174.5529,47.7561,3873.8576,1181.7481,0.000000
SMS-EMOA,427,42700,83,46.0000,3771.2970,1174.5529,47.7590,3874.9882,1181.5167,0.000000
SMS-EMOA,428,42800,87,46.0000,3771.2970,1174.5529,47.7471,3876.8155,1181.1965,0.000000
SMS-EMOA,429,42900,91,46.0000,3771.2970,1174.5529,47.7143,3875.1596,1181.0364,0.000000
SMS-EMOA,430,43000,91,46.0000,3771.2970,1174.5529,47.7143,3873.2125,1180.9045,0.000000
SMS-EMOA,431,43100,91,46.0000,3771.2970,1174.5529,47.7253,3871.1337,1180.9045,0.000000
SMS-EMOA,432,43200,91,46.0000,3771.2970,1174.5529,47.7363,3869.0071,1180.9045,0.000000
SMS-EMOA,433,43300,90,46.0000,3756.8098,1174.5529,47.7222,3865.8591,1180.9147,0.000000
SMS-EMOA,434,43400,90,46.0000,3756.8098,1174.5529,47.6889,3865.3800,1180.5114,0.000000
SMS-EMOA,435,43500,90,46.0000,3756.8098,1174.5529,47.6333,3865.6464,1181.0442,0.000000
SMS-EMOA,436,43600,90,46.0000,3756.8098,1174.5529,47.6556,3863.5587,1180.5114,0.000000
SMS-EMOA,437,43700,90,46.0000,3756.8098,1174.5529,47.6333,3862.8043,1180.5114,0.000000
SMS-EMOA,438,43800,89,46.0000,3756.8098,1174.5529,47.6404,3862.5803,1180.7133,0.000000
SMS-EMOA,439,43900,89,46.0000,3756.8098,1174.5529,47.6404,3861.9861,1180.7133,0.000000
SMS-EMOA,440,44000,89,46.0000,3756.8098,1174.5529,47.6404,3860.7309,1180.7133,0.000000
SMS-EMOA,441,44100,88,46.0000,3756.8098,1174.5529,47.6591,3857.7038,1180.1267,0.000000
SMS-EMOA,442,44200,88,46.0000,3756.8098,1174.5529,47.6136,3856.2350,1179.9903,0.000000
SMS-EMOA,443,44300,88,46.0000,3756.8098,1174.5529,47.6136,3856.2350,1179.9903,0.000000
SMS-EMOA,444,44400,89,46.0000,3756.8098,1174.5529,47.6180,3854.7114,1180.2195,0.000000
SMS-EMOA,445,44500,89,46.0000,3756.8098,1174.5529,47.6180,3854.7114,1180.2195,0.000000
SMS-EMOA,446,44600,89,46.0000,3756.8098,1174.5529,47.6180,3854.2436,1180.2195,0.000000
SMS-EMOA,447,44700,89,46.0000,3756.8098,1174.5529,47.6180,3853.3221,1180.9052,0.000000
SMS-EMOA,448,44800,89,46.0000,3756.8098,1174.5529,47.6180,3852.5699,1180.7703,0.000000
SMS-EMOA,449,44900,89,46.0000,3756.8098,1174.5529,47.6404,3850.1201,1180.9052,0.000000
SMS-EMOA,450,45000,88,46.0000,3756.8098,1174.5529,47.6364,3847.9563,1180.8288,0.000000
SMS-EMOA,451,45100,88,46.0000,3756.8098,1174.5529,47.6364,3847.7778,1180.8288,0.000000
SMS-EMOA,452,45200,88,46.0000,3756.8098,1174.5529,47.6136,3846.5285,1180.6956,0.000000
SMS-EMOA,453,45300,88,46.0000,3756.8098,1174.5529,47.5909,3846.0893,1180.6956,0.000000
SMS-EMOA,454,45400,88,46.0000,3756.8098,1174.5529,47.5795,3845.6779,1180.8811,0.000000
SMS-EMOA,455,45500,88,46.0000,3756.8098,1174.5529,47.5909,3843.6855,1181.4855,0.000000
SMS-EMOA,456,45600,88,46.0000,3731.9908,1174.5529,47.5568,3841.5075,1181.6219,0.000000
SMS-EMOA,457,45700,88,46.0000,3731.9908,1174.5529,47.5114,3840.3484,1181.4855,0.000000
SMS-EMOA,458,45800,88,46.0000,3731.9908,1174.5529,47.4773,3839.6428,1181.8939,0.000000
SMS-EMOA,459,45900,88,46.0000,3731.9908,1174.5529,47.5000,3838.4982,1181.7575,0.000000
SMS-EMOA,460,46000,88,46.0000,3731.9908,1174.5529,47.5000,3838.4982,1181.7575,0.000000
SMS-EMOA,461,46100,88,46.0000,3731.9908,1174.5529,47.4886,3838.2341,1181.8939,0.000000
SMS-EMOA,462,46200,88,46.0000,3731.9908,1174.5529,47.4659,3835.7957,1183.1338,0.000000
SMS-EMOA,463,46300,88,45.0000,3731.9908,1174.5529,47.4318,3836.0084,1183.8669,0.000000
SMS-EMOA,464,46400,88,45.0000,3731.9908,1174.5529,47.3977,3836.8290,1184.0033,0.000000
SMS-EMOA,465,46500,88,45.0000,3731.9908,1174.5529,47.3750,3836.3025,1184.1397,0.000000
SMS-EMOA,466,46600,88,45.0000,3731.9908,1174.5529,47.4091,3834.9333,1184.1397,0.000000
SMS-EMOA,467,46700,87,45.0000,3731.9908,1174.5529,47.3908,3834.8017,1184.2499,0.000000
SMS-EMOA,468,46800,86,45.0000,3731.9908,1174.5529,47.3488,3834.4472,1184.2231,0.000000
SMS-EMOA,469,46900,86,45.0000,3731.9908,1174.5529,47.3488,3834.4055,1184.3627,0.000000
SMS-EMOA,470,47000,86,45.0000,3731.9908,1174.5529,47.3023,3833.0006,1184.6419,0.000000
SMS-EMOA,471,47100,86,45.0000,3731.9908,1174.5529,47.2791,3830.8882,1184.9179,0.000000
SMS-EMOA,472,47200,86,45.0000,3731.9908,1174.5529,47.2674,3831.5403,1184.8538,0.000000
SMS-EMOA,473,47300,86,45.0000,3731.9908,1174.5529,47.2442,3831.3740,1184.9935,0.000000
SMS-EMOA,474,47400,86,45.0000,3731.9908,1174.5529,47.2093,3829.8412,1185.2727,0.000000
SMS-EMOA,475,47500,86,45.0000,3731.9908,1174.5529,47.2093,3829.2023,1185.1331,0.000000
SMS-EMOA,476,47600,87,45.0000,3731.9908,1174.5529,47.1954,3828.4809,1185.2875,0.000000
SMS-EMOA,477,47700,86,45.0000,3731.9908,1174.5529,47.1860,3827.9795,1185.1331,0.000000
SMS-EMOA,478,47800,87,45.0000,3731.9908,1174.5529,47.1724,3828.9696,1185.1495,0.000000
SMS-EMOA,479,47900,88,45.0000,3731.9908,1174.5529,47.1932,3828.9392,1185.0290,0.000000
SMS-EMOA,480,48000,88,45.0000,3731.9908,1174.5529,47.1932,3828.8229,1185.0290,0.000000
SMS-EMOA,481,48100,88,45.0000,3731.9908,1174.5529,47.1477,3830.2225,1184.9799,0.000000
SMS-EMOA,482,48200,88,45.0000,3731.9908,1174.5529,47.1477,3828.3863,1184.8792,0.000000
SMS-EMOA,483,48300,88,45.0000,3731.9908,1174.5529,47.1477,3827.9807,1185.0157,0.000000
SMS-EMOA,484,48400,89,45.0000,3731.9908,1174.5529,47.1236,3827.3982,1185.2997,0.000000
SMS-EMOA,485,48500,90,45.0000,3731.9908,1174.5529,47.1222,3826.9310,1185.3137,0.000000
SMS-EMOA,486,48600,90,45.0000,3731.9908,1174.5529,47.1333,3825.0850,1184.5863,0.000000
SMS-EMOA,487,48700,90,45.0000,3731.9908,1174.5529,47.0667,3826.8820,1185.3828,0.000000
SMS-EMOA,488,48800,90,45.0000,3731.9908,1174.5529,47.0667,3826.8820,1185.3828,0.000000
SMS-EMOA,489,48900,90,45.0000,3731.9908,1174.5529,47.0556,3828.1365,1185.5162,0.000000
SMS-EMOA,490,49000,90,45.0000,3731.9908,1174.5529,47.0556,3828.0571,1185.5162,0.000000
SMS-EMOA,491,49100,90,45.0000,3731.9908,1174.5529,47.0556,3826.0433,1185.7108,0.000000
SMS-EMOA,492,49200,90,45.0000,3731.9908,1174.5529,47.0667,3825.6506,1185.7108,0.000000
SMS-EMOA,493,49300,90,45.0000,3731.9908,1174.5529,47.0444,3823.6441,1185.7108,0.000000
SMS-EMOA,494,49400,90,45.0000,3731.9908,1174.5529,47.0444,3823.6441,1185.7108,0.000000
SMS-EMOA,495,49500,90,45.0000,3731.9908,1174.5529,47.0444,3823.4494,1185.5774,0.000000
SMS-EMOA,496,49600,90,45.0000,3731.9908,1174.5529,47.0111,3821.6603,1185.2510,0.000000
SMS-EMOA,497,49700,90,45.0000,3728.4093,1174.5529,46.9778,3820.5838,1185.2510,0.000000
SMS-EMOA,498,49800,90,45.0000,3728.4093,1174.5529,46.9778,3820.5838,1185.2510,0.000000
SMS-EMOA,499,49900,90,45.0000,3728.4093,1174.5529,47.0111,3818.4629,1184.5117,0.000000
SMS-EMOA,500,50000,91,45.0000,3728.4093,1174.5529,47.0000,3817.1644,1184.5342,0.000000
SMS-EMOA,501,50100,90,45.0000,3728.4093,1174.5529,46.9889,3817.1854,1183.9177,0.000000
SMS-EMOA,502,50200,90,45.0000,3728.4093,1174.5529,46.9778,3816.5511,1184.1814,0.000000
SMS-EMOA,503,50300,90,45.0000,3728.4093,1174.5529,46.9778,3816.5511,1184.1814,0.000000
SMS-EMOA,504,50400,91,45.0000,3728.4093,1174.5529,46.9670,3813.8222,1183.6806,0.000000
SMS-EMOA,505,50500,90,45.0000,3728.4093,1174.5529,46.9556,3812.5029,1183.9123,0.000000
SMS-EMOA,506,50600,90,45.0000,3728.4093,1174.5529,46.9556,3812.5029,1183.9123,0.000000
SMS-EMOA,507,50700,90,45.0000,3728.4093,1174.5529,46.9556,3811.8318,1183.9039,0.000000
SMS-EMOA,508,50800,91,45.0000,3728.4093,1174.5529,46.9451,3812.1701,1183.8012,0.000000
SMS-EMOA,509,50900,92,45.0000,3728.4093,1174.5529,46.9348,3812.6610,1183.7006,0.000000
SMS-EMOA,510,51000,91,45.0000,3728.4093,1174.5529,46.9780,3811.6472,1183.4084,0.000000
SMS-EMOA,511,51100,91,45.0000,3712.4209,1174.5529,46.9341,3809.4411,1183.8068,0.000000
SMS-EMOA,512,51200,91,45.0000,3712.4209,1174.5529,46.9231,3808.8373,1183.9357,0.000000
SMS-EMOA,513,51300,91,45.0000,3712.4209,1174.5529,46.9231,3808.8373,1183.9357,0.000000
SMS-EMOA,514,51400,91,45.0000,3712.4209,1174.5529,46.9231,3808.1888,1184.0676,0.000000
SMS-EMOA,515,51500,92,45.0000,3712.4209,1174.5529,46.9239,3807.1421,1184.1562,0.000000
SMS-EMOA,516,51600,92,45.0000,3712.4209,1174.5529,46.9239,3805.8428,1184.2867,0.000000
SMS-EMOA,517,51700,92,45.0000,3712.4209,1174.5529,46.9348,3804.1993,1184.2867,0.000000
SMS-EMOA,518,51800,91,45.0000,3712.4209,1174.5529,46.9231,3801.7650,1184.9811,0.000000
SMS-EMOA,519,51900,91,45.0000,3712.4209,1174.5529,46.9011,3800.5464,1184.9405,0.000000
SMS-EMOA,520,52000,91,45.0000,3712.4209,1174.5529,46.8791,3799.9089,1184.9405,0.000000
SMS-EMOA,521,52100,91,45.0000,3712.4209,1174.5529,46.8791,3799.9089,1184.9405,0.000000
SMS-EMOA,522,52200,92,45.0000,3712.4209,1174.5529,46.8370,3801.0099,1184.8276,0.000000
SMS-EMOA,523,52300,91,45.0000,3712.4209,1174.5529,46.8352,3800.1631,1184.9405,0.000000
SMS-EMOA,524,52400,91,45.0000,3712.4209,1174.5529,46.8462,3799.4270,1184.8116,0.000000
SMS-EMOA,525,52500,91,45.0000,3712.4209,1174.5529,46.8022,3798.6407,1185.5562,0.000000
SMS-EMOA,526,52600,91,45.0000,3712.4209,1174.5529,46.7912,3797.5550,1185.6881,0.000000
SMS-EMOA,527,52700,91,45.0000,3712.4209,1174.5529,46.7912,3797.5550,1185.6881,0.000000
SMS-EMOA,528,52800,91,45.0000,3712.4209,1174.5529,46.7912,3797.5550,1185.6881,0.000000
SMS-EMOA,529,52900,91,44.0000,3712.4209,1174.5529,46.7582,3796.6956,1185.4804,0.000000
SMS-EMOA,530,53000,91,44.0000,3712.4209,1174.5529,46.7363,3795.2115,1185.4804,0.000000
SMS-EMOA,531,53100,91,44.0000,3712.4209,1174.5529,46.7253,3794.9072,1185.4804,0.000000
SMS-EMOA,532,53200,91,44.0000,3712.4209,1174.5529,46.7033,3794.5524,1185.7450,0.000000
SMS-EMOA,533,53300,91,44.0000,3712.4209,1174.5529,46.7033,3794.0767,1185.6105,0.000000
SMS-EMOA,534,53400,91,44.0000,3712.4209,1174.5529,46.7143,3793.7823,1185.7450,0.000000
SMS-EMOA,535,53500,91,44.0000,3712.4209,1174.5529,46.6484,3794.3531,1185.6368,0.000000
SMS-EMOA,536,53600,91,44.0000,3712.4209,1174.5529,46.6154,3793.9150,1185.9007,0.000000
SMS-EMOA,537,53700,91,44.0000,3712.4209,1174.5529,46.6154,3793.9150,1185.9007,0.000000
SMS-EMOA,538,53800,91,44.0000,3712.4209,1174.5529,46.5934,3795.0546,1185.8410,0.000000
SMS-EMOA,539,53900,91,44.0000,3712.4209,1174.5529,46.5714,3795.4496,1186.4911,0.000000
SMS-EMOA,540,54000,91,44.0000,3712.4209,1174.5529,46.5714,3794.8142,1186.3592,0.000000
SMS-EMOA,541,54100,91,44.0000,3712.4209,1174.5529,46.4945,3793.6846,1186.4911,0.000000
SMS-EMOA,542,54200,91,44.0000,3712.4209,1174.5529,46.4615,3795.5894,1187.2732,0.000000
SMS-EMOA,543,54300,91,44.0000,3712.4209,1174.5529,46.4945,3793.9989,1187.4773,0.000000
SMS-EMOA,544,54400,90,44.0000,3712.4209,1174.5529,46.4778,3793.5533,1186.8910,0.000000
SMS-EMOA,545,54500,90,44.0000,3712.4209,1174.5529,46.4778,3792.9377,1186.9194,0.000000
SMS-EMOA,546,54600,90,44.0000,3712.4209,1174.5529,46.4889,3791.8809,1186.3954,0.000000
SMS-EMOA,547,54700,90,44.0000,3712.4209,1174.5529,46.4667,3791.3145,1186.3954,0.000000
SMS-EMOA,548,54800,90,44.0000,3712.4209,1174.5529,46.4667,3791.1675,1186.3954,0.000000
SMS-EMOA,549,54900,90,44.0000,3712.4209,1174.5529,46.4667,3791.1675,1186.3954,0.000000
SMS-EMOA,550,55000,89,44.0000,3712.4209,1174.5529,46.4382,3791.2714,1186.3935,0.000000
SMS-EMOA,551,55100,89,44.0000,3712.4209,1174.5529,46.3933,3791.7061,1186.3389,0.000000
SMS-EMOA,552,55200,89,44.0000,3712.4209,1174.5529,46.3708,3792.0458,1186.3389,0.000000
SMS-EMOA,553,55300,88,44.0000,3712.4209,1174.5529,46.3636,3792.0331,1186.4729,0.000000
SMS-EMOA,554,55400,88,44.0000,3712.4209,1174.5529,46.3636,3792.0331,1186.4729,0.000000
SMS-EMOA,555,55500,88,44.0000,3712.4209,1174.5529,46.3750,3789.6457,1186.3916,0.000000
SMS-EMOA,556,55600,88,44.0000,3712.4209,1174.5529,46.3750,3789.6457,1186.3916,0.000000
SMS-EMOA,557,55700,88,44.0000,3712.4209,1174.5529,46.3864,3789.4412,1186.3916,0.000000
SMS-EMOA,558,55800,88,44.0000,3712.4209,1174.5529,46.3750,3788.8457,1186.3916,0.000000
SMS-EMOA,559,55900,88,44.0000,3712.4209,1174.5529,46.3750,3788.8457,1186.3916,0.000000
SMS-EMOA,560,56000,88,44.0000,3712.4209,1174.5529,46.3523,3789.1857,1187.4070,0.000000
SMS-EMOA,561,56100,88,44.0000,3712.4209,1174.5529,46.3409,3788.5133,1187.9659,0.000000
SMS-EMOA,562,56200,87,44.0000,3712.4209,1174.5529,46.3333,3788.5444,1188.1201,0.000000
SMS-EMOA,563,56300,87,44.0000,3712.4209,1174.5529,46.3103,3788.7548,1188.1201,0.000000
SMS-EMOA,564,56400,86,44.0000,3712.4209,1174.5529,46.3140,3788.2928,1188.2778,0.000000
SMS-EMOA,565,56500,86,44.0000,3712.4209,1174.5529,46.3140,3788.2928,1188.2778,0.000000
SMS-EMOA,566,56600,86,44.0000,3712.4209,1174.5529,46.3140,3787.9103,1188.2146,0.000000
SMS-EMOA,567,56700,85,44.0000,3705.2329,1174.5529,46.2471,3787.3981,1188.3753,0.000000
SMS-EMOA,568,56800,85,44.0000,3705.2329,1174.5529,46.1882,3788.0926,1189.2134,0.000000
SMS-EMOA,569,56900,85,44.0000,3705.2329,1174.5529,46.1882,3787.3169,1189.0074,0.000000
SMS-EMOA,570,57000,85,44.0000,3705.2329,1174.5529,46.1647,3787.7827,1189.6664,0.000000
SMS-EMOA,571,57100,85,44.0000,3705.2329,1174.5529,46.1647,3787.3237,1189.6024,0.000000
SMS-EMOA,572,57200,85,44.0000,3705.2329,1174.5529,46.1529,3787.9748,1190.2409,0.000000
SMS-EMOA,573,57300,84,44.0000,3705.2329,1174.5529,46.1310,3788.0481,1190.4276,0.000000
SMS-EMOA,574,57400,84,44.0000,3705.2329,1174.5529,46.1190,3787.9925,1190.2677,0.000000
SMS-EMOA,575,57500,83,44.0000,3705.2329,1174.5529,46.0723,3787.6729,1189.8526,0.000000
SMS-EMOA,576,57600,83,44.0000,3705.2329,1174.5529,46.0482,3789.7181,1190.4303,0.000000
SMS-EMOA,577,57700,84,44.0000,3705.2329,1174.5529,46.0357,3789.2481,1190.3195,0.000000
SMS-EMOA,578,57800,84,44.0000,3705.2329,1174.5529,46.0357,3789.2481,1190.3195,0.000000
SMS-EMOA,579,57900,84,44.0000,3705.2329,1174.5529,46.0357,3789.2481,1190.3195,0.000000
SMS-EMOA,580,58000,85,44.0000,3705.2329,1174.5529,46.0235,3789.7278,1190.1340,0.000000
SMS-EMOA,581,58100,85,44.0000,3705.2329,1174.5529,46.0235,3789.6841,1190.1340,0.000000
SMS-EMOA,582,58200,85,44.0000,3705.2329,1174.5529,45.9882,3791.9962,1190.3549,0.000000
SMS-EMOA,583,58300,85,44.0000,3705.2329,1174.5529,46.0118,3791.3439,1190.3549,0.000000
SMS-EMOA,584,58400,84,44.0000,3705.2329,1174.5529,45.9762,3793.3614,1190.4649,0.000000
SMS-EMOA,585,58500,84,44.0000,3705.2329,1174.5529,45.9762,3793.3614,1190.4649,0.000000
SMS-EMOA,586,58600,85,44.0000,3705.2329,1174.5529,45.9765,3793.5295,1189.8101,0.000000
SMS-EMOA,587,58700,84,44.0000,3705.2329,1174.5529,46.0000,3793.0036,1189.8488,0.000000
SMS-EMOA,588,58800,85,44.0000,3705.2329,1174.5529,46.0000,3792.8978,1189.7665,0.000000
SMS-EMOA,589,58900,85,44.0000,3705.2329,1174.5529,46.0118,3793.1482,1189.7230,0.000000
SMS-EMOA,590,59000,85,44.0000,3691.3865,1174.5529,45.9765,3791.5546,1190.2778,0.000000
SMS-EMOA,591,59100,85,44.0000,3691.3865,1174.5529,45.9647,3790.6483,1190.1065,0.000000
SMS-EMOA,592,59200,85,44.0000,3642.9145,1174.5529,45.9412,3789.7567,1189.7778,0.000000
SMS-EMOA,593,59300,85,44.0000,3642.9145,1174.5529,45.9294,3789.3599,1189.8619,0.000000
SMS-EMOA,594,59400,85,44.0000,3642.9145,1174.5529,45.9294,3789.3599,1189.8619,0.000000
SMS-EMOA,595,59500,85,44.0000,3642.9145,1174.5529,45.9176,3788.4591,1189.7198,0.000000
SMS-EMOA,596,59600,85,44.0000,3642.9145,1174.5529,45.8706,3787.9187,1189.6762,0.000000
SMS-EMOA,597,59700,86,44.0000,3642.9145,1174.5529,45.8721,3786.1447,1189.6003,0.000000
SMS-EMOA,598,59800,86,44.0000,3642.9145,1174.5529,45.8837,3785.3967,1188.8861,0.000000
SMS-EMOA,599,59900,86,44.0000,3642.9145,1174.5529,45.8837,3785.3967,1188.8861,0.000000
SMS-EMOA,600,60000,86,44.0000,3642.9145,1174.5529,45.8837,3785.3967,1188.8861,0.000000
SMS-EMOA,601,60100,87,44.0000,3642.9145,1174.5529,45.8736,3785.8768,1189.3358,0.000000
SMS-EMOA,602,60200,87,44.0000,3642.9145,1174.5529,45.8736,3785.8768,1189.3358,0.000000
SMS-EMOA,603,60300,87,44.0000,3642.9145,1174.5529,45.8736,3785.8768,1189.3358,0.000000
SMS-EMOA,604,60400,86,44.0000,3642.9145,1174.5529,45.8372,3785.6829,1189.5077,0.000000
SMS-EMOA,605,60500,85,44.0000,3642.9145,1174.5529,45.8353,3782.0486,1189.1195,0.000000
SMS-EMOA,606,60600,88,44.0000,3642.9145,1174.5529,45.8068,3782.1483,1188.4865,0.000000
SMS-EMOA,607,60700,88,44.0000,3642.9145,1174.5529,45.8068,3782.1483,1188.4865,0.000000
SMS-EMOA,608,60800,88,44.0000,3642.9145,1174.5529,45.8068,3782.1483,1188.4865,0.000000
SMS-EMOA,609,60900,88,44.0000,3642.9145,1174.5529,45.8182,3780.0954,1188.4217,0.000000
SMS-EMOA,610,61000,88,44.0000,3642.9145,1174.5529,45.7727,3780.1346,1188.9476,0.000000
SMS-EMOA,611,61100,89,44.0000,3642.9145,1174.5529,45.7528,3780.4817,1189.4534,0.000000
SMS-EMOA,612,61200,89,44.0000,3642.9145,1174.5529,45.7416,3779.3268,1189.5272,0.000000
SMS-EMOA,613,61300,90,44.0000,3642.9145,1174.5529,45.7444,3776.8500,1187.8443,0.000000
SMS-EMOA,614,61400,90,44.0000,3642.9145,1174.5529,45.7333,3775.5431,1187.6496,0.000000
SMS-EMOA,615,61500,91,44.0000,3642.9145,1174.5529,45.7253,3775.7862,1187.5057,0.000000
SMS-EMOA,616,61600,91,44.0000,3642.9145,1174.5529,45.7473,3774.1253,1186.9875,0.000000
SMS-EMOA,617,61700,91,44.0000,3642.9145,1174.5529,45.7473,3773.3320,1186.9875,0.000000
SMS-EMOA,618,61800,91,44.0000,3642.9145,1174.5529,45.7253,3770.0806,1187.1194,0.000000
SMS-EMOA,619,61900,91,44.0000,3642.9145,1174.5529,45.6923,3768.4164,1186.8066,0.000000
SMS-EMOA,620,62000,91,44.0000,3642.9145,1174.5529,45.6813,3768.6560,1186.8788,0.000000
SMS-EMOA,621,62100,92,44.0000,3642.9145,1174.5529,45.6522,3768.6139,1187.5184,0.000000
SMS-EMOA,622,62200,92,44.0000,3642.9145,1174.5529,45.6087,3768.6461,1187.1953,0.000000
SMS-EMOA,623,62300,93,44.0000,3642.9145,1174.5529,45.5699,3766.9078,1186.7273,0.000000
SMS-EMOA,624,62400,93,44.0000,3642.9145,1174.5529,45.5269,3767.4291,1186.8461,0.000000
SMS-EMOA,625,62500,93,44.0000,3642.9145,1174.5529,45.5269,3767.4291,1186.8461,0.000000
SMS-EMOA,626,62600,93,44.0000,3642.9145,1174.5529,45.4946,3766.8525,1186.9650,0.000000
SMS-EMOA,627,62700,94,44.0000,3642.9145,1174.5529,45.5000,3766.3191,1186.9607,0.000000
SMS-EMOA,628,62800,94,44.0000,3642.9145,1174.5529,45.5000,3766.3191,1186.9607,0.000000
SMS-EMOA,629,62900,94,44.0000,3642.9145,1174.5529,45.5106,3763.6742,1187.0222,0.000000
SMS-EMOA,630,63000,94,44.0000,3642.9145,1174.5529,45.5106,3763.6388,1187.0222,0.000000
SMS-EMOA,631,63100,94,44.0000,3642.9145,1174.5529,45.5106,3763.5802,1187.0222,0.000000
SMS-EMOA,632,63200,94,44.0000,3642.9145,1174.5529,45.5106,3763.5802,1187.0222,0.000000
SMS-EMOA,633,63300,94,44.0000,3642.9145,1174.5529,45.5106,3763.5802,1187.0222,0.000000
SMS-EMOA,634,63400,94,44.0000,3642.9145,1174.5529,45.5106,3763.5802,1187.0222,0.000000
SMS-EMOA,635,63500,94,44.0000,3642.9145,1174.5529,45.4894,3764.1279,1187.0948,0.000000
SMS-EMOA,636,63600,94,44.0000,3642.9145,1174.5529,45.5213,3758.5020,1186.2230,0.000000
SMS-EMOA,637,63700,93,44.0000,3642.9145,1174.5529,45.5269,3756.2315,1185.8897,0.000000
SMS-EMOA,638,63800,93,44.0000,3642.9145,1174.5529,45.5269,3756.2315,1185.8897,0.000000
SMS-EMOA,639,63900,93,44.0000,3642.9145,1174.5529,45.4946,3757.9184,1185.7606,0.000000
SMS-EMOA,640,64000,93,44.0000,3642.9145,1174.5529,45.4946,3757.9184,1185.7606,0.000000
SMS-EMOA,641,64100,92,44.0000,3642.9145,1174.5529,45.5000,3755.1555,1185.7305,0.000000
SMS-EMOA,642,64200,92,44.0000,3642.9145,1174.5529,45.5000,3755.1445,1185.7305,0.000000
SMS-EMOA,643,64300,92,44.0000,3642.9145,1174.5529,45.4674,3755.6524,1185.0903,0.000000
SMS-EMOA,644,64400,92,44.0000,3642.9145,1174.5529,45.4674,3754.5830,1185.6000,0.000000
SMS-EMOA,645,64500,92,44.0000,3642.9145,1174.5529,45.4565,3754.8654,1185.7202,0.000000
SMS-EMOA,646,64600,92,44.0000,3642.9145,1174.5529,45.4022,3752.2487,1186.0498,0.000000
SMS-EMOA,647,64700,92,44.0000,3642.9145,1174.5529,45.3913,3750.8147,1186.2234,0.000000
SMS-EMOA,648,64800,91,44.0000,3642.9145,1174.5529,45.3736,3750.9304,1186.2197,0.000000
SMS-EMOA,649,64900,91,44.0000,3642.9145,1174.5529,45.3736,3749.7187,1186.2197,0.000000
SMS-EMOA,650,65000,91,44.0000,3642.9145,1174.5529,45.3846,3748.2790,1186.2767,0.000000
SMS-EMOA,651,65100,91,44.0000,3642.9145,1174.5529,45.3846,3747.5479,1186.1448,0.000000
SMS-EMOA,652,65200,91,44.0000,3642.9145,1174.5529,45.4066,3747.0451,1186.7574,0.000000
SMS-EMOA,653,65300,91,44.0000,3642.9145,1174.5529,45.3956,3746.2710,1186.6255,0.000000
SMS-EMOA,654,65400,92,44.0000,3642.9145,1174.5529,45.4022,3745.8006,1186.4943,0.000000
SMS-EMOA,655,65500,92,44.0000,3642.9145,1174.5529,45.4130,3745.1467,1186.6839,0.000000
SMS-EMOA,656,65600,93,44.0000,3642.9145,1174.5529,45.3978,3743.8202,1186.8391,0.000000
SMS-EMOA,657,65700,93,44.0000,3642.9145,1174.5529,45.3548,3743.3465,1186.8081,0.000000
SMS-EMOA,658,65800,92,44.0000,3642.9145,1174.5529,45.3587,3742.0955,1186.9413,0.000000
SMS-EMOA,659,65900,92,44.0000,3642.9145,1174.5529,45.3587,3741.5511,1186.9413,0.000000
SMS-EMOA,660,66000,92,44.0000,3642.9145,1174.5529,45.3152,3741.5133,1186.9413,0.000000
SMS-EMOA,661,66100,92,43.0000,3642.9145,1174.5529,45.2935,3739.9554,1186.1249,0.000000
SMS-EMOA,662,66200,92,43.0000,3642.9145,1174.5529,45.2935,3739.6076,1186.4342,0.000000
SMS-EMOA,663,66300,93,43.0000,3642.9145,1174.5529,45.2796,3739.5077,1185.9283,0.000000
SMS-EMOA,664,66400,93,43.0000,3642.9145,1174.5529,45.2796,3739.2203,1185.9283,0.000000
SMS-EMOA,665,66500,93,43.0000,3642.9145,1174.5529,45.2473,3740.8872,1186.2038,0.000000
SMS-EMOA,666,66600,93,43.0000,3642.9145,1174.5529,45.2151,3739.9854,1186.3329,0.000000
SMS-EMOA,667,66700,93,43.0000,3642.9145,1174.5529,45.2151,3739.9854,1186.3329,0.000000
SMS-EMOA,668,66800,93,43.0000,3642.9145,1174.5529,45.2151,3739.9854,1186.3329,0.000000
SMS-EMOA,669,66900,93,43.0000,3642.9145,1174.5529,45.2151,3739.2124,1186.4620,0.000000
SMS-EMOA,670,67000,93,43.0000,3642.9145,1174.5529,45.2043,3738.4523,1186.5205,0.000000
SMS-EMOA,671,67100,93,43.0000,3642.9145,1174.5529,45.2043,3738.0815,1186.5018,0.000000
SMS-EMOA,672,67200,93,43.0000,3642.9145,1174.5529,45.1935,3737.8878,1186.5018,0.000000
SMS-EMOA,673,67300,93,43.0000,3642.9145,1174.5529,45.2043,3736.4515,1186.3222,0.000000
SMS-EMOA,674,67400,93,43.0000,3642.9145,1174.5529,45.1505,3734.1909,1186.4082,0.000000
SMS-EMOA,675,67500,93,43.0000,3642.9145,1174.5529,45.1720,3733.8270,1186.4666,0.000000
SMS-EMOA,676,67600,93,43.0000,3642.9145,1174.5529,45.1720,3733.8270,1186.4666,0.000000
SMS-EMOA,677,67700,93,43.0000,3620.8458,1174.5529,45.1290,3732.1739,1186.3478,0.000000
SMS-EMOA,678,67800,93,43.0000,3620.8458,1174.5529,45.1183,3732.1640,1186.2187,0.000000
SMS-EMOA,679,67900,92,43.0000,3620.8458,1174.5529,45.0870,3731.5772,1186.3455,0.000000
SMS-EMOA,680,68000,92,43.0000,3620.8458,1174.5529,45.0870,3731.5772,1186.3455,0.000000
SMS-EMOA,681,68100,92,43.0000,3620.8458,1174.5529,45.0435,3732.0583,1186.5038,0.000000
SMS-EMOA,682,68200,92,43.0000,3620.8458,1174.5529,45.0652,3731.7699,1186.5038,0.000000
SMS-EMOA,683,68300,92,43.0000,3620.8458,1174.5529,45.0543,3731.3413,1186.6343,0.000000
SMS-EMOA,684,68400,92,43.0000,3620.8458,1174.5529,45.0326,3730.8650,1186.4550,0.000000
SMS-EMOA,685,68500,93,43.0000,3620.8458,1174.5529,45.0215,3731.7146,1186.5750,0.000000
SMS-EMOA,686,68600,93,43.0000,3620.8458,1174.5529,45.0000,3731.9047,1186.5165,0.000000
SMS-EMOA,687,68700,93,43.0000,3620.8458,1174.5529,45.0000,3731.1029,1186.3143,0.000000
SMS-EMOA,688,68800,93,43.0000,3620.8458,1174.5529,44.9677,3733.1815,1185.9318,0.000000
SMS-EMOA,689,68900,93,43.0000,3620.8458,1174.5529,44.9462,3732.5026,1186.0609,0.000000
SMS-EMOA,690,69000,93,43.0000,3620.8458,1174.5529,44.9462,3732.5026,1186.0609,0.000000
SMS-EMOA,691,69100,93,43.0000,3620.8458,1174.5529,44.9032,3731.1776,1186.1213,0.000000
SMS-EMOA,692,69200,92,43.0000,3620.8458,1174.5529,44.8804,3732.4590,1185.7373,0.000000
SMS-EMOA,693,69300,92,43.0000,3620.8458,1174.5529,44.8804,3732.0980,1185.7373,0.000000
SMS-EMOA,694,69400,92,42.0000,3620.8458,1174.5529,44.8370,3731.4415,1185.6659,0.000000
SMS-EMOA,695,69500,93,42.0000,3620.8458,1174.5529,44.8172,3729.6165,1185.6755,0.000000
SMS-EMOA,696,69600,94,42.0000,3620.8458,1174.5529,44.8404,3728.7274,1185.6271,0.000000
SMS-EMOA,697,69700,94,42.0000,3620.8458,1174.5529,44.8085,3728.8856,1185.9430,0.000000
SMS-EMOA,698,69800,94,42.0000,3620.8458,1174.5529,44.8085,3728.5706,1185.4198,0.000000
SMS-EMOA,699,69900,94,42.0000,3620.8458,1174.5529,44.7872,3728.5286,1185.4198,0.000000
SMS-EMOA,700,70000,94,42.0000,3620.8458,1174.5529,44.7340,3730.1565,1185.3041,0.000000
SMS-EMOA,701,70100,94,42.0000,3620.8458,1174.5529,44.7553,3725.1955,1184.7120,0.000000
SMS-EMOA,702,70200,94,42.0000,3620.8458,1174.5529,44.6383,3725.6714,1184.5129,0.000000
SMS-EMOA,703,70300,94,42.0000,3620.8458,1174.5529,44.6064,3723.1010,1183.8415,0.000000
SMS-EMOA,704,70400,94,42.0000,3620.8458,1174.5529,44.5851,3723.0724,1183.6736,0.000000
SMS-EMOA,705,70500,94,42.0000,3620.8458,1174.5529,44.5851,3722.6763,1183.4283,0.000000
SMS-EMOA,706,70600,93,42.0000,3620.8458,1174.5529,44.5806,3722.5601,1183.5237,0.000000
SMS-EMOA,707,70700,94,42.0000,3620.8458,1174.5529,44.5532,3721.9017,1183.5167,0.000000
SMS-EMOA,708,70800,94,42.0000,3620.8458,1174.5529,44.5213,3721.7186,1183.5472,0.000000
SMS-EMOA,709,70900,94,42.0000,3620.8458,1174.5529,44.5213,3720.2111,1183.4568,0.000000
SMS-EMOA,710,71000,94,42.0000,3620.8458,1174.5529,44.5000,3720.5244,1183.6117,0.000000
SMS-EMOA,711,71100,95,42.0000,3620.8458,1174.5529,44.4947,3720.4776,1183.4774,0.000000
SMS-EMOA,712,71200,95,42.0000,3620.8458,1174.5529,44.4947,3720.4776,1183.4774,0.000000
SMS-EMOA,713,71300,95,42.0000,3620.8458,1174.5529,44.4947,3720.0479,1183.4082,0.000000
SMS-EMOA,714,71400,96,42.0000,3620.8458,1174.5529,44.5000,3720.3049,1183.2275,0.000000
SMS-EMOA,715,71500,97,42.0000,3620.8458,1174.5529,44.5052,3721.2327,1183.3937,0.000000
SMS-EMOA,716,71600,97,42.0000,3620.8458,1174.5529,44.5052,3720.6632,1183.4319,0.000000
SMS-EMOA,717,71700,97,42.0000,3620.8458,1174.5529,44.5052,3719.8785,1183.3179,0.000000
SMS-EMOA,718,71800,97,42.0000,3620.8458,1174.5529,44.4948,3721.1533,1183.3179,0.000000
SMS-EMOA,719,71900,97,42.0000,3615.3270,1174.5529,44.4948,3717.7383,1183.2600,0.000000
SMS-EMOA,720,72000,97,42.0000,3615.3270,1174.5529,44.4639,3716.1986,1183.2600,0.000000
SMS-EMOA,721,72100,97,42.0000,3615.3270,1174.5529,44.4536,3715.9143,1182.9974,0.000000
SMS-EMOA,722,72200,96,42.0000,3612.7145,1174.5529,44.4583,3712.5978,1183.5054,0.000000
SMS-EMOA,723,72300,96,42.0000,3612.7145,1174.5529,44.4583,3712.5978,1183.5054,0.000000
SMS-EMOA,724,72400,96,42.0000,3612.7145,1174.5529,44.4375,3711.4342,1183.5088,0.000000
SMS-EMOA,725,72500,96,42.0000,3612.7145,1174.5529,44.4375,3711.4342,1183.5088,0.000000
SMS-EMOA,726,72600,96,42.0000,3612.7145,1174.5529,44.4375,3711.4342,1183.5088,0.000000
SMS-EMOA,727,72700,96,42.0000,3612.7145,1174.5529,44.4375,3711.1587,1183.5088,0.000000
SMS-EMOA,728,72800,96,42.0000,3612.7145,1174.5529,44.4375,3711.1587,1183.5088,0.000000
SMS-EMOA,729,72900,96,42.0000,3612.7145,1174.5529,44.4375,3711.1587,1183.5088,0.000000
SMS-EMOA,730,73000,95,42.0000,3612.7145,1174.5529,44.4000,3710.8474,1183.3503,0.000000
SMS-EMOA,731,73100,95,42.0000,3612.7145,1174.5529,44.4000,3710.8474,1183.3503,0.000000
SMS-EMOA,732,73200,95,42.0000,3612.7145,1174.5529,44.4000,3710.0737,1183.4377,0.000000
SMS-EMOA,733,73300,95,42.0000,3612.7145,1174.5529,44.4000,3709.8539,1183.2181,0.000000
SMS-EMOA,734,73400,95,42.0000,3612.7145,1174.5529,44.4000,3708.8054,1183.2181,0.000000
SMS-EMOA,735,73500,95,42.0000,3612.7145,1174.5529,44.4000,3708.8054,1183.2181,0.000000
SMS-EMOA,736,73600,95,42.0000,3612.7145,1174.5529,44.3789,3707.9285,1183.2816,0.000000
SMS-EMOA,737,73700,95,42.0000,3612.7145,1174.5529,44.4000,3705.8901,1183.4349,0.000000
SMS-EMOA,738,73800,95,42.0000,3612.7145,1174.5529,44.4000,3705.5877,1183.4080,0.000000
SMS-EMOA,739,73900,95,42.0000,3612.7145,1174.5529,44.4000,3705.5877,1183.4080,0.000000
SMS-EMOA,740,74000,95,42.0000,3612.7145,1174.5529,44.4000,3705.5877,1183.4080,0.000000
SMS-EMOA,741,74100,94,42.0000,3612.7145,1174.5529,44.4043,3705.4474,1183.3473,0.000000
SMS-EMOA,742,74200,94,42.0000,3612.7145,1174.5529,44.3936,3704.5311,1183.1718,0.000000
SMS-EMOA,743,74300,94,42.0000,3612.7145,1174.5529,44.3936,3704.7806,1183.1291,0.000000
SMS-EMOA,744,74400,94,42.0000,3612.7145,1174.5529,44.3723,3702.5471,1183.1781,0.000000
SMS-EMOA,745,74500,94,42.0000,3612.7145,1174.5529,44.3830,3702.1316,1183.2480,0.000000
SMS-EMOA,746,74600,93,42.0000,3612.7145,1174.5529,44.3763,3702.0426,1183.2709,0.000000
SMS-EMOA,747,74700,94,42.0000,3612.7145,1174.5529,44.3830,3701.3210,1183.0537,0.000000
SMS-EMOA,748,74800,94,42.0000,3612.7145,1174.5529,44.3723,3700.9226,1183.1203,0.000000
SMS-EMOA,749,74900,94,42.0000,3612.7145,1174.5529,44.3723,3700.9226,1183.1203,0.000000
SMS-EMOA,750,75000,95,42.0000,3612.7145,1174.5529,44.3579,3701.7734,1183.0032,0.000000
SMS-EMOA,751,75100,95,42.0000,3612.7145,1174.5529,44.3368,3700.5723,1182.9158,0.000000
SMS-EMOA,752,75200,95,42.0000,3612.7145,1174.5529,44.3263,3700.5345,1182.7711,0.000000
SMS-EMOA,753,75300,94,42.0000,3612.7145,1174.5529,44.2979,3701.1537,1182.6609,0.000000
SMS-EMOA,754,75400,94,42.0000,3612.7145,1174.5529,44.2872,3699.6092,1182.6337,0.000000
SMS-EMOA,755,75500,94,42.0000,3612.7145,1174.5529,44.2979,3698.8116,1182.5759,0.000000
SMS-EMOA,756,75600,94,42.0000,3612.7145,1174.5529,44.2872,3697.3695,1182.5759,0.000000
SMS-EMOA,757,75700,95,42.0000,3612.7145,1174.5529,44.2421,3696.1620,1182.4914,0.000000
SMS-EMOA,758,75800,95,42.0000,3612.7145,1174.5529,44.2526,3695.8543,1182.4914,0.000000
SMS-EMOA,759,75900,95,42.0000,3612.7145,1174.5529,44.2421,3695.7659,1182.8586,0.000000
SMS-EMOA,760,76000,95,42.0000,3612.7145,1174.5529,44.2526,3694.4411,1182.9278,0.000000
SMS-EMOA,761,76100,95,42.0000,3612.7145,1174.5529,44.2421,3690.9018,1183.0238,0.000000
SMS-EMOA,762,76200,95,42.0000,3612.7145,1174.5529,44.2421,3690.5238,1183.0238,0.000000
SMS-EMOA,763,76300,95,42.0000,3612.7145,1174.5529,44.2421,3690.5238,1183.0238,0.000000
SMS-EMOA,764,76400,96,42.0000,3612.7145,1174.5529,44.2292,3691.0098,1182.6687,0.000000
SMS-EMOA,765,76500,96,42.0000,3612.7145,1174.5529,44.1771,3689.8424,1182.5855,0.000000
SMS-EMOA,766,76600,96,42.0000,3612.7145,1174.5529,44.1771,3689.8424,1182.5855,0.000000
SMS-EMOA,767,76700,96,42.0000,3612.7145,1174.5529,44.1771,3689.6090,1182.5855,0.000000
SMS-EMOA,768,76800,95,42.0000,3612.7145,1174.5529,44.1895,3688.5739,1182.5167,0.000000
SMS-EMOA,769,76900,95,42.0000,3612.7145,1174.5529,44.1895,3688.5739,1182.5167,0.000000
SMS-EMOA,770,77000,95,42.0000,3612.7145,1174.5529,44.1895,3686.3085,1182.6042,0.000000
SMS-EMOA,771,77100,95,42.0000,3612.7145,1174.5529,44.1789,3687.2239,1182.5286,0.000000
SMS-EMOA,772,77200,95,42.0000,3612.7145,1174.5529,44.1789,3687.2239,1182.5286,0.000000
SMS-EMOA,773,77300,95,42.0000,3612.7145,1174.5529,44.1789,3687.2239,1182.5286,0.000000
SMS-EMOA,774,77400,95,42.0000,3612.7145,1174.5529,44.1789,3686.6027,1182.5286,0.000000
SMS-EMOA,775,77500,95,42.0000,3612.7145,1174.5529,44.1789,3686.6027,1182.5286,0.000000
SMS-EMOA,776,77600,95,42.0000,3612.7145,1174.5529,44.1684,3685.4881,1182.6160,0.000000
SMS-EMOA,777,77700,95,42.0000,3612.7145,1174.5529,44.1684,3683.4911,1182.6160,0.000000
SMS-EMOA,778,77800,95,42.0000,3612.7145,1174.5529,44.1684,3683.4911,1182.6160,0.000000
SMS-EMOA,779,77900,95,42.0000,3612.7145,1174.5529,44.1474,3683.1088,1182.5891,0.000000
SMS-EMOA,780,78000,95,42.0000,3612.7145,1174.5529,44.1474,3683.1088,1182.5891,0.000000
SMS-EMOA,781,78100,95,42.0000,3612.7145,1174.5529,44.1579,3681.8322,1182.5708,0.000000
SMS-EMOA,782,78200,95,42.0000,3612.7145,1174.5529,44.1579,3681.2872,1182.5708,0.000000
SMS-EMOA,783,78300,95,42.0000,3612.7145,1174.5529,44.1579,3681.2872,1182.5708,0.000000
SMS-EMOA,784,78400,95,42.0000,3552.3150,1174.5529,44.1579,3680.1408,1182.3786,0.000000
SMS-EMOA,785,78500,95,42.0000,3552.3150,1174.5529,44.1474,3680.1545,1182.2522,0.000000
SMS-EMOA,786,78600,95,42.0000,3552.3150,1174.5529,44.1368,3678.7154,1182.1293,0.000000
SMS-EMOA,787,78700,95,42.0000,3552.3150,1174.5529,44.1263,3677.5040,1181.9338,0.000000
SMS-EMOA,788,78800,95,42.0000,3552.3150,1174.5529,44.1368,3677.3987,1181.9338,0.000000
SMS-EMOA,789,78900,95,42.0000,3552.3150,1174.5529,44.1368,3677.3987,1181.9338,0.000000
SMS-EMOA,790,79000,95,42.0000,3552.3150,1174.5529,44.1368,3677.3987,1181.9338,0.000000
SMS-EMOA,791,79100,95,42.0000,3552.3150,1174.5529,44.1474,3677.3105,1181.4402,0.000000
SMS-EMOA,792,79200,95,42.0000,3552.3150,1174.5529,44.1368,3675.9535,1181.4402,0.000000
SMS-EMOA,793,79300,96,42.0000,3552.3150,1174.5529,44.1458,3676.3998,1181.3684,0.000000
SMS-EMOA,794,79400,96,42.0000,3552.3150,1174.5529,44.1354,3676.1521,1181.3684,0.000000
SMS-EMOA,795,79500,96,42.0000,3552.3150,1174.5529,44.1354,3676.1521,1181.3684,0.000000
SMS-EMOA,796,79600,96,42.0000,3552.3150,1174.5529,44.0729,3673.8131,1181.4935,0.000000
SMS-EMOA,797,79700,96,42.0000,3552.3150,1174.5529,44.0729,3673.8131,1181.4935,0.000000
SMS-EMOA,798,79800,96,42.0000,3552.3150,1174.5529,44.0729,3673.6937,1181.4754,0.000000
SMS-EMOA,799,79900,96,42.0000,3552.3150,1174.5529,44.0417,3672.5083,1181.6004,0.000000
SMS-EMOA,800,80000,96,42.0000,3552.3150,1174.5529,44.0000,3672.6320,1181.7840,0.000000
SMS-EMOA,801,80100,96,42.0000,3552.3150,1174.5529,44.0000,3672.6320,1181.7840,0.000000
SMS-EMOA,802,80200,96,42.0000,3552.3150,1174.5529,43.9792,3671.8875,1181.7455,0.000000
SMS-EMOA,803,80300,96,42.0000,3552.3150,1174.5529,43.9688,3671.5153,1181.8320,0.000000
SMS-EMOA,804,80400,96,42.0000,3552.3150,1174.5529,43.9688,3671.4690,1181.8320,0.000000
SMS-EMOA,805,80500,96,42.0000,3552.3150,1174.5529,43.9688,3671.4690,1181.8320,0.000000
SMS-EMOA,806,80600,96,42.0000,3552.3150,1174.5529,43.9688,3671.4690,1181.8320,0.000000
SMS-EMOA,807,80700,96,42.0000,3552.3150,1174.5529,43.9583,3671.4327,1181.8586,0.000000
SMS-EMOA,808,80800,96,42.0000,3552.3150,1174.5529,43.9479,3670.8471,1181.8885,0.000000
SMS-EMOA,809,80900,96,42.0000,3552.3150,1174.5529,43.9167,3669.9867,1181.8885,0.000000
SMS-EMOA,810,81000,96,42.0000,3552.3150,1174.5529,43.9167,3668.1804,1181.7167,0.000000
SMS-EMOA,811,81100,96,42.0000,3552.3150,1174.5529,43.9688,3667.2983,1181.6334,0.000000
SMS-EMOA,812,81200,96,42.0000,3552.3150,1174.5529,43.9375,3666.6815,1181.6720,0.000000
SMS-EMOA,813,81300,96,42.0000,3552.3150,1174.5529,43.9375,3665.6770,1181.6720,0.000000
SMS-EMOA,814,81400,95,42.0000,3552.3150,1174.5529,43.9263,3664.7016,1181.6293,0.000000
SMS-EMOA,815,81500,96,42.0000,3552.3150,1174.5529,43.9167,3664.6639,1181.5556,0.000000
SMS-EMOA,816,81600,96,42.0000,3552.3150,1174.5529,43.9062,3663.7775,1181.7274,0.000000
SMS-EMOA,817,81700,96,42.0000,3552.3150,1174.5529,43.8542,3663.5222,1181.8606,0.000000
SMS-EMOA,818,81800,96,42.0000,3552.3150,1174.5529,43.8854,3662.6430,1181.8991,0.000000
SMS-EMOA,819,81900,96,42.0000,3552.3150,1174.5529,43.8958,3662.5564,1181.8991,0.000000
SMS-EMOA,820,82000,96,42.0000,3552.3150,1174.5529,43.8958,3662.5564,1181.8991,0.000000
SMS-EMOA,821,82100,96,42.0000,3552.3150,1174.5529,43.8646,3662.5765,1181.8425,0.000000
SMS-EMOA,822,82200,95,42.0000,3552.3150,1174.5529,43.8737,3661.1883,1181.8317,0.000000
SMS-EMOA,823,82300,95,42.0000,3552.3150,1174.5529,43.8842,3660.1827,1181.8890,0.000000
SMS-EMOA,824,82400,95,42.0000,3552.3150,1174.5529,43.8947,3659.9773,1181.8890,0.000000
SMS-EMOA,825,82500,95,42.0000,3552.3150,1174.5529,43.8737,3659.6904,1181.9764,0.000000
SMS-EMOA,826,82600,95,42.0000,3552.3150,1174.5529,43.8632,3659.8905,1181.9192,0.000000
SMS-EMOA,827,82700,95,42.0000,3552.3150,1174.5529,43.8842,3657.7361,1182.0456,0.000000
SMS-EMOA,828,82800,95,42.0000,3552.3150,1174.5529,43.8842,3657.7361,1182.0456,0.000000
SMS-EMOA,829,82900,94,42.0000,3552.3150,1174.5529,43.8511,3656.6390,1182.1068,0.000000
SMS-EMOA,830,83000,93,42.0000,3552.3150,1174.5529,43.8495,3656.4240,1182.1174,0.000000
SMS-EMOA,831,83100,93,42.0000,3552.3150,1174.5529,43.8602,3655.5963,1182.1174,0.000000
SMS-EMOA,832,83200,92,42.0000,3552.3150,1174.5529,43.8478,3654.8383,1182.2185,0.000000
SMS-EMOA,833,83300,92,42.0000,3552.3150,1174.5529,43.8478,3654.8383,1182.2185,0.000000
SMS-EMOA,834,83400,92,42.0000,3552.3150,1174.5529,43.8478,3654.5970,1182.2185,0.000000
SMS-EMOA,835,83500,92,42.0000,3552.3150,1174.5529,43.8478,3654.5970,1182.2185,0.000000
SMS-EMOA,836,83600,92,42.0000,3552.3150,1174.5529,43.8478,3654.5970,1182.2185,0.000000
SMS-EMOA,837,83700,92,42.0000,3552.3150,1174.5529,43.8478,3654.5970,1182.2185,0.000000
SMS-EMOA,838,83800,92,42.0000,3552.3150,1174.5529,43.8804,3652.7486,1182.0880,0.000000
SMS-EMOA,839,83900,91,42.0000,3552.3150,1174.5529,43.8791,3651.7281,1182.3113,0.000000
SMS-EMOA,840,84000,91,42.0000,3552.3150,1174.5529,43.8791,3650.8692,1182.3520,0.000000
SMS-EMOA,841,84100,90,42.0000,3552.3150,1174.5529,43.8444,3649.4143,1182.4580,0.000000
SMS-EMOA,842,84200,90,42.0000,3552.3150,1174.5529,43.8333,3648.9346,1182.4580,0.000000
SMS-EMOA,843,84300,90,42.0000,3552.3150,1174.5529,43.8556,3650.0443,1182.3245,0.000000
SMS-EMOA,844,84400,90,42.0000,3552.3150,1174.5529,43.8444,3649.7607,1182.3975,0.000000
SMS-EMOA,845,84500,90,42.0000,3552.3150,1174.5529,43.8444,3648.8013,1182.1414,0.000000
SMS-EMOA,846,84600,90,42.0000,3552.3150,1174.5529,43.8444,3647.9591,1182.0809,0.000000
SMS-EMOA,847,84700,90,42.0000,3552.3150,1174.5529,43.8778,3646.1833,1182.3444,0.000000
SMS-EMOA,848,84800,90,42.0000,3552.3150,1174.5529,43.8444,3647.0045,1181.9475,0.000000
SMS-EMOA,849,84900,90,42.0000,3552.3150,1174.5529,43.8667,3645.9579,1181.9475,0.000000
SMS-EMOA,850,85000,90,42.0000,3552.3150,1174.5529,43.8556,3646.5499,1181.8141,0.000000
SMS-EMOA,851,85100,90,42.0000,3552.3150,1174.5529,43.8556,3646.0475,1181.8141,0.000000
SMS-EMOA,852,85200,90,42.0000,3552.3150,1174.5529,43.8444,3645.3649,1181.8193,0.000000
SMS-EMOA,853,85300,90,42.0000,3552.3150,1174.5529,43.8444,3645.2644,1181.8193,0.000000
SMS-EMOA,854,85400,90,42.0000,3552.3150,1174.5529,43.8444,3645.2644,1181.8193,0.000000
SMS-EMOA,855,85500,90,42.0000,3552.3150,1174.5529,43.8222,3644.7784,1181.9116,0.000000
SMS-EMOA,856,85600,90,42.0000,3552.3150,1174.5529,43.8222,3644.7784,1181.9116,0.000000
SMS-EMOA,857,85700,89,42.0000,3552.3150,1174.5529,43.8090,3644.1417,1182.0681,0.000000
SMS-EMOA,858,85800,89,42.0000,3552.3150,1174.5529,43.7978,3643.6457,1181.9943,0.000000
SMS-EMOA,859,85900,89,42.0000,3552.3150,1174.5529,43.7978,3643.6457,1181.9943,0.000000
SMS-EMOA,860,86000,89,42.0000,3552.3150,1174.5529,43.8202,3643.0294,1181.9943,0.000000
SMS-EMOA,861,86100,89,42.0000,3552.3150,1174.5529,43.8202,3643.0294,1181.9943,0.000000
SMS-EMOA,862,86200,89,42.0000,3552.3150,1174.5529,43.8202,3642.8127,1181.9747,0.000000
SMS-EMOA,863,86300,89,42.0000,3552.3150,1174.5529,43.8202,3642.5694,1181.8505,0.000000
SMS-EMOA,864,86400,89,42.0000,3552.3150,1174.5529,43.8202,3642.5694,1181.8505,0.000000
SMS-EMOA,865,86500,88,42.0000,3552.3150,1174.5529,43.8295,3641.7482,1181.7970,0.000000
SMS-EMOA,866,86600,88,42.0000,3539.2880,1174.5529,43.8409,3639.8290,1181.8588,0.000000
SMS-EMOA,867,86700,88,42.0000,3539.2880,1174.5529,43.8295,3639.3722,1181.9009,0.000000
SMS-EMOA,868,86800,88,42.0000,3539.2880,1174.5529,43.8182,3638.9143,1181.9009,0.000000
SMS-EMOA,869,86900,88,42.0000,3539.2880,1174.5529,43.8068,3638.3642,1181.9009,0.000000
SMS-EMOA,870,87000,88,42.0000,3539.2880,1174.5529,43.7955,3638.6806,1181.8758,0.000000
SMS-EMOA,871,87100,88,42.0000,3539.2880,1174.5529,43.7841,3637.5198,1181.8758,0.000000
SMS-EMOA,872,87200,88,42.0000,3539.2880,1174.5529,43.7727,3637.1490,1181.8758,0.000000
SMS-EMOA,873,87300,88,42.0000,3539.2880,1174.5529,43.7614,3636.4416,1181.8012,0.000000
SMS-EMOA,874,87400,88,42.0000,3539.2880,1174.5529,43.7614,3636.4416,1181.8012,0.000000
SMS-EMOA,875,87500,88,42.0000,3539.2880,1174.5529,43.7614,3636.4416,1181.8012,0.000000
SMS-EMOA,876,87600,88,42.0000,3539.2880,1174.5529,43.7614,3636.4416,1181.8012,0.000000
SMS-EMOA,877,87700,88,42.0000,3539.2880,1174.5529,43.7614,3636.1922,1181.8012,0.000000
SMS-EMOA,878,87800,87,42.0000,3539.2880,1174.5529,43.7816,3635.6236,1181.7926,0.000000
SMS-EMOA,879,87900,87,42.0000,3539.2880,1174.5529,43.7816,3635.6236,1181.7926,0.000000
SMS-EMOA,880,88000,86,42.0000,3539.2880,1174.5529,43.7791,3634.8115,1181.7240,0.000000
SMS-EMOA,881,88100,86,42.0000,3539.2880,1174.5529,43.7791,3634.8115,1181.7240,0.000000
SMS-EMOA,882,88200,86,42.0000,3539.2880,1174.5529,43.7558,3634.4191,1181.7442,0.000000
SMS-EMOA,883,88300,86,42.0000,3539.2880,1174.5529,43.7558,3634.4191,1181.7442,0.000000
SMS-EMOA,884,88400,85,42.0000,3539.2880,1174.5529,43.7647,3633.7880,1181.7516,0.000000
SMS-EMOA,885,88500,85,42.0000,3539.2880,1174.5529,43.7647,3633.1086,1181.7516,0.000000
SMS-EMOA,886,88600,85,42.0000,3539.2880,1174.5529,43.7647,3633.1086,1181.7516,0.000000
SMS-EMOA,887,88700,85,42.0000,3539.2880,1174.5529,43.7882,3633.4137,1181.1226,0.000000
SMS-EMOA,888,88800,85,42.0000,3539.2880,1174.5529,43.7882,3631.5617,1181.1281,0.000000
SMS-EMOA,889,88900,85,42.0000,3539.2880,1174.5529,43.7529,3631.0473,1181.2054,0.000000
SMS-EMOA,890,89000,85,42.0000,3539.2880,1174.5529,43.7176,3630.6263,1181.1281,0.000000
SMS-EMOA,891,89100,85,42.0000,3539.2880,1174.5529,43.7176,3630.6263,1181.1281,0.000000
SMS-EMOA,892,89200,85,42.0000,3539.2880,1174.5529,43.7294,3629.3787,1181.2054,0.000000
SMS-EMOA,893,89300,85,42.0000,3539.2880,1174.5529,43.7176,3628.2461,1181.2694,0.000000
SMS-EMOA,894,89400,85,42.0000,3539.2880,1174.5529,43.7176,3628.2461,1181.2694,0.000000
SMS-EMOA,895,89500,85,42.0000,3539.2880,1174.5529,43.7176,3628.2354,1181.2694,0.000000
SMS-EMOA,896,89600,85,42.0000,3539.2880,1174.5529,43.7294,3627.8845,1181.2694,0.000000
SMS-EMOA,897,89700,85,42.0000,3539.2880,1174.5529,43.7294,3627.8789,1181.1921,0.000000
SMS-EMOA,898,89800,85,42.0000,3539.2880,1174.5529,43.7176,3627.1052,1181.2723,0.000000
SMS-EMOA,899,89900,85,42.0000,3539.2880,1174.5529,43.6941,3626.8680,1181.3701,0.000000
SMS-EMOA,900,90000,85,42.0000,3539.2880,1174.5529,43.6941,3626.8680,1181.3701,0.000000
SMS-EMOA,901,90100,85,42.0000,3539.2880,1174.5529,43.6941,3626.8680,1181.3701,0.000000
SMS-EMOA,902,90200,85,42.0000,3539.2880,1174.5529,43.6941,3626.8680,1181.3701,0.000000
SMS-EMOA,903,90300,85,42.0000,3539.2880,1174.5529,43.6941,3626.8680,1181.3701,0.000000
SMS-EMOA,904,90400,85,42.0000,3539.2880,1174.5529,43.7059,3626.3842,1181.3418,0.000000
SMS-EMOA,905,90500,86,42.0000,3539.2880,1174.5529,43.6628,3626.8764,1181.5339,0.000000
SMS-EMOA,906,90600,86,42.0000,3539.2880,1174.5529,43.6628,3626.8764,1181.5339,0.000000
SMS-EMOA,907,90700,86,42.0000,3539.2880,1174.5529,43.6860,3626.2467,1181.4822,0.000000
SMS-EMOA,908,90800,86,42.0000,3539.2880,1174.5529,43.6860,3626.2467,1181.4822,0.000000
SMS-EMOA,909,90900,86,42.0000,3539.2880,1174.5529,43.6860,3626.2467,1181.4822,0.000000
SMS-EMOA,910,91000,86,42.0000,3539.2880,1174.5529,43.6860,3626.2467,1181.4822,0.000000
SMS-EMOA,911,91100,86,42.0000,3539.2880,1174.5529,43.6860,3626.2467,1181.4822,0.000000
SMS-EMOA,912,91200,86,42.0000,3539.2880,1174.5529,43.6860,3626.2467,1181.4822,0.000000
SMS-EMOA,913,91300,86,42.0000,3539.2880,1174.5529,43.6860,3626.2467,1181.4822,0.000000
SMS-EMOA,914,91400,86,42.0000,3539.2880,1174.5529,43.6860,3626.2467,1181.4822,0.000000
SMS-EMOA,915,91500,86,42.0000,3539.2880,1174.5529,43.6860,3626.2467,1181.4822,0.000000
SMS-EMOA,916,91600,86,42.0000,3539.2880,1174.5529,43.6628,3625.5853,1181.5024,0.000000
SMS-EMOA,917,91700,86,42.0000,3539.2880,1174.5529,43.6628,3625.5853,1181.5024,0.000000
SMS-EMOA,918,91800,86,42.0000,3539.2880,1174.5529,43.6628,3625.5853,1181.5024,0.000000
SMS-EMOA,919,91900,86,42.0000,3539.2880,1174.5529,43.6628,3625.5853,1181.5024,0.000000
SMS-EMOA,920,92000,86,42.0000,3539.2880,1174.5529,43.6395,3626.6142,1181.3628,0.000000
SMS-EMOA,921,92100,86,42.0000,3539.2880,1174.5529,43.6395,3626.6142,1181.3628,0.000000
SMS-EMOA,922,92200,86,42.0000,3539.2880,1174.5529,43.6512,3625.9475,1181.4314,0.000000
SMS-EMOA,923,92300,86,42.0000,3539.2880,1174.5529,43.6512,3625.9475,1181.4314,0.000000
SMS-EMOA,924,92400,86,42.0000,3539.2880,1174.5529,43.6512,3625.9475,1181.4314,0.000000
SMS-EMOA,925,92500,85,42.0000,3539.2880,1174.5529,43.6353,3625.5318,1181.4429,0.000000
SMS-EMOA,926,92600,85,42.0000,3539.2880,1174.5529,43.6353,3625.5318,1181.4429,0.000000
SMS-EMOA,927,92700,85,42.0000,3539.2880,1174.5529,43.6353,3625.5318,1181.4429,0.000000
SMS-EMOA,928,92800,86,42.0000,3539.2880,1174.5529,43.6047,3626.0252,1181.4124,0.000000
SMS-EMOA,929,92900,86,42.0000,3539.2880,1174.5529,43.6047,3626.0252,1181.4124,0.000000
SMS-EMOA,930,93000,86,42.0000,3539.2880,1174.5529,43.5465,3630.3027,1181.6264,0.000000
SMS-EMOA,931,93100,86,42.0000,3539.2880,1174.5529,43.5465,3630.0488,1181.6264,0.000000
SMS-EMOA,932,93200,85,42.0000,3539.2880,1174.5529,43.5294,3628.9876,1181.7125,0.000000
SMS-EMOA,933,93300,85,42.0000,3539.2880,1174.5529,43.5176,3628.9912,1181.7330,0.000000
SMS-EMOA,934,93400,85,42.0000,3539.2880,1174.5529,43.5176,3628.9912,1181.7330,0.000000
SMS-EMOA,935,93500,85,42.0000,3539.2880,1174.5529,43.5176,3628.7681,1181.7330,0.000000
SMS-EMOA,936,93600,85,42.0000,3539.2880,1174.5529,43.5059,3628.5433,1181.7155,0.000000
SMS-EMOA,937,93700,88,42.0000,3539.2880,1174.5529,43.5000,3629.1395,1181.7571,0.000000
SMS-EMOA,938,93800,88,42.0000,3539.2880,1174.5529,43.5000,3629.1395,1181.7571,0.000000
SMS-EMOA,939,93900,88,42.0000,3539.2880,1174.5529,43.4886,3629.0070,1181.7571,0.000000
SMS-EMOA,940,94000,88,42.0000,3539.2880,1174.5529,43.4886,3629.0070,1181.7571,0.000000
SMS-EMOA,941,94100,88,42.0000,3539.2880,1174.5529,43.4886,3628.7396,1181.7571,0.000000
SMS-EMOA,942,94200,88,42.0000,3539.2880,1174.5529,43.4886,3628.7396,1181.7571,0.000000
SMS-EMOA,943,94300,88,42.0000,3539.2880,1174.5529,43.4886,3628.7396,1181.7571,0.000000
SMS-EMOA,944,94400,89,42.0000,3539.2880,1174.5529,43.4719,3629.9397,1181.9352,0.000000
SMS-EMOA,945,94500,89,42.0000,3539.2880,1174.5529,43.4719,3629.9397,1181.9352,0.000000
SMS-EMOA,946,94600,89,42.0000,3539.2880,1174.5529,43.4719,3629.4965,1181.9352,0.000000
SMS-EMOA,947,94700,89,42.0000,3539.2880,1174.5529,43.4719,3629.4965,1181.9352,0.000000
SMS-EMOA,948,94800,89,42.0000,3539.2880,1174.5529,43.4494,3629.6913,1181.9547,0.000000
SMS-EMOA,949,94900,89,42.0000,3539.2880,1174.5529,43.4607,3629.1832,1181.9576,0.000000
SMS-EMOA,950,95000,89,42.0000,3539.2880,1174.5529,43.4382,3629.3368,1181.9604,0.000000
SMS-EMOA,951,95100,89,42.0000,3539.2880,1174.5529,43.3933,3629.7678,1182.0953,0.000000
SMS-EMOA,952,95200,89,42.0000,3539.2880,1174.5529,43.4157,3628.7577,1182.0342,0.000000
SMS-EMOA,953,95300,89,42.0000,3539.2880,1174.5529,43.4157,3628.7327,1182.0342,0.000000
SMS-EMOA,954,95400,89,42.0000,3539.2880,1174.5529,43.4157,3628.7327,1182.0342,0.000000
SMS-EMOA,955,95500,89,42.0000,3539.2880,1174.5529,43.4157,3628.3657,1181.8826,0.000000
SMS-EMOA,956,95600,89,42.0000,3539.2880,1174.5529,43.4270,3627.9812,1181.9564,0.000000
SMS-EMOA,957,95700,92,42.0000,3539.2880,1174.5529,43.4348,3628.7986,1181.9760,0.000000
SMS-EMOA,958,95800,92,42.0000,3539.2880,1174.5529,43.4348,3628.2868,1181.9760,0.000000
SMS-EMOA,959,95900,92,42.0000,3539.2880,1174.5529,43.4348,3628.2868,1181.9760,0.000000
SMS-EMOA,960,96000,92,42.0000,3539.2880,1174.5529,43.4239,3627.3510,1182.1065,0.000000
SMS-EMOA,961,96100,92,42.0000,3539.2880,1174.5529,43.4239,3627.0490,1181.9461,0.000000
SMS-EMOA,962,96200,92,42.0000,3539.2880,1174.5529,43.4130,3627.6921,1181.8870,0.000000
SMS-EMOA,963,96300,92,42.0000,3539.2880,1174.5529,43.4130,3627.6921,1181.8870,0.000000
SMS-EMOA,964,96400,93,42.0000,3539.2880,1174.5529,43.3978,3628.9593,1181.8694,0.000000
SMS-EMOA,965,96500,93,42.0000,3539.2880,1174.5529,43.3978,3628.5590,1181.9251,0.000000
SMS-EMOA,966,96600,93,42.0000,3539.2880,1174.5529,43.3871,3628.4149,1181.9251,0.000000
SMS-EMOA,967,96700,93,42.0000,3539.2880,1174.5529,43.3871,3628.4093,1181.9251,0.000000
SMS-EMOA,968,96800,93,42.0000,3539.2880,1174.5529,43.3871,3626.7924,1181.8667,0.000000
SMS-EMOA,969,96900,93,42.0000,3539.2880,1174.5529,43.3871,3626.1125,1181.8667,0.000000
SMS-EMOA,970,97000,93,42.0000,3539.2880,1174.5529,43.3871,3625.7437,1181.7960,0.000000
SMS-EMOA,971,97100,92,42.0000,3539.2880,1174.5529,43.3804,3625.0843,1181.7656,0.000000
SMS-EMOA,972,97200,92,42.0000,3539.2880,1174.5529,43.3913,3624.6063,1181.7656,0.000000
SMS-EMOA,973,97300,92,42.0000,3539.2880,1174.5529,43.3913,3624.1287,1181.7656,0.000000
SMS-EMOA,974,97400,92,42.0000,3539.2880,1174.5529,43.3913,3624.1287,1181.7656,0.000000
SMS-EMOA,975,97500,92,42.0000,3539.2880,1174.5529,43.3913,3624.1287,1181.7656,0.000000
SMS-EMOA,976,97600,92,42.0000,3539.2880,1174.5529,43.4022,3624.3925,1181.6992,0.000000
SMS-EMOA,977,97700,92,42.0000,3539.2880,1174.5529,43.4457,3622.6629,1181.6831,0.000000
SMS-EMOA,978,97800,92,42.0000,3539.2880,1174.5529,43.4022,3622.4233,1181.6267,0.000000
SMS-EMOA,979,97900,92,42.0000,3539.2880,1174.5529,43.4022,3622.2886,1181.6267,0.000000
SMS-EMOA,980,98000,93,42.0000,3539.2880,1174.5529,43.4301,3621.6893,1181.4922,0.000000
SMS-EMOA,981,98100,93,42.0000,3539.2880,1174.5529,43.4301,3621.3824,1181.4922,0.000000
SMS-EMOA,982,98200,93,42.0000,3539.2880,1174.5529,43.4409,3619.8085,1181.6053,0.000000
SMS-EMOA,983,98300,93,42.0000,3539.2880,1174.5529,43.4194,3619.7745,1181.6026,0.000000
SMS-EMOA,984,98400,93,42.0000,3539.2880,1174.5529,43.4086,3620.5909,1181.6611,0.000000
SMS-EMOA,985,98500,93,42.0000,3539.2880,1174.5529,43.4086,3620.5444,1181.6611,0.000000
SMS-EMOA,986,98600,93,42.0000,3539.2880,1174.5529,43.4086,3620.5444,1181.6611,0.000000
SMS-EMOA,987,98700,93,42.0000,3539.2880,1174.5529,43.4194,3620.2156,1181.5877,0.000000
SMS-EMOA,988,98800,93,42.0000,3539.2880,1174.5529,43.4194,3620.2156,1181.5877,0.000000
SMS-EMOA,989,98900,93,42.0000,3539.2880,1174.5529,43.3871,3621.0446,1181.5877,0.000000
SMS-EMOA,990,99000,93,42.0000,3539.2880,1174.5529,43.3871,3621.0339,1181.5877,0.000000
SMS-EMOA,991,99100,93,42.0000,3539.2880,1174.5529,43.4194,3619.9915,1181.3371,0.000000
SMS-EMOA,992,99200,93,42.0000,3539.2880,1174.5529,43.4194,3619.9915,1181.3371,0.000000
SMS-EMOA,993,99300,93,42.0000,3539.2880,1174.5529,43.4194,3619.9915,1181.3371,0.000000
SMS-EMOA,994,99400,93,42.0000,3539.2880,1174.5529,43.3871,3620.2194,1181.3371,0.000000
SMS-EMOA,995,99500,93,42.0000,3539.2880,1174.5529,43.3763,3620.3175,1181.2918,0.000000
SMS-EMOA,996,99600,93,42.0000,3539.2880,1174.5529,43.3548,3620.0883,1181.2918,0.000000
SMS-EMOA,997,99700,93,42.0000,3539.2880,1174.5529,43.3548,3619.7247,1181.3553,0.000000
SMS-EMOA,998,99800,93,42.0000,3539.2880,1174.5529,43.3333,3619.4651,1181.4138,0.000000
SMS-EMOA,999,99900,93,42.0000,3539.2880,1174.5529,43.3333,3619.4651,1181.4138,0.000000
SMS-EMOA,1000,100000,93,42.0000,3539.2880,1174.5529,43.3333,3619.3406,1181.4138,0.000000
